{
  "document_id": "document_50",
  "sentences": [
    "वडाराघरची प्वार पळून ग्येली तं वाळीत टाकावी लागत्ये तिला."
  ],
  "mentions": [
    {
      "id": 0,
      "text": "प्वार",
      "sentence": 0,
      "start": 10,
      "end": 14,
      "confidence": 1.0
    },
    {
      "id": 1,
      "text": "तिला",
      "sentence": 0,
      "start": 50,
      "end": 54,
      "confidence": 1.0
    }
  ],
  "clusters": [
    [
      0,
      1
    ]
  ]
}