{
  "document_id": "document_91",
  "sentences": [
    "महाराष्ट्राच्या पडझडीतही साताऱ्याचा बालेकिल्ला अभेद्यच",
    "‘ज्या महिलांवर, बालिकांवर अत्याचार होतो, त्यांच्या पाठिशी न्याय व्यवस्था व शासन उभे असल्यास नक्की शिक्षा होते, हे यावरून दिसून आले आहे.",
    "घामाच्या दुर्गंधीला कंटाळलात?",
    "या सर्वाचे पालकमंत्री राणे यांच्या हस्ते पुष्पगुच्छ देऊन स्वागत करण्यात आले.",
    "कुठेतरी पत्र आपल्याला सुमारे नाही आहोत तेव्हा आपल्या कुमारिकेशी तो प्राप्त होईल.",
    "बाळासाहेबांमध्ये असलेली धमक आणि कर्तृत्व सध्याच्या नेतृत्वात नाही.",
    "उत्पादन उंची पलंगाची गादी उंची आणि बाळ वयाच्या अवलंबून सुस्थीत केले जाऊ शकते.",
    "– हे हॉटेल 32 एकरात पसरले आहे, जे हैदराबादच्या 400 वर्षाचा इतिहास सांगतो.",
    "लग्न केल्यावर आतासारखी मज्जा मस्ती करता येणार नाही असं त्यावेळी सारख वाटायच.",
    "गृहप्रकल्पाच्या रचनेत बदल केल्यामुळे त्याच्या सविस्तर प्रकल्प अहवालाला प्रधानमंत्री आवास योजनेच्या राज्यस्तरीय मूल्यमापन समितीची सुधारित मान्यता घेणे गरजेचे झाले.",
    "खर तर मला असे वाटले होते कि",
    "महिलांसह अशा प्रकारची कृत्ये रोखण्यासाठी कडक कायदा करण्याची मागणी केली जात आहे.",
    "तसेच तात्काळ बुकिंग करणाऱ्यांनाही होईल.",
    "ही गोष्ट गायक-संगीतकार विशाल दादलानी यांना समजताच त्यात एक गाणं कोणताही मोबदला न घेता गाण्याचं त्याने कबूल केलं आणि त्या गाण्याच्या रेकॉर्डिगसाठी यशराज स्टुडियोचे ज्येष्ठ रेकॉर्डिस्ट विजय दयाल यांना स्वत:च्या खर्चाने पाचारण केलं.",
    "= शक्यतो तळहातात मावेल इतपत आकार असलेला मोबाइल घ्यावा, त्यामुळे टायपिंग करताना अडचण येत नाही.",
    "या ट्रेलरची सध्या जोरदार चर्चा समाजमाध्यमांवर सुरू झाली आहे.",
    "तुम्ही लागवड न तेव्हा भांडी, जमिनीच्या होईल आणि फुले, रिक्त बादल्या अतिशय प्रकाश आहेत, आणि ते रिक्त आहेत तर, ते सहजपणे वारा द्वारे चालविली जाऊ शकते.",
    "त्याची तक्रार काही सुजाण पर्यावरण प्रेमींनी तहसीलदार, अपर तहसीलदार.",
    "रंग आणि मानवी स्वभावाचे contrasting घटक विस्तृत पॅलेट वापर या अस्वस्थ परिस्थितीत मुलाला ताण आणि स्वत: ला स्पष्ट जाणीव सूचित करते.",
    "गावातील चार डोकी असं करत असतील तर सगळेच तसे असतात असा कयास तुम्ही कसा लावू शकता?",
    "काही दिवसांपूर्वी 'बाजीराव मस्तानी' हा सिनेमा आला.",
    "होय, अशी अभिव्यक्ती उपलब्ध आहेत.",
    "त्यांनी वरिष्ठ पोलीस निरीक्षक अविनाश धर्माधिकारी यांची भेट घेऊन घडलेला प्रकार सांगितला.",
    "तसेच अमेरिका, रशिया व चीननंतर चंद्रावर उतरणारे आपले चौथे राष्ट्र असेल.",
    "एकीकडे पावसाचे हे धुमशान सुरूअसताना, महाराष्ट्राच्या राजकीय पटलावरही पुन्हा एकदा कोकण चर्चेत आले आहे.",
    "विशेषत: जबाबदार घटकांनी जर हा अतिरेक केला तर मात्र संताप आल्याशिवाय राहत नाही.",
    "याबाबतचे आदेश क्रीडा आयुक्त ओम प्रकाश बकोरिया यांनी काढले आहेत.",
    "याआधीत ८० अब्ज डॉलरएवढा अंदाज होता.",
    "14 फेब्रुवारीला जम्मू काश्मीरच्या पुलवामा जिल्ह्यामध्ये झालेल्या दहशतवाद्यांच्या आत्मघातकी हल्ल्यामध्ये भारताने सीआरपीएफचे 40 जवान गमावले.",
    "हे वापरले जाऊ शकते मुले मध्ये एक गाणारा पक्षी.",
    "मु लांची बसमध्ये लगबगीने चढण्याची उत्सुकता शिगेला पोहोचली होती.",
    "सगळे बसमध्ये बरोबर बसले की नाही याची शिक्षक मंडळींनी खातरजमा केली व बस ड्रायव्हरने हॉर्न दिला.",
    "मी बसच्या पुढील भागात ड्रायव्हरशेजारी बसलो होतो.",
    "अर्थात, वेळ रस्ता बदलली आणि लाल सावली आहे.",
    "अनाकलनीय किलर गणना करायची, पोलिस जिल्ह्यात तपास वाहून जाईल, जे एल नाव अंतर्गत त्याची ओळख लपविला त्याच्या प्रकारची गुप्त पोलिस दुसर्या अलौकिक बुद्धिमत्ता काम आणली गेली आहे.",
    "१९४० च्या दशकातच सुप्रसिध्द विचारवंत मानवेंद्रनाथ रॉय यांनी ही कल्पना मांडली होती.",
    "वृत्तसंस्था /चेन्नई : बीसीसीआयच्या कारभारावर देखरेख ठेवणाऱया क्रिकेट प्रशासक समितीने क्युरेटर, पंच, सामनाधिकारी, स्कोअरर व व्हीडीओ विश्लेषकांच्या मानधनात प्रथमच दुपटीने वाढ केली.",
    "’’ तो त्याच्या सावकाश आवाजात उत्तर देतो.",
    "तसेच वाहतूक कोंडीची समस्या टाळण्यासाठी मुंबईतील काही मार्ग बंद ठेवण्यात आले आहेत.",
    "एकदा कंपनीमध्ये आलेल्या कामगारांना सायंकाळी सहा वाजता सोडले जात होते.",
    "मात्र या योजनेत काही पारदर्शकता आली नाही.",
    "15 जून : पेट्रोल आणि डिझेलच्या दरात चढ-उतार झालेली पाहायला मिळत आहे.",
    "असं झाल्यास लोकशाही मूल्यांची पायमल्ली होईल, असं म्हणत वेगळ्या गटाची परवानगी देण्यापूर्वी आमची बाजू ऐकून घ्यावी असंही सांगितलं.",
    "असा संतप्त सवाल सरफराजने केला होता.",
    "'टोलविषयक नवं धोरण आणा नाही तर राज्यभर आंदोलन करू असं आव्हान अण्णा हजारे यांनी राज्या सरकारला दिले आहे.",
    "यामुळे कपिलेश्वर उड्डाणपुलावर वाहतूक रहदारी वाढली आहे."
  ],
  "mentions": [
    {
      "id": 0,
      "text": "पडझडीतही",
      "sentence": 0,
      "start": 13,
      "end": 22,
      "confidence": 1.0
    },
    {
      "id": 1,
      "text": "बालेकिल्ला",
      "sentence": 0,
      "start": 32,
      "end": 41,
      "confidence": 1.0
    },
    {
      "id": 2,
      "text": "महिलांवर",
      "sentence": 1,
      "start": 6,
      "end": 13,
      "confidence": 1.0
    },
    {
      "id": 3,
      "text": "बालिकांवर",
      "sentence": 1,
      "start": 14,
      "end": 22,
      "confidence": 1.0
    },
    {
      "id": 4,
      "text": "अत्याचार",
      "sentence": 1,
      "start": 22,
      "end": 29,
      "confidence": 1.0
    },
    {
      "id": 5,
      "text": "त्यांच्या",
      "sentence": 1,
      "start": 35,
      "end": 42,
      "confidence": 1.0
    },
    {
      "id": 6,
      "text": "न्याय",
      "sentence": 1,
      "start": 48,
      "end": 52,
      "confidence": 1.0
    },
    {
      "id": 7,
      "text": "व्यवस्था",
      "sentence": 1,
      "start": 52,
      "end": 58,
      "confidence": 1.0
    },
    {
      "id": 8,
      "text": "शासन",
      "sentence": 1,
      "start": 61,
      "end": 66,
      "confidence": 1.0
    },
    {
      "id": 9,
      "text": "शिक्षा",
      "sentence": 1,
      "start": 80,
      "end": 85,
      "confidence": 1.0
    },
    {
      "id": 10,
      "text": "घामाच्या",
      "sentence": 2,
      "start": 0,
      "end": 7,
      "confidence": 1.0
    },
    {
      "id": 11,
      "text": "दुर्गंधीला",
      "sentence": 2,
      "start": 7,
      "end": 15,
      "confidence": 1.0
    },
    {
      "id": 12,
      "text": "सर्वाचे",
      "sentence": 3,
      "start": 3,
      "end": 8,
      "confidence": 1.0
    },
    {
      "id": 13,
      "text": "पालकमंत्री",
      "sentence": 3,
      "start": 8,
      "end": 17,
      "confidence": 1.0
    },
    {
      "id": 14,
      "text": "राणे",
      "sentence": 3,
      "start": 17,
      "end": 21,
      "confidence": 1.0
    },
    {
      "id": 15,
      "text": "हस्ते",
      "sentence": 3,
      "start": 28,
      "end": 32,
      "confidence": 1.0
    },
    {
      "id": 16,
      "text": "पुष्पगुच्छ",
      "sentence": 3,
      "start": 32,
      "end": 41,
      "confidence": 1.0
    },
    {
      "id": 17,
      "text": "स्वागत",
      "sentence": 3,
      "start": 47,
      "end": 52,
      "confidence": 1.0
    },
    {
      "id": 18,
      "text": "पत्र",
      "sentence": 4,
      "start": 9,
      "end": 12,
      "confidence": 1.0
    },
    {
      "id": 19,
      "text": "आपल्याला",
      "sentence": 4,
      "start": 13,
      "end": 20,
      "confidence": 1.0
    },
    {
      "id": 20,
      "text": "आपल्या",
      "sentence": 4,
      "start": 33,
      "end": 38,
      "confidence": 1.0
    },
    {
      "id": 21,
      "text": "कुमारिकेशी",
      "sentence": 4,
      "start": 38,
      "end": 46,
      "confidence": 1.0
    },
    {
      "id": 22,
      "text": "तो",
      "sentence": 4,
      "start": 46,
      "end": 48,
      "confidence": 1.0
    },
    {
      "id": 23,
      "text": "बाळासाहेबांमध्ये",
      "sentence": 5,
      "start": 0,
      "end": 13,
      "confidence": 1.0
    },
    {
      "id": 24,
      "text": "कर्तृत्व",
      "sentence": 5,
      "start": 27,
      "end": 33,
      "confidence": 1.0
    },
    {
      "id": 25,
      "text": "नेतृत्वात",
      "sentence": 5,
      "start": 41,
      "end": 48,
      "confidence": 1.0
    },
    {
      "id": 26,
      "text": "उत्पादन",
      "sentence": 6,
      "start": 0,
      "end": 7,
      "confidence": 1.0
    },
    {
      "id": 27,
      "text": "उंची",
      "sentence": 6,
      "start": 7,
      "end": 11,
      "confidence": 1.0
    },
    {
      "id": 28,
      "text": "पलंगाची",
      "sentence": 6,
      "start": 11,
      "end": 18,
      "confidence": 1.0
    },
    {
      "id": 29,
      "text": "गादी",
      "sentence": 6,
      "start": 18,
      "end": 22,
      "confidence": 1.0
    },
    {
      "id": 30,
      "text": "उंची",
      "sentence": 6,
      "start": 22,
      "end": 26,
      "confidence": 1.0
    },
    {
      "id": 31,
      "text": "हॉटेल",
      "sentence": 7,
      "start": 5,
      "end": 10,
      "confidence": 1.0
    },
    {
      "id": 32,
      "text": "हैदराबादच्या",
      "sentence": 7,
      "start": 29,
      "end": 39,
      "confidence": 1.0
    },
    {
      "id": 33,
      "text": "वर्षाचा",
      "sentence": 7,
      "start": 42,
      "end": 48,
      "confidence": 1.0
    },
    {
      "id": 34,
      "text": "इतिहास",
      "sentence": 7,
      "start": 48,
      "end": 53,
      "confidence": 1.0
    },
    {
      "id": 35,
      "text": "लग्न",
      "sentence": 8,
      "start": 0,
      "end": 4,
      "confidence": 1.0
    },
    {
      "id": 36,
      "text": "मज्जा",
      "sentence": 8,
      "start": 16,
      "end": 20,
      "confidence": 1.0
    },
    {
      "id": 37,
      "text": "मस्ती",
      "sentence": 8,
      "start": 20,
      "end": 24,
      "confidence": 1.0
    },
    {
      "id": 38,
      "text": "गृहप्रकल्पाच्या",
      "sentence": 9,
      "start": 0,
      "end": 12,
      "confidence": 1.0
    },
    {
      "id": 39,
      "text": "रचनेत",
      "sentence": 9,
      "start": 12,
      "end": 17,
      "confidence": 1.0
    },
    {
      "id": 40,
      "text": "त्याच्या",
      "sentence": 9,
      "start": 27,
      "end": 32,
      "confidence": 1.0
    },
    {
      "id": 41,
      "text": "प्रकल्प",
      "sentence": 9,
      "start": 39,
      "end": 44,
      "confidence": 1.0
    },
    {
      "id": 42,
      "text": "अहवालाला",
      "sentence": 9,
      "start": 44,
      "end": 51,
      "confidence": 1.0
    },
    {
      "id": 43,
      "text": "प्रधानमंत्री",
      "sentence": 9,
      "start": 51,
      "end": 60,
      "confidence": 1.0
    },
    {
      "id": 44,
      "text": "आवास",
      "sentence": 9,
      "start": 60,
      "end": 64,
      "confidence": 1.0
    },
    {
      "id": 45,
      "text": "मूल्यमापन",
      "sentence": 9,
      "start": 79,
      "end": 86,
      "confidence": 1.0
    },
    {
      "id": 46,
      "text": "समितीची",
      "sentence": 9,
      "start": 86,
      "end": 92,
      "confidence": 1.0
    },
    {
      "id": 47,
      "text": "मान्यता",
      "sentence": 9,
      "start": 99,
      "end": 104,
      "confidence": 1.0
    },
    {
      "id": 48,
      "text": "मला",
      "sentence": 10,
      "start": 7,
      "end": 10,
      "confidence": 1.0
    },
    {
      "id": 49,
      "text": "कृत्ये",
      "sentence": 11,
      "start": 16,
      "end": 21,
      "confidence": 1.0
    },
    {
      "id": 50,
      "text": "कायदा",
      "sentence": 11,
      "start": 29,
      "end": 34,
      "confidence": 1.0
    },
    {
      "id": 51,
      "text": "मागणी",
      "sentence": 11,
      "start": 41,
      "end": 46,
      "confidence": 1.0
    },
    {
      "id": 52,
      "text": "बुकिंग",
      "sentence": 12,
      "start": 7,
      "end": 13,
      "confidence": 1.0
    },
    {
      "id": 53,
      "text": "गोष्ट",
      "sentence": 13,
      "start": 2,
      "end": 6,
      "confidence": 1.0
    },
    {
      "id": 54,
      "text": "गायक-संगीतकार",
      "sentence": 13,
      "start": 7,
      "end": 20,
      "confidence": 1.0
    },
    {
      "id": 55,
      "text": "विशाल",
      "sentence": 13,
      "start": 20,
      "end": 25,
      "confidence": 1.0
    },
    {
      "id": 56,
      "text": "दादलानी",
      "sentence": 13,
      "start": 26,
      "end": 32,
      "confidence": 1.0
    },
    {
      "id": 57,
      "text": "गाणं",
      "sentence": 13,
      "start": 47,
      "end": 50,
      "confidence": 1.0
    },
    {
      "id": 58,
      "text": "मोबदला",
      "sentence": 13,
      "start": 58,
      "end": 64,
      "confidence": 1.0
    },
    {
      "id": 59,
      "text": "त्याने",
      "sentence": 13,
      "start": 72,
      "end": 76,
      "confidence": 1.0
    },
    {
      "id": 60,
      "text": "त्या",
      "sentence": 13,
      "start": 84,
      "end": 86,
      "confidence": 1.0
    },
    {
      "id": 61,
      "text": "गाण्याच्या",
      "sentence": 13,
      "start": 86,
      "end": 92,
      "confidence": 1.0
    },
    {
      "id": 62,
      "text": "यशराज",
      "sentence": 13,
      "start": 101,
      "end": 107,
      "confidence": 1.0
    },
    {
      "id": 63,
      "text": "स्टुडियोचे",
      "sentence": 13,
      "start": 107,
      "end": 114,
      "confidence": 1.0
    },
    {
      "id": 64,
      "text": "रेकॉर्डिस्ट",
      "sentence": 13,
      "start": 120,
      "end": 128,
      "confidence": 1.0
    },
    {
      "id": 65,
      "text": "यांना",
      "sentence": 13,
      "start": 136,
      "end": 140,
      "confidence": 1.0
    },
    {
      "id": 66,
      "text": "खर्चाने",
      "sentence": 13,
      "start": 149,
      "end": 154,
      "confidence": 1.0
    },
    {
      "id": 67,
      "text": "तळहातात",
      "sentence": 14,
      "start": 5,
      "end": 12,
      "confidence": 1.0
    },
    {
      "id": 68,
      "text": "मोबाइल",
      "sentence": 14,
      "start": 35,
      "end": 40,
      "confidence": 1.0
    },
    {
      "id": 69,
      "text": "टायपिंग",
      "sentence": 14,
      "start": 51,
      "end": 58,
      "confidence": 1.0
    },
    {
      "id": 70,
      "text": "अडचण",
      "sentence": 14,
      "start": 62,
      "end": 67,
      "confidence": 1.0
    },
    {
      "id": 71,
      "text": "ट्रेलरची",
      "sentence": 15,
      "start": 3,
      "end": 10,
      "confidence": 1.0
    },
    {
      "id": 72,
      "text": "चर्चा",
      "sentence": 15,
      "start": 20,
      "end": 24,
      "confidence": 1.0
    },
    {
      "id": 73,
      "text": "समाजमाध्यमांवर",
      "sentence": 15,
      "start": 24,
      "end": 35,
      "confidence": 1.0
    },
    {
      "id": 74,
      "text": "तुम्ही",
      "sentence": 16,
      "start": 0,
      "end": 5,
      "confidence": 1.0
    },
    {
      "id": 75,
      "text": "लागवड",
      "sentence": 16,
      "start": 5,
      "end": 10,
      "confidence": 1.0
    },
    {
      "id": 76,
      "text": "भांडी",
      "sentence": 16,
      "start": 17,
      "end": 22,
      "confidence": 1.0
    },
    {
      "id": 77,
      "text": "फुले",
      "sentence": 16,
      "start": 40,
      "end": 44,
      "confidence": 1.0
    },
    {
      "id": 78,
      "text": "बादल्या",
      "sentence": 16,
      "start": 50,
      "end": 56,
      "confidence": 1.0
    },
    {
      "id": 79,
      "text": "प्रकाश",
      "sentence": 16,
      "start": 61,
      "end": 66,
      "confidence": 1.0
    },
    {
      "id": 80,
      "text": "ते",
      "sentence": 16,
      "start": 76,
      "end": 78,
      "confidence": 1.0
    },
    {
      "id": 81,
      "text": "ते",
      "sentence": 16,
      "start": 85,
      "end": 87,
      "confidence": 1.0
    },
    {
      "id": 82,
      "text": "वारा",
      "sentence": 16,
      "start": 94,
      "end": 97,
      "confidence": 1.0
    },
    {
      "id": 83,
      "text": "त्याची",
      "sentence": 17,
      "start": 0,
      "end": 4,
      "confidence": 1.0
    },
    {
      "id": 84,
      "text": "तक्रार",
      "sentence": 17,
      "start": 4,
      "end": 9,
      "confidence": 1.0
    },
    {
      "id": 85,
      "text": "पर्यावरण",
      "sentence": 17,
      "start": 16,
      "end": 23,
      "confidence": 1.0
    },
    {
      "id": 86,
      "text": "प्रेमींनी",
      "sentence": 17,
      "start": 23,
      "end": 29,
      "confidence": 1.0
    },
    {
      "id": 87,
      "text": "तहसीलदार",
      "sentence": 17,
      "start": 29,
      "end": 37,
      "confidence": 1.0
    },
    {
      "id": 88,
      "text": "तहसीलदार",
      "sentence": 17,
      "start": 41,
      "end": 49,
      "confidence": 1.0
    },
    {
      "id": 89,
      "text": "स्वभावाचे",
      "sentence": 18,
      "start": 11,
      "end": 17,
      "confidence": 1.0
    },
    {
      "id": 90,
      "text": "पॅलेट",
      "sentence": 18,
      "start": 38,
      "end": 43,
      "confidence": 1.0
    },
    {
      "id": 91,
      "text": "वापर",
      "sentence": 18,
      "start": 43,
      "end": 47,
      "confidence": 1.0
    },
    {
      "id": 92,
      "text": "परिस्थितीत",
      "sentence": 18,
      "start": 59,
      "end": 67,
      "confidence": 1.0
    },
    {
      "id": 93,
      "text": "मुलाला",
      "sentence": 18,
      "start": 67,
      "end": 72,
      "confidence": 1.0
    },
    {
      "id": 94,
      "text": "स्वत",
      "sentence": 18,
      "start": 78,
      "end": 82,
      "confidence": 1.0
    },
    {
      "id": 95,
      "text": "जाणीव",
      "sentence": 18,
      "start": 87,
      "end": 91,
      "confidence": 1.0
    },
    {
      "id": 96,
      "text": "गावातील",
      "sentence": 19,
      "start": 0,
      "end": 7,
      "confidence": 1.0
    },
    {
      "id": 97,
      "text": "तुम्ही",
      "sentence": 19,
      "start": 47,
      "end": 52,
      "confidence": 1.0
    },
    {
      "id": 98,
      "text": "दिवसांपूर्वी",
      "sentence": 20,
      "start": 5,
      "end": 13,
      "confidence": 1.0
    },
    {
      "id": 99,
      "text": "बाजीराव",
      "sentence": 20,
      "start": 15,
      "end": 21,
      "confidence": 1.0
    },
    {
      "id": 100,
      "text": "मस्तानी",
      "sentence": 20,
      "start": 22,
      "end": 27,
      "confidence": 1.0
    },
    {
      "id": 101,
      "text": "सिनेमा",
      "sentence": 20,
      "start": 31,
      "end": 36,
      "confidence": 1.0
    },
    {
      "id": 102,
      "text": "अभिव्यक्ती",
      "sentence": 21,
      "start": 8,
      "end": 15,
      "confidence": 1.0
    },
    {
      "id": 103,
      "text": "त्यांनी",
      "sentence": 22,
      "start": 0,
      "end": 5,
      "confidence": 1.0
    },
    {
      "id": 104,
      "text": "पोलीस",
      "sentence": 22,
      "start": 11,
      "end": 16,
      "confidence": 1.0
    },
    {
      "id": 105,
      "text": "निरीक्षक",
      "sentence": 22,
      "start": 16,
      "end": 22,
      "confidence": 1.0
    },
    {
      "id": 106,
      "text": "अविनाश",
      "sentence": 22,
      "start": 22,
      "end": 28,
      "confidence": 1.0
    },
    {
      "id": 107,
      "text": "धर्माधिकारी",
      "sentence": 22,
      "start": 29,
      "end": 37,
      "confidence": 1.0
    },
    {
      "id": 108,
      "text": "प्रकार",
      "sentence": 22,
      "start": 51,
      "end": 55,
      "confidence": 1.0
    },
    {
      "id": 109,
      "text": "अमेरिका",
      "sentence": 23,
      "start": 6,
      "end": 12,
      "confidence": 1.0
    },
    {
      "id": 110,
      "text": "रशिया",
      "sentence": 23,
      "start": 13,
      "end": 17,
      "confidence": 1.0
    },
    {
      "id": 111,
      "text": "चीननंतर",
      "sentence": 23,
      "start": 19,
      "end": 26,
      "confidence": 1.0
    },
    {
      "id": 112,
      "text": "चंद्रावर",
      "sentence": 23,
      "start": 26,
      "end": 32,
      "confidence": 1.0
    },
    {
      "id": 113,
      "text": "आपले",
      "sentence": 23,
      "start": 39,
      "end": 43,
      "confidence": 1.0
    },
    {
      "id": 114,
      "text": "राष्ट्र",
      "sentence": 23,
      "start": 46,
      "end": 50,
      "confidence": 1.0
    },
    {
      "id": 115,
      "text": "पावसाचे",
      "sentence": 24,
      "start": 7,
      "end": 13,
      "confidence": 1.0
    },
    {
      "id": 116,
      "text": "धुमशान",
      "sentence": 24,
      "start": 15,
      "end": 21,
      "confidence": 1.0
    },
    {
      "id": 117,
      "text": "पटलावरही",
      "sentence": 24,
      "start": 48,
      "end": 56,
      "confidence": 1.0
    },
    {
      "id": 118,
      "text": "कोकण",
      "sentence": 24,
      "start": 56,
      "end": 61,
      "confidence": 1.0
    },
    {
      "id": 119,
      "text": "चर्चेत",
      "sentence": 24,
      "start": 61,
      "end": 66,
      "confidence": 1.0
    },
    {
      "id": 120,
      "text": "घटकांनी",
      "sentence": 25,
      "start": 11,
      "end": 17,
      "confidence": 1.0
    },
    {
      "id": 121,
      "text": "अतिरेक",
      "sentence": 25,
      "start": 22,
      "end": 28,
      "confidence": 1.0
    },
    {
      "id": 122,
      "text": "संताप",
      "sentence": 25,
      "start": 36,
      "end": 41,
      "confidence": 1.0
    },
    {
      "id": 123,
      "text": "क्रीडा",
      "sentence": 26,
      "start": 12,
      "end": 17,
      "confidence": 1.0
    },
    {
      "id": 124,
      "text": "आयुक्त",
      "sentence": 26,
      "start": 17,
      "end": 22,
      "confidence": 1.0
    },
    {
      "id": 125,
      "text": "प्रकाश",
      "sentence": 26,
      "start": 26,
      "end": 30,
      "confidence": 1.0
    },
    {
      "id": 126,
      "text": "बकोरिया",
      "sentence": 26,
      "start": 31,
      "end": 37,
      "confidence": 1.0
    },
    {
      "id": 127,
      "text": "यांनी",
      "sentence": 26,
      "start": 37,
      "end": 41,
      "confidence": 1.0
    },
    {
      "id": 128,
      "text": "अंदाज",
      "sentence": 27,
      "start": 17,
      "end": 22,
      "confidence": 1.0
    },
    {
      "id": 129,
      "text": "जम्मू",
      "sentence": 28,
      "start": 10,
      "end": 14,
      "confidence": 1.0
    },
    {
      "id": 130,
      "text": "पुलवामा",
      "sentence": 28,
      "start": 24,
      "end": 29,
      "confidence": 1.0
    },
    {
      "id": 131,
      "text": "जिल्ह्यामध्ये",
      "sentence": 28,
      "start": 30,
      "end": 37,
      "confidence": 1.0
    },
    {
      "id": 132,
      "text": "दहशतवाद्यांच्या",
      "sentence": 28,
      "start": 44,
      "end": 55,
      "confidence": 1.0
    },
    {
      "id": 133,
      "text": "हल्ल्यामध्ये",
      "sentence": 28,
      "start": 62,
      "end": 70,
      "confidence": 1.0
    },
    {
      "id": 134,
      "text": "भारताने",
      "sentence": 28,
      "start": 70,
      "end": 76,
      "confidence": 1.0
    },
    {
      "id": 135,
      "text": "सीआरपीएफचे",
      "sentence": 28,
      "start": 76,
      "end": 85,
      "confidence": 1.0
    },
    {
      "id": 136,
      "text": "जवान",
      "sentence": 28,
      "start": 91,
      "end": 95,
      "confidence": 1.0
    },
    {
      "id": 137,
      "text": "मुले",
      "sentence": 29,
      "start": 14,
      "end": 18,
      "confidence": 1.0
    },
    {
      "id": 138,
      "text": "पक्षी",
      "sentence": 29,
      "start": 28,
      "end": 31,
      "confidence": 1.0
    },
    {
      "id": 139,
      "text": "लांची",
      "sentence": 30,
      "start": 2,
      "end": 7,
      "confidence": 1.0
    },
    {
      "id": 140,
      "text": "उत्सुकता",
      "sentence": 30,
      "start": 24,
      "end": 30,
      "confidence": 1.0
    },
    {
      "id": 141,
      "text": "शिगेला",
      "sentence": 30,
      "start": 30,
      "end": 35,
      "confidence": 1.0
    },
    {
      "id": 142,
      "text": "शिक्षक",
      "sentence": 31,
      "start": 28,
      "end": 33,
      "confidence": 1.0
    },
    {
      "id": 143,
      "text": "मंडळींनी",
      "sentence": 31,
      "start": 33,
      "end": 40,
      "confidence": 1.0
    },
    {
      "id": 144,
      "text": "ड्रायव्हरने",
      "sentence": 31,
      "start": 59,
      "end": 67,
      "confidence": 1.0
    },
    {
      "id": 145,
      "text": "हॉर्न",
      "sentence": 31,
      "start": 67,
      "end": 71,
      "confidence": 1.0
    },
    {
      "id": 146,
      "text": "मी",
      "sentence": 32,
      "start": 0,
      "end": 2,
      "confidence": 1.0
    },
    {
      "id": 147,
      "text": "भागात",
      "sentence": 32,
      "start": 13,
      "end": 17,
      "confidence": 1.0
    },
    {
      "id": 148,
      "text": "ड्रायव्हरशेजारी",
      "sentence": 32,
      "start": 17,
      "end": 29,
      "confidence": 1.0
    },
    {
      "id": 149,
      "text": "रस्ता",
      "sentence": 33,
      "start": 11,
      "end": 15,
      "confidence": 1.0
    },
    {
      "id": 150,
      "text": "पोलिस",
      "sentence": 34,
      "start": 19,
      "end": 24,
      "confidence": 1.0
    },
    {
      "id": 151,
      "text": "जिल्ह्यात",
      "sentence": 34,
      "start": 24,
      "end": 29,
      "confidence": 1.0
    },
    {
      "id": 152,
      "text": "तपास",
      "sentence": 34,
      "start": 29,
      "end": 34,
      "confidence": 1.0
    },
    {
      "id": 153,
      "text": "त्याची",
      "sentence": 34,
      "start": 52,
      "end": 56,
      "confidence": 1.0
    },
    {
      "id": 154,
      "text": "त्याच्या",
      "sentence": 34,
      "start": 65,
      "end": 70,
      "confidence": 1.0
    },
    {
      "id": 155,
      "text": "पोलिस",
      "sentence": 34,
      "start": 80,
      "end": 85,
      "confidence": 1.0
    },
    {
      "id": 156,
      "text": "बुद्धिमत्ता",
      "sentence": 34,
      "start": 95,
      "end": 102,
      "confidence": 1.0
    },
    {
      "id": 157,
      "text": "विचारवंत",
      "sentence": 35,
      "start": 23,
      "end": 29,
      "confidence": 1.0
    },
    {
      "id": 158,
      "text": "मानवेंद्रनाथ",
      "sentence": 35,
      "start": 29,
      "end": 39,
      "confidence": 1.0
    },
    {
      "id": 159,
      "text": "यांनी",
      "sentence": 35,
      "start": 42,
      "end": 46,
      "confidence": 1.0
    },
    {
      "id": 160,
      "text": "कल्पना",
      "sentence": 35,
      "start": 48,
      "end": 53,
      "confidence": 1.0
    },
    {
      "id": 161,
      "text": "वृत्तसंस्था",
      "sentence": 36,
      "start": 0,
      "end": 8,
      "confidence": 1.0
    },
    {
      "id": 162,
      "text": "चेन्नई",
      "sentence": 36,
      "start": 9,
      "end": 14,
      "confidence": 1.0
    },
    {
      "id": 163,
      "text": "कारभारावर",
      "sentence": 36,
      "start": 25,
      "end": 33,
      "confidence": 1.0
    },
    {
      "id": 164,
      "text": "क्रिकेट",
      "sentence": 36,
      "start": 47,
      "end": 52,
      "confidence": 1.0
    },
    {
      "id": 165,
      "text": "प्रशासक",
      "sentence": 36,
      "start": 52,
      "end": 58,
      "confidence": 1.0
    },
    {
      "id": 166,
      "text": "समितीने",
      "sentence": 36,
      "start": 58,
      "end": 64,
      "confidence": 1.0
    },
    {
      "id": 167,
      "text": "क्युरेटर",
      "sentence": 36,
      "start": 64,
      "end": 71,
      "confidence": 1.0
    },
    {
      "id": 168,
      "text": "सामनाधिकारी",
      "sentence": 36,
      "start": 76,
      "end": 85,
      "confidence": 1.0
    },
    {
      "id": 169,
      "text": "स्कोअरर",
      "sentence": 36,
      "start": 86,
      "end": 92,
      "confidence": 1.0
    },
    {
      "id": 170,
      "text": "व्हीडीओ",
      "sentence": 36,
      "start": 93,
      "end": 99,
      "confidence": 1.0
    },
    {
      "id": 171,
      "text": "मानधनात",
      "sentence": 36,
      "start": 110,
      "end": 118,
      "confidence": 1.0
    },
    {
      "id": 172,
      "text": "तो",
      "sentence": 37,
      "start": 3,
      "end": 5,
      "confidence": 1.0
    },
    {
      "id": 173,
      "text": "त्याच्या",
      "sentence": 37,
      "start": 5,
      "end": 10,
      "confidence": 1.0
    },
    {
      "id": 174,
      "text": "उत्तर",
      "sentence": 37,
      "start": 21,
      "end": 25,
      "confidence": 1.0
    },
    {
      "id": 175,
      "text": "वाहतूक",
      "sentence": 38,
      "start": 6,
      "end": 11,
      "confidence": 1.0
    },
    {
      "id": 176,
      "text": "कोंडीची",
      "sentence": 38,
      "start": 11,
      "end": 17,
      "confidence": 1.0
    },
    {
      "id": 177,
      "text": "समस्या",
      "sentence": 38,
      "start": 17,
      "end": 22,
      "confidence": 1.0
    },
    {
      "id": 178,
      "text": "मार्ग",
      "sentence": 38,
      "start": 41,
      "end": 44,
      "confidence": 1.0
    },
    {
      "id": 179,
      "text": "कंपनीमध्ये",
      "sentence": 39,
      "start": 5,
      "end": 12,
      "confidence": 1.0
    },
    {
      "id": 180,
      "text": "कामगारांना",
      "sentence": 39,
      "start": 19,
      "end": 26,
      "confidence": 1.0
    },
    {
      "id": 181,
      "text": "योजनेत",
      "sentence": 40,
      "start": 9,
      "end": 14,
      "confidence": 1.0
    },
    {
      "id": 182,
      "text": "पारदर्शकता",
      "sentence": 40,
      "start": 16,
      "end": 24,
      "confidence": 1.0
    },
    {
      "id": 183,
      "text": "पेट्रोल",
      "sentence": 41,
      "start": 9,
      "end": 15,
      "confidence": 1.0
    },
    {
      "id": 184,
      "text": "दरात",
      "sentence": 41,
      "start": 26,
      "end": 30,
      "confidence": 1.0
    },
    {
      "id": 185,
      "text": "चढ-उतार",
      "sentence": 41,
      "start": 30,
      "end": 37,
      "confidence": 1.0
    },
    {
      "id": 186,
      "text": "लोकशाही",
      "sentence": 42,
      "start": 10,
      "end": 16,
      "confidence": 1.0
    },
    {
      "id": 187,
      "text": "मूल्यांची",
      "sentence": 42,
      "start": 16,
      "end": 22,
      "confidence": 1.0
    },
    {
      "id": 188,
      "text": "पायमल्ली",
      "sentence": 42,
      "start": 22,
      "end": 28,
      "confidence": 1.0
    },
    {
      "id": 189,
      "text": "गटाची",
      "sentence": 42,
      "start": 45,
      "end": 49,
      "confidence": 1.0
    },
    {
      "id": 190,
      "text": "परवानगी",
      "sentence": 42,
      "start": 49,
      "end": 55,
      "confidence": 1.0
    },
    {
      "id": 191,
      "text": "आमची",
      "sentence": 42,
      "start": 60,
      "end": 64,
      "confidence": 1.0
    },
    {
      "id": 192,
      "text": "बाजू",
      "sentence": 42,
      "start": 64,
      "end": 67,
      "confidence": 1.0
    },
    {
      "id": 193,
      "text": "सवाल",
      "sentence": 43,
      "start": 8,
      "end": 12,
      "confidence": 1.0
    },
    {
      "id": 194,
      "text": "सरफराजने",
      "sentence": 43,
      "start": 12,
      "end": 20,
      "confidence": 1.0
    },
    {
      "id": 195,
      "text": "धोरण",
      "sentence": 44,
      "start": 12,
      "end": 16,
      "confidence": 1.0
    },
    {
      "id": 196,
      "text": "आंदोलन",
      "sentence": 44,
      "start": 27,
      "end": 33,
      "confidence": 1.0
    },
    {
      "id": 197,
      "text": "आव्हान",
      "sentence": 44,
      "start": 38,
      "end": 43,
      "confidence": 1.0
    },
    {
      "id": 198,
      "text": "अण्णा",
      "sentence": 44,
      "start": 43,
      "end": 47,
      "confidence": 1.0
    },
    {
      "id": 199,
      "text": "हजारे",
      "sentence": 44,
      "start": 48,
      "end": 52,
      "confidence": 1.0
    },
    {
      "id": 200,
      "text": "यांनी",
      "sentence": 44,
      "start": 52,
      "end": 56,
      "confidence": 1.0
    },
    {
      "id": 201,
      "text": "राज्या",
      "sentence": 44,
      "start": 56,
      "end": 60,
      "confidence": 1.0
    },
    {
      "id": 202,
      "text": "सरकारला",
      "sentence": 44,
      "start": 61,
      "end": 66,
      "confidence": 1.0
    },
    {
      "id": 203,
      "text": "कपिलेश्वर",
      "sentence": 45,
      "start": 6,
      "end": 14,
      "confidence": 1.0
    },
    {
      "id": 204,
      "text": "उड्डाणपुलावर",
      "sentence": 45,
      "start": 14,
      "end": 24,
      "confidence": 1.0
    },
    {
      "id": 205,
      "text": "वाहतूक",
      "sentence": 45,
      "start": 24,
      "end": 29,
      "confidence": 1.0
    },
    {
      "id": 206,
      "text": "रहदारी",
      "sentence": 45,
      "start": 29,
      "end": 34,
      "confidence": 1.0
    }
  ],
  "clusters": [
    [
      0,
      150
    ],
    [
      4,
      5,
      7
    ],
    [
      9,
      10
    ],
    [
      13,
      14
    ],
    [
      19,
      20
    ],
    [
      24,
      28
    ],
    [
      25,
      26
    ],
    [
      40,
      41,
      43
    ],
    [
      50,
      53
    ],
    [
      54,
      55
    ],
    [
      56,
      57,
      58
    ],
    [
      69,
      70,
      74
    ],
    [
      72,
      73,
      78
    ],
    [
      75,
      77,
      79,
      80
    ],
    [
      85,
      86,
      87
    ],
    [
      91,
      92
    ],
    [
      98,
      128
    ],
    [
      103,
      105,
      106
    ],
    [
      110,
      111
    ],
    [
      125,
      126
    ],
    [
      135,
      136,
      137,
      138
    ],
    [
      148,
      149
    ],
    [
      155,
      156
    ],
    [
      161,
      162,
      163,
      164
    ],
    [
      168,
      169,
      170
    ],
    [
      184,
      185
    ],
    [
      186,
      187
    ],
    [
      189,
      190
    ],
    [
      199,
      203,
      206
    ]
  ]
}