{
  "document_id": "document_431",
  "sentences": [
    "न्यूमोनियापासून सावधान",
    "शेअर बाजाराने ऐतिहासिक उसळी घेत नवा उच्चांक प्रस्थापित केला आहे.",
    "मुंबई शेअर बाजारात सेन्सेक्सने ३६ हजारांवर ऐतिहासिक उसळी घेतली आहे तर निफ्टीने ११ हजाराचा पल्ला गाठला आहे.",
    "त्यामुळे गुंतवणूकदारांना मोठा दिलासा मिळाला असून त्यांना 'अच्छे दिन' आले असल्याचं सूत्रांनी सांगितलं.",
    "असे असतानाही सरकारविरोधात बंडखोरी करून सरकार विकास कामे राबवत नाही, असा प्रचार करण्यात आला, असा अरोप एच."
  ],
  "mentions": [
    {
      "id": 0,
      "text": "बाजार",
      "sentence": 1,
      "start": 26,
      "end": 30,
      "confidence": 1.0
    },
    {
      "id": 1,
      "text": "बाजार",
      "sentence": 2,
      "start": 101,
      "end": 105,
      "confidence": 1.0
    },
    {
      "id": 2,
      "text": "सेन्सेक्स",
      "sentence": 2,
      "start": 108,
      "end": 114,
      "confidence": 1.0
    },
    {
      "id": 3,
      "text": "निफ्टी",
      "sentence": 2,
      "start": 161,
      "end": 165,
      "confidence": 1.0
    },
    {
      "id": 4,
      "text": "गुंतवणूकदार",
      "sentence": 3,
      "start": 200,
      "end": 210,
      "confidence": 1.0
    },
    {
      "id": 5,
      "text": "त्यांना",
      "sentence": 3,
      "start": 239,
      "end": 244,
      "confidence": 1.0
    },
    {
      "id": 6,
      "text": "सूत्र",
      "sentence": 3,
      "start": 272,
      "end": 275,
      "confidence": 1.0
    },
    {
      "id": 7,
      "text": "सरकार",
      "sentence": 4,
      "start": 302,
      "end": 306,
      "confidence": 1.0
    },
    {
      "id": 8,
      "text": "सरकार",
      "sentence": 4,
      "start": 325,
      "end": 329,
      "confidence": 1.0
    }
  ],
  "clusters": [
    [
      0,
      1
    ],
    [
      4,
      5
    ],
    [
      7,
      8
    ]
  ]
}