{
  "document_id": "document_234",
  "sentences": [
    "ताज्या अजमोदा आणि decoctions औषधी गुणधर्म लांब लांब ज्ञात आहे पापात आणि शतके त्वचा काळजी उत्पादने वापरली जाते.",
    "आधी लोक पैसे काढण्यासाठी बँकेत जात असत आणि लांबच लांब रांगांमध्ये उभे राहत असत.",
    "वेळेत आणि योग्य उपचार देण्याच्या महापौरांकडून सूचना",
    "आता तुम्हीच ठरवा नेमके काय झाले ते, असे सांगून हा चित्रपट गूढ कायम ठेवतो.",
    "त्यापूर्वी मार्क्सवादी कम्युनिस्ट पक्ष व भारतीय कम्युनिस्ट पक्ष (मार्क्स लेनिन) यांनीही भाजपाचा निषेध करणारा मोर्चा काढला.",
    "उडे प्रदेश मते स्थान आणि घेते सर्वात संपूर्ण वाहिनी रशियन नद्या एक - Yenisei.",
    "अकोले - मुलाचे सिनेस्टाईल अपहरण अशी दोन दिवसांपूर्वी उजेडात आलेली घटना बनाव असल्याचे तपासाअंती उघडकीस आले आहे.",
    "‘आज ना छोडेंगे’ गाणं दर होळीला वाजतंच",
    "दिल्लीमध्ये भाजपला पराभूत करण्यासाठी काँग्रेस-आप एकवटल्याचं चित्र आहे.",
    "वृत्तसंस्था /इस्तंबुल :",
    "घनश्याम लालसा हा देखील अभिनेता आहे.",
    "या सदरात मी ‘फँड्री’विषयी बोलू शकत नाही, याचा मला विषाद आहे.",
    "अभय बंग म्हणाले, “दारुबंदीनंतर चंद्रपूरमध्ये 90 कोटी रुपयांची दारू कमी झाली आहे.",
    "चित्रपट पाहून ताबडतोब सोशल साईट्सवर त्याबद्दल घाईघाईत लिहिणारा कोणीही.",
    "सत्तरीच्या दशकात डॉक्टर होणे हि छोटी अचिव्हमेंट नव्हती.",
    "इतकी वर्षे प्रॅक्टीस करून डॉक्टरकीच्या व्यवसायातून गडगंज पैसा मिळत असताना त्याचा त्याग करून डॉक्टरांनी समाजसेवेचं व्रत घेतलं ते अंधश्रद्धेपोटी खेडेगावातल्या काही रुग्णांचा बळी गेलेला पाहून.",
    "त्यांच्यातला \"माणूस\" अस्वस्थ झाला.",
    "हजारो वर्षापूर्वी राजवाड्यात सुखाने राहणाऱ्या सिद्धार्थ राजकुमाराची राज्यातली गरीब व भुकेली जनता पाहून जशी हालत झाली होती तेच डॉक्टरांनी अनुभवले.",
    "म्हणून ते आजच्या काळातले भगवान बुद्धच म्हणावे लागतील.",
    "इतर डॉक्टरांप्रमाणे स्वत:च्या अलिशान कार मधून फिरायची कुवत असलेल्या ह्या लोकोत्तर महापुरुषाने आयुष्यातला शेवटचा प्रवास सुद्धा एसटीने केला होता.",
    "एमिली Toby एक मैत्री सुरू होते, पण माया माझ्या भावना समजू शकत नाही, आणि लज्जित.",
    "सहा महिन्यांत मला परदेशवारी करायची संधी मिळाली, तेव्हा आई-बाबांचे डोळे विस्फारले.",
    "अंतराळ विज्ञान क्षेत्रात कोणावर अवलंबून न राहण्याकरिता पाकिस्तान नवीन प्रोजेक्ट सुरू करणार आहे.",
    "‘कालाय तस्मै नम:’ या मालिकेतूनदेखील रहस्य जॉनर काही प्रमाणात वापरला गेला होता.",
    "यासाठीच ५७ हजार मॅट्रिक टनाचा बफर स्टॉक ठेवण्यात आलाय.",
    "सील cooled आहे होईपर्यंत प्रतीक्षा करा, हे अशक्य आहे: तो ठिसूळ होईल आणि विरजणे नाही.",
    "तिसऱया सामन्यात 6 गडय़ांनी मात, सामनावीर धवन, पंतची अर्धशतके वृत्तसंस्था / चेन्नई शिखर धवन व ऋषभ पंत यांच्या फटकेबाज अर्धशतकांच्या बळावर भारताने तिसऱया व शेवटच्या टी-20 सामन्यांत विंडीजचा 6 गडय़ांनी पराभव करून मालिकेत 3-0 असे क्लीन स्वीप साधले.",
    "ती त्यांनी त्यावेळी आकाशवाणीवरील काव्यवाचनात वाचली देखील होती.",
    "हिटमॅन रोहित शर्मा आणि केएल राहुल यांनी शतकी भागिदारी केली.",
    "गोविंदाग्रजांनी महाराष्ट्राला ज्या शब्दमाळा वाहिल्या आहेत त्यात त्याला ‘अंजनकांचन करवंदीच्या काटेरी देशा’ म्हटलेच आहे.",
    "पण त्यांच्या मृत्युनंतर महाराष्ट्रात काही नवीन गुण निर्माण झाले आहेत.",
    "स्वभाषेचे आणि आपल्या भावेतिहासाविषयीचे अज्ञान आणि त्याची न वाटणारी लाज हे ते नवे कोरेकरकरीत गुण.",
    "उपक्रमाचा लाभ घेतांना गरजू महिला",
    "का पाहवा ?",
    "मात्र, ग्रामस्थांनी आक्रमक पवित्र घेऊन टॉवरसाठी निवडलेली जागा योग्य नसल्याचे निर्देशनात आणून दिले.",
    "प्रतिष्ठापना हीटर - विद्युत उपकरणांना उत्क्रांतीच्या एक उच्च टप्पा.",
    "एमडी बनविण्याची प्रक्रिया सुरू असतानाच एटीएसच्या अधिकार्‍यांनी या फ्लॅटमध्ये छापा टाकला.",
    "कोणत्याच कामासाठी आम्हाला विश्‍वासात घेतले जात नाही.",
    "संभाजी उद्यान परिसरातील संभाजी राजे पुतळ्यासमोर सुरू असलेल्या बेमुदत ठिय्या आंदोलनात रविवारी (दि.",
    "ही वाक्यरचना बरोबर आहे.",
    "‌मार्मिक0",
    "योगासनांची ही लोकप्रियता कॅश करण्याचे काम भाजपाने केले.",
    "मात्र सरकारच्या या निर्णयामुळे प्रवेशप्रक्रियेला मुदतीत पूर्ण होणे अवघड झाले होते.",
    "असं असलं तरी या बायकांकडे जाणं म्हणजे खूप मोठं लांच्छन समजले जाई.",
    "तळण्याचे पॅनचे आकार वाढवा.",
    "प्रधान यांच्या दुटप्पी भुमिकेबाबत नाराजी व्यक्त होत आहे.",
    "तो बंगलोरला ‘फ्रक्टरवर्क’मध्ये काम करण्‍यासाठी गेला तेव्हा त्याला तेथील हवामान मानवले नाही.",
    "ते आगामी विधिमंडळ अधिवेशनात मांडले जाणार आहे.",
    "म्हणून हा खटाटोप !",
    "शेवटच्या व्यक्तीचा सर्वागिण विकास करणे म्हणजे तो विकास होय.",
    "पण आपण त्या नकारात्मक गोष्टींकडे कानाडोळा करून अशाच एका धर्मस्थळाबद्दल जाणून घेऊ.",
    "राज्यपालांची भेट घेण्यापूर्वी शिवसेना पक्षप्रमुख उद्धव ठाकरे आमदारांसोबत बैठक घेणार आहे.",
    "त्यापैकी 2026 विद्यार्थी उत्तीर्ण झाले आहेत.",
    "धर्मराज काळोखे हा वरळी इथे कामाला असताना जिजामात झोपडपट्टीत अंमली पदार्थांची तस्करी करणाऱ्या बेबी पेडणेकर या महिलेशी त्याची ओळख झाली.",
    "काही ग्राहकांनी कंपनीवर फसवणुकीचा आरोप करत भरपाईची मागणी केली होती.",
    "अशा प्रणाली, फर्निचर डिझाइन वापरले जातात प्रकाश आणि जड दर्शनी दोन्ही.",
    "अमरावती- राष्ट्रपती रामनाथ कोविंद यांचा प्रशासकीय निरीक्षक असल्याची बतावणी करणाऱ्या तोतया प्रशासकीय अधिकाऱ्यास (आयएएस) अमरावती पोलिसांनी बेड्या ठोकल्या आहे.",
    "आता मुसलमानांचे खरे प्रतिस्पर्धी ब्रिटिश बनले होते.",
    "छटा दाखवा मूड पोहचविणे, निसर्ग सूक्ष्म सामान्य माणूस चंचल राज्य पकडू, विविध रंग subtleties - या सर्व विशेष कौशल्य आणि चित्रकार विशेष िचता संवेदनशीलता आवश्यक आहे.",
    "\"किती उन्हाची आलीस!",
    "यावेळी आ."
  ],
  "mentions": [
    {
      "id": 0,
      "text": "अजमोदा",
      "sentence": 0,
      "start": 5,
      "end": 10,
      "confidence": 1.0
    },
    {
      "id": 1,
      "text": "decoctions",
      "sentence": 0,
      "start": 16,
      "end": 25,
      "confidence": 1.0
    },
    {
      "id": 2,
      "text": "गुणधर्म",
      "sentence": 0,
      "start": 33,
      "end": 39,
      "confidence": 1.0
    },
    {
      "id": 3,
      "text": "पापात",
      "sentence": 0,
      "start": 57,
      "end": 61,
      "confidence": 1.0
    },
    {
      "id": 4,
      "text": "शतके",
      "sentence": 0,
      "start": 69,
      "end": 73,
      "confidence": 1.0
    },
    {
      "id": 5,
      "text": "उत्पादने",
      "sentence": 0,
      "start": 84,
      "end": 90,
      "confidence": 1.0
    },
    {
      "id": 6,
      "text": "पैसे",
      "sentence": 1,
      "start": 106,
      "end": 109,
      "confidence": 1.0
    },
    {
      "id": 7,
      "text": "बँकेत",
      "sentence": 1,
      "start": 118,
      "end": 122,
      "confidence": 1.0
    },
    {
      "id": 8,
      "text": "रांगांमध्ये",
      "sentence": 1,
      "start": 139,
      "end": 147,
      "confidence": 1.0
    },
    {
      "id": 9,
      "text": "उपचार",
      "sentence": 2,
      "start": 163,
      "end": 167,
      "confidence": 1.0
    },
    {
      "id": 10,
      "text": "महापौरांकडून",
      "sentence": 2,
      "start": 175,
      "end": 184,
      "confidence": 1.0
    },
    {
      "id": 11,
      "text": "सूचना",
      "sentence": 2,
      "start": 185,
      "end": 189,
      "confidence": 1.0
    },
    {
      "id": 12,
      "text": "तुम्हीच",
      "sentence": 3,
      "start": 196,
      "end": 201,
      "confidence": 1.0
    },
    {
      "id": 13,
      "text": "ते",
      "sentence": 3,
      "start": 213,
      "end": 214,
      "confidence": 1.0
    },
    {
      "id": 14,
      "text": "चित्रपट",
      "sentence": 3,
      "start": 227,
      "end": 232,
      "confidence": 1.0
    },
    {
      "id": 15,
      "text": "पक्ष",
      "sentence": 4,
      "start": 257,
      "end": 259,
      "confidence": 1.0
    },
    {
      "id": 16,
      "text": "पक्ष",
      "sentence": 4,
      "start": 284,
      "end": 286,
      "confidence": 1.0
    },
    {
      "id": 17,
      "text": "त्यांनीही",
      "sentence": 4,
      "start": 302,
      "end": 308,
      "confidence": 1.0
    },
    {
      "id": 18,
      "text": "भाजपाचा",
      "sentence": 4,
      "start": 309,
      "end": 314,
      "confidence": 1.0
    },
    {
      "id": 19,
      "text": "निषेध",
      "sentence": 4,
      "start": 315,
      "end": 319,
      "confidence": 1.0
    },
    {
      "id": 20,
      "text": "मोर्चा",
      "sentence": 4,
      "start": 328,
      "end": 332,
      "confidence": 1.0
    },
    {
      "id": 21,
      "text": "प्रदेश",
      "sentence": 5,
      "start": 341,
      "end": 345,
      "confidence": 1.0
    },
    {
      "id": 22,
      "text": "स्थान",
      "sentence": 5,
      "start": 350,
      "end": 353,
      "confidence": 1.0
    },
    {
      "id": 23,
      "text": "वाहिनी",
      "sentence": 5,
      "start": 371,
      "end": 375,
      "confidence": 1.0
    },
    {
      "id": 24,
      "text": "नद्या",
      "sentence": 5,
      "start": 383,
      "end": 386,
      "confidence": 1.0
    },
    {
      "id": 25,
      "text": "मुलाचे",
      "sentence": 6,
      "start": 410,
      "end": 414,
      "confidence": 1.0
    },
    {
      "id": 26,
      "text": "अपहरण",
      "sentence": 6,
      "start": 424,
      "end": 428,
      "confidence": 1.0
    },
    {
      "id": 27,
      "text": "घटना",
      "sentence": 6,
      "start": 454,
      "end": 457,
      "confidence": 1.0
    },
    {
      "id": 28,
      "text": "बनाव",
      "sentence": 6,
      "start": 458,
      "end": 461,
      "confidence": 1.0
    },
    {
      "id": 29,
      "text": "तपासाअंती",
      "sentence": 6,
      "start": 472,
      "end": 479,
      "confidence": 1.0
    },
    {
      "id": 30,
      "text": "गाणं",
      "sentence": 7,
      "start": 498,
      "end": 501,
      "confidence": 1.0
    },
    {
      "id": 31,
      "text": "होळीला",
      "sentence": 7,
      "start": 505,
      "end": 510,
      "confidence": 1.0
    },
    {
      "id": 32,
      "text": "दिल्लीमध्ये",
      "sentence": 8,
      "start": 518,
      "end": 527,
      "confidence": 1.0
    },
    {
      "id": 33,
      "text": "भाजपला",
      "sentence": 8,
      "start": 528,
      "end": 533,
      "confidence": 1.0
    },
    {
      "id": 34,
      "text": "काँग्रेस-आप",
      "sentence": 8,
      "start": 544,
      "end": 553,
      "confidence": 1.0
    },
    {
      "id": 35,
      "text": "चित्र",
      "sentence": 8,
      "start": 559,
      "end": 562,
      "confidence": 1.0
    },
    {
      "id": 36,
      "text": "वृत्तसंस्था",
      "sentence": 9,
      "start": 568,
      "end": 576,
      "confidence": 1.0
    },
    {
      "id": 37,
      "text": "इस्तंबुल",
      "sentence": 9,
      "start": 578,
      "end": 584,
      "confidence": 1.0
    },
    {
      "id": 38,
      "text": "लालसा",
      "sentence": 10,
      "start": 593,
      "end": 597,
      "confidence": 1.0
    },
    {
      "id": 39,
      "text": "अभिनेता",
      "sentence": 10,
      "start": 607,
      "end": 612,
      "confidence": 1.0
    },
    {
      "id": 40,
      "text": "सदरात",
      "sentence": 11,
      "start": 620,
      "end": 624,
      "confidence": 1.0
    },
    {
      "id": 41,
      "text": "मी",
      "sentence": 11,
      "start": 626,
      "end": 627,
      "confidence": 1.0
    },
    {
      "id": 42,
      "text": "फँड्री",
      "sentence": 11,
      "start": 630,
      "end": 635,
      "confidence": 1.0
    },
    {
      "id": 43,
      "text": "मला",
      "sentence": 11,
      "start": 654,
      "end": 656,
      "confidence": 1.0
    },
    {
      "id": 44,
      "text": "विषाद",
      "sentence": 11,
      "start": 657,
      "end": 661,
      "confidence": 1.0
    },
    {
      "id": 45,
      "text": "दारुबंदीनंतर",
      "sentence": 12,
      "start": 678,
      "end": 687,
      "confidence": 1.0
    },
    {
      "id": 46,
      "text": "चंद्रपूरमध्ये",
      "sentence": 12,
      "start": 688,
      "end": 697,
      "confidence": 1.0
    },
    {
      "id": 47,
      "text": "रुपयांची",
      "sentence": 12,
      "start": 707,
      "end": 713,
      "confidence": 1.0
    },
    {
      "id": 48,
      "text": "दारू",
      "sentence": 12,
      "start": 714,
      "end": 717,
      "confidence": 1.0
    },
    {
      "id": 49,
      "text": "चित्रपट",
      "sentence": 13,
      "start": 730,
      "end": 735,
      "confidence": 1.0
    },
    {
      "id": 50,
      "text": "साईट्सवर",
      "sentence": 13,
      "start": 750,
      "end": 757,
      "confidence": 1.0
    },
    {
      "id": 51,
      "text": "त्याबद्दल",
      "sentence": 13,
      "start": 758,
      "end": 764,
      "confidence": 1.0
    },
    {
      "id": 52,
      "text": "कोणीही",
      "sentence": 13,
      "start": 776,
      "end": 780,
      "confidence": 1.0
    },
    {
      "id": 53,
      "text": "दशकात",
      "sentence": 14,
      "start": 792,
      "end": 796,
      "confidence": 1.0
    },
    {
      "id": 54,
      "text": "डॉक्टर",
      "sentence": 14,
      "start": 797,
      "end": 801,
      "confidence": 1.0
    },
    {
      "id": 55,
      "text": "अचिव्हमेंट",
      "sentence": 14,
      "start": 809,
      "end": 816,
      "confidence": 1.0
    },
    {
      "id": 56,
      "text": "वर्षे",
      "sentence": 15,
      "start": 826,
      "end": 829,
      "confidence": 1.0
    },
    {
      "id": 57,
      "text": "प्रॅक्टीस",
      "sentence": 15,
      "start": 830,
      "end": 836,
      "confidence": 1.0
    },
    {
      "id": 58,
      "text": "व्यवसायातून",
      "sentence": 15,
      "start": 848,
      "end": 855,
      "confidence": 1.0
    },
    {
      "id": 59,
      "text": "पैसा",
      "sentence": 15,
      "start": 863,
      "end": 866,
      "confidence": 1.0
    },
    {
      "id": 60,
      "text": "त्याचा",
      "sentence": 15,
      "start": 879,
      "end": 883,
      "confidence": 1.0
    },
    {
      "id": 61,
      "text": "त्याग",
      "sentence": 15,
      "start": 884,
      "end": 887,
      "confidence": 1.0
    },
    {
      "id": 62,
      "text": "डॉक्टरांनी",
      "sentence": 15,
      "start": 892,
      "end": 899,
      "confidence": 1.0
    },
    {
      "id": 63,
      "text": "व्रत",
      "sentence": 15,
      "start": 908,
      "end": 910,
      "confidence": 1.0
    },
    {
      "id": 64,
      "text": "ते",
      "sentence": 15,
      "start": 917,
      "end": 918,
      "confidence": 1.0
    },
    {
      "id": 65,
      "text": "अंधश्रद्धेपोटी",
      "sentence": 15,
      "start": 919,
      "end": 929,
      "confidence": 1.0
    },
    {
      "id": 66,
      "text": "खेडेगावातल्या",
      "sentence": 15,
      "start": 930,
      "end": 940,
      "confidence": 1.0
    },
    {
      "id": 67,
      "text": "रुग्णांचा",
      "sentence": 15,
      "start": 945,
      "end": 951,
      "confidence": 1.0
    },
    {
      "id": 68,
      "text": "त्यांच्यातला",
      "sentence": 16,
      "start": 962,
      "end": 971,
      "confidence": 1.0
    },
    {
      "id": 69,
      "text": "माणूस",
      "sentence": 16,
      "start": 973,
      "end": 977,
      "confidence": 1.0
    },
    {
      "id": 70,
      "text": "वर्षापूर्वी",
      "sentence": 17,
      "start": 989,
      "end": 997,
      "confidence": 1.0
    },
    {
      "id": 71,
      "text": "राजवाड्यात",
      "sentence": 17,
      "start": 998,
      "end": 1005,
      "confidence": 1.0
    },
    {
      "id": 72,
      "text": "राजकुमाराची",
      "sentence": 17,
      "start": 1022,
      "end": 1030,
      "confidence": 1.0
    },
    {
      "id": 73,
      "text": "राज्यातली",
      "sentence": 17,
      "start": 1031,
      "end": 1037,
      "confidence": 1.0
    },
    {
      "id": 74,
      "text": "जनता",
      "sentence": 17,
      "start": 1046,
      "end": 1049,
      "confidence": 1.0
    },
    {
      "id": 75,
      "text": "तेच",
      "sentence": 17,
      "start": 1073,
      "end": 1075,
      "confidence": 1.0
    },
    {
      "id": 76,
      "text": "डॉक्टरांनी",
      "sentence": 17,
      "start": 1076,
      "end": 1083,
      "confidence": 1.0
    },
    {
      "id": 77,
      "text": "ते",
      "sentence": 18,
      "start": 1093,
      "end": 1094,
      "confidence": 1.0
    },
    {
      "id": 78,
      "text": "बुद्धच",
      "sentence": 18,
      "start": 1115,
      "end": 1119,
      "confidence": 1.0
    },
    {
      "id": 79,
      "text": "डॉक्टरांप्रमाणे",
      "sentence": 19,
      "start": 1130,
      "end": 1140,
      "confidence": 1.0
    },
    {
      "id": 80,
      "text": "कुवत",
      "sentence": 19,
      "start": 1166,
      "end": 1169,
      "confidence": 1.0
    },
    {
      "id": 81,
      "text": "महापुरुषाने",
      "sentence": 19,
      "start": 1180,
      "end": 1187,
      "confidence": 1.0
    },
    {
      "id": 82,
      "text": "आयुष्यातला",
      "sentence": 19,
      "start": 1188,
      "end": 1195,
      "confidence": 1.0
    },
    {
      "id": 83,
      "text": "प्रवास",
      "sentence": 19,
      "start": 1202,
      "end": 1206,
      "confidence": 1.0
    },
    {
      "id": 84,
      "text": "एसटीने",
      "sentence": 19,
      "start": 1215,
      "end": 1220,
      "confidence": 1.0
    },
    {
      "id": 85,
      "text": "Toby",
      "sentence": 20,
      "start": 1232,
      "end": 1235,
      "confidence": 1.0
    },
    {
      "id": 86,
      "text": "मैत्री",
      "sentence": 20,
      "start": 1240,
      "end": 1243,
      "confidence": 1.0
    },
    {
      "id": 87,
      "text": "माया",
      "sentence": 20,
      "start": 1253,
      "end": 1256,
      "confidence": 1.0
    },
    {
      "id": 88,
      "text": "माझ्या",
      "sentence": 20,
      "start": 1257,
      "end": 1261,
      "confidence": 1.0
    },
    {
      "id": 89,
      "text": "भावना",
      "sentence": 20,
      "start": 1262,
      "end": 1266,
      "confidence": 1.0
    },
    {
      "id": 90,
      "text": "मला",
      "sentence": 21,
      "start": 1283,
      "end": 1285,
      "confidence": 1.0
    },
    {
      "id": 91,
      "text": "परदेशवारी",
      "sentence": 21,
      "start": 1286,
      "end": 1293,
      "confidence": 1.0
    },
    {
      "id": 92,
      "text": "संधी",
      "sentence": 21,
      "start": 1300,
      "end": 1303,
      "confidence": 1.0
    },
    {
      "id": 93,
      "text": "आई-बाबांचे",
      "sentence": 21,
      "start": 1313,
      "end": 1320,
      "confidence": 1.0
    },
    {
      "id": 94,
      "text": "डोळे",
      "sentence": 21,
      "start": 1321,
      "end": 1324,
      "confidence": 1.0
    },
    {
      "id": 95,
      "text": "अंतराळ",
      "sentence": 22,
      "start": 1332,
      "end": 1337,
      "confidence": 1.0
    },
    {
      "id": 96,
      "text": "विज्ञान",
      "sentence": 22,
      "start": 1338,
      "end": 1342,
      "confidence": 1.0
    },
    {
      "id": 97,
      "text": "क्षेत्रात",
      "sentence": 22,
      "start": 1343,
      "end": 1348,
      "confidence": 1.0
    },
    {
      "id": 98,
      "text": "कोणावर",
      "sentence": 22,
      "start": 1349,
      "end": 1354,
      "confidence": 1.0
    },
    {
      "id": 99,
      "text": "पाकिस्तान",
      "sentence": 22,
      "start": 1365,
      "end": 1371,
      "confidence": 1.0
    },
    {
      "id": 100,
      "text": "प्रोजेक्ट",
      "sentence": 22,
      "start": 1377,
      "end": 1383,
      "confidence": 1.0
    },
    {
      "id": 101,
      "text": "मालिकेतूनदेखील",
      "sentence": 23,
      "start": 1407,
      "end": 1418,
      "confidence": 1.0
    },
    {
      "id": 102,
      "text": "रहस्य",
      "sentence": 23,
      "start": 1419,
      "end": 1423,
      "confidence": 1.0
    },
    {
      "id": 103,
      "text": "जॉनर",
      "sentence": 23,
      "start": 1424,
      "end": 1427,
      "confidence": 1.0
    },
    {
      "id": 104,
      "text": "प्रमाणात",
      "sentence": 23,
      "start": 1436,
      "end": 1441,
      "confidence": 1.0
    },
    {
      "id": 105,
      "text": "मॅट्रिक",
      "sentence": 24,
      "start": 1469,
      "end": 1474,
      "confidence": 1.0
    },
    {
      "id": 106,
      "text": "टनाचा",
      "sentence": 24,
      "start": 1475,
      "end": 1479,
      "confidence": 1.0
    },
    {
      "id": 107,
      "text": "स्टॉक",
      "sentence": 24,
      "start": 1486,
      "end": 1490,
      "confidence": 1.0
    },
    {
      "id": 108,
      "text": "तो",
      "sentence": 25,
      "start": 1541,
      "end": 1542,
      "confidence": 1.0
    },
    {
      "id": 109,
      "text": "सामन्यात",
      "sentence": 26,
      "start": 1558,
      "end": 1563,
      "confidence": 1.0
    },
    {
      "id": 110,
      "text": "गडय़ांनी",
      "sentence": 26,
      "start": 1568,
      "end": 1572,
      "confidence": 1.0
    },
    {
      "id": 111,
      "text": "पंतची",
      "sentence": 26,
      "start": 1588,
      "end": 1592,
      "confidence": 1.0
    },
    {
      "id": 112,
      "text": "अर्धशतके",
      "sentence": 26,
      "start": 1593,
      "end": 1599,
      "confidence": 1.0
    },
    {
      "id": 113,
      "text": "वृत्तसंस्था",
      "sentence": 26,
      "start": 1601,
      "end": 1609,
      "confidence": 1.0
    },
    {
      "id": 114,
      "text": "चेन्नई",
      "sentence": 26,
      "start": 1612,
      "end": 1616,
      "confidence": 1.0
    },
    {
      "id": 115,
      "text": "बळावर",
      "sentence": 26,
      "start": 1659,
      "end": 1663,
      "confidence": 1.0
    },
    {
      "id": 116,
      "text": "भारताने",
      "sentence": 26,
      "start": 1664,
      "end": 1669,
      "confidence": 1.0
    },
    {
      "id": 117,
      "text": "सामन्यांत",
      "sentence": 26,
      "start": 1691,
      "end": 1697,
      "confidence": 1.0
    },
    {
      "id": 118,
      "text": "विंडीजचा",
      "sentence": 26,
      "start": 1698,
      "end": 1704,
      "confidence": 1.0
    },
    {
      "id": 119,
      "text": "पराभव",
      "sentence": 26,
      "start": 1707,
      "end": 1711,
      "confidence": 1.0
    },
    {
      "id": 120,
      "text": "मालिकेत",
      "sentence": 26,
      "start": 1720,
      "end": 1725,
      "confidence": 1.0
    },
    {
      "id": 121,
      "text": "ती",
      "sentence": 27,
      "start": 1746,
      "end": 1747,
      "confidence": 1.0
    },
    {
      "id": 122,
      "text": "त्यांनी",
      "sentence": 27,
      "start": 1748,
      "end": 1752,
      "confidence": 1.0
    },
    {
      "id": 123,
      "text": "काव्यवाचनात",
      "sentence": 27,
      "start": 1769,
      "end": 1777,
      "confidence": 1.0
    },
    {
      "id": 124,
      "text": "हिटमॅन",
      "sentence": 28,
      "start": 1791,
      "end": 1795,
      "confidence": 1.0
    },
    {
      "id": 125,
      "text": "शर्मा",
      "sentence": 28,
      "start": 1802,
      "end": 1806,
      "confidence": 1.0
    },
    {
      "id": 126,
      "text": "त्यांनी",
      "sentence": 28,
      "start": 1819,
      "end": 1823,
      "confidence": 1.0
    },
    {
      "id": 127,
      "text": "भागिदारी",
      "sentence": 28,
      "start": 1828,
      "end": 1834,
      "confidence": 1.0
    },
    {
      "id": 128,
      "text": "गोविंदाग्रजांनी",
      "sentence": 29,
      "start": 1840,
      "end": 1850,
      "confidence": 1.0
    },
    {
      "id": 129,
      "text": "महाराष्ट्राला",
      "sentence": 29,
      "start": 1851,
      "end": 1860,
      "confidence": 1.0
    },
    {
      "id": 130,
      "text": "शब्दमाळा",
      "sentence": 29,
      "start": 1864,
      "end": 1870,
      "confidence": 1.0
    },
    {
      "id": 131,
      "text": "त्याला",
      "sentence": 29,
      "start": 1884,
      "end": 1887,
      "confidence": 1.0
    },
    {
      "id": 132,
      "text": "देशा",
      "sentence": 29,
      "start": 1913,
      "end": 1916,
      "confidence": 1.0
    },
    {
      "id": 133,
      "text": "त्यांच्या",
      "sentence": 30,
      "start": 1925,
      "end": 1930,
      "confidence": 1.0
    },
    {
      "id": 134,
      "text": "मृत्युनंतर",
      "sentence": 30,
      "start": 1931,
      "end": 1938,
      "confidence": 1.0
    },
    {
      "id": 135,
      "text": "महाराष्ट्रात",
      "sentence": 30,
      "start": 1939,
      "end": 1947,
      "confidence": 1.0
    },
    {
      "id": 136,
      "text": "स्वभाषेचे",
      "sentence": 31,
      "start": 1968,
      "end": 1974,
      "confidence": 1.0
    },
    {
      "id": 137,
      "text": "आपल्या",
      "sentence": 31,
      "start": 1979,
      "end": 1983,
      "confidence": 1.0
    },
    {
      "id": 138,
      "text": "भावेतिहासाविषयीचे",
      "sentence": 31,
      "start": 1984,
      "end": 1997,
      "confidence": 1.0
    },
    {
      "id": 139,
      "text": "अज्ञान",
      "sentence": 31,
      "start": 1998,
      "end": 2002,
      "confidence": 1.0
    },
    {
      "id": 140,
      "text": "त्याची",
      "sentence": 31,
      "start": 2007,
      "end": 2011,
      "confidence": 1.0
    },
    {
      "id": 141,
      "text": "ते",
      "sentence": 31,
      "start": 2025,
      "end": 2026,
      "confidence": 1.0
    },
    {
      "id": 142,
      "text": "उपक्रमाचा",
      "sentence": 32,
      "start": 2045,
      "end": 2051,
      "confidence": 1.0
    },
    {
      "id": 143,
      "text": "लाभ",
      "sentence": 32,
      "start": 2052,
      "end": 2055,
      "confidence": 1.0
    },
    {
      "id": 144,
      "text": "महिला",
      "sentence": 32,
      "start": 2063,
      "end": 2066,
      "confidence": 1.0
    },
    {
      "id": 145,
      "text": "ग्रामस्थांनी",
      "sentence": 34,
      "start": 2083,
      "end": 2091,
      "confidence": 1.0
    },
    {
      "id": 146,
      "text": "पवित्र",
      "sentence": 34,
      "start": 2098,
      "end": 2102,
      "confidence": 1.0
    },
    {
      "id": 147,
      "text": "टॉवरसाठी",
      "sentence": 34,
      "start": 2106,
      "end": 2112,
      "confidence": 1.0
    },
    {
      "id": 148,
      "text": "जागा",
      "sentence": 34,
      "start": 2119,
      "end": 2122,
      "confidence": 1.0
    },
    {
      "id": 149,
      "text": "निर्देशनात",
      "sentence": 34,
      "start": 2137,
      "end": 2144,
      "confidence": 1.0
    },
    {
      "id": 150,
      "text": "प्रतिष्ठापना",
      "sentence": 35,
      "start": 2153,
      "end": 2161,
      "confidence": 1.0
    },
    {
      "id": 151,
      "text": "उपकरणांना",
      "sentence": 35,
      "start": 2174,
      "end": 2180,
      "confidence": 1.0
    },
    {
      "id": 152,
      "text": "टप्पा",
      "sentence": 35,
      "start": 2197,
      "end": 2200,
      "confidence": 1.0
    },
    {
      "id": 153,
      "text": "एमडी",
      "sentence": 36,
      "start": 2209,
      "end": 2212,
      "confidence": 1.0
    },
    {
      "id": 154,
      "text": "प्रक्रिया",
      "sentence": 36,
      "start": 2219,
      "end": 2224,
      "confidence": 1.0
    },
    {
      "id": 155,
      "text": "अधिकार्‍यांनी",
      "sentence": 36,
      "start": 2243,
      "end": 2252,
      "confidence": 1.0
    },
    {
      "id": 156,
      "text": "फ्लॅटमध्ये",
      "sentence": 36,
      "start": 2257,
      "end": 2264,
      "confidence": 1.0
    },
    {
      "id": 157,
      "text": "छापा",
      "sentence": 36,
      "start": 2265,
      "end": 2268,
      "confidence": 1.0
    },
    {
      "id": 158,
      "text": "आम्हाला",
      "sentence": 37,
      "start": 2287,
      "end": 2291,
      "confidence": 1.0
    },
    {
      "id": 159,
      "text": "विश्‍वासात",
      "sentence": 37,
      "start": 2292,
      "end": 2299,
      "confidence": 1.0
    },
    {
      "id": 160,
      "text": "उद्यान",
      "sentence": 38,
      "start": 2311,
      "end": 2315,
      "confidence": 1.0
    },
    {
      "id": 161,
      "text": "राजे",
      "sentence": 38,
      "start": 2329,
      "end": 2332,
      "confidence": 1.0
    },
    {
      "id": 162,
      "text": "पुतळ्यासमोर",
      "sentence": 38,
      "start": 2333,
      "end": 2341,
      "confidence": 1.0
    },
    {
      "id": 163,
      "text": "आंदोलनात",
      "sentence": 38,
      "start": 2355,
      "end": 2361,
      "confidence": 1.0
    },
    {
      "id": 164,
      "text": "वाक्यरचना",
      "sentence": 39,
      "start": 2380,
      "end": 2386,
      "confidence": 1.0
    },
    {
      "id": 165,
      "text": "योगासनांची",
      "sentence": 41,
      "start": 2408,
      "end": 2415,
      "confidence": 1.0
    },
    {
      "id": 166,
      "text": "लोकप्रियता",
      "sentence": 41,
      "start": 2418,
      "end": 2425,
      "confidence": 1.0
    },
    {
      "id": 167,
      "text": "भाजपाने",
      "sentence": 41,
      "start": 2436,
      "end": 2441,
      "confidence": 1.0
    },
    {
      "id": 168,
      "text": "निर्णयामुळे",
      "sentence": 42,
      "start": 2459,
      "end": 2466,
      "confidence": 1.0
    },
    {
      "id": 169,
      "text": "प्रवेशप्रक्रियेला",
      "sentence": 42,
      "start": 2467,
      "end": 2478,
      "confidence": 1.0
    },
    {
      "id": 170,
      "text": "मुदतीत",
      "sentence": 42,
      "start": 2479,
      "end": 2483,
      "confidence": 1.0
    },
    {
      "id": 171,
      "text": "बायकांकडे",
      "sentence": 43,
      "start": 2507,
      "end": 2513,
      "confidence": 1.0
    },
    {
      "id": 172,
      "text": "लांछ्छन",
      "sentence": 43,
      "start": 2530,
      "end": 2535,
      "confidence": 1.0
    },
    {
      "id": 173,
      "text": "पॅनचे",
      "sentence": 44,
      "start": 2548,
      "end": 2552,
      "confidence": 1.0
    },
    {
      "id": 174,
      "text": "प्रधान",
      "sentence": 45,
      "start": 2565,
      "end": 2569,
      "confidence": 1.0
    },
    {
      "id": 175,
      "text": "त्यांच्या",
      "sentence": 45,
      "start": 2570,
      "end": 2575,
      "confidence": 1.0
    },
    {
      "id": 176,
      "text": "भुमिकेबाबत",
      "sentence": 45,
      "start": 2582,
      "end": 2589,
      "confidence": 1.0
    },
    {
      "id": 177,
      "text": "नाराजी",
      "sentence": 45,
      "start": 2590,
      "end": 2595,
      "confidence": 1.0
    },
    {
      "id": 178,
      "text": "तो",
      "sentence": 46,
      "start": 2608,
      "end": 2609,
      "confidence": 1.0
    },
    {
      "id": 179,
      "text": "बंगलोरला",
      "sentence": 46,
      "start": 2610,
      "end": 2616,
      "confidence": 1.0
    },
    {
      "id": 180,
      "text": "त्याला",
      "sentence": 46,
      "start": 2650,
      "end": 2653,
      "confidence": 1.0
    },
    {
      "id": 181,
      "text": "हवामान",
      "sentence": 46,
      "start": 2659,
      "end": 2663,
      "confidence": 1.0
    },
    {
      "id": 182,
      "text": "ते",
      "sentence": 47,
      "start": 2673,
      "end": 2674,
      "confidence": 1.0
    },
    {
      "id": 183,
      "text": "अधिवेशनात",
      "sentence": 47,
      "start": 2686,
      "end": 2693,
      "confidence": 1.0
    },
    {
      "id": 184,
      "text": "खटाटोप",
      "sentence": 48,
      "start": 2709,
      "end": 2714,
      "confidence": 1.0
    },
    {
      "id": 185,
      "text": "व्यक्तीचा",
      "sentence": 49,
      "start": 2724,
      "end": 2729,
      "confidence": 1.0
    },
    {
      "id": 186,
      "text": "विकास",
      "sentence": 49,
      "start": 2735,
      "end": 2739,
      "confidence": 1.0
    },
    {
      "id": 187,
      "text": "तो",
      "sentence": 49,
      "start": 2748,
      "end": 2749,
      "confidence": 1.0
    },
    {
      "id": 188,
      "text": "विकास",
      "sentence": 49,
      "start": 2750,
      "end": 2754,
      "confidence": 1.0
    },
    {
      "id": 189,
      "text": "आपण",
      "sentence": 50,
      "start": 2762,
      "end": 2765,
      "confidence": 1.0
    },
    {
      "id": 190,
      "text": "गोष्टींकडे",
      "sentence": 50,
      "start": 2774,
      "end": 2780,
      "confidence": 1.0
    },
    {
      "id": 191,
      "text": "कानाडोळा",
      "sentence": 50,
      "start": 2781,
      "end": 2787,
      "confidence": 1.0
    },
    {
      "id": 192,
      "text": "धर्मस्थळाबद्दल",
      "sentence": 50,
      "start": 2796,
      "end": 2806,
      "confidence": 1.0
    },
    {
      "id": 193,
      "text": "राज्यपालांची",
      "sentence": 51,
      "start": 2814,
      "end": 2822,
      "confidence": 1.0
    },
    {
      "id": 194,
      "text": "पक्षप्रमुख",
      "sentence": 51,
      "start": 2835,
      "end": 2842,
      "confidence": 1.0
    },
    {
      "id": 195,
      "text": "ठाकरे",
      "sentence": 51,
      "start": 2849,
      "end": 2853,
      "confidence": 1.0
    },
    {
      "id": 196,
      "text": "आमदारांसोबत",
      "sentence": 51,
      "start": 2854,
      "end": 2862,
      "confidence": 1.0
    },
    {
      "id": 197,
      "text": "बैठक",
      "sentence": 51,
      "start": 2863,
      "end": 2866,
      "confidence": 1.0
    },
    {
      "id": 198,
      "text": "त्यापैकी",
      "sentence": 52,
      "start": 2876,
      "end": 2881,
      "confidence": 1.0
    },
    {
      "id": 199,
      "text": "विद्यार्थी",
      "sentence": 52,
      "start": 2889,
      "end": 2895,
      "confidence": 1.0
    },
    {
      "id": 200,
      "text": "काळोखे",
      "sentence": 53,
      "start": 2908,
      "end": 2913,
      "confidence": 1.0
    },
    {
      "id": 201,
      "text": "कामावर",
      "sentence": 53,
      "start": 2927,
      "end": 2931,
      "confidence": 1.0
    },
    {
      "id": 202,
      "text": "जिजामात",
      "sentence": 53,
      "start": 2939,
      "end": 2944,
      "confidence": 1.0
    },
    {
      "id": 203,
      "text": "झोपडपट्टीत",
      "sentence": 53,
      "start": 2945,
      "end": 2953,
      "confidence": 1.0
    },
    {
      "id": 204,
      "text": "पदार्थांची",
      "sentence": 53,
      "start": 2960,
      "end": 2967,
      "confidence": 1.0
    },
    {
      "id": 205,
      "text": "तस्करी",
      "sentence": 53,
      "start": 2968,
      "end": 2973,
      "confidence": 1.0
    },
    {
      "id": 206,
      "text": "महिलेशी",
      "sentence": 53,
      "start": 2991,
      "end": 2996,
      "confidence": 1.0
    },
    {
      "id": 207,
      "text": "त्याची",
      "sentence": 53,
      "start": 2997,
      "end": 3001,
      "confidence": 1.0
    },
    {
      "id": 208,
      "text": "ग्राहकांनी",
      "sentence": 54,
      "start": 3016,
      "end": 3022,
      "confidence": 1.0
    },
    {
      "id": 209,
      "text": "कंपनीवर",
      "sentence": 54,
      "start": 3023,
      "end": 3028,
      "confidence": 1.0
    },
    {
      "id": 210,
      "text": "फसवणुकीचा",
      "sentence": 54,
      "start": 3029,
      "end": 3036,
      "confidence": 1.0
    },
    {
      "id": 211,
      "text": "आरोप",
      "sentence": 54,
      "start": 3037,
      "end": 3040,
      "confidence": 1.0
    },
    {
      "id": 212,
      "text": "भरपाईची",
      "sentence": 54,
      "start": 3046,
      "end": 3051,
      "confidence": 1.0
    },
    {
      "id": 213,
      "text": "मागणी",
      "sentence": 54,
      "start": 3052,
      "end": 3056,
      "confidence": 1.0
    },
    {
      "id": 214,
      "text": "प्रणाली",
      "sentence": 55,
      "start": 3066,
      "end": 3070,
      "confidence": 1.0
    },
    {
      "id": 215,
      "text": "फर्निचर",
      "sentence": 55,
      "start": 3073,
      "end": 3078,
      "confidence": 1.0
    },
    {
      "id": 216,
      "text": "डिझाइन",
      "sentence": 55,
      "start": 3079,
      "end": 3084,
      "confidence": 1.0
    },
    {
      "id": 217,
      "text": "प्रकाश",
      "sentence": 55,
      "start": 3097,
      "end": 3101,
      "confidence": 1.0
    },
    {
      "id": 218,
      "text": "दर्शनी",
      "sentence": 55,
      "start": 3110,
      "end": 3114,
      "confidence": 1.0
    },
    {
      "id": 219,
      "text": "अमरावती",
      "sentence": 56,
      "start": 3123,
      "end": 3129,
      "confidence": 1.0
    },
    {
      "id": 220,
      "text": "कोविंद",
      "sentence": 56,
      "start": 3144,
      "end": 3149,
      "confidence": 1.0
    },
    {
      "id": 221,
      "text": "त्यांचा",
      "sentence": 56,
      "start": 3151,
      "end": 3155,
      "confidence": 1.0
    },
    {
      "id": 222,
      "text": "निरीक्षक",
      "sentence": 56,
      "start": 3165,
      "end": 3170,
      "confidence": 1.0
    },
    {
      "id": 223,
      "text": "बतावणी",
      "sentence": 56,
      "start": 3177,
      "end": 3182,
      "confidence": 1.0
    },
    {
      "id": 224,
      "text": "अधिकाऱ्यास",
      "sentence": 56,
      "start": 3203,
      "end": 3210,
      "confidence": 1.0
    },
    {
      "id": 225,
      "text": "आयएएस",
      "sentence": 56,
      "start": 3213,
      "end": 3217,
      "confidence": 1.0
    },
    {
      "id": 226,
      "text": "अमरावती",
      "sentence": 56,
      "start": 3220,
      "end": 3226,
      "confidence": 1.0
    },
    {
      "id": 227,
      "text": "पोलिसांनी",
      "sentence": 56,
      "start": 3227,
      "end": 3233,
      "confidence": 1.0
    },
    {
      "id": 228,
      "text": "बेड्या",
      "sentence": 56,
      "start": 3234,
      "end": 3237,
      "confidence": 1.0
    },
    {
      "id": 229,
      "text": "मुसलमानांचे",
      "sentence": 57,
      "start": 3251,
      "end": 3258,
      "confidence": 1.0
    },
    {
      "id": 230,
      "text": "प्रतिस्पर्धी",
      "sentence": 57,
      "start": 3264,
      "end": 3271,
      "confidence": 1.0
    },
    {
      "id": 231,
      "text": "ब्रिटिश",
      "sentence": 57,
      "start": 3272,
      "end": 3277,
      "confidence": 1.0
    },
    {
      "id": 232,
      "text": "निसर्ग",
      "sentence": 58,
      "start": 3307,
      "end": 3310,
      "confidence": 1.0
    },
    {
      "id": 233,
      "text": "माणूस",
      "sentence": 58,
      "start": 3320,
      "end": 3324,
      "confidence": 1.0
    },
    {
      "id": 234,
      "text": "राज्य",
      "sentence": 58,
      "start": 3328,
      "end": 3331,
      "confidence": 1.0
    },
    {
      "id": 235,
      "text": "subtleties",
      "sentence": 58,
      "start": 3346,
      "end": 3355,
      "confidence": 1.0
    },
    {
      "id": 236,
      "text": "कौशल्य",
      "sentence": 58,
      "start": 3371,
      "end": 3376,
      "confidence": 1.0
    },
    {
      "id": 237,
      "text": "चित्रकार",
      "sentence": 58,
      "start": 3383,
      "end": 3388,
      "confidence": 1.0
    },
    {
      "id": 238,
      "text": "संवेदनशीलता",
      "sentence": 58,
      "start": 3395,
      "end": 3403,
      "confidence": 1.0
    },
    {
      "id": 239,
      "text": "उन्हाची",
      "sentence": 59,
      "start": 3416,
      "end": 3421,
      "confidence": 1.0
    }
  ],
  "clusters": [
    [
      17,
      18,
      19
    ],
    [
      27,
      25
    ],
    [
      31,
      32
    ],
    [
      42,
      43,
      44
    ],
    [
      46,
      49
    ],
    [
      56,
      58
    ],
    [
      67,
      68
    ],
    [
      71,
      72,
      73
    ],
    [
      70,
      78
    ],
    [
      70,
      87
    ],
    [
      85,
      86
    ],
    [
      70,
      87,
      88
    ],
    [
      70,
      87,
      88,
      95
    ],
    [
      95,
      92
    ],
    [
      101,
      102
    ],
    [
      126,
      128
    ],
    [
      132,
      137
    ],
    [
      133,
      138
    ],
    [
      151,
      152,
      153,
      154
    ],
    [
      157,
      159,
      160,
      161
    ],
    [
      156,
      162
    ],
    [
      157,
      164
    ],
    [
      169,
      170
    ],
    [
      169,
      171,
      172,
      173,
      174
    ],
    [
      166,
      167
    ],
    [
      184,
      187
    ],
    [
      203,
      204
    ],
    [
      213,
      214
    ],
    [
      219,
      220
    ],
    [
      223,
      227
    ],
    [
      234,
      235,
      236
    ]
  ]
}