{
  "document_id": "document_81",
  "sentences": [
    "राज्य सहकारी बँक घोटाळा: अजित पवारांची सुप्रीम कोर्टात धाव",
    "या स्टॉलवर मिळणारी माहिती अद्ययावत असावी.",
    "महिलेच्या तक्रारीवरून 13 जून रोजी मुंबईतील ओशिवरा पोलीस स्थानकात बिनॉय कोडेयेरी याच्याविरोधात कलम 420 आणि 376 अन्वये गुन्हा दाखल करण्यात आला आहे.",
    "बदनामीचा फायदा.",
    "कोल्हापूर महापालिकेच्या 47 व्या महापौरपदी राष्ट्रवादीच्या सरिता मोरे यांचा विजय झाला.",
    "संरक्षक सोनटक्के हे संग्रहालयाच्या सुरक्षेच्या दृष्टिकोनातून संपूर्ण परिसरात कॅमेरे लावत आहे.",
    "स्वराज अभियानाच्या बॅनरखाली देशभरात शेतकऱयांच्या समस्या दूर करणे, दुष्काळग्रसत क्षेत्राला सरकारकडून विशेष मदत मिळवून देणे, दिल्लीत अवैध दारू दुकाने उघडण्यास विरोध इत्यादी कार्यक्रम राबविण्यात आले.",
    "यामुळे सातारा, सोलापूर, अहमदनगर तसेच मुंबई रस्त्यावरील वाहतूक कोंडी सुटण्यास मदत होईल.",
    "भाजप उमेदवार सुभाष भामरे यांचे स्वच्छ चारित्र्य जमेची बाजू आहे मात्र मतदारसंघासाठी त्यांचा चेहरा नवीन आहे.",
    "कोहलीने १२० चेंडूंत १० चौकारांच्या मदतीने ११६ धावा केल्या.",
    "सावकारी कर्ज काढून पिकांची लागवड केली.",
    "ऑनलाईन टीम / नवी दिल्ली : अमेरिकेने अफगाणिस्तानातील इसिसच्या तळावर जगातील सर्वात मोठा दहा हजार किलोचा नॉन न्यूक्लियर बॉम्ब GBU-43 गुरूवारी रात्री फोडला.",
    "अमेरिकेने 2003 मध्ये हा एमओएबी ...Full Article",
    "मुंबईच्या भाऊच्या् धक्क्यापासून उरण किंवा रेवस पर्यंत बोटीची वाहतूक सुरू आहे.",
    "संस्थेतर्फे आरोग्य शिबिरासाठी पेंडाखळे या गावाचीच निवड का करण्यात आली?",
    "हा प्रश्‍न पडू शकतो.",
    "कोल्हापूर शहरापासून अवघ्या तीस किलोमीटवर असणार्‍या पेंडाखळे व आजूबाजूच्या गावात कुपोषण व आरोग्य विषयक समस्या भयावह होत्या.",
    "बहुसंख्य गावकरी आर्थिक समस्येने ग्रस्त होते.",
    "येथील नागरिकांचे राहणीमान शिबिर भरविण्यासाठी आवश्यक निकषांमध्ये बसत होते.",
    "याशिवाय कोल्हापूर व आजूबाजूच्या विभागात संस्थेच्या शिस्तबद्ध श्रद्धावान कार्यकर्त्यांची मोठी फळी उपलब्ध होती, म्हणूनच या भागाची निवड करण्यात आली.",
    "हे शिबिर २००४ साली पहिल्यांदा पेंडाखळे जवळच असणार्‍या करंजफेण या गावात भरविण्यात आले होते, तर २००५ पासून हे शिबिर पेंडाखळेमध्ये भरविले जाऊ लागले.",
    "तुम्ही तुमचा सूड माझ्या लग्नाच्या दिवसापासून आजवर उगवत आलेला आहात.",
    "समोर इमारत आधारावर मानक पाच कथा अपार्टमेंट घर बनले आहे.",
    "दिवसाला 100 एसएमएस",
    "पत्रकार ती Saratov, ती मालमत्ता आणि एक अत्यंत फायदेशीर व्यवसाय आहे जेथे गेला की भांडणे.",
    "हा सामना बुधवारी गुजरातमधील हरिवंश ताना स्टेडियममध्ये खेळवण्यात आला.",
    "धर यांचे वेगळेपण असे की, व्यंगचित्रकार म्हणून त्यांनी कधीही ‘आवडती राजकीय पात्रे’ ठरवून त्यांना सतत लक्ष्य केले नाही."
  ],
  "mentions": [
    {
      "id": 0,
      "text": "अजित",
      "sentence": 0,
      "start": 23,
      "end": 27,
      "confidence": 1.0
    },
    {
      "id": 1,
      "text": "पवारांची",
      "sentence": 0,
      "start": 28,
      "end": 35,
      "confidence": 1.0
    },
    {
      "id": 2,
      "text": "सुप्रीम",
      "sentence": 0,
      "start": 37,
      "end": 43,
      "confidence": 1.0
    },
    {
      "id": 3,
      "text": "स्टॉलवर",
      "sentence": 1,
      "start": 61,
      "end": 67,
      "confidence": 1.0
    },
    {
      "id": 4,
      "text": "माहिती",
      "sentence": 1,
      "start": 76,
      "end": 81,
      "confidence": 1.0
    },
    {
      "id": 5,
      "text": "महिलेच्या",
      "sentence": 2,
      "start": 102,
      "end": 109,
      "confidence": 1.0
    },
    {
      "id": 6,
      "text": "तक्रारीवरून",
      "sentence": 2,
      "start": 111,
      "end": 120,
      "confidence": 1.0
    },
    {
      "id": 7,
      "text": "पोलीस",
      "sentence": 2,
      "start": 151,
      "end": 155,
      "confidence": 1.0
    },
    {
      "id": 8,
      "text": "स्थानकात",
      "sentence": 2,
      "start": 157,
      "end": 163,
      "confidence": 1.0
    },
    {
      "id": 9,
      "text": "कोडेयेरी",
      "sentence": 2,
      "start": 171,
      "end": 178,
      "confidence": 1.0
    },
    {
      "id": 10,
      "text": "गुन्हा",
      "sentence": 2,
      "start": 231,
      "end": 235,
      "confidence": 1.0
    },
    {
      "id": 11,
      "text": "बदनामीचा",
      "sentence": 3,
      "start": 275,
      "end": 282,
      "confidence": 1.0
    },
    {
      "id": 12,
      "text": "फायदा",
      "sentence": 3,
      "start": 284,
      "end": 288,
      "confidence": 1.0
    },
    {
      "id": 13,
      "text": "कोल्हापूर",
      "sentence": 4,
      "start": 291,
      "end": 298,
      "confidence": 1.0
    },
    {
      "id": 14,
      "text": "महापौरपदी",
      "sentence": 4,
      "start": 318,
      "end": 325,
      "confidence": 1.0
    },
    {
      "id": 15,
      "text": "राष्ट्रवादीच्या",
      "sentence": 4,
      "start": 327,
      "end": 338,
      "confidence": 1.0
    },
    {
      "id": 16,
      "text": "मोरे",
      "sentence": 4,
      "start": 346,
      "end": 349,
      "confidence": 1.0
    },
    {
      "id": 17,
      "text": "संरक्षक",
      "sentence": 5,
      "start": 372,
      "end": 378,
      "confidence": 1.0
    },
    {
      "id": 18,
      "text": "सोनटक्के",
      "sentence": 5,
      "start": 380,
      "end": 386,
      "confidence": 1.0
    },
    {
      "id": 19,
      "text": "संग्रहालयाच्या",
      "sentence": 5,
      "start": 391,
      "end": 401,
      "confidence": 1.0
    },
    {
      "id": 20,
      "text": "कॅमेरे",
      "sentence": 5,
      "start": 441,
      "end": 446,
      "confidence": 1.0
    },
    {
      "id": 21,
      "text": "स्वराज",
      "sentence": 6,
      "start": 465,
      "end": 469,
      "confidence": 1.0
    },
    {
      "id": 22,
      "text": "अभियानाच्या",
      "sentence": 6,
      "start": 471,
      "end": 480,
      "confidence": 1.0
    },
    {
      "id": 23,
      "text": "बॅनरखाली",
      "sentence": 6,
      "start": 482,
      "end": 489,
      "confidence": 1.0
    },
    {
      "id": 24,
      "text": "देशभरात",
      "sentence": 6,
      "start": 491,
      "end": 497,
      "confidence": 1.0
    },
    {
      "id": 25,
      "text": "समस्या",
      "sentence": 6,
      "start": 511,
      "end": 515,
      "confidence": 1.0
    },
    {
      "id": 26,
      "text": "क्षेत्राला",
      "sentence": 6,
      "start": 535,
      "end": 540,
      "confidence": 1.0
    },
    {
      "id": 27,
      "text": "सरकारकडून",
      "sentence": 6,
      "start": 542,
      "end": 549,
      "confidence": 1.0
    },
    {
      "id": 28,
      "text": "दारू",
      "sentence": 6,
      "start": 581,
      "end": 584,
      "confidence": 1.0
    },
    {
      "id": 29,
      "text": "दुकाने",
      "sentence": 6,
      "start": 586,
      "end": 590,
      "confidence": 1.0
    },
    {
      "id": 30,
      "text": "विरोध",
      "sentence": 6,
      "start": 598,
      "end": 602,
      "confidence": 1.0
    },
    {
      "id": 31,
      "text": "कार्यक्रम",
      "sentence": 6,
      "start": 611,
      "end": 616,
      "confidence": 1.0
    },
    {
      "id": 32,
      "text": "सातारा",
      "sentence": 7,
      "start": 728,
      "end": 733,
      "confidence": 1.0
    },
    {
      "id": 33,
      "text": "सोलापूर",
      "sentence": 7,
      "start": 736,
      "end": 742,
      "confidence": 1.0
    },
    {
      "id": 34,
      "text": "मुंबई",
      "sentence": 7,
      "start": 759,
      "end": 763,
      "confidence": 1.0
    },
    {
      "id": 35,
      "text": "वाहतूक",
      "sentence": 7,
      "start": 776,
      "end": 781,
      "confidence": 1.0
    },
    {
      "id": 36,
      "text": "कोंडी",
      "sentence": 7,
      "start": 783,
      "end": 786,
      "confidence": 1.0
    },
    {
      "id": 37,
      "text": "भाजप",
      "sentence": 8,
      "start": 819,
      "end": 822,
      "confidence": 1.0
    },
    {
      "id": 38,
      "text": "भामरे",
      "sentence": 8,
      "start": 837,
      "end": 840,
      "confidence": 1.0
    },
    {
      "id": 39,
      "text": "यांचे",
      "sentence": 8,
      "start": 842,
      "end": 846,
      "confidence": 1.0
    },
    {
      "id": 40,
      "text": "चारित्र्य",
      "sentence": 8,
      "start": 852,
      "end": 859,
      "confidence": 1.0
    },
    {
      "id": 41,
      "text": "बाजू",
      "sentence": 8,
      "start": 867,
      "end": 870,
      "confidence": 1.0
    },
    {
      "id": 42,
      "text": "मतदारसंघासाठी",
      "sentence": 8,
      "start": 882,
      "end": 893,
      "confidence": 1.0
    },
    {
      "id": 43,
      "text": "त्यांचा",
      "sentence": 8,
      "start": 895,
      "end": 900,
      "confidence": 1.0
    },
    {
      "id": 44,
      "text": "चेहरा",
      "sentence": 8,
      "start": 902,
      "end": 906,
      "confidence": 1.0
    },
    {
      "id": 45,
      "text": "कोहलीने",
      "sentence": 9,
      "start": 931,
      "end": 937,
      "confidence": 1.0
    },
    {
      "id": 46,
      "text": "चेंडूंत",
      "sentence": 9,
      "start": 942,
      "end": 947,
      "confidence": 1.0
    },
    {
      "id": 47,
      "text": "धावा",
      "sentence": 9,
      "start": 977,
      "end": 980,
      "confidence": 1.0
    },
    {
      "id": 48,
      "text": "कर्ज",
      "sentence": 10,
      "start": 1006,
      "end": 1009,
      "confidence": 1.0
    },
    {
      "id": 49,
      "text": "पिकांची",
      "sentence": 10,
      "start": 1017,
      "end": 1022,
      "confidence": 1.0
    },
    {
      "id": 50,
      "text": "लागवड",
      "sentence": 10,
      "start": 1024,
      "end": 1028,
      "confidence": 1.0
    },
    {
      "id": 51,
      "text": "दिल्ली",
      "sentence": 11,
      "start": 1055,
      "end": 1060,
      "confidence": 1.0
    },
    {
      "id": 52,
      "text": "अमेरिकेने",
      "sentence": 11,
      "start": 1064,
      "end": 1071,
      "confidence": 1.0
    },
    {
      "id": 53,
      "text": "तळावर",
      "sentence": 11,
      "start": 1094,
      "end": 1098,
      "confidence": 1.0
    },
    {
      "id": 54,
      "text": "बॉम्ब",
      "sentence": 11,
      "start": 1148,
      "end": 1152,
      "confidence": 1.0
    },
    {
      "id": 55,
      "text": "GBU-43",
      "sentence": 11,
      "start": 1154,
      "end": 1160,
      "confidence": 1.0
    },
    {
      "id": 56,
      "text": "अमेरिकेने",
      "sentence": 12,
      "start": 1221,
      "end": 1228,
      "confidence": 1.0
    },
    {
      "id": 57,
      "text": "भाऊच्या्",
      "sentence": 13,
      "start": 1271,
      "end": 1277,
      "confidence": 1.0
    },
    {
      "id": 58,
      "text": "धक्क्यापासून",
      "sentence": 13,
      "start": 1279,
      "end": 1288,
      "confidence": 1.0
    },
    {
      "id": 59,
      "text": "रेवस",
      "sentence": 13,
      "start": 1300,
      "end": 1303,
      "confidence": 1.0
    },
    {
      "id": 60,
      "text": "बोटीची",
      "sentence": 13,
      "start": 1310,
      "end": 1315,
      "confidence": 1.0
    },
    {
      "id": 61,
      "text": "वाहतूक",
      "sentence": 13,
      "start": 1317,
      "end": 1322,
      "confidence": 1.0
    },
    {
      "id": 62,
      "text": "संस्थेतर्फे",
      "sentence": 14,
      "start": 1343,
      "end": 1351,
      "confidence": 1.0
    },
    {
      "id": 63,
      "text": "आरोग्य",
      "sentence": 14,
      "start": 1353,
      "end": 1358,
      "confidence": 1.0
    },
    {
      "id": 64,
      "text": "शिबिरासाठी",
      "sentence": 14,
      "start": 1360,
      "end": 1368,
      "confidence": 1.0
    },
    {
      "id": 65,
      "text": "पेंडाखळे",
      "sentence": 14,
      "start": 1370,
      "end": 1377,
      "confidence": 1.0
    },
    {
      "id": 66,
      "text": "प्रश्‍न",
      "sentence": 15,
      "start": 1418,
      "end": 1423,
      "confidence": 1.0
    },
    {
      "id": 67,
      "text": "कोल्हापूर",
      "sentence": 16,
      "start": 1435,
      "end": 1442,
      "confidence": 1.0
    },
    {
      "id": 68,
      "text": "शहरापासून",
      "sentence": 16,
      "start": 1444,
      "end": 1451,
      "confidence": 1.0
    },
    {
      "id": 69,
      "text": "पेंडाखळे",
      "sentence": 16,
      "start": 1477,
      "end": 1484,
      "confidence": 1.0
    },
    {
      "id": 70,
      "text": "गावात",
      "sentence": 16,
      "start": 1498,
      "end": 1502,
      "confidence": 1.0
    },
    {
      "id": 71,
      "text": "कुपोषण",
      "sentence": 16,
      "start": 1504,
      "end": 1509,
      "confidence": 1.0
    },
    {
      "id": 72,
      "text": "आरोग्य",
      "sentence": 16,
      "start": 1512,
      "end": 1517,
      "confidence": 1.0
    },
    {
      "id": 73,
      "text": "समस्या",
      "sentence": 16,
      "start": 1524,
      "end": 1528,
      "confidence": 1.0
    },
    {
      "id": 74,
      "text": "गावकरी",
      "sentence": 17,
      "start": 1576,
      "end": 1581,
      "confidence": 1.0
    },
    {
      "id": 75,
      "text": "समस्येने",
      "sentence": 17,
      "start": 1588,
      "end": 1594,
      "confidence": 1.0
    },
    {
      "id": 76,
      "text": "नागरिकांचे",
      "sentence": 18,
      "start": 1613,
      "end": 1620,
      "confidence": 1.0
    },
    {
      "id": 77,
      "text": "राहणीमान",
      "sentence": 18,
      "start": 1622,
      "end": 1629,
      "confidence": 1.0
    },
    {
      "id": 78,
      "text": "शिबिर",
      "sentence": 18,
      "start": 1631,
      "end": 1635,
      "confidence": 1.0
    },
    {
      "id": 79,
      "text": "कोल्हापूर",
      "sentence": 19,
      "start": 1686,
      "end": 1693,
      "confidence": 1.0
    },
    {
      "id": 80,
      "text": "विभागात",
      "sentence": 19,
      "start": 1704,
      "end": 1709,
      "confidence": 1.0
    },
    {
      "id": 81,
      "text": "कार्यकर्त्यांची",
      "sentence": 19,
      "start": 1733,
      "end": 1743,
      "confidence": 1.0
    },
    {
      "id": 82,
      "text": "भागाची",
      "sentence": 19,
      "start": 1796,
      "end": 1801,
      "confidence": 1.0
    },
    {
      "id": 83,
      "text": "शिबिर",
      "sentence": 20,
      "start": 1852,
      "end": 1856,
      "confidence": 1.0
    },
    {
      "id": 84,
      "text": "पेंडाखळे",
      "sentence": 20,
      "start": 1874,
      "end": 1881,
      "confidence": 1.0
    },
    {
      "id": 85,
      "text": "गावात",
      "sentence": 20,
      "start": 1909,
      "end": 1913,
      "confidence": 1.0
    },
    {
      "id": 86,
      "text": "शिबिर",
      "sentence": 20,
      "start": 1960,
      "end": 1964,
      "confidence": 1.0
    },
    {
      "id": 87,
      "text": "पेंडाखळेमध्ये",
      "sentence": 20,
      "start": 1966,
      "end": 1976,
      "confidence": 1.0
    },
    {
      "id": 88,
      "text": "तुम्ही",
      "sentence": 21,
      "start": 2037,
      "end": 2041,
      "confidence": 1.0
    },
    {
      "id": 89,
      "text": "तुमचा",
      "sentence": 21,
      "start": 2043,
      "end": 2047,
      "confidence": 1.0
    },
    {
      "id": 90,
      "text": "माझ्या",
      "sentence": 21,
      "start": 2053,
      "end": 2057,
      "confidence": 1.0
    },
    {
      "id": 91,
      "text": "दिवसापासून",
      "sentence": 21,
      "start": 2068,
      "end": 2076,
      "confidence": 1.0
    },
    {
      "id": 92,
      "text": "इमारत",
      "sentence": 22,
      "start": 2112,
      "end": 2116,
      "confidence": 1.0
    },
    {
      "id": 93,
      "text": "आधारावर",
      "sentence": 22,
      "start": 2118,
      "end": 2124,
      "confidence": 1.0
    },
    {
      "id": 94,
      "text": "अपार्टमेंट",
      "sentence": 22,
      "start": 2140,
      "end": 2148,
      "confidence": 1.0
    },
    {
      "id": 95,
      "text": "एसएमएस",
      "sentence": 23,
      "start": 2181,
      "end": 2186,
      "confidence": 1.0
    },
    {
      "id": 96,
      "text": "पत्रकार",
      "sentence": 24,
      "start": 2189,
      "end": 2194,
      "confidence": 1.0
    },
    {
      "id": 97,
      "text": "ती",
      "sentence": 24,
      "start": 2196,
      "end": 2197,
      "confidence": 1.0
    },
    {
      "id": 98,
      "text": "Saratov",
      "sentence": 24,
      "start": 2199,
      "end": 2205,
      "confidence": 1.0
    },
    {
      "id": 99,
      "text": "ती",
      "sentence": 24,
      "start": 2208,
      "end": 2209,
      "confidence": 1.0
    },
    {
      "id": 100,
      "text": "मालमत्ता",
      "sentence": 24,
      "start": 2211,
      "end": 2216,
      "confidence": 1.0
    },
    {
      "id": 101,
      "text": "व्यवसाय",
      "sentence": 24,
      "start": 2233,
      "end": 2238,
      "confidence": 1.0
    },
    {
      "id": 102,
      "text": "सामना",
      "sentence": 25,
      "start": 2285,
      "end": 2288,
      "confidence": 1.0
    },
    {
      "id": 103,
      "text": "हरिवंश",
      "sentence": 25,
      "start": 2307,
      "end": 2313,
      "confidence": 1.0
    },
    {
      "id": 104,
      "text": "स्टेडियममध्ये",
      "sentence": 25,
      "start": 2320,
      "end": 2330,
      "confidence": 1.0
    },
    {
      "id": 105,
      "text": "यांचे",
      "sentence": 26,
      "start": 2370,
      "end": 2374,
      "confidence": 1.0
    },
    {
      "id": 106,
      "text": "व्यंगचित्रकार",
      "sentence": 26,
      "start": 2392,
      "end": 2402,
      "confidence": 1.0
    },
    {
      "id": 107,
      "text": "त्यांनी",
      "sentence": 26,
      "start": 2411,
      "end": 2416,
      "confidence": 1.0
    },
    {
      "id": 108,
      "text": "पात्रे",
      "sentence": 26,
      "start": 2438,
      "end": 2443,
      "confidence": 1.0
    },
    {
      "id": 109,
      "text": "त्यांना",
      "sentence": 26,
      "start": 2450,
      "end": 2455,
      "confidence": 1.0
    },
    {
      "id": 110,
      "text": "लक्ष्य",
      "sentence": 26,
      "start": 2462,
      "end": 2466,
      "confidence": 1.0
    }
  ],
  "clusters": [
    [
      0,
      1
    ],
    [
      2,
      3
    ],
    [
      12,
      13,
      14
    ],
    [
      8,
      51,
      88
    ],
    [
      23,
      24,
      25
    ],
    [
      28,
      29
    ],
    [
      34,
      35
    ],
    [
      39,
      109
    ],
    [
      42,
      55,
      69
    ],
    [
      43,
      76
    ],
    [
      58,
      59,
      60,
      64
    ],
    [
      77,
      85
    ],
    [
      82,
      83,
      86,
      87
    ],
    [
      98,
      105
    ],
    [
      99,
      106
    ],
    [
      101,
      102
    ],
    [
      96,
      108
    ],
    [
      19,
      103
    ]
  ]
}