{
  "document_id": "document_17",
  "sentences": [
    "30 डिसेंबरला होणाऱ्या शपथविधी सोहळ्याची विधानभवनात जोरदार तयारी सुरू",
    "जर सरकार कोणत्याही कारणामुळे पुढील आर्थिक वर्षाच्या सुरुवातीस बजेट सादर करू शकली नाही तर पुढील पूर्ण बजेट सादर करण्यापर्यंत खर्चासाठी त्यांना संसदेकडून परवानगी घ्यावी लागेल.",
    "अनेक भाविकांनी केले धर्मशास्त्रानुसार वहात्या पाण्यात विसर्जन !",
    "‘नवीन बस स्थानकासमोरील सिग्नलचे दिवे चोरीला गेलेत की काढून ठेवलेत, याची माहिती घेतो.",
    "आपण सगळेच बदललो.",
    "आपलं जगणं बदललं.",
    "श्रद्धेच्या शुचितेच्या, प्रामाणिकपणाच्या व्याख्याही बदलल्या आणि मग आपले गणपतीही बदलले त्यात नवल ते काय?",
    "आपलं खाजगी जगणं उत्सवात प्रतिबिंबीत होतं, ते असं..प्रत्याक्षात काही करण्यापेक्षा केल्यासारखं करणं आणि त्याच्या कैकपटीने त्याचं मार्केटींग करणं महत्वाचं ठरू लागलं.",
    "सर्वच मंडळं सामाजिक कार्यात मदत करतात, भाग घेतात परंतू त्याची जाहिरात मात्र मोठी करतात.",
    "खरं तर उजव्या हाताने केलेलं डाव्या हातालाही कळू नये असं आपली संस्कृती सांगते.",
    "आता डावा हातच काय, पायाच्या नखापर्यंत ती बातमी कशी जाईल हे पाहिलं जातं.",
    "हा संवाद चार पिढ्यांबरोबर सुरू आहे.",
    "स्वंचलीत दरवाजे खराब, डिजिटल फलक झाले बंद",
    "हे म्हणतांना वाकून जमिनीला स्पर्श करून थोडा वेळ अंथरूणात स्वस्थ बसतो.",
    "नंतर अंथरूणाबाहेर येऊन चालू लागतो.",
    "या सर्व छोटया छोटया क्रिया आपल्या कानातील तोल राखणार्‍या यंत्रणेस मदत करतात.",
    "नपेक्षा अंथरूणाबाहेर पडून एकदम चालू लागल्यास तोल जाऊन पडण्याचा संभव असतो.",
    "याव्यतिरिक्त, फळ अशा पोटॅशियम, मॅग्नेशियम, जस्त, लोह, तांबे, मॅंगनीज, मॅग्नेशियम, आणि मौल म्हणून घटक समाविष्ट आहे.",
    "पुढील वर्ग या भागात (प्रसंगोपात, 2 वेळा आठवड्यातून चालते पाहिजे, जे - हे उत्तम शारीरिक आकार शरीरात ठेवणे आवश्यक किमान आहे), आपण (समस्या भागात) एक स्नायू गट कार्य करू शकतो, आणि 2 व्यायाम सुरू करू शकता तपशील सर्व स्नायू गट.",
    "यावर्षी 'गुरू' चित्रपटामुळे तिला यश मिळाले तर प्रोव्होक्ड' मुळे तिच्या अभिनयाची प्रशंसा झाली.",
    "13 मे, रविवार",
    "प्रत्येक नवी मुंबईकर नागरिकानेही आपल्या परीने केरळमधील आपदग्रस्तांना जमेल, त्या स्वरूपात आर्थिक अथवा वस्तुरूपात मदत करावी, असे आवाहनही महापौर जयवंत सुतार यांनी केले.",
    "स‌काळ‌चा नाष्टा आद‌ल्या रात्रीची उर‌लेली च‌पाती भाजी किंवा आम‌टी.",
    "रिलायन्स ओदिशात 3 हजार कोटींची नवीन गुंतवणूक करणार",
    "आदिवासी समाजाकडे दुर्लक्ष",
    "विशेषत: अशा मूलगामी.",
    "कंपनीच्या मनुष्यबळामध्ये गेल्या तिमाहीत २,०१७ कर्मचा-यांची वृद्धी झाली.",
    "एकदा आलू पराठ्याच्या नावाखाली काहीसं खात असताना लोणच्याची आठवण झाली.",
    "मात्र हिंदुस्थानात तशी तरतूद नाही, त्यामुळे असे कॉल करणाऱ्या व्यक्तींवर कारवाई करता येत नाही.",
    "जी मला चढ़ली नाही.",
    "त्यानंतर हा छोटा सट्टेबाज मोठया सट्टेबाजांकडे याची माहिती देतो.",
    "दरम्यान राज्याचे सामाजिक न्याय मंत्री तथा बीडचे पालकमंत्री धनंजय मुंडे यांच्या ही बाब लक्षात येताच त्यांनी तात्काळ समाज कल्याण विभागामार्फत ‘दिव्यांग बीज भांडवल योजना अंतर्गत 1.5 लक्ष रुपये स्वयंरोजगारासाठी अर्थ सहाय, जिल्हा परिषदेच्या दिव्यांग कल्याण निधीतून शेष 5%, बस पास, यु."
  ],
  "mentions": [
    {
      "id": 0,
      "text": "सोहळ्याची",
      "sentence": 0,
      "start": 18,
      "end": 25,
      "confidence": 1.0
    },
    {
      "id": 1,
      "text": "विधानभवनात",
      "sentence": 0,
      "start": 26,
      "end": 36,
      "confidence": 1.0
    },
    {
      "id": 2,
      "text": "तयारी",
      "sentence": 0,
      "start": 44,
      "end": 49,
      "confidence": 1.0
    },
    {
      "id": 3,
      "text": "सरकार",
      "sentence": 1,
      "start": 65,
      "end": 70,
      "confidence": 1.0
    },
    {
      "id": 4,
      "text": "कारणामुळे",
      "sentence": 1,
      "start": 80,
      "end": 88,
      "confidence": 1.0
    },
    {
      "id": 5,
      "text": "वर्षाच्या",
      "sentence": 1,
      "start": 101,
      "end": 108,
      "confidence": 1.0
    },
    {
      "id": 6,
      "text": "बजेट",
      "sentence": 1,
      "start": 118,
      "end": 122,
      "confidence": 1.0
    },
    {
      "id": 7,
      "text": "बजेट",
      "sentence": 1,
      "start": 152,
      "end": 156,
      "confidence": 1.0
    },
    {
      "id": 8,
      "text": "खर्चासाठी",
      "sentence": 1,
      "start": 173,
      "end": 181,
      "confidence": 1.0
    },
    {
      "id": 9,
      "text": "त्यांना",
      "sentence": 1,
      "start": 182,
      "end": 187,
      "confidence": 1.0
    },
    {
      "id": 10,
      "text": "संसदेकडून",
      "sentence": 1,
      "start": 188,
      "end": 196,
      "confidence": 1.0
    },
    {
      "id": 11,
      "text": "परवानगी",
      "sentence": 1,
      "start": 197,
      "end": 204,
      "confidence": 1.0
    },
    {
      "id": 12,
      "text": "भाविकांनी",
      "sentence": 2,
      "start": 217,
      "end": 225,
      "confidence": 1.0
    },
    {
      "id": 13,
      "text": "धर्मशास्त्रानुसार",
      "sentence": 2,
      "start": 232,
      "end": 246,
      "confidence": 1.0
    },
    {
      "id": 14,
      "text": "पाण्यात",
      "sentence": 2,
      "start": 253,
      "end": 259,
      "confidence": 1.0
    },
    {
      "id": 15,
      "text": "विसर्जन",
      "sentence": 2,
      "start": 260,
      "end": 266,
      "confidence": 1.0
    },
    {
      "id": 16,
      "text": "सिग्नलचे",
      "sentence": 3,
      "start": 293,
      "end": 301,
      "confidence": 1.0
    },
    {
      "id": 17,
      "text": "दिवे",
      "sentence": 3,
      "start": 302,
      "end": 305,
      "confidence": 1.0
    },
    {
      "id": 18,
      "text": "माहिती",
      "sentence": 3,
      "start": 333,
      "end": 338,
      "confidence": 1.0
    },
    {
      "id": 19,
      "text": "आपण",
      "sentence": 4,
      "start": 346,
      "end": 349,
      "confidence": 1.0
    },
    {
      "id": 20,
      "text": "आपलं",
      "sentence": 5,
      "start": 363,
      "end": 367,
      "confidence": 1.0
    },
    {
      "id": 21,
      "text": "जगणं",
      "sentence": 5,
      "start": 368,
      "end": 372,
      "confidence": 1.0
    },
    {
      "id": 22,
      "text": "व्याख्याही",
      "sentence": 6,
      "start": 412,
      "end": 419,
      "confidence": 1.0
    },
    {
      "id": 23,
      "text": "आपले",
      "sentence": 6,
      "start": 434,
      "end": 438,
      "confidence": 1.0
    },
    {
      "id": 24,
      "text": "गणपतीही",
      "sentence": 6,
      "start": 439,
      "end": 445,
      "confidence": 1.0
    },
    {
      "id": 25,
      "text": "आपलं",
      "sentence": 7,
      "start": 467,
      "end": 471,
      "confidence": 1.0
    },
    {
      "id": 26,
      "text": "जगणं",
      "sentence": 7,
      "start": 478,
      "end": 482,
      "confidence": 1.0
    },
    {
      "id": 27,
      "text": "उत्सवात",
      "sentence": 7,
      "start": 483,
      "end": 489,
      "confidence": 1.0
    },
    {
      "id": 28,
      "text": "ते",
      "sentence": 7,
      "start": 504,
      "end": 506,
      "confidence": 1.0
    },
    {
      "id": 29,
      "text": "प्रत्याक्षात",
      "sentence": 7,
      "start": 512,
      "end": 521,
      "confidence": 1.0
    },
    {
      "id": 30,
      "text": "त्याच्या",
      "sentence": 7,
      "start": 555,
      "end": 560,
      "confidence": 1.0
    },
    {
      "id": 31,
      "text": "मार्केटींग",
      "sentence": 7,
      "start": 574,
      "end": 582,
      "confidence": 1.0
    },
    {
      "id": 32,
      "text": "मंडळं",
      "sentence": 8,
      "start": 607,
      "end": 611,
      "confidence": 1.0
    },
    {
      "id": 33,
      "text": "कार्यात",
      "sentence": 8,
      "start": 619,
      "end": 625,
      "confidence": 1.0
    },
    {
      "id": 34,
      "text": "त्याची",
      "sentence": 8,
      "start": 653,
      "end": 657,
      "confidence": 1.0
    },
    {
      "id": 35,
      "text": "जाहिरात",
      "sentence": 8,
      "start": 658,
      "end": 664,
      "confidence": 1.0
    },
    {
      "id": 36,
      "text": "हाताने",
      "sentence": 9,
      "start": 682,
      "end": 687,
      "confidence": 1.0
    },
    {
      "id": 37,
      "text": "हातालाही",
      "sentence": 9,
      "start": 700,
      "end": 707,
      "confidence": 1.0
    },
    {
      "id": 38,
      "text": "संस्कृती",
      "sentence": 9,
      "start": 726,
      "end": 732,
      "confidence": 1.0
    },
    {
      "id": 39,
      "text": "पायाच्या",
      "sentence": 10,
      "start": 753,
      "end": 759,
      "confidence": 1.0
    },
    {
      "id": 40,
      "text": "ती",
      "sentence": 10,
      "start": 769,
      "end": 771,
      "confidence": 1.0
    },
    {
      "id": 41,
      "text": "बातमी",
      "sentence": 10,
      "start": 772,
      "end": 777,
      "confidence": 1.0
    },
    {
      "id": 42,
      "text": "संवाद",
      "sentence": 11,
      "start": 788,
      "end": 792,
      "confidence": 1.0
    },
    {
      "id": 43,
      "text": "पिढ्यांबरोबर",
      "sentence": 11,
      "start": 798,
      "end": 808,
      "confidence": 1.0
    },
    {
      "id": 44,
      "text": "दरवाजे",
      "sentence": 12,
      "start": 822,
      "end": 828,
      "confidence": 1.0
    },
    {
      "id": 45,
      "text": "जमिनीला",
      "sentence": 13,
      "start": 866,
      "end": 872,
      "confidence": 1.0
    },
    {
      "id": 46,
      "text": "अंथरूणात",
      "sentence": 13,
      "start": 891,
      "end": 898,
      "confidence": 1.0
    },
    {
      "id": 47,
      "text": "क्रिया",
      "sentence": 15,
      "start": 953,
      "end": 957,
      "confidence": 1.0
    },
    {
      "id": 48,
      "text": "आपल्या",
      "sentence": 15,
      "start": 958,
      "end": 963,
      "confidence": 1.0
    },
    {
      "id": 49,
      "text": "यंत्रणेस",
      "sentence": 15,
      "start": 983,
      "end": 989,
      "confidence": 1.0
    },
    {
      "id": 50,
      "text": "संभव",
      "sentence": 16,
      "start": 1052,
      "end": 1056,
      "confidence": 1.0
    },
    {
      "id": 51,
      "text": "पोटॅशियम",
      "sentence": 17,
      "start": 1082,
      "end": 1090,
      "confidence": 1.0
    },
    {
      "id": 52,
      "text": "मॅग्नेशियम",
      "sentence": 17,
      "start": 1092,
      "end": 1101,
      "confidence": 1.0
    },
    {
      "id": 53,
      "text": "जस्त",
      "sentence": 17,
      "start": 1103,
      "end": 1106,
      "confidence": 1.0
    },
    {
      "id": 54,
      "text": "तांबे",
      "sentence": 17,
      "start": 1113,
      "end": 1116,
      "confidence": 1.0
    },
    {
      "id": 55,
      "text": "मॅंगनीज",
      "sentence": 17,
      "start": 1118,
      "end": 1124,
      "confidence": 1.0
    },
    {
      "id": 56,
      "text": "मॅग्नेशियम",
      "sentence": 17,
      "start": 1126,
      "end": 1135,
      "confidence": 1.0
    },
    {
      "id": 57,
      "text": "वर्ग",
      "sentence": 18,
      "start": 1166,
      "end": 1169,
      "confidence": 1.0
    },
    {
      "id": 58,
      "text": "भागात",
      "sentence": 18,
      "start": 1173,
      "end": 1178,
      "confidence": 1.0
    },
    {
      "id": 59,
      "text": "वेळा",
      "sentence": 18,
      "start": 1190,
      "end": 1193,
      "confidence": 1.0
    },
    {
      "id": 60,
      "text": "शरीरात",
      "sentence": 18,
      "start": 1247,
      "end": 1252,
      "confidence": 1.0
    },
    {
      "id": 61,
      "text": "आपण",
      "sentence": 18,
      "start": 1273,
      "end": 1276,
      "confidence": 1.0
    },
    {
      "id": 62,
      "text": "भागात",
      "sentence": 18,
      "start": 1283,
      "end": 1288,
      "confidence": 1.0
    },
    {
      "id": 63,
      "text": "स्नायू",
      "sentence": 18,
      "start": 1292,
      "end": 1296,
      "confidence": 1.0
    },
    {
      "id": 64,
      "text": "व्यायाम",
      "sentence": 18,
      "start": 1318,
      "end": 1323,
      "confidence": 1.0
    },
    {
      "id": 65,
      "text": "तपशील",
      "sentence": 18,
      "start": 1330,
      "end": 1335,
      "confidence": 1.0
    },
    {
      "id": 66,
      "text": "स्नायू",
      "sentence": 18,
      "start": 1339,
      "end": 1343,
      "confidence": 1.0
    },
    {
      "id": 67,
      "text": "गुरू",
      "sentence": 19,
      "start": 1362,
      "end": 1365,
      "confidence": 1.0
    },
    {
      "id": 68,
      "text": "चित्रपटामुळे",
      "sentence": 19,
      "start": 1368,
      "end": 1377,
      "confidence": 1.0
    },
    {
      "id": 69,
      "text": "तिला",
      "sentence": 19,
      "start": 1378,
      "end": 1381,
      "confidence": 1.0
    },
    {
      "id": 70,
      "text": "प्रोव्होक्ड",
      "sentence": 19,
      "start": 1397,
      "end": 1405,
      "confidence": 1.0
    },
    {
      "id": 71,
      "text": "तिच्या",
      "sentence": 19,
      "start": 1410,
      "end": 1414,
      "confidence": 1.0
    },
    {
      "id": 72,
      "text": "अभिनयाची",
      "sentence": 19,
      "start": 1415,
      "end": 1422,
      "confidence": 1.0
    },
    {
      "id": 73,
      "text": "प्रशंसा",
      "sentence": 19,
      "start": 1423,
      "end": 1428,
      "confidence": 1.0
    },
    {
      "id": 74,
      "text": "रविवार",
      "sentence": 20,
      "start": 1438,
      "end": 1443,
      "confidence": 1.0
    },
    {
      "id": 75,
      "text": "नागरिकानेही",
      "sentence": 21,
      "start": 1459,
      "end": 1468,
      "confidence": 1.0
    },
    {
      "id": 76,
      "text": "आपल्या",
      "sentence": 21,
      "start": 1469,
      "end": 1474,
      "confidence": 1.0
    },
    {
      "id": 77,
      "text": "परीने",
      "sentence": 21,
      "start": 1475,
      "end": 1479,
      "confidence": 1.0
    },
    {
      "id": 78,
      "text": "आपदग्रस्तांना",
      "sentence": 21,
      "start": 1489,
      "end": 1499,
      "confidence": 1.0
    },
    {
      "id": 79,
      "text": "स्वरूपात",
      "sentence": 21,
      "start": 1508,
      "end": 1515,
      "confidence": 1.0
    },
    {
      "id": 80,
      "text": "आवाहनही",
      "sentence": 21,
      "start": 1540,
      "end": 1547,
      "confidence": 1.0
    },
    {
      "id": 81,
      "text": "महापौर",
      "sentence": 21,
      "start": 1548,
      "end": 1553,
      "confidence": 1.0
    },
    {
      "id": 82,
      "text": "जयवंत",
      "sentence": 21,
      "start": 1554,
      "end": 1559,
      "confidence": 1.0
    },
    {
      "id": 83,
      "text": "सुतार",
      "sentence": 21,
      "start": 1560,
      "end": 1564,
      "confidence": 1.0
    },
    {
      "id": 84,
      "text": "त्यांनी",
      "sentence": 21,
      "start": 1565,
      "end": 1570,
      "confidence": 1.0
    },
    {
      "id": 85,
      "text": "नाष्टा",
      "sentence": 22,
      "start": 1582,
      "end": 1586,
      "confidence": 1.0
    },
    {
      "id": 86,
      "text": "रात्रीची",
      "sentence": 22,
      "start": 1596,
      "end": 1602,
      "confidence": 1.0
    },
    {
      "id": 87,
      "text": "भाजी",
      "sentence": 22,
      "start": 1616,
      "end": 1619,
      "confidence": 1.0
    },
    {
      "id": 88,
      "text": "आम‌टी",
      "sentence": 22,
      "start": 1627,
      "end": 1631,
      "confidence": 1.0
    },
    {
      "id": 89,
      "text": "रिलायन्स",
      "sentence": 23,
      "start": 1637,
      "end": 1644,
      "confidence": 1.0
    },
    {
      "id": 90,
      "text": "ओदिशात",
      "sentence": 23,
      "start": 1645,
      "end": 1651,
      "confidence": 1.0
    },
    {
      "id": 91,
      "text": "गुंतवणूक",
      "sentence": 23,
      "start": 1672,
      "end": 1679,
      "confidence": 1.0
    },
    {
      "id": 92,
      "text": "समाजाकडे",
      "sentence": 24,
      "start": 1689,
      "end": 1696,
      "confidence": 1.0
    },
    {
      "id": 93,
      "text": "दुर्लक्ष",
      "sentence": 24,
      "start": 1697,
      "end": 1703,
      "confidence": 1.0
    },
    {
      "id": 94,
      "text": "मनुष्यबळामध्ये",
      "sentence": 26,
      "start": 1733,
      "end": 1744,
      "confidence": 1.0
    },
    {
      "id": 95,
      "text": "कर्मचा-यांची",
      "sentence": 26,
      "start": 1768,
      "end": 1778,
      "confidence": 1.0
    },
    {
      "id": 96,
      "text": "वृद्धी",
      "sentence": 26,
      "start": 1779,
      "end": 1783,
      "confidence": 1.0
    },
    {
      "id": 97,
      "text": "पराठ्याच्या",
      "sentence": 27,
      "start": 1795,
      "end": 1804,
      "confidence": 1.0
    },
    {
      "id": 98,
      "text": "नावाखाली",
      "sentence": 27,
      "start": 1805,
      "end": 1812,
      "confidence": 1.0
    },
    {
      "id": 99,
      "text": "लोणच्याची",
      "sentence": 27,
      "start": 1830,
      "end": 1838,
      "confidence": 1.0
    },
    {
      "id": 100,
      "text": "आठवण",
      "sentence": 27,
      "start": 1839,
      "end": 1844,
      "confidence": 1.0
    },
    {
      "id": 101,
      "text": "हिंदुस्थानात",
      "sentence": 28,
      "start": 1852,
      "end": 1861,
      "confidence": 1.0
    },
    {
      "id": 102,
      "text": "तरतूद",
      "sentence": 28,
      "start": 1866,
      "end": 1871,
      "confidence": 1.0
    },
    {
      "id": 103,
      "text": "व्यक्तींवर",
      "sentence": 28,
      "start": 1899,
      "end": 1906,
      "confidence": 1.0
    },
    {
      "id": 104,
      "text": "मला",
      "sentence": 29,
      "start": 1920,
      "end": 1923,
      "confidence": 1.0
    },
    {
      "id": 105,
      "text": "सट्टेबाज",
      "sentence": 30,
      "start": 1941,
      "end": 1947,
      "confidence": 1.0
    },
    {
      "id": 106,
      "text": "याची",
      "sentence": 30,
      "start": 1967,
      "end": 1970,
      "confidence": 1.0
    },
    {
      "id": 107,
      "text": "माहिती",
      "sentence": 30,
      "start": 1971,
      "end": 1976,
      "confidence": 1.0
    },
    {
      "id": 108,
      "text": "राज्याचे",
      "sentence": 31,
      "start": 1986,
      "end": 1992,
      "confidence": 1.0
    },
    {
      "id": 109,
      "text": "न्याय",
      "sentence": 31,
      "start": 2000,
      "end": 2003,
      "confidence": 1.0
    },
    {
      "id": 110,
      "text": "मंत्री",
      "sentence": 31,
      "start": 2004,
      "end": 2008,
      "confidence": 1.0
    },
    {
      "id": 111,
      "text": "पालकमंत्री",
      "sentence": 31,
      "start": 2019,
      "end": 2027,
      "confidence": 1.0
    },
    {
      "id": 112,
      "text": "धनंजय",
      "sentence": 31,
      "start": 2028,
      "end": 2034,
      "confidence": 1.0
    },
    {
      "id": 113,
      "text": "मुंडे",
      "sentence": 31,
      "start": 2035,
      "end": 2039,
      "confidence": 1.0
    },
    {
      "id": 114,
      "text": "त्यांच्या",
      "sentence": 31,
      "start": 2040,
      "end": 2046,
      "confidence": 1.0
    },
    {
      "id": 115,
      "text": "त्यांनी",
      "sentence": 31,
      "start": 2062,
      "end": 2067,
      "confidence": 1.0
    },
    {
      "id": 116,
      "text": "समाज",
      "sentence": 31,
      "start": 2074,
      "end": 2078,
      "confidence": 1.0
    },
    {
      "id": 117,
      "text": "विभागामार्फत",
      "sentence": 31,
      "start": 2085,
      "end": 2095,
      "confidence": 1.0
    },
    {
      "id": 118,
      "text": "दिव्यांग",
      "sentence": 31,
      "start": 2098,
      "end": 2104,
      "confidence": 1.0
    },
    {
      "id": 119,
      "text": "भांडवल",
      "sentence": 31,
      "start": 2108,
      "end": 2113,
      "confidence": 1.0
    },
    {
      "id": 120,
      "text": "योजना",
      "sentence": 31,
      "start": 2114,
      "end": 2118,
      "confidence": 1.0
    },
    {
      "id": 121,
      "text": "रुपये",
      "sentence": 31,
      "start": 2130,
      "end": 2134,
      "confidence": 1.0
    },
    {
      "id": 122,
      "text": "अर्थ",
      "sentence": 31,
      "start": 2149,
      "end": 2152,
      "confidence": 1.0
    },
    {
      "id": 123,
      "text": "जिल्हा",
      "sentence": 31,
      "start": 2159,
      "end": 2163,
      "confidence": 1.0
    },
    {
      "id": 124,
      "text": "दिव्यांग",
      "sentence": 31,
      "start": 2173,
      "end": 2179,
      "confidence": 1.0
    },
    {
      "id": 125,
      "text": "निधीतून",
      "sentence": 31,
      "start": 2186,
      "end": 2192,
      "confidence": 1.0
    }
  ],
  "clusters": [
    [
      3,
      10
    ],
    [
      21,
      22,
      23,
      29,
      33,
      48,
      66,
      91
    ],
    [
      24,
      34
    ],
    [
      46,
      47,
      50
    ],
    [
      53,
      54
    ],
    [
      62,
      63,
      70
    ],
    [
      64,
      65
    ],
    [
      68,
      71
    ],
    [
      86,
      87
    ],
    [
      102,
      105
    ],
    [
      110,
      111
    ],
    [
      118,
      119,
      120,
      121
    ]
  ]
}