{
  "document_id": "document_195",
  "sentences": [
    "सिंग यांनी उद्घाटनाप्रसंगी व्यक्त केले.",
    "पीएमआरडीएने नोव्हेंबर-2016 मध्ये या गावांचे सर्वेक्षण केले होते.",
    "भावे-सुखथनकर यांचा मन आणि भवताल (डॉ.",
    "या निर्णयामुळे जिल्ह्याच्या इतिहासात प्रथमच मार्चमध्ये शाळा सकाळी भरणार आहेत.",
    "जिल्हा परिषदेच्या शिक्षण समितीची सभा विवेक वळसे पाटील यांच्या अध्यक्षतेखाली भीमाशंकर सहकारी साखर कारखान्याच्या सभागृहात पार पडली.",
    "शिक्षक संघटनांनी 1 मार्चची मागणी लावून धरली होती.",
    "माजी केंद्रीय कृषीमंत्री",
    "सुरगाणा मतदारसंघातून माजी खासदार हरिश्चंद्र चव्हाण, त्यांची पत्नी आणि मुलगा असं तिघेही विधानसभेसाठी इच्छुक आहेत.",
    "टीव्हीवर चिमुकली तान्ही भानू चमकली बघा!",
    "पोलिसांच्या प्रस्तावानंतर आली जाग!",
    "डोपिंग प्रकरणामुळे रशियावर बंदी घातली असल्याने रशियन ऍथलेट्सना आंतरराष्ट्रीय स्पर्धांत सहभागी होणे मुष्किल झाले आहे.",
    "द्वेषयुक्त tumors शस्त्रक्रिया उपचार स्तन ग्रंथी, कोलन आणि लघुश्वासनलिका मध्ये नंतर.",
    "ते अद्याप संसदेत सादर करण्यात आलेले नाहीत.",
    "नागपूर पोलीस या प्रकरणाचा तपास करत आहेत.",
    "दाट धुक्यामुळे अनेक T्रेन आणि विमान उड्डाणे उशिराने होत आहेत.",
    "\"लोकसभा निवडणुकीच्या आधीपासून पश्चिम महाराष्ट्र भाजपचं लक्ष्य होतं.",
    "एक फेरफटका डेस्क.",
    "यावर पुढील कारवाईसाठी वाळूने भरलेला ट्रॅक्टर तहसील कार्यालयातील कर्मचारी संदीप माळोदे हे कातवी गावातील इंडीयण ऑइल पेट्रोल पंपासमोरील रस्त्यावरुन नेत होते.",
    "टोजो जपानचा इंपेरियल जपानी सेनेचा जनरल व दुसर्‍या महायुद्धाच्या काळात जपानचा पंतप्रधान होता.",
    "मोदी हे व्यक्तीगत स्वरूपात भ्रष्टाचारी आहेत असा आरोपही त्यांनी केला.",
    "पण नदीच्या 10 किलोमीटर शांत होते.",
    "प्रमाणपत्र डेटा करून, जास्तीत जास्त गती प्रति तासापेक्षा अधिक 165 कि नाही.",
    "कर्णधार फैजल फजलच्या नेतृत्वाखाली खेळणाऱ्या विदर्भाच्या संघाने सौराष्ट्रचा ७८ धावांनी पराभव केला.",
    "‘सीएए व ‘एनआरसी’ ला पाठिंबा देणारे मिसकॉल अभियान राबविण्याऐवजी त्यांनी सरकारी तिजोरीतील तूट भरून काढण्यासाठी देणग्यांचे आवाहन करायला हवे होते.",
    "मात्र, आता येत्या तीन वर्षात मला मतदारसंघात चांगले काम करता येईल, असे सिद्धेश्वर यांनी राजीनामा दिल्यानंतर सांगितले.",
    "पतीला चाळणीतून पाहिल्याशिवाय उपवास सुटणार नाही असा रिवाज आहे."
  ],
  "mentions": [
    {
      "id": 0,
      "text": "सिंग",
      "sentence": 0,
      "start": 0,
      "end": 4,
      "confidence": 1.0
    },
    {
      "id": 1,
      "text": "यांनी",
      "sentence": 0,
      "start": 5,
      "end": 9,
      "confidence": 1.0
    },
    {
      "id": 2,
      "text": "पीएमआरडीए",
      "sentence": 1,
      "start": 39,
      "end": 46,
      "confidence": 1.0
    },
    {
      "id": 3,
      "text": "भावे-सुखथनकर",
      "sentence": 2,
      "start": 105,
      "end": 119,
      "confidence": 1.0
    },
    {
      "id": 4,
      "text": "भवताल",
      "sentence": 2,
      "start": 135,
      "end": 141,
      "confidence": 1.0
    },
    {
      "id": 5,
      "text": "निर्णय",
      "sentence": 3,
      "start": 150,
      "end": 154,
      "confidence": 1.0
    },
    {
      "id": 6,
      "text": "जिल्हा",
      "sentence": 3,
      "start": 159,
      "end": 164,
      "confidence": 1.0
    },
    {
      "id": 7,
      "text": "इतिहास",
      "sentence": 3,
      "start": 168,
      "end": 172,
      "confidence": 1.0
    },
    {
      "id": 8,
      "text": "मार्च",
      "sentence": 3,
      "start": 183,
      "end": 187,
      "confidence": 1.0
    },
    {
      "id": 9,
      "text": "शाळा",
      "sentence": 3,
      "start": 191,
      "end": 195,
      "confidence": 1.0
    },
    {
      "id": 10,
      "text": "जिल्हा",
      "sentence": 4,
      "start": 218,
      "end": 223,
      "confidence": 1.0
    },
    {
      "id": 11,
      "text": "परिषद",
      "sentence": 4,
      "start": 224,
      "end": 229,
      "confidence": 1.0
    },
    {
      "id": 12,
      "text": "शिक्षण",
      "sentence": 4,
      "start": 233,
      "end": 237,
      "confidence": 1.0
    },
    {
      "id": 13,
      "text": "विवेक",
      "sentence": 4,
      "start": 248,
      "end": 252,
      "confidence": 1.0
    },
    {
      "id": 14,
      "text": "पाटील",
      "sentence": 4,
      "start": 258,
      "end": 262,
      "confidence": 1.0
    },
    {
      "id": 15,
      "text": "अध्यक्षता",
      "sentence": 4,
      "start": 268,
      "end": 274,
      "confidence": 1.0
    },
    {
      "id": 16,
      "text": "भीमाशंकर",
      "sentence": 4,
      "start": 278,
      "end": 286,
      "confidence": 1.0
    },
    {
      "id": 17,
      "text": "सहकारी",
      "sentence": 4,
      "start": 287,
      "end": 292,
      "confidence": 1.0
    },
    {
      "id": 18,
      "text": "साखर",
      "sentence": 4,
      "start": 293,
      "end": 297,
      "confidence": 1.0
    },
    {
      "id": 19,
      "text": "कारखाना",
      "sentence": 4,
      "start": 298,
      "end": 304,
      "confidence": 1.0
    },
    {
      "id": 20,
      "text": "सभागृह",
      "sentence": 4,
      "start": 309,
      "end": 314,
      "confidence": 1.0
    },
    {
      "id": 21,
      "text": "शिक्षक",
      "sentence": 5,
      "start": 329,
      "end": 333,
      "confidence": 1.0
    },
    {
      "id": 22,
      "text": "संघटना",
      "sentence": 5,
      "start": 334,
      "end": 339,
      "confidence": 1.0
    },
    {
      "id": 23,
      "text": "मार्च",
      "sentence": 5,
      "start": 344,
      "end": 348,
      "confidence": 1.0
    },
    {
      "id": 24,
      "text": "मागणी",
      "sentence": 5,
      "start": 352,
      "end": 356,
      "confidence": 1.0
    },
    {
      "id": 25,
      "text": "कृषीमंत्री",
      "sentence": 6,
      "start": 372,
      "end": 379,
      "confidence": 1.0
    },
    {
      "id": 26,
      "text": "सुरगाणा",
      "sentence": 7,
      "start": 381,
      "end": 387,
      "confidence": 1.0
    },
    {
      "id": 27,
      "text": "मतदारसंघ",
      "sentence": 7,
      "start": 388,
      "end": 395,
      "confidence": 1.0
    },
    {
      "id": 28,
      "text": "खासदार",
      "sentence": 7,
      "start": 404,
      "end": 409,
      "confidence": 1.0
    },
    {
      "id": 29,
      "text": "हरिश्चंद्र",
      "sentence": 7,
      "start": 410,
      "end": 419,
      "confidence": 1.0
    },
    {
      "id": 30,
      "text": "चव्हाण",
      "sentence": 7,
      "start": 420,
      "end": 425,
      "confidence": 1.0
    },
    {
      "id": 31,
      "text": "त्यांची",
      "sentence": 7,
      "start": 427,
      "end": 432,
      "confidence": 1.0
    },
    {
      "id": 32,
      "text": "पत्नी",
      "sentence": 7,
      "start": 433,
      "end": 436,
      "confidence": 1.0
    },
    {
      "id": 33,
      "text": "मुलगा",
      "sentence": 7,
      "start": 441,
      "end": 445,
      "confidence": 1.0
    },
    {
      "id": 34,
      "text": "तिघेही",
      "sentence": 7,
      "start": 450,
      "end": 455,
      "confidence": 1.0
    },
    {
      "id": 35,
      "text": "टीव्ही",
      "sentence": 8,
      "start": 476,
      "end": 479,
      "confidence": 1.0
    },
    {
      "id": 36,
      "text": "भानू",
      "sentence": 8,
      "start": 497,
      "end": 501,
      "confidence": 1.0
    },
    {
      "id": 37,
      "text": "पोलीस",
      "sentence": 9,
      "start": 510,
      "end": 514,
      "confidence": 1.0
    },
    {
      "id": 38,
      "text": "प्रस्ताव",
      "sentence": 9,
      "start": 519,
      "end": 524,
      "confidence": 1.0
    },
    {
      "id": 39,
      "text": "डोपिंग",
      "sentence": 10,
      "start": 541,
      "end": 547,
      "confidence": 1.0
    },
    {
      "id": 40,
      "text": "प्रकरण",
      "sentence": 10,
      "start": 548,
      "end": 552,
      "confidence": 1.0
    },
    {
      "id": 41,
      "text": "रशिया",
      "sentence": 10,
      "start": 557,
      "end": 561,
      "confidence": 1.0
    },
    {
      "id": 42,
      "text": "बंदी",
      "sentence": 10,
      "start": 564,
      "end": 567,
      "confidence": 1.0
    },
    {
      "id": 43,
      "text": "रशियन",
      "sentence": 10,
      "start": 582,
      "end": 587,
      "confidence": 1.0
    },
    {
      "id": 44,
      "text": "ऍथलेट्स",
      "sentence": 10,
      "start": 588,
      "end": 594,
      "confidence": 1.0
    },
    {
      "id": 45,
      "text": "स्पर्धा",
      "sentence": 10,
      "start": 608,
      "end": 612,
      "confidence": 1.0
    },
    {
      "id": 46,
      "text": "tumors",
      "sentence": 11,
      "start": 646,
      "end": 652,
      "confidence": 1.0
    },
    {
      "id": 47,
      "text": "शस्त्रक्रिया",
      "sentence": 11,
      "start": 653,
      "end": 660,
      "confidence": 1.0
    },
    {
      "id": 48,
      "text": "उपचार",
      "sentence": 11,
      "start": 661,
      "end": 665,
      "confidence": 1.0
    },
    {
      "id": 49,
      "text": "स्तन",
      "sentence": 11,
      "start": 666,
      "end": 669,
      "confidence": 1.0
    },
    {
      "id": 50,
      "text": "ग्रंथी",
      "sentence": 11,
      "start": 670,
      "end": 674,
      "confidence": 1.0
    },
    {
      "id": 51,
      "text": "कोलन",
      "sentence": 11,
      "start": 677,
      "end": 681,
      "confidence": 1.0
    },
    {
      "id": 52,
      "text": "लघुश्वासनलिका",
      "sentence": 11,
      "start": 685,
      "end": 695,
      "confidence": 1.0
    },
    {
      "id": 53,
      "text": "ते",
      "sentence": 12,
      "start": 703,
      "end": 705,
      "confidence": 1.0
    },
    {
      "id": 54,
      "text": "संसद",
      "sentence": 12,
      "start": 711,
      "end": 714,
      "confidence": 1.0
    },
    {
      "id": 55,
      "text": "पोलीस",
      "sentence": 13,
      "start": 749,
      "end": 753,
      "confidence": 1.0
    },
    {
      "id": 56,
      "text": "प्रकरण",
      "sentence": 13,
      "start": 757,
      "end": 761,
      "confidence": 1.0
    },
    {
      "id": 57,
      "text": "तपास",
      "sentence": 13,
      "start": 765,
      "end": 769,
      "confidence": 1.0
    },
    {
      "id": 58,
      "text": "धुके",
      "sentence": 14,
      "start": 779,
      "end": 782,
      "confidence": 1.0
    },
    {
      "id": 59,
      "text": "ट्रेन",
      "sentence": 14,
      "start": 790,
      "end": 793,
      "confidence": 1.0
    },
    {
      "id": 60,
      "text": "विमान",
      "sentence": 14,
      "start": 800,
      "end": 804,
      "confidence": 1.0
    },
    {
      "id": 61,
      "text": "उड्डाणे",
      "sentence": 14,
      "start": 805,
      "end": 809,
      "confidence": 1.0
    },
    {
      "id": 62,
      "text": "महाराष्ट्र",
      "sentence": 15,
      "start": 857,
      "end": 863,
      "confidence": 1.0
    },
    {
      "id": 63,
      "text": "भाजप",
      "sentence": 15,
      "start": 864,
      "end": 867,
      "confidence": 1.0
    },
    {
      "id": 64,
      "text": "लक्ष्य",
      "sentence": 15,
      "start": 871,
      "end": 875,
      "confidence": 1.0
    },
    {
      "id": 65,
      "text": "फेरफटका",
      "sentence": 16,
      "start": 887,
      "end": 893,
      "confidence": 1.0
    },
    {
      "id": 66,
      "text": "डेस्क",
      "sentence": 16,
      "start": 894,
      "end": 898,
      "confidence": 1.0
    },
    {
      "id": 67,
      "text": "वाळू",
      "sentence": 17,
      "start": 917,
      "end": 919,
      "confidence": 1.0
    },
    {
      "id": 68,
      "text": "ट्रॅक्टर",
      "sentence": 17,
      "start": 927,
      "end": 933,
      "confidence": 1.0
    },
    {
      "id": 69,
      "text": "तहसील",
      "sentence": 17,
      "start": 934,
      "end": 939,
      "confidence": 1.0
    },
    {
      "id": 70,
      "text": "कार्यालय",
      "sentence": 17,
      "start": 940,
      "end": 945,
      "confidence": 1.0
    },
    {
      "id": 71,
      "text": "कर्मचारी",
      "sentence": 17,
      "start": 950,
      "end": 956,
      "confidence": 1.0
    },
    {
      "id": 72,
      "text": "संदीप",
      "sentence": 17,
      "start": 957,
      "end": 961,
      "confidence": 1.0
    },
    {
      "id": 73,
      "text": "माळोदे",
      "sentence": 17,
      "start": 962,
      "end": 967,
      "confidence": 1.0
    },
    {
      "id": 74,
      "text": "कातवी",
      "sentence": 17,
      "start": 971,
      "end": 976,
      "confidence": 1.0
    },
    {
      "id": 75,
      "text": "इंडीयण",
      "sentence": 17,
      "start": 984,
      "end": 989,
      "confidence": 1.0
    },
    {
      "id": 76,
      "text": "पेट्रोल",
      "sentence": 17,
      "start": 994,
      "end": 999,
      "confidence": 1.0
    },
    {
      "id": 77,
      "text": "रस्ता",
      "sentence": 17,
      "start": 1010,
      "end": 1013,
      "confidence": 1.0
    },
    {
      "id": 78,
      "text": "टोजो",
      "sentence": 18,
      "start": 1029,
      "end": 1033,
      "confidence": 1.0
    },
    {
      "id": 79,
      "text": "जपान",
      "sentence": 18,
      "start": 1034,
      "end": 1037,
      "confidence": 1.0
    },
    {
      "id": 80,
      "text": "सेना",
      "sentence": 18,
      "start": 1055,
      "end": 1058,
      "confidence": 1.0
    },
    {
      "id": 81,
      "text": "जनरल",
      "sentence": 18,
      "start": 1061,
      "end": 1067,
      "confidence": 1.0
    },
    {
      "id": 82,
      "text": "महायुद्ध",
      "sentence": 18,
      "start": 1078,
      "end": 1084,
      "confidence": 1.0
    },
    {
      "id": 83,
      "text": "जपान",
      "sentence": 18,
      "start": 1093,
      "end": 1096,
      "confidence": 1.0
    },
    {
      "id": 84,
      "text": "पंतप्रधान",
      "sentence": 18,
      "start": 1099,
      "end": 1105,
      "confidence": 1.0
    },
    {
      "id": 85,
      "text": "मोदी",
      "sentence": 19,
      "start": 1108,
      "end": 1112,
      "confidence": 1.0
    },
    {
      "id": 86,
      "text": "स्वरूप",
      "sentence": 19,
      "start": 1123,
      "end": 1126,
      "confidence": 1.0
    },
    {
      "id": 87,
      "text": "आरोप",
      "sentence": 19,
      "start": 1143,
      "end": 1146,
      "confidence": 1.0
    },
    {
      "id": 88,
      "text": "त्यांनी",
      "sentence": 19,
      "start": 1149,
      "end": 1153,
      "confidence": 1.0
    },
    {
      "id": 89,
      "text": "प्रमाणपत्र",
      "sentence": 21,
      "start": 1180,
      "end": 1188,
      "confidence": 1.0
    },
    {
      "id": 90,
      "text": "डेटा",
      "sentence": 21,
      "start": 1189,
      "end": 1193,
      "confidence": 1.0
    },
    {
      "id": 91,
      "text": "कर्णधार",
      "sentence": 22,
      "start": 1238,
      "end": 1244,
      "confidence": 1.0
    },
    {
      "id": 92,
      "text": "नेतृत्व",
      "sentence": 22,
      "start": 1257,
      "end": 1262,
      "confidence": 1.0
    },
    {
      "id": 93,
      "text": "विदर्भ",
      "sentence": 22,
      "start": 1273,
      "end": 1276,
      "confidence": 1.0
    },
    {
      "id": 94,
      "text": "सौराष्ट्र",
      "sentence": 22,
      "start": 1287,
      "end": 1292,
      "confidence": 1.0
    },
    {
      "id": 95,
      "text": "पराभव",
      "sentence": 22,
      "start": 1306,
      "end": 1311,
      "confidence": 1.0
    },
    {
      "id": 96,
      "text": "एनआरसी",
      "sentence": 23,
      "start": 1324,
      "end": 1328,
      "confidence": 1.0
    },
    {
      "id": 97,
      "text": "पाठिंबा",
      "sentence": 23,
      "start": 1334,
      "end": 1339,
      "confidence": 1.0
    },
    {
      "id": 98,
      "text": "अभियान",
      "sentence": 23,
      "start": 1355,
      "end": 1360,
      "confidence": 1.0
    },
    {
      "id": 99,
      "text": "त्यांनी",
      "sentence": 23,
      "start": 1374,
      "end": 1378,
      "confidence": 1.0
    },
    {
      "id": 100,
      "text": "तिजोरी",
      "sentence": 23,
      "start": 1385,
      "end": 1389,
      "confidence": 1.0
    },
    {
      "id": 101,
      "text": "देणगी",
      "sentence": 23,
      "start": 1409,
      "end": 1413,
      "confidence": 1.0
    },
    {
      "id": 102,
      "text": "आवाहन",
      "sentence": 23,
      "start": 1417,
      "end": 1422,
      "confidence": 1.0
    },
    {
      "id": 103,
      "text": "वर्ष",
      "sentence": 24,
      "start": 1445,
      "end": 1447,
      "confidence": 1.0
    },
    {
      "id": 104,
      "text": "मला",
      "sentence": 24,
      "start": 1450,
      "end": 1453,
      "confidence": 1.0
    },
    {
      "id": 105,
      "text": "मतदारसंघ",
      "sentence": 24,
      "start": 1454,
      "end": 1461,
      "confidence": 1.0
    },
    {
      "id": 106,
      "text": "सिद्धेश्वर",
      "sentence": 24,
      "start": 1489,
      "end": 1496,
      "confidence": 1.0
    },
    {
      "id": 107,
      "text": "यांनी",
      "sentence": 24,
      "start": 1497,
      "end": 1501,
      "confidence": 1.0
    },
    {
      "id": 108,
      "text": "राजीनामा",
      "sentence": 24,
      "start": 1502,
      "end": 1508,
      "confidence": 1.0
    },
    {
      "id": 109,
      "text": "चाळणी",
      "sentence": 25,
      "start": 1527,
      "end": 1531,
      "confidence": 1.0
    },
    {
      "id": 110,
      "text": "उपवास",
      "sentence": 25,
      "start": 1547,
      "end": 1552,
      "confidence": 1.0
    },
    {
      "id": 111,
      "text": "रिवाज",
      "sentence": 25,
      "start": 1563,
      "end": 1567,
      "confidence": 1.0
    }
  ],
  "clusters": [
    [
      0,
      1
    ],
    [
      10,
      15
    ],
    [
      12,
      32
    ],
    [
      20,
      21,
      22,
      23
    ],
    [
      38,
      39,
      40
    ],
    [
      38,
      39,
      41,
      42,
      43
    ],
    [
      4,
      91
    ],
    [
      47,
      67
    ],
    [
      51,
      68
    ],
    [
      54,
      55
    ],
    [
      74,
      75
    ],
    [
      87,
      88,
      89
    ],
    [
      98,
      103
    ],
    [
      105,
      106,
      110
    ]
  ]
}