{
  "document_id": "document_370",
  "sentences": [
    "हिन्दू धर्म का पुनरूत्थान   - शंकराचार्य",
    "सध्या जिल्हा उपनिबंधक कार्यालयाला सहकार विभागाने वेगळेच काम दिले आहे.",
    "सर्व स्थानिक स्वराज्य संस्थांचे पदाधिकारी कर्जमाफीस पात्र नाहीत.",
    "तरीही कोणी अर्ज करून कर्जमाफीची मागणी केली आहे का, याचा शोध घेण्याचे काम सहकार विभागाचे अधिकारी व कर्मचारी करत आहेत.",
    "त्यामुळे आधारकार्डचा गैरवापर होण्याचा प्रकारही यातूनच निष्पन्न होणार आहे.",
    "या बैठकीत वडेट्टीवार यांनी."
  ],
  "mentions": [
    {
      "id": 0,
      "text": "शंकराचार्य",
      "sentence": 0,
      "start": 26,
      "end": 36,
      "confidence": 1.0
    },
    {
      "id": 1,
      "text": "कार्यालयाला",
      "sentence": 1,
      "start": 59,
      "end": 69,
      "confidence": 1.0
    },
    {
      "id": 2,
      "text": "विभागाने",
      "sentence": 1,
      "start": 76,
      "end": 82,
      "confidence": 1.0
    },
    {
      "id": 3,
      "text": "संस्थांचे",
      "sentence": 2,
      "start": 115,
      "end": 122,
      "confidence": 1.0
    },
    {
      "id": 4,
      "text": "पदाधिकारी",
      "sentence": 2,
      "start": 123,
      "end": 131,
      "confidence": 1.0
    },
    {
      "id": 5,
      "text": "कर्जमाफीस",
      "sentence": 2,
      "start": 132,
      "end": 140,
      "confidence": 1.0
    },
    {
      "id": 6,
      "text": "कोणी",
      "sentence": 3,
      "start": 150,
      "end": 154,
      "confidence": 1.0
    },
    {
      "id": 7,
      "text": "अर्ज",
      "sentence": 3,
      "start": 155,
      "end": 158,
      "confidence": 1.0
    },
    {
      "id": 8,
      "text": "कर्जमाफीची",
      "sentence": 3,
      "start": 164,
      "end": 172,
      "confidence": 1.0
    },
    {
      "id": 9,
      "text": "मागणी",
      "sentence": 3,
      "start": 173,
      "end": 177,
      "confidence": 1.0
    },
    {
      "id": 10,
      "text": "विभागाचे",
      "sentence": 3,
      "start": 210,
      "end": 216,
      "confidence": 1.0
    },
    {
      "id": 11,
      "text": "अधिकारी",
      "sentence": 3,
      "start": 217,
      "end": 224,
      "confidence": 1.0
    },
    {
      "id": 12,
      "text": "कर्मचारी",
      "sentence": 3,
      "start": 227,
      "end": 234,
      "confidence": 1.0
    },
    {
      "id": 13,
      "text": "गैरवापर",
      "sentence": 4,
      "start": 255,
      "end": 262,
      "confidence": 1.0
    },
    {
      "id": 14,
      "text": "प्रकारही",
      "sentence": 4,
      "start": 271,
      "end": 277,
      "confidence": 1.0
    },
    {
      "id": 15,
      "text": "बैठकीत",
      "sentence": 5,
      "start": 290,
      "end": 296,
      "confidence": 1.0
    },
    {
      "id": 16,
      "text": "वडेट्टीवार",
      "sentence": 5,
      "start": 297,
      "end": 305,
      "confidence": 1.0
    }
  ],
  "clusters": [
    [
      6,
      9
    ],
    [
      2,
      12
    ]
  ]
}