{
  "document_id": "document_336",
  "sentences": [
    "देशाचा कायदा, न्याय ह्याला न जुमानता कायदा हातात घेतला जातो; लोक गर्दी करतात आणि त्यांच्या विचारांच्या विरूद्ध वागत असलेल्या माणसाला मारहाण करतात किंवा जिवे मारतात.",
    "दक्षिण चीन समुद्रीमार्गे प्रति वर्ष 5 ट्रिलियन डॉलरचा इंटरनॅशनल ट्रेडिंग केले जाते.",
    "या पार्श्वभूमीवर जेटली यांनी नरेंद्र मोदींना हे पत्र लिहिलं आहे.",
    "हा अपघात आज सकाळी नऊच्या सुमारास जगताप डेअरी चौकातील वाय जंक्शन येथे."
  ],
  "mentions": [
    {
      "id": 0,
      "text": "देशाचा",
      "sentence": 0,
      "start": 0,
      "end": 5,
      "confidence": 1.0
    },
    {
      "id": 1,
      "text": "कायदा",
      "sentence": 0,
      "start": 7,
      "end": 11,
      "confidence": 1.0
    },
    {
      "id": 2,
      "text": "न्याय",
      "sentence": 0,
      "start": 14,
      "end": 16,
      "confidence": 1.0
    },
    {
      "id": 3,
      "text": "ह्याला",
      "sentence": 0,
      "start": 18,
      "end": 21,
      "confidence": 1.0
    },
    {
      "id": 4,
      "text": "कायदा",
      "sentence": 0,
      "start": 31,
      "end": 35,
      "confidence": 1.0
    },
    {
      "id": 5,
      "text": "त्यांच्या",
      "sentence": 0,
      "start": 68,
      "end": 74,
      "confidence": 1.0
    },
    {
      "id": 6,
      "text": "विचारांच्या",
      "sentence": 0,
      "start": 76,
      "end": 84,
      "confidence": 1.0
    },
    {
      "id": 7,
      "text": "माणसाला",
      "sentence": 0,
      "start": 101,
      "end": 107,
      "confidence": 1.0
    },
    {
      "id": 8,
      "text": "वर्ष",
      "sentence": 1,
      "start": 148,
      "end": 151,
      "confidence": 1.0
    },
    {
      "id": 9,
      "text": "डॉलरचा",
      "sentence": 1,
      "start": 161,
      "end": 166,
      "confidence": 1.0
    },
    {
      "id": 10,
      "text": "ट्रेडिंग",
      "sentence": 1,
      "start": 168,
      "end": 174,
      "confidence": 1.0
    },
    {
      "id": 11,
      "text": "पार्श्वभूमीवर",
      "sentence": 2,
      "start": 185,
      "end": 194,
      "confidence": 1.0
    },
    {
      "id": 12,
      "text": "नरेंद्र",
      "sentence": 2,
      "start": 205,
      "end": 210,
      "confidence": 1.0
    },
    {
      "id": 13,
      "text": "मोदींना",
      "sentence": 2,
      "start": 212,
      "end": 217,
      "confidence": 1.0
    },
    {
      "id": 14,
      "text": "पत्र",
      "sentence": 2,
      "start": 221,
      "end": 223,
      "confidence": 1.0
    },
    {
      "id": 15,
      "text": "अपघात",
      "sentence": 3,
      "start": 231,
      "end": 236,
      "confidence": 1.0
    },
    {
      "id": 16,
      "text": "जगताप",
      "sentence": 3,
      "start": 255,
      "end": 260,
      "confidence": 1.0
    },
    {
      "id": 17,
      "text": "डेअरी",
      "sentence": 3,
      "start": 261,
      "end": 265,
      "confidence": 1.0
    },
    {
      "id": 18,
      "text": "जंक्शन",
      "sentence": 3,
      "start": 276,
      "end": 281,
      "confidence": 1.0
    }
  ],
  "clusters": [
    [
      1,
      3,
      4
    ],
    [
      5,
      6
    ],
    [
      15,
      16
    ]
  ]
}