{
  "document_id": "document_271",
  "sentences": [
    "तावडेंचा सल्ला झुगारून चव्हाण विधानसभेला नशीब आजमावणार, वाचा सविस्तर…",
    "अशा Olivier म्हणून अगदी नेहमीच्या पाककृती वैयक्तिक घटक बदलून आपल्या मुलाला अंतर्गत तयार केलेली वस्तू करू शकता.",
    "लगतचे होम मैदान सुशोभित झाले असून सकाळी आणि संध्याकाळी मैदानावरील वॉकिंग ट्रॅकवर लोक फिरायला येतात.",
    "त्यामुळे आता राज्यातील विधानसभा निवडणुकीतही भाजपला यश मिळणार नाही, तर ही निवडणूक काँग्रेसच जिंकणार ही काळ्या दगडावरची रेघ आहे, असा विश्वास काँग्रेसचे प्रदेशाध्यक्ष माणिकराव ठाकरे यांनी केला.",
    "जमिनीत २० फूट खोल असून याचा व्यास ४ फूट आहे.",
    "पण आता अशा प्रकारचे वाक्य मुंबई महानगरपालिकाही वापरू लागले आहे की काय, अशी शंका येऊ लागली आहे.",
    "एक स्वतंत्रपणे एक संघ घेतले - हे एक संगणक सादर एक ऑपरेशन आहे.",
    ") कौतूक, चांगला वक्ता म्हणजे चांगला प्रशासक अशी (गैर?",
    "तांत्रिक तपशील आपण सर्वात उच्च तापमान वातावरणात त्यांना वापरण्याची अनुमती द्या.",
    "ही जाणीव अखंड ठेवणे, मी भगवंताचा आहे हे जाणणे, याचे नाव अनुसंधान.",
    "त्यांच्या नावापुढे मात्र ‘संसद सदस्य भारत सरकार’ असे नमूद करण्यात आले आहे .",
    "भारताच्या या स्टायलीश बॅट्समनने हैराण करून सोडलंय.",
    "या राज्यात महिला सुरक्षित नाहीत, अशी टीका लालूंनी ट्विटरवरून केली आहे.",
    "आमच्या बसमध्ये एक गृहस्थ दररोज घर ते ऑफिस सर्ववेळ एका छोट्याशा डायरीत राम राम राम राम असे लिहीत बसलेले दिसून येत.",
    "ड्रायव्हरलेस तंत्रज्ञानही मेट्रोसाठी वापरण्यात येणार आहे.",
    "त्यातूनही ओपन कॅटेगरीमध्ये नोकरी मिळणे अजूनच अवघड.",
    "अत्यंत तीव्र उताराच्या, अत्यंत कठिण व खडबडीत शुष्क किंवा दलदलीच्या अशा या जमिनी कोणत्याही प्रकारच्या लागवडीसाठी, वनीकरणासाठी किंवा गुरे चारण्यासाठी देखील उपयोगी पडत नाहीत.",
    "फक्त वन्य जीवन संवर्धन, मनोरंजन, क्रिडास्थाने, पाणलोट क्षेत्र संरक्षण, नागरीकरण, औदयोगिकरण इ.",
    "कारणासाठीच अशा जमिनीचा उपयोग होऊ शकतो.",
    "अशा जमिनी नकाशावर जांभळया रंगाने दर्शविलेल्या असतात.",
    "8 मार्च - आणि सर्जनशीलता कारण एक सुट्टी असेल.",
    "जर तसा आला नाही तर ती भेसळयुक्त आहे.",
    "आता या प्रश्नावर निकाल 2 ऑक्टोबरपूर्वी लागेल अशी अपेक्षा आहे.",
    "सदर माणूस बेघर असल्याने त्याच्या घरचं आणि जवळचं कुणीच नसणार असं रुग्णालय प्रशासनाला वाटलं.",
    "मालमत्ता विषयक कर थकविणाऱ्या ज्या मालमत्तांवर अटकावणीची प्रक्रिया करण्यात आली आहे.",
    "‘एस’ कॉर्नरला कंटेनर पलटी; ट्रकची सात वाहनांना धडक",
    "अलकेनेस मिळविण्याची पुढील पद्धत ही डिहायड्रोजनीकरण आहे.",
    "जे माझ्यावर अंगावर येतात ते माझं काहीच वाकड करू शकत नाही कारण मी फाटका माणूस असल्याचेही ते म्हणाले.",
    "हे ट्रम्प आधीच एक स्मारक बांधले असे सांगणारे पत्रकार थट्टा केली.",
    "त्यामुळे भरपावसात तरवा (भाताचे लावणी करण्यायोग्य रोप) काढणी व भात लावणी अशी कामे करावी लागतात.",
    "बदलणारा सह्याद्री आता आणखीनच भन्नाट वाढतो.",
    "यवतमाळमध्ये पाणीटंचाईचा पहिला बळी",
    "एक मादी २५०-४०० अंडी घालते.",
    "ह्या काकूंच्या आधी आमच्याकडे स्वयंपाकाला येणाऱ्या इतर कोणालाही विचारलं नाही पण ह्यांना विचारलं, ह्याचं कारण फक्त वर्ण होता हे सरसकटीकरण होईल.",
    "मुलांसाठी देखील दिवसभर अनुभव विविध भरले जातील की मनोरंजन आहे.",
    "नंतर अक्षरश: त्यांचा लपंडाव खेळच सुरू झाला.",
    "एकमेकींच्या सुखदुःखात सदैव साथ करणारी , पाठीशी उभी असणारी निर्व्याज मैत्री होती खरच आई आणि भाभींची.",
    "घरामध्ये काहीही बनवले तरी एकमेकींना पोस्तं केल्याशिवाय चैन पडायची नाही दोघींनाही.",
    "अटलबिहारी वाजपेयी सरकार असतानाच्या सहा वर्षांत, तसेच मनमोहन सिंग सरकारच्या पहिल्या दोन वर्षांत चलनवृद्धीचे प्रमाण खूप कमी होते.",
    "त्यांना दिल्लीत बसून ब्लॉग लिहून कधी राहुल गांधी, सीबीआय प्रमुख, रिझर्व बॅंक प्रमुख वगैरेंची चेष्टा, टिंगल टवाळी करण्याची जबाबदारी आहे.",
    "परंतु कांद्याची रोपेच उपलब्ध नसल्याने शेतकऱ्यांनी कांदा लागवड करण्याचा निर्णय देखील फसला आहे.",
    "त्यांनी तत्काळ ही माहिती विभागप्रमुख प्रा.",
    "योगेश्वरला मिळणार लंडन ऑलम्पिकचे रौप्यपदक?",
    "लक्षात ठेवा आपला घर ग्यास एजन्सी पासून कितीही दूर असो आपण घरातील / बिल्डींग मधील कुठल्या हि मजल्यावर राहत असू छापील बिलावर असणार्या किमती व्यतिरिक्त तुम्हाला वरी ऐक पैसाही देयची गरज नाही.",
    "केस समोरच्या भागात - समोर कॅमेरा, व्हॉइस स्पीकर, तसेच निकटस्थ सेंसर.",
    "अर्थात न्यूझीलंडचे गोलंदाज चांगल्याच फॉर्मात असल्याने विंडिजने फलंदाजीत वर्चस्व गाजवले तर आश्चर्य वाटेल.",
    "ही इतकी साधनं एका छोटय़ाशा यंत्रात आणि इतक्या कमी किमतीमध्ये उपलब्ध झाली आहेत हे आपलं भाग्यच नाही का?",
    "पंकजा मुंडे राईट ट्रॅकने तरीही."
  ],
  "mentions": [
    {
      "id": 0,
      "text": "तावडेंचा",
      "sentence": 0,
      "start": 0,
      "end": 7,
      "confidence": 1.0
    },
    {
      "id": 1,
      "text": "सल्ला",
      "sentence": 0,
      "start": 8,
      "end": 12,
      "confidence": 1.0
    },
    {
      "id": 2,
      "text": "चव्हाण",
      "sentence": 0,
      "start": 19,
      "end": 24,
      "confidence": 1.0
    },
    {
      "id": 3,
      "text": "विधानसभेला",
      "sentence": 0,
      "start": 25,
      "end": 34,
      "confidence": 1.0
    },
    {
      "id": 4,
      "text": "नशीब",
      "sentence": 0,
      "start": 35,
      "end": 39,
      "confidence": 1.0
    },
    {
      "id": 5,
      "text": "पाककृती",
      "sentence": 1,
      "start": 78,
      "end": 84,
      "confidence": 1.0
    },
    {
      "id": 6,
      "text": "आपल्या",
      "sentence": 1,
      "start": 103,
      "end": 108,
      "confidence": 1.0
    },
    {
      "id": 7,
      "text": "मुलाला",
      "sentence": 1,
      "start": 109,
      "end": 113,
      "confidence": 1.0
    },
    {
      "id": 8,
      "text": "वस्तू",
      "sentence": 1,
      "start": 131,
      "end": 135,
      "confidence": 1.0
    },
    {
      "id": 9,
      "text": "मैदान",
      "sentence": 2,
      "start": 154,
      "end": 158,
      "confidence": 1.0
    },
    {
      "id": 10,
      "text": "संध्याकाळी",
      "sentence": 2,
      "start": 188,
      "end": 194,
      "confidence": 1.0
    },
    {
      "id": 11,
      "text": "मैदानावरील",
      "sentence": 2,
      "start": 195,
      "end": 204,
      "confidence": 1.0
    },
    {
      "id": 12,
      "text": "ट्रॅकवर",
      "sentence": 2,
      "start": 213,
      "end": 218,
      "confidence": 1.0
    },
    {
      "id": 13,
      "text": "निवडणुकीतही",
      "sentence": 3,
      "start": 251,
      "end": 259,
      "confidence": 1.0
    },
    {
      "id": 14,
      "text": "भाजपला",
      "sentence": 3,
      "start": 260,
      "end": 265,
      "confidence": 1.0
    },
    {
      "id": 15,
      "text": "विश्वास",
      "sentence": 3,
      "start": 323,
      "end": 327,
      "confidence": 1.0
    },
    {
      "id": 16,
      "text": "काँग्रेसचे",
      "sentence": 3,
      "start": 329,
      "end": 336,
      "confidence": 1.0
    },
    {
      "id": 17,
      "text": "प्रदेशाध्यक्ष",
      "sentence": 3,
      "start": 337,
      "end": 346,
      "confidence": 1.0
    },
    {
      "id": 18,
      "text": "माणिकराव",
      "sentence": 3,
      "start": 347,
      "end": 354,
      "confidence": 1.0
    },
    {
      "id": 19,
      "text": "ठाकरे",
      "sentence": 3,
      "start": 355,
      "end": 359,
      "confidence": 1.0
    },
    {
      "id": 20,
      "text": "यांनी",
      "sentence": 3,
      "start": 360,
      "end": 363,
      "confidence": 1.0
    },
    {
      "id": 21,
      "text": "जमिनीत",
      "sentence": 4,
      "start": 370,
      "end": 375,
      "confidence": 1.0
    },
    {
      "id": 22,
      "text": "व्यास",
      "sentence": 4,
      "start": 393,
      "end": 396,
      "confidence": 1.0
    },
    {
      "id": 23,
      "text": "प्रकारचे",
      "sentence": 5,
      "start": 418,
      "end": 424,
      "confidence": 1.0
    },
    {
      "id": 24,
      "text": "वाक्य",
      "sentence": 5,
      "start": 425,
      "end": 428,
      "confidence": 1.0
    },
    {
      "id": 25,
      "text": "मुंबई",
      "sentence": 5,
      "start": 429,
      "end": 433,
      "confidence": 1.0
    },
    {
      "id": 26,
      "text": "महानगरपालिकाही",
      "sentence": 5,
      "start": 434,
      "end": 445,
      "confidence": 1.0
    },
    {
      "id": 27,
      "text": "शंका",
      "sentence": 5,
      "start": 464,
      "end": 467,
      "confidence": 1.0
    },
    {
      "id": 28,
      "text": "संगणक",
      "sentence": 6,
      "start": 499,
      "end": 503,
      "confidence": 1.0
    },
    {
      "id": 29,
      "text": "कौतूक",
      "sentence": 7,
      "start": 519,
      "end": 523,
      "confidence": 1.0
    },
    {
      "id": 30,
      "text": "वक्ता",
      "sentence": 7,
      "start": 532,
      "end": 535,
      "confidence": 1.0
    },
    {
      "id": 31,
      "text": "प्रशासक",
      "sentence": 7,
      "start": 545,
      "end": 550,
      "confidence": 1.0
    },
    {
      "id": 32,
      "text": "तपशील",
      "sentence": 8,
      "start": 559,
      "end": 563,
      "confidence": 1.0
    },
    {
      "id": 33,
      "text": "आपण",
      "sentence": 8,
      "start": 564,
      "end": 567,
      "confidence": 1.0
    },
    {
      "id": 34,
      "text": "तापमान",
      "sentence": 8,
      "start": 579,
      "end": 583,
      "confidence": 1.0
    },
    {
      "id": 35,
      "text": "वातावरणात",
      "sentence": 8,
      "start": 584,
      "end": 590,
      "confidence": 1.0
    },
    {
      "id": 36,
      "text": "त्यांना",
      "sentence": 8,
      "start": 591,
      "end": 595,
      "confidence": 1.0
    },
    {
      "id": 37,
      "text": "अनुमती",
      "sentence": 8,
      "start": 603,
      "end": 607,
      "confidence": 1.0
    },
    {
      "id": 38,
      "text": "जाणीव",
      "sentence": 9,
      "start": 612,
      "end": 615,
      "confidence": 1.0
    },
    {
      "id": 39,
      "text": "मी",
      "sentence": 9,
      "start": 624,
      "end": 625,
      "confidence": 1.0
    },
    {
      "id": 40,
      "text": "भगवंताचा",
      "sentence": 9,
      "start": 626,
      "end": 632,
      "confidence": 1.0
    },
    {
      "id": 41,
      "text": "अनुसंधान",
      "sentence": 9,
      "start": 648,
      "end": 654,
      "confidence": 1.0
    },
    {
      "id": 42,
      "text": "त्यांच्या",
      "sentence": 10,
      "start": 659,
      "end": 665,
      "confidence": 1.0
    },
    {
      "id": 43,
      "text": "नावापुढे",
      "sentence": 10,
      "start": 666,
      "end": 671,
      "confidence": 1.0
    },
    {
      "id": 44,
      "text": "संसद",
      "sentence": 10,
      "start": 679,
      "end": 682,
      "confidence": 1.0
    },
    {
      "id": 45,
      "text": "सदस्य",
      "sentence": 10,
      "start": 683,
      "end": 686,
      "confidence": 1.0
    },
    {
      "id": 46,
      "text": "भारत",
      "sentence": 10,
      "start": 687,
      "end": 690,
      "confidence": 1.0
    },
    {
      "id": 47,
      "text": "सरकार",
      "sentence": 10,
      "start": 691,
      "end": 696,
      "confidence": 1.0
    },
    {
      "id": 48,
      "text": "भारताच्या",
      "sentence": 11,
      "start": 709,
      "end": 715,
      "confidence": 1.0
    },
    {
      "id": 49,
      "text": "बॅट्समनने",
      "sentence": 11,
      "start": 725,
      "end": 732,
      "confidence": 1.0
    },
    {
      "id": 50,
      "text": "राज्यात",
      "sentence": 12,
      "start": 743,
      "end": 747,
      "confidence": 1.0
    },
    {
      "id": 51,
      "text": "महिला",
      "sentence": 12,
      "start": 748,
      "end": 751,
      "confidence": 1.0
    },
    {
      "id": 52,
      "text": "टीका",
      "sentence": 12,
      "start": 765,
      "end": 768,
      "confidence": 1.0
    },
    {
      "id": 53,
      "text": "लालूंनी",
      "sentence": 12,
      "start": 769,
      "end": 774,
      "confidence": 1.0
    },
    {
      "id": 54,
      "text": "ट्विटरवरून",
      "sentence": 12,
      "start": 775,
      "end": 782,
      "confidence": 1.0
    },
    {
      "id": 55,
      "text": "आमच्या",
      "sentence": 13,
      "start": 791,
      "end": 796,
      "confidence": 1.0
    },
    {
      "id": 56,
      "text": "गृहस्थ",
      "sentence": 13,
      "start": 805,
      "end": 809,
      "confidence": 1.0
    },
    {
      "id": 57,
      "text": "ऑफिस",
      "sentence": 13,
      "start": 821,
      "end": 824,
      "confidence": 1.0
    },
    {
      "id": 58,
      "text": "डायरीत",
      "sentence": 13,
      "start": 839,
      "end": 843,
      "confidence": 1.0
    },
    {
      "id": 59,
      "text": "तंत्रज्ञानही",
      "sentence": 14,
      "start": 870,
      "end": 878,
      "confidence": 1.0
    },
    {
      "id": 60,
      "text": "मेट्रोसाठी",
      "sentence": 14,
      "start": 879,
      "end": 885,
      "confidence": 1.0
    },
    {
      "id": 61,
      "text": "कॅटेगरीमध्ये",
      "sentence": 15,
      "start": 910,
      "end": 918,
      "confidence": 1.0
    },
    {
      "id": 62,
      "text": "नोकरी",
      "sentence": 15,
      "start": 919,
      "end": 922,
      "confidence": 1.0
    },
    {
      "id": 63,
      "text": "उताराच्या",
      "sentence": 16,
      "start": 948,
      "end": 954,
      "confidence": 1.0
    },
    {
      "id": 64,
      "text": "जमिनी",
      "sentence": 16,
      "start": 997,
      "end": 1000,
      "confidence": 1.0
    },
    {
      "id": 65,
      "text": "प्रकारच्या",
      "sentence": 16,
      "start": 1008,
      "end": 1014,
      "confidence": 1.0
    },
    {
      "id": 66,
      "text": "लागवडीसाठी",
      "sentence": 16,
      "start": 1015,
      "end": 1022,
      "confidence": 1.0
    },
    {
      "id": 67,
      "text": "वनीकरणासाठी",
      "sentence": 16,
      "start": 1024,
      "end": 1032,
      "confidence": 1.0
    },
    {
      "id": 68,
      "text": "गुरे",
      "sentence": 16,
      "start": 1039,
      "end": 1041,
      "confidence": 1.0
    },
    {
      "id": 69,
      "text": "जीवन",
      "sentence": 17,
      "start": 1069,
      "end": 1072,
      "confidence": 1.0
    },
    {
      "id": 70,
      "text": "संवर्धन",
      "sentence": 17,
      "start": 1074,
      "end": 1079,
      "confidence": 1.0
    },
    {
      "id": 71,
      "text": "मनोरंजन",
      "sentence": 17,
      "start": 1081,
      "end": 1086,
      "confidence": 1.0
    },
    {
      "id": 72,
      "text": "क्रिडास्थाने",
      "sentence": 17,
      "start": 1088,
      "end": 1096,
      "confidence": 1.0
    },
    {
      "id": 73,
      "text": "संरक्षण",
      "sentence": 17,
      "start": 1108,
      "end": 1113,
      "confidence": 1.0
    },
    {
      "id": 74,
      "text": "नागरीकरण",
      "sentence": 17,
      "start": 1115,
      "end": 1121,
      "confidence": 1.0
    },
    {
      "id": 75,
      "text": "औदयोगिकरण",
      "sentence": 17,
      "start": 1123,
      "end": 1130,
      "confidence": 1.0
    },
    {
      "id": 76,
      "text": "कारणासाठीच",
      "sentence": 18,
      "start": 1138,
      "end": 1145,
      "confidence": 1.0
    },
    {
      "id": 77,
      "text": "जमिनीचा",
      "sentence": 18,
      "start": 1150,
      "end": 1155,
      "confidence": 1.0
    },
    {
      "id": 78,
      "text": "उपयोग",
      "sentence": 18,
      "start": 1156,
      "end": 1160,
      "confidence": 1.0
    },
    {
      "id": 79,
      "text": "जमिनी",
      "sentence": 19,
      "start": 1172,
      "end": 1175,
      "confidence": 1.0
    },
    {
      "id": 80,
      "text": "नकाशावर",
      "sentence": 19,
      "start": 1176,
      "end": 1181,
      "confidence": 1.0
    },
    {
      "id": 81,
      "text": "रंगाने",
      "sentence": 19,
      "start": 1189,
      "end": 1193,
      "confidence": 1.0
    },
    {
      "id": 82,
      "text": "मार्च",
      "sentence": 20,
      "start": 1205,
      "end": 1209,
      "confidence": 1.0
    },
    {
      "id": 83,
      "text": "सर्जनशीलता",
      "sentence": 20,
      "start": 1216,
      "end": 1223,
      "confidence": 1.0
    },
    {
      "id": 84,
      "text": "कारण",
      "sentence": 20,
      "start": 1224,
      "end": 1227,
      "confidence": 1.0
    },
    {
      "id": 85,
      "text": "सुट्टी",
      "sentence": 20,
      "start": 1231,
      "end": 1235,
      "confidence": 1.0
    },
    {
      "id": 86,
      "text": "ती",
      "sentence": 21,
      "start": 1251,
      "end": 1252,
      "confidence": 1.0
    },
    {
      "id": 87,
      "text": "प्रश्नावर",
      "sentence": 22,
      "start": 1264,
      "end": 1270,
      "confidence": 1.0
    },
    {
      "id": 88,
      "text": "निकाल",
      "sentence": 22,
      "start": 1271,
      "end": 1275,
      "confidence": 1.0
    },
    {
      "id": 89,
      "text": "अपेक्षा",
      "sentence": 22,
      "start": 1293,
      "end": 1297,
      "confidence": 1.0
    },
    {
      "id": 90,
      "text": "माणूस",
      "sentence": 23,
      "start": 1305,
      "end": 1308,
      "confidence": 1.0
    },
    {
      "id": 91,
      "text": "त्याच्या",
      "sentence": 23,
      "start": 1319,
      "end": 1324,
      "confidence": 1.0
    },
    {
      "id": 92,
      "text": "कुणीच",
      "sentence": 23,
      "start": 1341,
      "end": 1345,
      "confidence": 1.0
    },
    {
      "id": 93,
      "text": "रुग्णालय",
      "sentence": 23,
      "start": 1354,
      "end": 1359,
      "confidence": 1.0
    },
    {
      "id": 94,
      "text": "प्रशासनाला",
      "sentence": 23,
      "start": 1360,
      "end": 1367,
      "confidence": 1.0
    },
    {
      "id": 95,
      "text": "मालमत्तांवर",
      "sentence": 24,
      "start": 1395,
      "end": 1403,
      "confidence": 1.0
    },
    {
      "id": 96,
      "text": "अटकावणीची",
      "sentence": 24,
      "start": 1404,
      "end": 1411,
      "confidence": 1.0
    },
    {
      "id": 97,
      "text": "प्रक्रिया",
      "sentence": 24,
      "start": 1412,
      "end": 1416,
      "confidence": 1.0
    },
    {
      "id": 98,
      "text": "कॉर्नरला",
      "sentence": 25,
      "start": 1429,
      "end": 1435,
      "confidence": 1.0
    },
    {
      "id": 99,
      "text": "कंटेनर",
      "sentence": 25,
      "start": 1436,
      "end": 1440,
      "confidence": 1.0
    },
    {
      "id": 100,
      "text": "ट्रकची",
      "sentence": 25,
      "start": 1448,
      "end": 1452,
      "confidence": 1.0
    },
    {
      "id": 101,
      "text": "वाहनांना",
      "sentence": 25,
      "start": 1459,
      "end": 1464,
      "confidence": 1.0
    },
    {
      "id": 102,
      "text": "अलकेनेस",
      "sentence": 26,
      "start": 1475,
      "end": 1481,
      "confidence": 1.0
    },
    {
      "id": 103,
      "text": "पद्धत",
      "sentence": 26,
      "start": 1494,
      "end": 1497,
      "confidence": 1.0
    },
    {
      "id": 104,
      "text": "डिहायड्रोजनीकरण",
      "sentence": 26,
      "start": 1500,
      "end": 1511,
      "confidence": 1.0
    },
    {
      "id": 105,
      "text": "माझ्यावर",
      "sentence": 27,
      "start": 1520,
      "end": 1525,
      "confidence": 1.0
    },
    {
      "id": 106,
      "text": "ते",
      "sentence": 27,
      "start": 1534,
      "end": 1535,
      "confidence": 1.0
    },
    {
      "id": 107,
      "text": "मी",
      "sentence": 27,
      "start": 1555,
      "end": 1556,
      "confidence": 1.0
    },
    {
      "id": 108,
      "text": "माणूस",
      "sentence": 27,
      "start": 1561,
      "end": 1564,
      "confidence": 1.0
    },
    {
      "id": 109,
      "text": "ते",
      "sentence": 27,
      "start": 1572,
      "end": 1573,
      "confidence": 1.0
    },
    {
      "id": 110,
      "text": "ट्रम्प",
      "sentence": 28,
      "start": 1580,
      "end": 1583,
      "confidence": 1.0
    },
    {
      "id": 111,
      "text": "स्मारक",
      "sentence": 28,
      "start": 1592,
      "end": 1596,
      "confidence": 1.0
    },
    {
      "id": 112,
      "text": "पत्रकार",
      "sentence": 28,
      "start": 1609,
      "end": 1613,
      "confidence": 1.0
    },
    {
      "id": 113,
      "text": "थट्टा",
      "sentence": 28,
      "start": 1614,
      "end": 1617,
      "confidence": 1.0
    },
    {
      "id": 114,
      "text": "भाताचे",
      "sentence": 29,
      "start": 1642,
      "end": 1646,
      "confidence": 1.0
    },
    {
      "id": 115,
      "text": "लावणी",
      "sentence": 29,
      "start": 1647,
      "end": 1651,
      "confidence": 1.0
    },
    {
      "id": 116,
      "text": "लावणी",
      "sentence": 29,
      "start": 1679,
      "end": 1683,
      "confidence": 1.0
    },
    {
      "id": 117,
      "text": "कामे",
      "sentence": 29,
      "start": 1688,
      "end": 1690,
      "confidence": 1.0
    },
    {
      "id": 118,
      "text": "यवतमाळमध्ये",
      "sentence": 31,
      "start": 1726,
      "end": 1734,
      "confidence": 1.0
    },
    {
      "id": 119,
      "text": "पाणीटंचाईचा",
      "sentence": 31,
      "start": 1735,
      "end": 1743,
      "confidence": 1.0
    },
    {
      "id": 120,
      "text": "मादी",
      "sentence": 32,
      "start": 1756,
      "end": 1759,
      "confidence": 1.0
    },
    {
      "id": 121,
      "text": "अंडी",
      "sentence": 32,
      "start": 1768,
      "end": 1771,
      "confidence": 1.0
    },
    {
      "id": 122,
      "text": "आमच्याकडे",
      "sentence": 33,
      "start": 1790,
      "end": 1796,
      "confidence": 1.0
    },
    {
      "id": 123,
      "text": "स्वयंपाकाला",
      "sentence": 33,
      "start": 1797,
      "end": 1804,
      "confidence": 1.0
    },
    {
      "id": 124,
      "text": "कोणालाही",
      "sentence": 33,
      "start": 1815,
      "end": 1821,
      "confidence": 1.0
    },
    {
      "id": 125,
      "text": "ह्यांना",
      "sentence": 33,
      "start": 1829,
      "end": 1833,
      "confidence": 1.0
    },
    {
      "id": 126,
      "text": "कारण",
      "sentence": 33,
      "start": 1844,
      "end": 1847,
      "confidence": 1.0
    },
    {
      "id": 127,
      "text": "वर्ण",
      "sentence": 33,
      "start": 1852,
      "end": 1854,
      "confidence": 1.0
    },
    {
      "id": 128,
      "text": "सरसकटीकरण",
      "sentence": 33,
      "start": 1861,
      "end": 1868,
      "confidence": 1.0
    },
    {
      "id": 129,
      "text": "मुलांसाठी",
      "sentence": 34,
      "start": 1873,
      "end": 1879,
      "confidence": 1.0
    },
    {
      "id": 130,
      "text": "अनुभव",
      "sentence": 34,
      "start": 1892,
      "end": 1895,
      "confidence": 1.0
    },
    {
      "id": 131,
      "text": "मनोरंजन",
      "sentence": 34,
      "start": 1908,
      "end": 1913,
      "confidence": 1.0
    },
    {
      "id": 132,
      "text": "त्यांचा",
      "sentence": 35,
      "start": 1929,
      "end": 1933,
      "confidence": 1.0
    },
    {
      "id": 133,
      "text": "लपंडाव",
      "sentence": 35,
      "start": 1934,
      "end": 1939,
      "confidence": 1.0
    },
    {
      "id": 134,
      "text": "खेळच",
      "sentence": 35,
      "start": 1940,
      "end": 1943,
      "confidence": 1.0
    },
    {
      "id": 135,
      "text": "सुखदुःखात",
      "sentence": 36,
      "start": 1962,
      "end": 1968,
      "confidence": 1.0
    },
    {
      "id": 136,
      "text": "मैत्री",
      "sentence": 36,
      "start": 2004,
      "end": 2007,
      "confidence": 1.0
    },
    {
      "id": 137,
      "text": "भाभींची",
      "sentence": 36,
      "start": 2023,
      "end": 2028,
      "confidence": 1.0
    },
    {
      "id": 138,
      "text": "घरामध्ये",
      "sentence": 37,
      "start": 2033,
      "end": 2038,
      "confidence": 1.0
    },
    {
      "id": 139,
      "text": "एकमेकींना",
      "sentence": 37,
      "start": 2050,
      "end": 2056,
      "confidence": 1.0
    },
    {
      "id": 140,
      "text": "पोस्तं",
      "sentence": 37,
      "start": 2057,
      "end": 2061,
      "confidence": 1.0
    },
    {
      "id": 141,
      "text": "दोघींनाही",
      "sentence": 37,
      "start": 2084,
      "end": 2090,
      "confidence": 1.0
    },
    {
      "id": 142,
      "text": "अटलबिहारी",
      "sentence": 38,
      "start": 2095,
      "end": 2102,
      "confidence": 1.0
    },
    {
      "id": 143,
      "text": "वाजपेयी",
      "sentence": 38,
      "start": 2103,
      "end": 2108,
      "confidence": 1.0
    },
    {
      "id": 144,
      "text": "सरकार",
      "sentence": 38,
      "start": 2109,
      "end": 2112,
      "confidence": 1.0
    },
    {
      "id": 145,
      "text": "वर्षांत",
      "sentence": 38,
      "start": 2125,
      "end": 2129,
      "confidence": 1.0
    },
    {
      "id": 146,
      "text": "मनमोहन",
      "sentence": 38,
      "start": 2137,
      "end": 2142,
      "confidence": 1.0
    },
    {
      "id": 147,
      "text": "सिंग",
      "sentence": 38,
      "start": 2143,
      "end": 2146,
      "confidence": 1.0
    },
    {
      "id": 148,
      "text": "वर्षांत",
      "sentence": 38,
      "start": 2162,
      "end": 2166,
      "confidence": 1.0
    },
    {
      "id": 149,
      "text": "चलनवृद्धीचे",
      "sentence": 38,
      "start": 2167,
      "end": 2174,
      "confidence": 1.0
    },
    {
      "id": 150,
      "text": "प्रमाण",
      "sentence": 38,
      "start": 2175,
      "end": 2179,
      "confidence": 1.0
    },
    {
      "id": 151,
      "text": "त्यांना",
      "sentence": 39,
      "start": 2190,
      "end": 2194,
      "confidence": 1.0
    },
    {
      "id": 152,
      "text": "ब्लॉग",
      "sentence": 39,
      "start": 2206,
      "end": 2209,
      "confidence": 1.0
    },
    {
      "id": 153,
      "text": "गांधी",
      "sentence": 39,
      "start": 2225,
      "end": 2229,
      "confidence": 1.0
    },
    {
      "id": 154,
      "text": "बॅंक",
      "sentence": 39,
      "start": 2247,
      "end": 2250,
      "confidence": 1.0
    },
    {
      "id": 155,
      "text": "चेष्टा",
      "sentence": 39,
      "start": 2264,
      "end": 2267,
      "confidence": 1.0
    },
    {
      "id": 156,
      "text": "टिंगल",
      "sentence": 39,
      "start": 2269,
      "end": 2273,
      "confidence": 1.0
    },
    {
      "id": 157,
      "text": "टवाळी",
      "sentence": 39,
      "start": 2274,
      "end": 2277,
      "confidence": 1.0
    },
    {
      "id": 158,
      "text": "जबाबदारी",
      "sentence": 39,
      "start": 2288,
      "end": 2293,
      "confidence": 1.0
    },
    {
      "id": 159,
      "text": "कांद्याची",
      "sentence": 40,
      "start": 2304,
      "end": 2309,
      "confidence": 1.0
    },
    {
      "id": 160,
      "text": "शेतकऱ्यांनी",
      "sentence": 40,
      "start": 2326,
      "end": 2333,
      "confidence": 1.0
    },
    {
      "id": 161,
      "text": "कांदा",
      "sentence": 40,
      "start": 2334,
      "end": 2337,
      "confidence": 1.0
    },
    {
      "id": 162,
      "text": "लागवड",
      "sentence": 40,
      "start": 2338,
      "end": 2342,
      "confidence": 1.0
    },
    {
      "id": 163,
      "text": "निर्णय",
      "sentence": 40,
      "start": 2351,
      "end": 2354,
      "confidence": 1.0
    },
    {
      "id": 164,
      "text": "त्यांनी",
      "sentence": 41,
      "start": 2365,
      "end": 2368,
      "confidence": 1.0
    },
    {
      "id": 165,
      "text": "माहिती",
      "sentence": 41,
      "start": 2374,
      "end": 2377,
      "confidence": 1.0
    },
    {
      "id": 166,
      "text": "विभागप्रमुख",
      "sentence": 41,
      "start": 2378,
      "end": 2386,
      "confidence": 1.0
    },
    {
      "id": 167,
      "text": "प्रा",
      "sentence": 41,
      "start": 2387,
      "end": 2390,
      "confidence": 1.0
    },
    {
      "id": 168,
      "text": "योगेश्वरला",
      "sentence": 42,
      "start": 2396,
      "end": 2403,
      "confidence": 1.0
    },
    {
      "id": 169,
      "text": "लंडन",
      "sentence": 42,
      "start": 2410,
      "end": 2413,
      "confidence": 1.0
    },
    {
      "id": 170,
      "text": "रौप्यपदक",
      "sentence": 42,
      "start": 2421,
      "end": 2426,
      "confidence": 1.0
    },
    {
      "id": 171,
      "text": "आपला",
      "sentence": 43,
      "start": 2447,
      "end": 2450,
      "confidence": 1.0
    },
    {
      "id": 172,
      "text": "एजन्सी",
      "sentence": 43,
      "start": 2459,
      "end": 2463,
      "confidence": 1.0
    },
    {
      "id": 173,
      "text": "आपण",
      "sentence": 43,
      "start": 2475,
      "end": 2478,
      "confidence": 1.0
    },
    {
      "id": 174,
      "text": "घरातील",
      "sentence": 43,
      "start": 2479,
      "end": 2483,
      "confidence": 1.0
    },
    {
      "id": 175,
      "text": "बिल्डींग",
      "sentence": 43,
      "start": 2487,
      "end": 2492,
      "confidence": 1.0
    },
    {
      "id": 176,
      "text": "मजल्यावर",
      "sentence": 43,
      "start": 2503,
      "end": 2508,
      "confidence": 1.0
    },
    {
      "id": 177,
      "text": "किमती",
      "sentence": 43,
      "start": 2528,
      "end": 2531,
      "confidence": 1.0
    },
    {
      "id": 178,
      "text": "तुम्हाला",
      "sentence": 43,
      "start": 2539,
      "end": 2544,
      "confidence": 1.0
    },
    {
      "id": 179,
      "text": "पैसाही",
      "sentence": 43,
      "start": 2548,
      "end": 2552,
      "confidence": 1.0
    },
    {
      "id": 180,
      "text": "भागात",
      "sentence": 44,
      "start": 2575,
      "end": 2578,
      "confidence": 1.0
    },
    {
      "id": 181,
      "text": "कॅमेरा",
      "sentence": 44,
      "start": 2586,
      "end": 2590,
      "confidence": 1.0
    },
    {
      "id": 182,
      "text": "व्हॉइस",
      "sentence": 44,
      "start": 2592,
      "end": 2596,
      "confidence": 1.0
    },
    {
      "id": 183,
      "text": "स्पीकर",
      "sentence": 44,
      "start": 2597,
      "end": 2601,
      "confidence": 1.0
    },
    {
      "id": 184,
      "text": "सेन्सर",
      "sentence": 44,
      "start": 2613,
      "end": 2617,
      "confidence": 1.0
    },
    {
      "id": 185,
      "text": "गोलंदाज",
      "sentence": 45,
      "start": 2635,
      "end": 2640,
      "confidence": 1.0
    },
    {
      "id": 186,
      "text": "फॉर्मात",
      "sentence": 45,
      "start": 2649,
      "end": 2653,
      "confidence": 1.0
    },
    {
      "id": 187,
      "text": "विंडिजने",
      "sentence": 45,
      "start": 2662,
      "end": 2668,
      "confidence": 1.0
    },
    {
      "id": 188,
      "text": "वर्चस्व",
      "sentence": 45,
      "start": 2676,
      "end": 2680,
      "confidence": 1.0
    },
    {
      "id": 189,
      "text": "आश्चर्य",
      "sentence": 45,
      "start": 2690,
      "end": 2694,
      "confidence": 1.0
    },
    {
      "id": 190,
      "text": "साधनं",
      "sentence": 46,
      "start": 2707,
      "end": 2710,
      "confidence": 1.0
    },
    {
      "id": 191,
      "text": "यंत्रात",
      "sentence": 46,
      "start": 2721,
      "end": 2725,
      "confidence": 1.0
    },
    {
      "id": 192,
      "text": "किमतीमध्ये",
      "sentence": 46,
      "start": 2736,
      "end": 2742,
      "confidence": 1.0
    },
    {
      "id": 193,
      "text": "आपलं",
      "sentence": 46,
      "start": 2757,
      "end": 2760,
      "confidence": 1.0
    },
    {
      "id": 194,
      "text": "भाग्यच",
      "sentence": 46,
      "start": 2761,
      "end": 2765,
      "confidence": 1.0
    },
    {
      "id": 195,
      "text": "पंकजा",
      "sentence": 47,
      "start": 2777,
      "end": 2781,
      "confidence": 1.0
    },
    {
      "id": 196,
      "text": "मुंडे",
      "sentence": 47,
      "start": 2782,
      "end": 2785,
      "confidence": 1.0
    },
    {
      "id": 197,
      "text": "ट्रॅकने",
      "sentence": 47,
      "start": 2792,
      "end": 2796,
      "confidence": 1.0
    }
  ],
  "clusters": [
    [
      8,
      48,
      72,
      161
    ],
    [
      11,
      14
    ],
    [
      17,
      67
    ],
    [
      18,
      19,
      22
    ],
    [
      23,
      26
    ],
    [
      28,
      29,
      30
    ],
    [
      31,
      86,
      101,
      103
    ],
    [
      32,
      34
    ],
    [
      37,
      38
    ],
    [
      41,
      56,
      140,
      168
    ],
    [
      47,
      51
    ],
    [
      54,
      134,
      136,
      137,
      139
    ],
    [
      63,
      64,
      65
    ],
    [
      75,
      117,
      183
    ],
    [
      115,
      116,
      118
    ],
    [
      133,
      135
    ],
    [
      146,
      149
    ],
    [
      147,
      151
    ],
    [
      148,
      152
    ],
    [
      160,
      164
    ],
    [
      165,
      166
    ],
    [
      177,
      184
    ],
    [
      181,
      182,
      187
    ],
    [
      188,
      189
    ],
    [
      190,
      194
    ],
    [
      191,
      195
    ],
    [
      192,
      193
    ]
  ]
}