{
  "document_id": "document_148",
  "sentences": [
    "नागपूरमध्ये देवांनाही भरली हुडहु़डी",
    "आणि हे सर्व कठोर लेखा अधीन आहे.",
    "त्यानंतर फक्त भुवनेश्वर कुमार (३०) वगळता इतर फलंदाजांनी सुमार फलंदाजी करत हिंदुस्थानचा डाव संकटात टाकला आहे.",
    "वृत्तसंस्था/ शांघाय डब्ल्यूटीए टूरवरील येथे सुरू असलेल्या शेनझेन खुल्या महिलांच्या टेनिस स्पर्धेत स्पेनच्या 26 वषीय गार्बेनी मुगुरुझाचे आव्हान उपांत्यफेरीत समाप्त झाले.",
    "चिंता, आक्रोश आणि हतबलता!",
    "शवविच्छेदन अहवाल समोर आल्यानंतर कलम 302 अन्वये हत्येचा गुन्हा दाखल करण्यात आला आहे.",
    "एक्स-रे बॉम्ब निर्मितीसाठी अमेरिका सक्रीय",
    "पुढची मोजकी वर्षं तो क्रिकेट खेळू शकेल.",
    "कधी कधी या ठिकाणी खेळ वर्तमान आवृत्ती आहे.",
    "निरिक्षकांनी केलेल्या निरिक्षणात गौरीने पहिल्या ५० वस्तू बरोबर अंकांवर ठेवल्या होत्या.",
    "मुख्यमंत्री पदाची हुलकावणी",
    "उत्पादन मधील मोठ्या दर्जाच्या seams आणि लेबले सहसा समोर बाजूला केले आहेत, म्हणून ते पोशाख दरम्यान उगाळणे नाही.",
    "आता एका पदवीधर तरुण तरुणीने सामाजिक चळवळीच्या माध्यातून सुरु असलेले काम पूर्ण झाल्यानंतर लग्न केले आहे.",
    "समाजात भीती पसरविणे, जनमानसांचे जीवन भयभीत, विस्कळीत करणे योग्य नाही.",
    "शाम निंबाळकर दिग्दर्शित 'मिस यु मिस' या सिनेमाची निर्मिती सुनील रघुनाथ महाडिक, क्षमा हिप्परगेकर, रोहनदीप सिंग आणि श्री ओमकार वर्षा प्रकाश गायकर, भास्कर चंद्रा यांनी केली आहे.",
    "अतिवृष्टी झालेल्या ठिकाणी शेती उद्योग उद्धवस्त झालाय.",
    "परंतु, अनेक विभागप्रमुख व प्रमुख अधिकाऱ्यांनी तक्रारी प्रलंबित ठेवल्याचे आढळून आले.",
    "निर्णय घेणारं सरकार हवं",
    "घर नाही म्हणून कोणी आत्महत्या करणार नाही, पण मग हा सेवा क्षेत्रातील कामगार वर्ग कुठे ना कुठे डॅमेज करेलच.",
    "दुर्दैवाने, या करार तसेच रशियन माती वर रूट नाही आहेत.",
    "येत्या एप्रिल महिन्यात ही शाळा सुरू होईल.",
    "समाजाकडून अशा मुलांना चांगली वागणूक मिळाली, आधार मिळाला, तर ही मुलंदेखील हतबल न होता आपलं जीवन घडवू शकतात, यामुळे त्या मातेलाही आपल्या मुलाचं कौतुक वाटू शकतं.",
    "त्यांनी सप्टेंबरमध्ये आर्थिक विकास दर ६.३ असल्याचे म्हटले आहे, तर जूनमध्ये हा आकडा ५.७ इतका होता.",
    "घराच्या मुख्य दरवाजाच्या चौकटीवरून त्याने तीन वेळा नारळ ओवाळला आणि तो दक्षिण दिशेला वाढवण्यास समीरच्या मोठ्या मुलास सांगितले.",
    "वन विभागा तर्फे उभारण्यात आलेल्या दुर्बीणीतून पर्यटनाचे निरिक्षण या प्रकल्पाचे उद्घाटन मुख्यमंत्री पृथ्वीराज चव्हाण यांच्या हस्ते झाले.",
    "नोटाबंदीनंतर बँकांमधील बचतीवरील व्याजदरात तब्बल २०० बेसिक पॉइंटने कपात केली.",
    "नवी दिल्ली : देशातील सर्वोच्च पद म्हणजेच राष्ट्रपतीपदासाठी आज मतदान होणार आहे.",
    "एक वेळ गणपती चालेल, किंवा व्यास किंवा वाल्मिकी किंवा तुकाराम किंवा रामदास किंवा ज्ञानेश्वर - यांचा भाषेतल्या कलाकृतींशी काहीतरी संबंध - प्रतीकात्मक का होईना आहे.",
    "पुराचे पाणी भातशेतीत घुसून मोठे नुकसान झाले.",
    "Loading."
  ],
  "mentions": [
    {
      "id": 0,
      "text": "हुडहु़डी",
      "sentence": 0,
      "start": 23,
      "end": 30,
      "confidence": 1.0
    },
    {
      "id": 1,
      "text": "लेखा",
      "sentence": 1,
      "start": 16,
      "end": 20,
      "confidence": 1.0
    },
    {
      "id": 2,
      "text": "भुवनेश्वर",
      "sentence": 2,
      "start": 13,
      "end": 21,
      "confidence": 1.0
    },
    {
      "id": 3,
      "text": "कुमार",
      "sentence": 2,
      "start": 22,
      "end": 26,
      "confidence": 1.0
    },
    {
      "id": 4,
      "text": "फलंदाज",
      "sentence": 2,
      "start": 39,
      "end": 48,
      "confidence": 1.0
    },
    {
      "id": 5,
      "text": "हिंदुस्थान",
      "sentence": 2,
      "start": 66,
      "end": 77,
      "confidence": 1.0
    },
    {
      "id": 6,
      "text": "वृत्तसंस्था",
      "sentence": 3,
      "start": 104,
      "end": 114,
      "confidence": 1.0
    },
    {
      "id": 7,
      "text": "शांघाय",
      "sentence": 3,
      "start": 116,
      "end": 122,
      "confidence": 1.0
    },
    {
      "id": 8,
      "text": "डब्ल्यूटीए",
      "sentence": 3,
      "start": 123,
      "end": 129,
      "confidence": 1.0
    },
    {
      "id": 9,
      "text": "शेनझेन",
      "sentence": 3,
      "start": 153,
      "end": 159,
      "confidence": 1.0
    },
    {
      "id": 10,
      "text": "महिला",
      "sentence": 3,
      "start": 167,
      "end": 175,
      "confidence": 1.0
    },
    {
      "id": 11,
      "text": "टेनिस",
      "sentence": 3,
      "start": 176,
      "end": 181,
      "confidence": 1.0
    },
    {
      "id": 12,
      "text": "स्पर्धा",
      "sentence": 3,
      "start": 182,
      "end": 188,
      "confidence": 1.0
    },
    {
      "id": 13,
      "text": "स्पेन",
      "sentence": 3,
      "start": 190,
      "end": 197,
      "confidence": 1.0
    },
    {
      "id": 14,
      "text": "गार्बेनी",
      "sentence": 3,
      "start": 209,
      "end": 216,
      "confidence": 1.0
    },
    {
      "id": 15,
      "text": "मुगुरुझा",
      "sentence": 3,
      "start": 217,
      "end": 225,
      "confidence": 1.0
    },
    {
      "id": 16,
      "text": "अव्हान",
      "sentence": 3,
      "start": 226,
      "end": 231,
      "confidence": 1.0
    },
    {
      "id": 17,
      "text": "उपांत्यफेरी",
      "sentence": 3,
      "start": 232,
      "end": 242,
      "confidence": 1.0
    },
    {
      "id": 18,
      "text": "चिंता",
      "sentence": 4,
      "start": 251,
      "end": 255,
      "confidence": 1.0
    },
    {
      "id": 19,
      "text": "आक्रोश",
      "sentence": 4,
      "start": 257,
      "end": 262,
      "confidence": 1.0
    },
    {
      "id": 20,
      "text": "हतबलता",
      "sentence": 4,
      "start": 268,
      "end": 274,
      "confidence": 1.0
    },
    {
      "id": 21,
      "text": "शवविच्छेदन",
      "sentence": 5,
      "start": 279,
      "end": 288,
      "confidence": 1.0
    },
    {
      "id": 22,
      "text": "अहवाल",
      "sentence": 5,
      "start": 289,
      "end": 294,
      "confidence": 1.0
    },
    {
      "id": 23,
      "text": "हत्या",
      "sentence": 5,
      "start": 320,
      "end": 326,
      "confidence": 1.0
    },
    {
      "id": 24,
      "text": "गुन्हा",
      "sentence": 5,
      "start": 327,
      "end": 331,
      "confidence": 1.0
    },
    {
      "id": 25,
      "text": "बॉम्ब",
      "sentence": 6,
      "start": 354,
      "end": 358,
      "confidence": 1.0
    },
    {
      "id": 26,
      "text": "निर्मिती",
      "sentence": 6,
      "start": 359,
      "end": 369,
      "confidence": 1.0
    },
    {
      "id": 27,
      "text": "अमेरिका",
      "sentence": 6,
      "start": 370,
      "end": 375,
      "confidence": 1.0
    },
    {
      "id": 28,
      "text": "वर्षं",
      "sentence": 7,
      "start": 387,
      "end": 391,
      "confidence": 1.0
    },
    {
      "id": 29,
      "text": "तो",
      "sentence": 7,
      "start": 392,
      "end": 393,
      "confidence": 1.0
    },
    {
      "id": 30,
      "text": "क्रिकेट",
      "sentence": 7,
      "start": 394,
      "end": 399,
      "confidence": 1.0
    },
    {
      "id": 31,
      "text": "ठिकाण",
      "sentence": 8,
      "start": 412,
      "end": 417,
      "confidence": 1.0
    },
    {
      "id": 32,
      "text": "आवृत्ती",
      "sentence": 8,
      "start": 429,
      "end": 434,
      "confidence": 1.0
    },
    {
      "id": 33,
      "text": "निरिक्षक",
      "sentence": 9,
      "start": 439,
      "end": 449,
      "confidence": 1.0
    },
    {
      "id": 34,
      "text": "निरिक्षण",
      "sentence": 9,
      "start": 457,
      "end": 466,
      "confidence": 1.0
    },
    {
      "id": 35,
      "text": "गौरी",
      "sentence": 9,
      "start": 467,
      "end": 472,
      "confidence": 1.0
    },
    {
      "id": 36,
      "text": "वस्तू",
      "sentence": 9,
      "start": 483,
      "end": 486,
      "confidence": 1.0
    },
    {
      "id": 37,
      "text": "मुख्यमंत्री",
      "sentence": 10,
      "start": 507,
      "end": 516,
      "confidence": 1.0
    },
    {
      "id": 38,
      "text": "हुलकावणी",
      "sentence": 10,
      "start": 523,
      "end": 530,
      "confidence": 1.0
    },
    {
      "id": 39,
      "text": "उत्पादन",
      "sentence": 11,
      "start": 535,
      "end": 541,
      "confidence": 1.0
    },
    {
      "id": 40,
      "text": "seams",
      "sentence": 11,
      "start": 561,
      "end": 566,
      "confidence": 1.0
    },
    {
      "id": 41,
      "text": "लेबले",
      "sentence": 11,
      "start": 572,
      "end": 577,
      "confidence": 1.0
    },
    {
      "id": 42,
      "text": "बाजू",
      "sentence": 11,
      "start": 585,
      "end": 590,
      "confidence": 1.0
    },
    {
      "id": 43,
      "text": "ते",
      "sentence": 11,
      "start": 606,
      "end": 607,
      "confidence": 1.0
    },
    {
      "id": 44,
      "text": "पोशाख",
      "sentence": 11,
      "start": 608,
      "end": 613,
      "confidence": 1.0
    },
    {
      "id": 45,
      "text": "तरुण",
      "sentence": 12,
      "start": 636,
      "end": 639,
      "confidence": 1.0
    },
    {
      "id": 46,
      "text": "तरुणी",
      "sentence": 12,
      "start": 640,
      "end": 646,
      "confidence": 1.0
    },
    {
      "id": 47,
      "text": "चळवळ",
      "sentence": 12,
      "start": 654,
      "end": 662,
      "confidence": 1.0
    },
    {
      "id": 48,
      "text": "माध्यम",
      "sentence": 12,
      "start": 663,
      "end": 670,
      "confidence": 1.0
    },
    {
      "id": 49,
      "text": "लग्न",
      "sentence": 12,
      "start": 699,
      "end": 702,
      "confidence": 1.0
    },
    {
      "id": 50,
      "text": "समाज",
      "sentence": 13,
      "start": 708,
      "end": 714,
      "confidence": 1.0
    },
    {
      "id": 51,
      "text": "भीती",
      "sentence": 13,
      "start": 715,
      "end": 718,
      "confidence": 1.0
    },
    {
      "id": 52,
      "text": "जनमानसा",
      "sentence": 13,
      "start": 728,
      "end": 737,
      "confidence": 1.0
    },
    {
      "id": 53,
      "text": "जीवन",
      "sentence": 13,
      "start": 738,
      "end": 742,
      "confidence": 1.0
    },
    {
      "id": 54,
      "text": "निंबाळकर",
      "sentence": 14,
      "start": 770,
      "end": 777,
      "confidence": 1.0
    },
    {
      "id": 55,
      "text": "सिनेमा",
      "sentence": 14,
      "start": 792,
      "end": 798,
      "confidence": 1.0
    },
    {
      "id": 56,
      "text": "निर्मिती",
      "sentence": 14,
      "start": 799,
      "end": 805,
      "confidence": 1.0
    },
    {
      "id": 57,
      "text": "रघुनाथ",
      "sentence": 14,
      "start": 812,
      "end": 818,
      "confidence": 1.0
    },
    {
      "id": 58,
      "text": "महाडिक",
      "sentence": 14,
      "start": 819,
      "end": 825,
      "confidence": 1.0
    },
    {
      "id": 59,
      "text": "क्षमा",
      "sentence": 14,
      "start": 827,
      "end": 830,
      "confidence": 1.0
    },
    {
      "id": 60,
      "text": "हिप्परगेकर",
      "sentence": 14,
      "start": 831,
      "end": 840,
      "confidence": 1.0
    },
    {
      "id": 61,
      "text": "रोहनदीप",
      "sentence": 14,
      "start": 842,
      "end": 849,
      "confidence": 1.0
    },
    {
      "id": 62,
      "text": "सिंग",
      "sentence": 14,
      "start": 850,
      "end": 853,
      "confidence": 1.0
    },
    {
      "id": 63,
      "text": "श्री",
      "sentence": 14,
      "start": 857,
      "end": 859,
      "confidence": 1.0
    },
    {
      "id": 64,
      "text": "ओमकार",
      "sentence": 14,
      "start": 860,
      "end": 865,
      "confidence": 1.0
    },
    {
      "id": 65,
      "text": "वर्षा",
      "sentence": 14,
      "start": 866,
      "end": 870,
      "confidence": 1.0
    },
    {
      "id": 66,
      "text": "प्रकाश",
      "sentence": 14,
      "start": 871,
      "end": 876,
      "confidence": 1.0
    },
    {
      "id": 67,
      "text": "गायकर",
      "sentence": 14,
      "start": 877,
      "end": 881,
      "confidence": 1.0
    },
    {
      "id": 68,
      "text": "भास्कर",
      "sentence": 14,
      "start": 883,
      "end": 888,
      "confidence": 1.0
    },
    {
      "id": 69,
      "text": "चंद्रा",
      "sentence": 14,
      "start": 889,
      "end": 894,
      "confidence": 1.0
    },
    {
      "id": 70,
      "text": "अतिवृष्टी",
      "sentence": 15,
      "start": 898,
      "end": 905,
      "confidence": 1.0
    },
    {
      "id": 71,
      "text": "ठिकाण",
      "sentence": 15,
      "start": 914,
      "end": 919,
      "confidence": 1.0
    },
    {
      "id": 72,
      "text": "शेती",
      "sentence": 15,
      "start": 920,
      "end": 924,
      "confidence": 1.0
    },
    {
      "id": 73,
      "text": "उद्योग",
      "sentence": 15,
      "start": 925,
      "end": 929,
      "confidence": 1.0
    },
    {
      "id": 74,
      "text": "विभागप्रमुख",
      "sentence": 16,
      "start": 947,
      "end": 957,
      "confidence": 1.0
    },
    {
      "id": 75,
      "text": "अधिकारी",
      "sentence": 16,
      "start": 963,
      "end": 972,
      "confidence": 1.0
    },
    {
      "id": 76,
      "text": "तक्रारी",
      "sentence": 16,
      "start": 973,
      "end": 978,
      "confidence": 1.0
    },
    {
      "id": 77,
      "text": "निर्णय",
      "sentence": 17,
      "start": 994,
      "end": 998,
      "confidence": 1.0
    },
    {
      "id": 78,
      "text": "सरकार",
      "sentence": 17,
      "start": 1005,
      "end": 1009,
      "confidence": 1.0
    },
    {
      "id": 79,
      "text": "कोणी",
      "sentence": 18,
      "start": 1025,
      "end": 1028,
      "confidence": 1.0
    },
    {
      "id": 80,
      "text": "आत्महत्या",
      "sentence": 18,
      "start": 1029,
      "end": 1036,
      "confidence": 1.0
    },
    {
      "id": 81,
      "text": "सेवा",
      "sentence": 18,
      "start": 1054,
      "end": 1057,
      "confidence": 1.0
    },
    {
      "id": 82,
      "text": "कामगार",
      "sentence": 18,
      "start": 1066,
      "end": 1071,
      "confidence": 1.0
    },
    {
      "id": 83,
      "text": "वर्ग",
      "sentence": 18,
      "start": 1072,
      "end": 1075,
      "confidence": 1.0
    },
    {
      "id": 84,
      "text": "करार",
      "sentence": 19,
      "start": 1093,
      "end": 1097,
      "confidence": 1.0
    },
    {
      "id": 85,
      "text": "माती",
      "sentence": 19,
      "start": 1105,
      "end": 1108,
      "confidence": 1.0
    },
    {
      "id": 86,
      "text": "एप्रिल",
      "sentence": 20,
      "start": 1126,
      "end": 1131,
      "confidence": 1.0
    },
    {
      "id": 87,
      "text": "महिना",
      "sentence": 20,
      "start": 1132,
      "end": 1138,
      "confidence": 1.0
    },
    {
      "id": 88,
      "text": "शाळा",
      "sentence": 20,
      "start": 1142,
      "end": 1145,
      "confidence": 1.0
    },
    {
      "id": 89,
      "text": "समाज",
      "sentence": 21,
      "start": 1153,
      "end": 1162,
      "confidence": 1.0
    },
    {
      "id": 90,
      "text": "मुले",
      "sentence": 21,
      "start": 1168,
      "end": 1173,
      "confidence": 1.0
    },
    {
      "id": 91,
      "text": "वागणूक",
      "sentence": 21,
      "start": 1180,
      "end": 1185,
      "confidence": 1.0
    },
    {
      "id": 92,
      "text": "आधार",
      "sentence": 21,
      "start": 1195,
      "end": 1199,
      "confidence": 1.0
    },
    {
      "id": 93,
      "text": "मुले",
      "sentence": 21,
      "start": 1210,
      "end": 1219,
      "confidence": 1.0
    },
    {
      "id": 94,
      "text": "जीवन",
      "sentence": 21,
      "start": 1234,
      "end": 1238,
      "confidence": 1.0
    },
    {
      "id": 95,
      "text": "माता",
      "sentence": 21,
      "start": 1259,
      "end": 1266,
      "confidence": 1.0
    },
    {
      "id": 96,
      "text": "मुलगा",
      "sentence": 21,
      "start": 1275,
      "end": 1280,
      "confidence": 1.0
    },
    {
      "id": 97,
      "text": "कौतुक",
      "sentence": 21,
      "start": 1281,
      "end": 1286,
      "confidence": 1.0
    },
    {
      "id": 98,
      "text": "त्यांनी",
      "sentence": 22,
      "start": 1293,
      "end": 1298,
      "confidence": 1.0
    },
    {
      "id": 99,
      "text": "सप्टेंबर",
      "sentence": 22,
      "start": 1299,
      "end": 1309,
      "confidence": 1.0
    },
    {
      "id": 100,
      "text": "आकडा",
      "sentence": 22,
      "start": 1354,
      "end": 1358,
      "confidence": 1.0
    },
    {
      "id": 101,
      "text": "दरवाजा",
      "sentence": 23,
      "start": 1386,
      "end": 1394,
      "confidence": 1.0
    },
    {
      "id": 102,
      "text": "चौकट",
      "sentence": 23,
      "start": 1395,
      "end": 1404,
      "confidence": 1.0
    },
    {
      "id": 103,
      "text": "त्याने",
      "sentence": 23,
      "start": 1405,
      "end": 1409,
      "confidence": 1.0
    },
    {
      "id": 104,
      "text": "वेळा",
      "sentence": 23,
      "start": 1416,
      "end": 1419,
      "confidence": 1.0
    },
    {
      "id": 105,
      "text": "नारळ",
      "sentence": 23,
      "start": 1420,
      "end": 1423,
      "confidence": 1.0
    },
    {
      "id": 106,
      "text": "तो",
      "sentence": 23,
      "start": 1433,
      "end": 1434,
      "confidence": 1.0
    },
    {
      "id": 107,
      "text": "दिशा",
      "sentence": 23,
      "start": 1441,
      "end": 1446,
      "confidence": 1.0
    },
    {
      "id": 108,
      "text": "मुलगा",
      "sentence": 23,
      "start": 1468,
      "end": 1472,
      "confidence": 1.0
    },
    {
      "id": 109,
      "text": "विभाग",
      "sentence": 24,
      "start": 1481,
      "end": 1486,
      "confidence": 1.0
    },
    {
      "id": 110,
      "text": "दुर्बीण",
      "sentence": 24,
      "start": 1500,
      "end": 1508,
      "confidence": 1.0
    },
    {
      "id": 111,
      "text": "पर्यटन",
      "sentence": 24,
      "start": 1509,
      "end": 1516,
      "confidence": 1.0
    },
    {
      "id": 112,
      "text": "निरिक्षण",
      "sentence": 24,
      "start": 1517,
      "end": 1523,
      "confidence": 1.0
    },
    {
      "id": 113,
      "text": "प्रकल्प",
      "sentence": 24,
      "start": 1528,
      "end": 1535,
      "confidence": 1.0
    },
    {
      "id": 114,
      "text": "उद्घाटन",
      "sentence": 24,
      "start": 1536,
      "end": 1542,
      "confidence": 1.0
    },
    {
      "id": 115,
      "text": "मुख्यमंत्री",
      "sentence": 24,
      "start": 1543,
      "end": 1552,
      "confidence": 1.0
    },
    {
      "id": 116,
      "text": "पृथ्वीराज",
      "sentence": 24,
      "start": 1553,
      "end": 1560,
      "confidence": 1.0
    },
    {
      "id": 117,
      "text": "चव्हाण",
      "sentence": 24,
      "start": 1561,
      "end": 1566,
      "confidence": 1.0
    },
    {
      "id": 118,
      "text": "नोटाबंदी",
      "sentence": 25,
      "start": 1573,
      "end": 1584,
      "confidence": 1.0
    },
    {
      "id": 119,
      "text": "व्याजदर",
      "sentence": 25,
      "start": 1602,
      "end": 1609,
      "confidence": 1.0
    },
    {
      "id": 120,
      "text": "बेसिक",
      "sentence": 25,
      "start": 1616,
      "end": 1621,
      "confidence": 1.0
    },
    {
      "id": 121,
      "text": "पॉइंट",
      "sentence": 25,
      "start": 1622,
      "end": 1628,
      "confidence": 1.0
    },
    {
      "id": 122,
      "text": "कपात",
      "sentence": 25,
      "start": 1629,
      "end": 1633,
      "confidence": 1.0
    },
    {
      "id": 123,
      "text": "दिल्ली",
      "sentence": 26,
      "start": 1638,
      "end": 1642,
      "confidence": 1.0
    },
    {
      "id": 124,
      "text": "राष्ट्रपतीपद",
      "sentence": 26,
      "start": 1670,
      "end": 1684,
      "confidence": 1.0
    },
    {
      "id": 125,
      "text": "मतदान",
      "sentence": 26,
      "start": 1689,
      "end": 1693,
      "confidence": 1.0
    },
    {
      "id": 126,
      "text": "गणपती",
      "sentence": 27,
      "start": 1704,
      "end": 1709,
      "confidence": 1.0
    },
    {
      "id": 127,
      "text": "व्यास",
      "sentence": 27,
      "start": 1718,
      "end": 1721,
      "confidence": 1.0
    },
    {
      "id": 128,
      "text": "वाल्मिकी",
      "sentence": 27,
      "start": 1729,
      "end": 1735,
      "confidence": 1.0
    },
    {
      "id": 129,
      "text": "तुकाराम",
      "sentence": 27,
      "start": 1743,
      "end": 1749,
      "confidence": 1.0
    },
    {
      "id": 130,
      "text": "रामदास",
      "sentence": 27,
      "start": 1757,
      "end": 1762,
      "confidence": 1.0
    },
    {
      "id": 131,
      "text": "ज्ञानेश्वर",
      "sentence": 27,
      "start": 1770,
      "end": 1777,
      "confidence": 1.0
    },
    {
      "id": 132,
      "text": "भाषा",
      "sentence": 27,
      "start": 1785,
      "end": 1792,
      "confidence": 1.0
    },
    {
      "id": 133,
      "text": "कलाकृती",
      "sentence": 27,
      "start": 1793,
      "end": 1802,
      "confidence": 1.0
    },
    {
      "id": 134,
      "text": "संबंध",
      "sentence": 27,
      "start": 1809,
      "end": 1813,
      "confidence": 1.0
    },
    {
      "id": 135,
      "text": "पाणी",
      "sentence": 28,
      "start": 1833,
      "end": 1836,
      "confidence": 1.0
    },
    {
      "id": 136,
      "text": "भातशेती",
      "sentence": 28,
      "start": 1837,
      "end": 1845,
      "confidence": 1.0
    },
    {
      "id": 137,
      "text": "नुकसान",
      "sentence": 28,
      "start": 1855,
      "end": 1860,
      "confidence": 1.0
    },
    {
      "id": 138,
      "text": "Loading",
      "sentence": 29,
      "start": 1867,
      "end": 1874,
      "confidence": 1.0
    }
  ],
  "clusters": [
    [
      50,
      51,
      53
    ],
    [
      55,
      56
    ],
    [
      65,
      66
    ],
    [
      69,
      70,
      71
    ],
    [
      72,
      73
    ],
    [
      74,
      75
    ],
    [
      76,
      77,
      78,
      79,
      80
    ],
    [
      81,
      82
    ],
    [
      95,
      99
    ],
    [
      107,
      110
    ],
    [
      117,
      120
    ],
    [
      126,
      127
    ]
  ]
}