{
  "document_id": "document_133",
  "sentences": [
    "तानसा धरणाखाली मुंबई महापालिकेचीवीजनिर्मिती, १८ लाखांची बचत",
    "दोन्ही कंपन्यांच्या बोर्डच्या बैठकांविशयी स्टॉक एक्सचेंजला सूचना देण्यात आल्या आहेत.",
    "यामध्ये नगर तालुका खरेदी विक्री संघ (रूईछत्तीशी) 3 लाख 90 हजार, झुलेलाल मजूर संस्था (साकत) 15 हजार 520, वैभव नागरी पतसंस्था (हातवळण)- 1 लाख 77 हजार 700, मानव आधार प्रतिष्ठान (मठपिंप्री) 41 हजार 275, वैभव नागरी पतसंस्था (तांदळी वडगाव) 17 हजार 645, गुणवाडी सेवा सोसायटी- 12 हजार 40, यशांजली ग्रामीण बिगरशेती पतसंस्था (घोसपुरी) 1 लाख 34 हजार 645, सारोळा कासार सोसायटी -3 लाख 34 हजार 530, पद्मावती बहुउद्देशीय संस्था (घोसपुरी) 55 हजार 150, कानिफनाथ मजूर सहकारी पतसंस्था (निमगाव वाघा) 1 लाख 11 हजार 990, चास सेवा सोसायटी – 8 हजार 870, विशाल सहकारी दूध उत्पादक संस्था (सारोळा कासार) 1 लाख 10 हजार 790.",
    "एकूण – 14 लाख 10 हजार 210.",
    "आपण या दुर्गम प्रदेश वर काम अमलात आणणे हेतू असल्यास, तो भाड्याने करावे लागेल जे ड्रिलिंग कृत्रिम वध, वापर करणे आवश्यक आहे.",
    "संतांनी दिलेला हा विचार जोपर्यंत प्रत्यक्षात येत नाही तोपर्यंत शांती, स्थिरता, आनंद भरभरून वाट्याला येणे अवघड आहे.",
    "संशयीत आरोपी गणेश लक्ष्मण पुरी (वय 34) व त्याची पत्नी तेथे आले.",
    "एसबीआयने 7 पासून 45 दिवसांच्या ठेवीवरील व्याजदर 5.25 टक्क्यांवरून 5.75 टक्क्यांवर नेले आहे.",
    "ते आम्ही, चुकीचा आहे असे सिद्ध होईल बाऊ किंवा चुकीचे करू सक्ती की एक स्वप्न पाठवू शकता.",
    "झिम्बाब्वेला हरवले तरी भारताला त्यांचे आव्हान सहज परतवता आले नाही.",
    "मात्र आतापर्यंत तिच्या नवऱ्याचा फोटो किंवा व्हिडीओसुद्धा अजुन बाहेर आलेला नाही.",
    "पालकमंत्री विजय वडेट्टीवार यांना नाव टाकण्यासंदर्भात विचारणाही करण्यात आली नाही.",
    "तर दोस्तहो खाली दिलेले फोटोग्राफीसाठीचे चकटफू अॅप्स स्वतः च वापरून बघा."
  ],
  "mentions": [
    {
      "id": 0,
      "text": "तानसा",
      "sentence": 0,
      "start": 0,
      "end": 5,
      "confidence": 1.0
    },
    {
      "id": 1,
      "text": "मुंबई",
      "sentence": 0,
      "start": 16,
      "end": 21,
      "confidence": 1.0
    },
    {
      "id": 2,
      "text": "महापालिका",
      "sentence": 0,
      "start": 22,
      "end": 30,
      "confidence": 1.0
    },
    {
      "id": 3,
      "text": "वीजनिर्मिती",
      "sentence": 0,
      "start": 30,
      "end": 39,
      "confidence": 1.0
    },
    {
      "id": 4,
      "text": "कंपन्या",
      "sentence": 1,
      "start": 64,
      "end": 70,
      "confidence": 1.0
    },
    {
      "id": 5,
      "text": "बैठका",
      "sentence": 1,
      "start": 82,
      "end": 87,
      "confidence": 1.0
    },
    {
      "id": 6,
      "text": "स्टॉक",
      "sentence": 1,
      "start": 93,
      "end": 98,
      "confidence": 1.0
    },
    {
      "id": 7,
      "text": "एक्सचेंज",
      "sentence": 1,
      "start": 99,
      "end": 106,
      "confidence": 1.0
    },
    {
      "id": 8,
      "text": "सूचना",
      "sentence": 1,
      "start": 107,
      "end": 112,
      "confidence": 1.0
    },
    {
      "id": 9,
      "text": "संस्था",
      "sentence": 2,
      "start": 186,
      "end": 191,
      "confidence": 1.0
    },
    {
      "id": 10,
      "text": "वैभव",
      "sentence": 2,
      "start": 209,
      "end": 214,
      "confidence": 1.0
    },
    {
      "id": 11,
      "text": "पतसंस्था",
      "sentence": 2,
      "start": 221,
      "end": 227,
      "confidence": 1.0
    },
    {
      "id": 12,
      "text": "मानव",
      "sentence": 2,
      "start": 268,
      "end": 272,
      "confidence": 1.0
    },
    {
      "id": 13,
      "text": "प्रतिष्ठान",
      "sentence": 2,
      "start": 278,
      "end": 286,
      "confidence": 1.0
    },
    {
      "id": 14,
      "text": "वैभव",
      "sentence": 2,
      "start": 306,
      "end": 311,
      "confidence": 1.0
    },
    {
      "id": 15,
      "text": "पतसंस्था",
      "sentence": 2,
      "start": 318,
      "end": 324,
      "confidence": 1.0
    },
    {
      "id": 16,
      "text": "गुणवाडी",
      "sentence": 2,
      "start": 346,
      "end": 352,
      "confidence": 1.0
    },
    {
      "id": 17,
      "text": "सोसायटी",
      "sentence": 2,
      "start": 357,
      "end": 363,
      "confidence": 1.0
    },
    {
      "id": 18,
      "text": "यशांजली",
      "sentence": 2,
      "start": 381,
      "end": 388,
      "confidence": 1.0
    },
    {
      "id": 19,
      "text": "पतसंस्था",
      "sentence": 2,
      "start": 403,
      "end": 409,
      "confidence": 1.0
    },
    {
      "id": 20,
      "text": "सोसायटी",
      "sentence": 2,
      "start": 443,
      "end": 449,
      "confidence": 1.0
    },
    {
      "id": 21,
      "text": "पद्मावती",
      "sentence": 2,
      "start": 470,
      "end": 477,
      "confidence": 1.0
    },
    {
      "id": 22,
      "text": "संस्था",
      "sentence": 2,
      "start": 487,
      "end": 492,
      "confidence": 1.0
    },
    {
      "id": 23,
      "text": "कानिफनाथ",
      "sentence": 2,
      "start": 513,
      "end": 521,
      "confidence": 1.0
    },
    {
      "id": 24,
      "text": "पतसंस्था",
      "sentence": 2,
      "start": 536,
      "end": 542,
      "confidence": 1.0
    },
    {
      "id": 25,
      "text": "सोसायटी",
      "sentence": 2,
      "start": 571,
      "end": 577,
      "confidence": 1.0
    },
    {
      "id": 26,
      "text": "विशाल",
      "sentence": 2,
      "start": 596,
      "end": 601,
      "confidence": 1.0
    },
    {
      "id": 27,
      "text": "संस्था",
      "sentence": 2,
      "start": 624,
      "end": 629,
      "confidence": 1.0
    },
    {
      "id": 28,
      "text": "आपण",
      "sentence": 4,
      "start": 750,
      "end": 754,
      "confidence": 1.0
    },
    {
      "id": 29,
      "text": "प्रदेश",
      "sentence": 4,
      "start": 761,
      "end": 766,
      "confidence": 1.0
    },
    {
      "id": 30,
      "text": "हेतू",
      "sentence": 4,
      "start": 785,
      "end": 789,
      "confidence": 1.0
    },
    {
      "id": 31,
      "text": "तो",
      "sentence": 4,
      "start": 798,
      "end": 800,
      "confidence": 1.0
    },
    {
      "id": 32,
      "text": "ड्रिलिंग",
      "sentence": 4,
      "start": 820,
      "end": 827,
      "confidence": 1.0
    },
    {
      "id": 33,
      "text": "वापर",
      "sentence": 4,
      "start": 840,
      "end": 844,
      "confidence": 1.0
    },
    {
      "id": 34,
      "text": "विचार",
      "sentence": 5,
      "start": 869,
      "end": 873,
      "confidence": 1.0
    },
    {
      "id": 35,
      "text": "शांती",
      "sentence": 5,
      "start": 905,
      "end": 910,
      "confidence": 1.0
    },
    {
      "id": 36,
      "text": "स्थिरता",
      "sentence": 5,
      "start": 912,
      "end": 918,
      "confidence": 1.0
    },
    {
      "id": 37,
      "text": "आनंद",
      "sentence": 5,
      "start": 920,
      "end": 924,
      "confidence": 1.0
    },
    {
      "id": 38,
      "text": "आरोपी",
      "sentence": 6,
      "start": 942,
      "end": 947,
      "confidence": 1.0
    },
    {
      "id": 39,
      "text": "गणेश",
      "sentence": 6,
      "start": 948,
      "end": 953,
      "confidence": 1.0
    },
    {
      "id": 40,
      "text": "लक्ष्मण",
      "sentence": 6,
      "start": 954,
      "end": 959,
      "confidence": 1.0
    },
    {
      "id": 41,
      "text": "पत्नी",
      "sentence": 6,
      "start": 978,
      "end": 982,
      "confidence": 1.0
    },
    {
      "id": 42,
      "text": "एसबीआय",
      "sentence": 7,
      "start": 991,
      "end": 996,
      "confidence": 1.0
    },
    {
      "id": 43,
      "text": "व्याजदर",
      "sentence": 7,
      "start": 1018,
      "end": 1024,
      "confidence": 1.0
    },
    {
      "id": 44,
      "text": "ते",
      "sentence": 8,
      "start": 1056,
      "end": 1058,
      "confidence": 1.0
    },
    {
      "id": 45,
      "text": "आम्ही",
      "sentence": 8,
      "start": 1059,
      "end": 1063,
      "confidence": 1.0
    },
    {
      "id": 46,
      "text": "सक्ती",
      "sentence": 8,
      "start": 1099,
      "end": 1103,
      "confidence": 1.0
    },
    {
      "id": 47,
      "text": "स्वप्न",
      "sentence": 8,
      "start": 1109,
      "end": 1113,
      "confidence": 1.0
    },
    {
      "id": 48,
      "text": "झिम्बाब्वे",
      "sentence": 9,
      "start": 1121,
      "end": 1129,
      "confidence": 1.0
    },
    {
      "id": 49,
      "text": "भारत",
      "sentence": 9,
      "start": 1141,
      "end": 1145,
      "confidence": 1.0
    },
    {
      "id": 50,
      "text": "त्यांचे",
      "sentence": 9,
      "start": 1146,
      "end": 1151,
      "confidence": 1.0
    },
    {
      "id": 51,
      "text": "आव्हान",
      "sentence": 9,
      "start": 1152,
      "end": 1157,
      "confidence": 1.0
    },
    {
      "id": 52,
      "text": "तिच्या",
      "sentence": 10,
      "start": 1174,
      "end": 1179,
      "confidence": 1.0
    },
    {
      "id": 53,
      "text": "नवरा",
      "sentence": 10,
      "start": 1180,
      "end": 1184,
      "confidence": 1.0
    },
    {
      "id": 54,
      "text": "फोटो",
      "sentence": 10,
      "start": 1188,
      "end": 1192,
      "confidence": 1.0
    },
    {
      "id": 55,
      "text": "व्हिडीओ",
      "sentence": 10,
      "start": 1199,
      "end": 1204,
      "confidence": 1.0
    },
    {
      "id": 56,
      "text": "पालकमंत्री",
      "sentence": 11,
      "start": 1241,
      "end": 1250,
      "confidence": 1.0
    },
    {
      "id": 57,
      "text": "वडेट्टीवार",
      "sentence": 11,
      "start": 1256,
      "end": 1264,
      "confidence": 1.0
    },
    {
      "id": 58,
      "text": "विचारणा",
      "sentence": 11,
      "start": 1287,
      "end": 1293,
      "confidence": 1.0
    },
    {
      "id": 59,
      "text": "दोस्तहो",
      "sentence": 12,
      "start": 1316,
      "end": 1322,
      "confidence": 1.0
    },
    {
      "id": 60,
      "text": "फोटोग्राफी",
      "sentence": 12,
      "start": 1334,
      "end": 1343,
      "confidence": 1.0
    },
    {
      "id": 61,
      "text": "अॅप्स",
      "sentence": 12,
      "start": 1348,
      "end": 1352,
      "confidence": 1.0
    },
    {
      "id": 62,
      "text": "स्वतः",
      "sentence": 12,
      "start": 1353,
      "end": 1357,
      "confidence": 1.0
    }
  ],
  "clusters": [
    [
      2,
      3
    ],
    [
      13,
      14
    ],
    [
      15,
      16
    ],
    [
      17,
      18,
      21,
      22
    ],
    [
      19,
      20
    ],
    [
      23,
      24
    ],
    [
      25,
      26
    ],
    [
      27,
      28
    ],
    [
      29,
      30
    ],
    [
      31,
      32
    ],
    [
      33,
      34
    ],
    [
      35,
      36
    ],
    [
      52,
      53,
      54,
      55
    ]
  ]
}