{
  "document_id": "document_214",
  "sentences": [
    "Pulwama पाकिस्तानची आर्थिक नाकेबंदी, हिंदुस्थानने कस्टम ड्युटी केली 200 टक्के",
    "कार्यक्रमात श्रीमंत पाटील, मानसिंग पाटील यांनीही मनोगते व्यक्त केली.",
    "जायकवाडी पाणीपुरवठा योजनेची लाईन सुरू असताना लोकांनी अंबड- पैठण रस्त्यावरील थेरगावजवळ पाईपलाईनचा एअर व्हॉल्व्ह काल मंगळवारी फोडल्याने जुना जालन्याचा पाणीपुरवठा ठप्प झाला.",
    "भाटघर धरण प्रकल्प ग्रस्तांना प्रकल्पग्रस्त असल्याचे दाखले मिळणे कामी मौजे करंदी बुद्रूक येथे आमदार संग्राम थोपटे यांनी भोरचे उपविभागीय अधिकारी राजेंद्रकुमार जाधव व तहसीलदार संदीप पाटील यांच्या समवेत मेळावा आयोजित करुन प्रकल्प बाधितांनी प्रकल्पग्रस्त असल्याचे दाखले कसे काढावेत, व त्यासाठी आवश्‍यक असणारी कागदपञे या विषयी सखोल माहिती देण्यात आली होती.",
    "यात वाढ झाल्याने एसबीआयचा समभाग शुक्रवारी घसरला.",
    "येथे जयपूर रिंगरोडपासून अलवर आणि सवाई माधोपूरमार्गे मध्य प्रदेश व गुजरातमध्ये वडोदरा असा प्रवेश करत ठाणेमार्गे मुंबईपर्यंत हा महामार्ग जाणार आहे, असे गडकरी यांनी सांगितले.",
    "त्यातच विश्‍वचषकाचे अर्थकारण पाहाता आयसीसीने सर्व सामन्यांसाठीच्या तिकीट दरांमध्ये भारत आणि इंग्लंड यांच्या सामन्यांसाठीचे तिकीट दर जादा ठेवले असून इतर संघांच्या सामन्यासाठी तिकीट दर हे कमी आहेत.",
    "यात कृषी संशोधन, तंत्रज्ञान आणि विस्तार यांचा मोलाचा वाटा आहे.",
    "वेणुनादांत नादब्रह्माची उपासना करीत गोपी तन्मय होऊन गेल्या.",
    "त्यावेळी सभापती तेली यांनी पाण्यासारखा गंभीर विषय असल्याने ही योजना त्वरीत कार्यान्वित करण्याचे आदेश ग्रामीण पाणीपुरवठा विभागाला दिले आहेत.",
    "तसच राज ठाकरेंना पाठिंबा देण्याचं आवाहन करण्यात आलंय.",
    "राज्यातल्या साखर कारखानदारीला गेल्या १०० वर्षांत स्थैर्य प्राप्त झालेले नाही.",
    "अमेरिकेतील कोलोराडोमधील न्यायालयाने हा ऐतिहासिक निर्णय दिला आहे.",
    "आपल्या श्रोत्यांच्या आवडीनिवडीनुसार, कोणत्या प्रकारची गाणी किंवा कोणत्या गायकाची गाणी कोणत्या चॅनेलवर प्रसारित करायची याची सोय ‘पान्डोरा’ करून देते.",
    "तर शंतनु रोडे यांनी पटकथेत बाधले आहे.",
    "गांधी यांचे चिरंजीव सुवेंद्र गांधी हे इच्छुक आहे.",
    "उन्हे आणखी निटसी उतरली नव्हती अगदी इतक्या भल्या सकाळी मी त्याच्या शेतावर पोचलो, थंडीने अंग गारठून गेलेलं त्याने अवस्था बघून तीन लाकडावर लगेच चहाचे भागोनो ठेवले…",
    "पद्मावत सिनेमा वादात सापडल्यानंतर सिनेमातील कलाकारांनी सिनेमावर किंवा सिनेमातील वादावर प्रतिक्रिया देणं टाळलं होतं.",
    "चीनमधील चार पैकी एक तरुण हा अफूचा व्यसनाने ग्रस्त झाला होता.",
    "त्या दोघांनी त्यांच्याकडे असलेल्या अडीच किलोच्या सोन्याच्या लगडी ९ लाख रुपयांना विकायच्या असल्याचे सांगितले.",
    "या वेळी, त्याचे यश \"अदृश्य मॅन 'अमेरिकन वैज्ञानिक कल्पनारम्य मालिका आणली आहे.",
    "हवे असल्‍यास यावर नितेश राणे यांचे मत जाणून घ्यावे, असा टोलाही परब यांनी लगावला.",
    "त्याला महिलांचा उत्स्फूर्त प्रतिसाद लाभला.",
    "चोऱ्या वाढल्याने व्यापारी वर्गात भितीचे वातावरण निर्माण झाले आहे.",
    "अर्थात, या संदर्भात सर्वात अनुभवी विशेषज्ञ राजधानी, एक विशेष नाविन्यपूर्ण उपकरणे डोळयांसंबधी वैद्यकीय संस्था अनेक घरे कोणत्या आहेत.",
    "त्यानंतर कर्नाटक येथील कॉलेजचाही पर्याय ठेवू असे सांगून कर्नाटक एक्जामिनेशन ऍथॉरिटी येथे रजिस्टेशन करण्यास सांगितले.",
    "युवराज सिंग म्हणतो."
  ],
  "mentions": [
    {
      "id": 0,
      "text": "पाकिस्तान",
      "sentence": 0,
      "start": 9,
      "end": 17,
      "confidence": 1.0
    },
    {
      "id": 1,
      "text": "हिंदुस्थान",
      "sentence": 0,
      "start": 34,
      "end": 42,
      "confidence": 1.0
    },
    {
      "id": 2,
      "text": "कार्यक्रम",
      "sentence": 1,
      "start": 71,
      "end": 78,
      "confidence": 1.0
    },
    {
      "id": 3,
      "text": "पाटील",
      "sentence": 1,
      "start": 89,
      "end": 94,
      "confidence": 1.0
    },
    {
      "id": 4,
      "text": "पाटील",
      "sentence": 1,
      "start": 106,
      "end": 111,
      "confidence": 1.0
    },
    {
      "id": 5,
      "text": "यांनी",
      "sentence": 1,
      "start": 114,
      "end": 118,
      "confidence": 1.0
    },
    {
      "id": 6,
      "text": "मनोगते",
      "sentence": 1,
      "start": 121,
      "end": 127,
      "confidence": 1.0
    },
    {
      "id": 7,
      "text": "जायकवाडी",
      "sentence": 2,
      "start": 137,
      "end": 145,
      "confidence": 1.0
    },
    {
      "id": 8,
      "text": "पाणीपुरवठा",
      "sentence": 2,
      "start": 146,
      "end": 154,
      "confidence": 1.0
    },
    {
      "id": 9,
      "text": "योजना",
      "sentence": 2,
      "start": 155,
      "end": 160,
      "confidence": 1.0
    },
    {
      "id": 10,
      "text": "लाईन",
      "sentence": 2,
      "start": 163,
      "end": 168,
      "confidence": 1.0
    },
    {
      "id": 11,
      "text": "पैठण",
      "sentence": 2,
      "start": 195,
      "end": 200,
      "confidence": 1.0
    },
    {
      "id": 12,
      "text": "रस्ता",
      "sentence": 2,
      "start": 208,
      "end": 212,
      "confidence": 1.0
    },
    {
      "id": 13,
      "text": "थेरगाव",
      "sentence": 2,
      "start": 219,
      "end": 226,
      "confidence": 1.0
    },
    {
      "id": 14,
      "text": "पाईपलाईन",
      "sentence": 2,
      "start": 233,
      "end": 241,
      "confidence": 1.0
    },
    {
      "id": 15,
      "text": "व्हॉल्व्ह",
      "sentence": 2,
      "start": 248,
      "end": 253,
      "confidence": 1.0
    },
    {
      "id": 16,
      "text": "जालना",
      "sentence": 2,
      "start": 285,
      "end": 290,
      "confidence": 1.0
    },
    {
      "id": 17,
      "text": "पाणीपुरवठा",
      "sentence": 2,
      "start": 294,
      "end": 302,
      "confidence": 1.0
    },
    {
      "id": 18,
      "text": "भाटघर",
      "sentence": 3,
      "start": 309,
      "end": 316,
      "confidence": 1.0
    },
    {
      "id": 19,
      "text": "प्रकल्प",
      "sentence": 3,
      "start": 322,
      "end": 327,
      "confidence": 1.0
    },
    {
      "id": 20,
      "text": "दाखले",
      "sentence": 3,
      "start": 357,
      "end": 362,
      "confidence": 1.0
    },
    {
      "id": 21,
      "text": "करंदी",
      "sentence": 3,
      "start": 380,
      "end": 385,
      "confidence": 1.0
    },
    {
      "id": 22,
      "text": "बुद्रूक",
      "sentence": 3,
      "start": 386,
      "end": 391,
      "confidence": 1.0
    },
    {
      "id": 23,
      "text": "आमदार",
      "sentence": 3,
      "start": 397,
      "end": 402,
      "confidence": 1.0
    },
    {
      "id": 24,
      "text": "संग्राम",
      "sentence": 3,
      "start": 403,
      "end": 408,
      "confidence": 1.0
    },
    {
      "id": 25,
      "text": "यांनी",
      "sentence": 3,
      "start": 417,
      "end": 421,
      "confidence": 1.0
    },
    {
      "id": 26,
      "text": "अधिकारी",
      "sentence": 3,
      "start": 440,
      "end": 446,
      "confidence": 1.0
    },
    {
      "id": 27,
      "text": "राजेंद्रकुमार",
      "sentence": 3,
      "start": 447,
      "end": 457,
      "confidence": 1.0
    },
    {
      "id": 28,
      "text": "जाधव",
      "sentence": 3,
      "start": 458,
      "end": 463,
      "confidence": 1.0
    },
    {
      "id": 29,
      "text": "तहसीलदार",
      "sentence": 3,
      "start": 469,
      "end": 477,
      "confidence": 1.0
    },
    {
      "id": 30,
      "text": "संदीप",
      "sentence": 3,
      "start": 478,
      "end": 483,
      "confidence": 1.0
    },
    {
      "id": 31,
      "text": "पाटील",
      "sentence": 3,
      "start": 484,
      "end": 489,
      "confidence": 1.0
    },
    {
      "id": 32,
      "text": "मेळावा",
      "sentence": 3,
      "start": 504,
      "end": 509,
      "confidence": 1.0
    },
    {
      "id": 33,
      "text": "प्रकल्प",
      "sentence": 3,
      "start": 521,
      "end": 526,
      "confidence": 1.0
    },
    {
      "id": 34,
      "text": "बाधित",
      "sentence": 3,
      "start": 530,
      "end": 534,
      "confidence": 1.0
    },
    {
      "id": 35,
      "text": "दाखले",
      "sentence": 3,
      "start": 554,
      "end": 559,
      "confidence": 1.0
    },
    {
      "id": 36,
      "text": "कागदपञे",
      "sentence": 3,
      "start": 589,
      "end": 597,
      "confidence": 1.0
    },
    {
      "id": 37,
      "text": "माहिती",
      "sentence": 3,
      "start": 612,
      "end": 617,
      "confidence": 1.0
    },
    {
      "id": 38,
      "text": "एसबीआय",
      "sentence": 4,
      "start": 651,
      "end": 656,
      "confidence": 1.0
    },
    {
      "id": 39,
      "text": "समभाग",
      "sentence": 4,
      "start": 659,
      "end": 664,
      "confidence": 1.0
    },
    {
      "id": 40,
      "text": "जयपूर",
      "sentence": 5,
      "start": 682,
      "end": 687,
      "confidence": 1.0
    },
    {
      "id": 41,
      "text": "रिंगरोड",
      "sentence": 5,
      "start": 688,
      "end": 695,
      "confidence": 1.0
    },
    {
      "id": 42,
      "text": "सवाई",
      "sentence": 5,
      "start": 713,
      "end": 716,
      "confidence": 1.0
    },
    {
      "id": 43,
      "text": "मध्य",
      "sentence": 5,
      "start": 729,
      "end": 732,
      "confidence": 1.0
    },
    {
      "id": 44,
      "text": "प्रदेश",
      "sentence": 5,
      "start": 733,
      "end": 738,
      "confidence": 1.0
    },
    {
      "id": 45,
      "text": "वडोदरा",
      "sentence": 5,
      "start": 752,
      "end": 757,
      "confidence": 1.0
    },
    {
      "id": 46,
      "text": "प्रवेश",
      "sentence": 5,
      "start": 764,
      "end": 768,
      "confidence": 1.0
    },
    {
      "id": 47,
      "text": "मुंबई",
      "sentence": 5,
      "start": 785,
      "end": 789,
      "confidence": 1.0
    },
    {
      "id": 48,
      "text": "महामार्ग",
      "sentence": 5,
      "start": 795,
      "end": 801,
      "confidence": 1.0
    },
    {
      "id": 49,
      "text": "गडकरी",
      "sentence": 5,
      "start": 813,
      "end": 818,
      "confidence": 1.0
    },
    {
      "id": 50,
      "text": "यांनी",
      "sentence": 5,
      "start": 821,
      "end": 825,
      "confidence": 1.0
    },
    {
      "id": 51,
      "text": "विश्‍वचषक",
      "sentence": 6,
      "start": 845,
      "end": 852,
      "confidence": 1.0
    },
    {
      "id": 52,
      "text": "अर्थकारण",
      "sentence": 6,
      "start": 856,
      "end": 862,
      "confidence": 1.0
    },
    {
      "id": 53,
      "text": "आयसीसी",
      "sentence": 6,
      "start": 869,
      "end": 874,
      "confidence": 1.0
    },
    {
      "id": 54,
      "text": "सामना",
      "sentence": 6,
      "start": 882,
      "end": 886,
      "confidence": 1.0
    },
    {
      "id": 55,
      "text": "तिकीट",
      "sentence": 6,
      "start": 893,
      "end": 897,
      "confidence": 1.0
    },
    {
      "id": 56,
      "text": "भारत",
      "sentence": 6,
      "start": 914,
      "end": 918,
      "confidence": 1.0
    },
    {
      "id": 57,
      "text": "इंग्लंड",
      "sentence": 6,
      "start": 922,
      "end": 927,
      "confidence": 1.0
    },
    {
      "id": 58,
      "text": "सामना",
      "sentence": 6,
      "start": 942,
      "end": 946,
      "confidence": 1.0
    },
    {
      "id": 59,
      "text": "तिकीट",
      "sentence": 6,
      "start": 953,
      "end": 957,
      "confidence": 1.0
    },
    {
      "id": 60,
      "text": "सामना",
      "sentence": 6,
      "start": 982,
      "end": 986,
      "confidence": 1.0
    },
    {
      "id": 61,
      "text": "तिकीट",
      "sentence": 6,
      "start": 987,
      "end": 991,
      "confidence": 1.0
    },
    {
      "id": 62,
      "text": "कृषी",
      "sentence": 7,
      "start": 1009,
      "end": 1012,
      "confidence": 1.0
    },
    {
      "id": 63,
      "text": "संशोधन",
      "sentence": 7,
      "start": 1013,
      "end": 1019,
      "confidence": 1.0
    },
    {
      "id": 64,
      "text": "तंत्रज्ञान",
      "sentence": 7,
      "start": 1021,
      "end": 1028,
      "confidence": 1.0
    },
    {
      "id": 65,
      "text": "विस्तार",
      "sentence": 7,
      "start": 1032,
      "end": 1037,
      "confidence": 1.0
    },
    {
      "id": 66,
      "text": "वाटा",
      "sentence": 7,
      "start": 1050,
      "end": 1053,
      "confidence": 1.0
    },
    {
      "id": 67,
      "text": "वेणुनाद",
      "sentence": 8,
      "start": 1063,
      "end": 1069,
      "confidence": 1.0
    },
    {
      "id": 68,
      "text": "नादब्रह्म",
      "sentence": 8,
      "start": 1074,
      "end": 1081,
      "confidence": 1.0
    },
    {
      "id": 69,
      "text": "उपासना",
      "sentence": 8,
      "start": 1085,
      "end": 1090,
      "confidence": 1.0
    },
    {
      "id": 70,
      "text": "गोपी",
      "sentence": 8,
      "start": 1097,
      "end": 1100,
      "confidence": 1.0
    },
    {
      "id": 71,
      "text": "सभापती",
      "sentence": 9,
      "start": 1120,
      "end": 1126,
      "confidence": 1.0
    },
    {
      "id": 72,
      "text": "यांनी",
      "sentence": 9,
      "start": 1134,
      "end": 1138,
      "confidence": 1.0
    },
    {
      "id": 73,
      "text": "पाणी",
      "sentence": 9,
      "start": 1141,
      "end": 1144,
      "confidence": 1.0
    },
    {
      "id": 74,
      "text": "विषय",
      "sentence": 9,
      "start": 1152,
      "end": 1156,
      "confidence": 1.0
    },
    {
      "id": 75,
      "text": "योजना",
      "sentence": 9,
      "start": 1165,
      "end": 1169,
      "confidence": 1.0
    },
    {
      "id": 76,
      "text": "ग्रामीण",
      "sentence": 9,
      "start": 1196,
      "end": 1201,
      "confidence": 1.0
    },
    {
      "id": 77,
      "text": "पाणीपुरवठा",
      "sentence": 9,
      "start": 1202,
      "end": 1210,
      "confidence": 1.0
    },
    {
      "id": 78,
      "text": "विभाग",
      "sentence": 9,
      "start": 1211,
      "end": 1215,
      "confidence": 1.0
    },
    {
      "id": 79,
      "text": "ठाकरे",
      "sentence": 10,
      "start": 1230,
      "end": 1235,
      "confidence": 1.0
    },
    {
      "id": 80,
      "text": "पाठिंबा",
      "sentence": 10,
      "start": 1239,
      "end": 1245,
      "confidence": 1.0
    },
    {
      "id": 81,
      "text": "आवाहन",
      "sentence": 10,
      "start": 1256,
      "end": 1261,
      "confidence": 1.0
    },
    {
      "id": 82,
      "text": "राज्य",
      "sentence": 11,
      "start": 1271,
      "end": 1274,
      "confidence": 1.0
    },
    {
      "id": 83,
      "text": "साखर",
      "sentence": 11,
      "start": 1278,
      "end": 1282,
      "confidence": 1.0
    },
    {
      "id": 84,
      "text": "कारखानदारी",
      "sentence": 11,
      "start": 1283,
      "end": 1291,
      "confidence": 1.0
    },
    {
      "id": 85,
      "text": "वर्ष",
      "sentence": 11,
      "start": 1301,
      "end": 1303,
      "confidence": 1.0
    },
    {
      "id": 86,
      "text": "स्थैर्य",
      "sentence": 11,
      "start": 1307,
      "end": 1311,
      "confidence": 1.0
    },
    {
      "id": 87,
      "text": "अमेरिका",
      "sentence": 12,
      "start": 1320,
      "end": 1324,
      "confidence": 1.0
    },
    {
      "id": 88,
      "text": "न्यायालय",
      "sentence": 12,
      "start": 1342,
      "end": 1347,
      "confidence": 1.0
    },
    {
      "id": 89,
      "text": "निर्णय",
      "sentence": 12,
      "start": 1362,
      "end": 1366,
      "confidence": 1.0
    },
    {
      "id": 90,
      "text": "आपल्या",
      "sentence": 13,
      "start": 1378,
      "end": 1383,
      "confidence": 1.0
    },
    {
      "id": 91,
      "text": "श्रोता",
      "sentence": 13,
      "start": 1387,
      "end": 1390,
      "confidence": 1.0
    },
    {
      "id": 92,
      "text": "आवडनिवड",
      "sentence": 13,
      "start": 1394,
      "end": 1401,
      "confidence": 1.0
    },
    {
      "id": 93,
      "text": "प्रकार",
      "sentence": 13,
      "start": 1411,
      "end": 1414,
      "confidence": 1.0
    },
    {
      "id": 94,
      "text": "गाणी",
      "sentence": 13,
      "start": 1418,
      "end": 1421,
      "confidence": 1.0
    },
    {
      "id": 95,
      "text": "गायक",
      "sentence": 13,
      "start": 1434,
      "end": 1437,
      "confidence": 1.0
    },
    {
      "id": 96,
      "text": "गाणी",
      "sentence": 13,
      "start": 1441,
      "end": 1444,
      "confidence": 1.0
    },
    {
      "id": 97,
      "text": "चॅनेल",
      "sentence": 13,
      "start": 1454,
      "end": 1458,
      "confidence": 1.0
    },
    {
      "id": 98,
      "text": "पान्डोरा",
      "sentence": 13,
      "start": 1481,
      "end": 1487,
      "confidence": 1.0
    },
    {
      "id": 99,
      "text": "शंतनु",
      "sentence": 14,
      "start": 1496,
      "end": 1501,
      "confidence": 1.0
    },
    {
      "id": 100,
      "text": "रोडे",
      "sentence": 14,
      "start": 1502,
      "end": 1506,
      "confidence": 1.0
    },
    {
      "id": 101,
      "text": "यांनी",
      "sentence": 14,
      "start": 1509,
      "end": 1513,
      "confidence": 1.0
    },
    {
      "id": 102,
      "text": "पटकथा",
      "sentence": 14,
      "start": 1515,
      "end": 1520,
      "confidence": 1.0
    },
    {
      "id": 103,
      "text": "गांधी",
      "sentence": 15,
      "start": 1530,
      "end": 1534,
      "confidence": 1.0
    },
    {
      "id": 104,
      "text": "चिरंजीव",
      "sentence": 15,
      "start": 1541,
      "end": 1546,
      "confidence": 1.0
    },
    {
      "id": 105,
      "text": "सुवेंद्र",
      "sentence": 15,
      "start": 1547,
      "end": 1553,
      "confidence": 1.0
    },
    {
      "id": 106,
      "text": "गांधी",
      "sentence": 15,
      "start": 1554,
      "end": 1558,
      "confidence": 1.0
    },
    {
      "id": 107,
      "text": "उन्हे",
      "sentence": 16,
      "start": 1572,
      "end": 1575,
      "confidence": 1.0
    },
    {
      "id": 108,
      "text": "मी",
      "sentence": 16,
      "start": 1606,
      "end": 1607,
      "confidence": 1.0
    },
    {
      "id": 109,
      "text": "त्याच्या",
      "sentence": 16,
      "start": 1610,
      "end": 1615,
      "confidence": 1.0
    },
    {
      "id": 110,
      "text": "थंडी",
      "sentence": 16,
      "start": 1631,
      "end": 1634,
      "confidence": 1.0
    },
    {
      "id": 111,
      "text": "त्याने",
      "sentence": 16,
      "start": 1651,
      "end": 1654,
      "confidence": 1.0
    },
    {
      "id": 112,
      "text": "अवस्था",
      "sentence": 16,
      "start": 1655,
      "end": 1659,
      "confidence": 1.0
    },
    {
      "id": 113,
      "text": "लाकूड",
      "sentence": 16,
      "start": 1671,
      "end": 1675,
      "confidence": 1.0
    },
    {
      "id": 114,
      "text": "भागोनो",
      "sentence": 16,
      "start": 1689,
      "end": 1694,
      "confidence": 1.0
    },
    {
      "id": 115,
      "text": "पद्मावत",
      "sentence": 17,
      "start": 1704,
      "end": 1711,
      "confidence": 1.0
    },
    {
      "id": 116,
      "text": "सिनेमा",
      "sentence": 17,
      "start": 1712,
      "end": 1717,
      "confidence": 1.0
    },
    {
      "id": 117,
      "text": "सिनेमा",
      "sentence": 17,
      "start": 1734,
      "end": 1739,
      "confidence": 1.0
    },
    {
      "id": 118,
      "text": "कलाकार",
      "sentence": 17,
      "start": 1743,
      "end": 1748,
      "confidence": 1.0
    },
    {
      "id": 119,
      "text": "सिनेमा",
      "sentence": 17,
      "start": 1753,
      "end": 1758,
      "confidence": 1.0
    },
    {
      "id": 120,
      "text": "सिनेमा",
      "sentence": 17,
      "start": 1767,
      "end": 1772,
      "confidence": 1.0
    },
    {
      "id": 121,
      "text": "प्रतिक्रिया",
      "sentence": 17,
      "start": 1780,
      "end": 1785,
      "confidence": 1.0
    },
    {
      "id": 122,
      "text": "तरुण",
      "sentence": 18,
      "start": 1813,
      "end": 1816,
      "confidence": 1.0
    },
    {
      "id": 123,
      "text": "व्यसन",
      "sentence": 18,
      "start": 1832,
      "end": 1835,
      "confidence": 1.0
    },
    {
      "id": 124,
      "text": "त्या",
      "sentence": 19,
      "start": 1850,
      "end": 1852,
      "confidence": 1.0
    },
    {
      "id": 125,
      "text": "दोघे",
      "sentence": 19,
      "start": 1854,
      "end": 1857,
      "confidence": 1.0
    },
    {
      "id": 126,
      "text": "त्यांच्या",
      "sentence": 19,
      "start": 1863,
      "end": 1869,
      "confidence": 1.0
    },
    {
      "id": 127,
      "text": "किलो",
      "sentence": 19,
      "start": 1881,
      "end": 1884,
      "confidence": 1.0
    },
    {
      "id": 128,
      "text": "सोने",
      "sentence": 19,
      "start": 1888,
      "end": 1891,
      "confidence": 1.0
    },
    {
      "id": 129,
      "text": "रुपये",
      "sentence": 19,
      "start": 1909,
      "end": 1913,
      "confidence": 1.0
    },
    {
      "id": 130,
      "text": "त्याचे",
      "sentence": 20,
      "start": 1936,
      "end": 1940,
      "confidence": 1.0
    },
    {
      "id": 131,
      "text": "मालिका",
      "sentence": 20,
      "start": 1974,
      "end": 1978,
      "confidence": 1.0
    },
    {
      "id": 132,
      "text": "नितेश",
      "sentence": 21,
      "start": 1991,
      "end": 1996,
      "confidence": 1.0
    },
    {
      "id": 133,
      "text": "राणे",
      "sentence": 21,
      "start": 1997,
      "end": 2000,
      "confidence": 1.0
    },
    {
      "id": 134,
      "text": "यांचे",
      "sentence": 21,
      "start": 2002,
      "end": 2006,
      "confidence": 1.0
    },
    {
      "id": 135,
      "text": "टोला",
      "sentence": 21,
      "start": 2020,
      "end": 2023,
      "confidence": 1.0
    },
    {
      "id": 136,
      "text": "यांनी",
      "sentence": 21,
      "start": 2032,
      "end": 2036,
      "confidence": 1.0
    },
    {
      "id": 137,
      "text": "त्याला",
      "sentence": 22,
      "start": 2046,
      "end": 2049,
      "confidence": 1.0
    },
    {
      "id": 138,
      "text": "महिला",
      "sentence": 22,
      "start": 2053,
      "end": 2056,
      "confidence": 1.0
    },
    {
      "id": 139,
      "text": "प्रतिसाद",
      "sentence": 22,
      "start": 2065,
      "end": 2070,
      "confidence": 1.0
    },
    {
      "id": 140,
      "text": "चोऱ्या",
      "sentence": 23,
      "start": 2079,
      "end": 2083,
      "confidence": 1.0
    },
    {
      "id": 141,
      "text": "व्यापारी",
      "sentence": 23,
      "start": 2090,
      "end": 2095,
      "confidence": 1.0
    },
    {
      "id": 142,
      "text": "वर्ग",
      "sentence": 23,
      "start": 2098,
      "end": 2100,
      "confidence": 1.0
    },
    {
      "id": 143,
      "text": "भिती",
      "sentence": 23,
      "start": 2104,
      "end": 2107,
      "confidence": 1.0
    },
    {
      "id": 144,
      "text": "वातावरण",
      "sentence": 23,
      "start": 2111,
      "end": 2116,
      "confidence": 1.0
    },
    {
      "id": 145,
      "text": "संदर्भ",
      "sentence": 24,
      "start": 2135,
      "end": 2138,
      "confidence": 1.0
    },
    {
      "id": 146,
      "text": "विशेषज्ञ",
      "sentence": 24,
      "start": 2151,
      "end": 2157,
      "confidence": 1.0
    },
    {
      "id": 147,
      "text": "राजधानी",
      "sentence": 24,
      "start": 2158,
      "end": 2163,
      "confidence": 1.0
    },
    {
      "id": 148,
      "text": "उपकरणे",
      "sentence": 24,
      "start": 2179,
      "end": 2183,
      "confidence": 1.0
    },
    {
      "id": 149,
      "text": "डोळा",
      "sentence": 24,
      "start": 2194,
      "end": 2197,
      "confidence": 1.0
    },
    {
      "id": 150,
      "text": "संस्था",
      "sentence": 24,
      "start": 2207,
      "end": 2210,
      "confidence": 1.0
    },
    {
      "id": 151,
      "text": "कर्नाटक",
      "sentence": 25,
      "start": 2230,
      "end": 2235,
      "confidence": 1.0
    },
    {
      "id": 152,
      "text": "पर्याय",
      "sentence": 25,
      "start": 2251,
      "end": 2254,
      "confidence": 1.0
    },
    {
      "id": 153,
      "text": "कर्नाटक",
      "sentence": 25,
      "start": 2264,
      "end": 2269,
      "confidence": 1.0
    },
    {
      "id": 154,
      "text": "ऍथॉरिटी",
      "sentence": 25,
      "start": 2281,
      "end": 2287,
      "confidence": 1.0
    },
    {
      "id": 155,
      "text": "रजिस्टेशन",
      "sentence": 25,
      "start": 2293,
      "end": 2300,
      "confidence": 1.0
    },
    {
      "id": 156,
      "text": "युवराज",
      "sentence": 26,
      "start": 2311,
      "end": 2316,
      "confidence": 1.0
    },
    {
      "id": 157,
      "text": "सिंग",
      "sentence": 26,
      "start": 2317,
      "end": 2320,
      "confidence": 1.0
    }
  ],
  "clusters": [
    [
      35,
      36
    ],
    [
      70,
      71
    ],
    [
      72,
      73
    ],
    [
      104,
      105
    ],
    [
      108,
      109
    ],
    [
      126,
      127
    ],
    [
      128,
      137
    ],
    [
      139,
      140
    ],
    [
      144,
      145,
      146
    ],
    [
      150,
      153
    ]
  ]
}