{
  "document_id": "document_146",
  "sentences": [
    "कारण त्यांच्या बाळानं वेळेच्या आधीच या जगात पाऊल ठेवलं.",
    "दरम्यान शिवाजी मंडळाकडून आक्रमक खेळी करण्यात येत होता तर बालगोपालकडून बचावात्मक खेळ करण्यात येत होता.",
    "एक महिला पोलिस अधिकारीही आमदार ठाकूर यांना उच्च स्वरात बोलताना व्हिडिओत दिसतात.",
    "3) तिसऱया व शेवटच्या कसोटी सामन्यासाठी मैदानात उतरेल, त्यावेळी उरलीसुरली पत राखण्याचाच त्यांचा प्रयत्न असेल.",
    "त्यांच्या गायकीचं तर कौतुक आहेच पण त्यांनी साकारलेलं पात्र अत्यंत खरं वाटतं.",
    "शनिवारी दिल्लीत पारा 1.7 अंश सेसेल्सिअस पर्यंत खाली गेला.",
    "त्यातील आपल्या भागातील लाडकी चिमणी म्हणजे, घर चिमणी.",
    "पुढे मला थोडीफार कळलेली कडवी देते आहे.",
    "त्याने तो बुरशी सद्रुष रोगट पणा जाइल का?",
    "त्यांचे क्षमता, विशेषत: 50 किलो.",
    "कुर्ल्यात राहणारी ही पीडित तरुणी एका खासगी कंपनीत कामाला आहे.",
    "त्यामुळे आपण खेळ एक विशिष्ट टप्प्यावर येथे आवश्यक नक्की काय निवडावे लागेल - आपण नंतर आपण या होणे आवश्यक राहील तर, एका इमारत अदलाबदल करू शकता.",
    "प्रारंभ तो आवर्जून दखल घेण्यासारखे आहे अत्यंत तलम पारदर्शक रेशमी किंवा नायलॅनचे कापड - एक अतिशय सभ्य, मोहिनी देतो आणि कोणत्याही स्त्रीला कमी जवळजवळ वरवरचा साहित्य.",
    "यानंतर शहा मातोश्रीवर आले, माझ्या काळात हे नाते बिघडले माझ्याच काळात दुरुस्त करायचे आहे असे सांगत त्यांनी मुख्यमंत्री वाटप मान्य केले होते.",
    "अशा पाणी जिवंत म्हणतात.",
    "पहिल्या प्रकरणात, समस्येचे निराकरण आणि आपण संरक्षणात्मक पारदर्शक फिल्म कव्हर करते.",
    "असं निसान मोटार कंपनीचे अध्यक्ष आणि मुख्य कार्यकारी अधिकारी कार्लोस घोसन म्हणालेत.",
    "स्वतःच्या सद्भावना मोहिमेंतर्गत सैन्य खोऱयातील शालेय मुलांना देशाच्या विविध स्थळांचे दर्शन घडविते.",
    "जिल्हा बँकेच्या कसबा बावडा शाखेतील सोने तारणाच्या 30 प्रकरणांपैकी 17 प्रकरणांवर कर्जदारांच्या सह्याच नसल्याचे बँकेने केलेल्या तपासणीत उघड झाले.",
    "बँकेचे वरिष्ठ अधिकारी आर."
  ],
  "mentions": [
    {
      "id": 0,
      "text": "त्यांच्या",
      "sentence": 0,
      "start": 5,
      "end": 12,
      "confidence": 1.0
    },
    {
      "id": 1,
      "text": "बाळानं",
      "sentence": 0,
      "start": 13,
      "end": 19,
      "confidence": 1.0
    },
    {
      "id": 2,
      "text": "जगात",
      "sentence": 0,
      "start": 33,
      "end": 37,
      "confidence": 1.0
    },
    {
      "id": 3,
      "text": "मंडळाकडून",
      "sentence": 1,
      "start": 15,
      "end": 24,
      "confidence": 1.0
    },
    {
      "id": 4,
      "text": "खेळी",
      "sentence": 1,
      "start": 31,
      "end": 35,
      "confidence": 1.0
    },
    {
      "id": 5,
      "text": "बालगोपालकडून",
      "sentence": 1,
      "start": 57,
      "end": 68,
      "confidence": 1.0
    },
    {
      "id": 6,
      "text": "अधिकारीही",
      "sentence": 2,
      "start": 16,
      "end": 24,
      "confidence": 1.0
    },
    {
      "id": 7,
      "text": "ठाकूर",
      "sentence": 2,
      "start": 27,
      "end": 31,
      "confidence": 1.0
    },
    {
      "id": 8,
      "text": "यांना",
      "sentence": 2,
      "start": 33,
      "end": 37,
      "confidence": 1.0
    },
    {
      "id": 9,
      "text": "स्वरात",
      "sentence": 2,
      "start": 44,
      "end": 49,
      "confidence": 1.0
    },
    {
      "id": 10,
      "text": "व्हिडिओत",
      "sentence": 2,
      "start": 55,
      "end": 61,
      "confidence": 1.0
    },
    {
      "id": 11,
      "text": "मैदानात",
      "sentence": 3,
      "start": 42,
      "end": 48,
      "confidence": 1.0
    },
    {
      "id": 12,
      "text": "त्यांचा",
      "sentence": 3,
      "start": 76,
      "end": 81,
      "confidence": 1.0
    },
    {
      "id": 13,
      "text": "प्रयत्न",
      "sentence": 3,
      "start": 83,
      "end": 89,
      "confidence": 1.0
    },
    {
      "id": 14,
      "text": "त्यांच्या",
      "sentence": 4,
      "start": 0,
      "end": 7,
      "confidence": 1.0
    },
    {
      "id": 15,
      "text": "त्यांनी",
      "sentence": 4,
      "start": 30,
      "end": 35,
      "confidence": 1.0
    },
    {
      "id": 16,
      "text": "पात्र",
      "sentence": 4,
      "start": 42,
      "end": 46,
      "confidence": 1.0
    },
    {
      "id": 17,
      "text": "पारा",
      "sentence": 5,
      "start": 16,
      "end": 19,
      "confidence": 1.0
    },
    {
      "id": 18,
      "text": "चिमणी",
      "sentence": 6,
      "start": 21,
      "end": 26,
      "confidence": 1.0
    },
    {
      "id": 19,
      "text": "चिमणी",
      "sentence": 6,
      "start": 35,
      "end": 40,
      "confidence": 1.0
    },
    {
      "id": 20,
      "text": "मला",
      "sentence": 7,
      "start": 5,
      "end": 7,
      "confidence": 1.0
    },
    {
      "id": 21,
      "text": "त्याने",
      "sentence": 8,
      "start": 0,
      "end": 4,
      "confidence": 1.0
    },
    {
      "id": 22,
      "text": "तो",
      "sentence": 8,
      "start": 5,
      "end": 6,
      "confidence": 1.0
    },
    {
      "id": 23,
      "text": "बुरशी",
      "sentence": 8,
      "start": 8,
      "end": 12,
      "confidence": 1.0
    },
    {
      "id": 24,
      "text": "त्यांचे",
      "sentence": 9,
      "start": 0,
      "end": 5,
      "confidence": 1.0
    },
    {
      "id": 25,
      "text": "क्षमता",
      "sentence": 9,
      "start": 7,
      "end": 11,
      "confidence": 1.0
    },
    {
      "id": 26,
      "text": "किलो",
      "sentence": 9,
      "start": 21,
      "end": 25,
      "confidence": 1.0
    },
    {
      "id": 27,
      "text": "कुर्ल्यात",
      "sentence": 10,
      "start": 0,
      "end": 7,
      "confidence": 1.0
    },
    {
      "id": 28,
      "text": "तरुणी",
      "sentence": 10,
      "start": 16,
      "end": 20,
      "confidence": 1.0
    },
    {
      "id": 29,
      "text": "कंपनीत",
      "sentence": 10,
      "start": 34,
      "end": 39,
      "confidence": 1.0
    },
    {
      "id": 30,
      "text": "कामाला",
      "sentence": 10,
      "start": 41,
      "end": 46,
      "confidence": 1.0
    },
    {
      "id": 31,
      "text": "आपण",
      "sentence": 11,
      "start": 7,
      "end": 10,
      "confidence": 1.0
    },
    {
      "id": 32,
      "text": "टप्प्यावर",
      "sentence": 11,
      "start": 26,
      "end": 32,
      "confidence": 1.0
    },
    {
      "id": 33,
      "text": "आपण",
      "sentence": 11,
      "start": 55,
      "end": 58,
      "confidence": 1.0
    },
    {
      "id": 34,
      "text": "आपण",
      "sentence": 11,
      "start": 65,
      "end": 68,
      "confidence": 1.0
    },
    {
      "id": 35,
      "text": "इमारत",
      "sentence": 11,
      "start": 86,
      "end": 90,
      "confidence": 1.0
    },
    {
      "id": 36,
      "text": "तो",
      "sentence": 12,
      "start": 8,
      "end": 9,
      "confidence": 1.0
    },
    {
      "id": 37,
      "text": "कापड",
      "sentence": 12,
      "start": 51,
      "end": 55,
      "confidence": 1.0
    },
    {
      "id": 38,
      "text": "मोहिनी",
      "sentence": 12,
      "start": 69,
      "end": 74,
      "confidence": 1.0
    },
    {
      "id": 39,
      "text": "स्त्रीला",
      "sentence": 12,
      "start": 86,
      "end": 91,
      "confidence": 1.0
    },
    {
      "id": 40,
      "text": "साहित्य",
      "sentence": 12,
      "start": 101,
      "end": 106,
      "confidence": 1.0
    },
    {
      "id": 41,
      "text": "मातोश्रीवर",
      "sentence": 13,
      "start": 12,
      "end": 21,
      "confidence": 1.0
    },
    {
      "id": 42,
      "text": "माझ्या",
      "sentence": 13,
      "start": 23,
      "end": 28,
      "confidence": 1.0
    },
    {
      "id": 43,
      "text": "काळात",
      "sentence": 13,
      "start": 29,
      "end": 33,
      "confidence": 1.0
    },
    {
      "id": 44,
      "text": "नाते",
      "sentence": 13,
      "start": 37,
      "end": 40,
      "confidence": 1.0
    },
    {
      "id": 45,
      "text": "माझ्याच",
      "sentence": 13,
      "start": 44,
      "end": 49,
      "confidence": 1.0
    },
    {
      "id": 46,
      "text": "काळात",
      "sentence": 13,
      "start": 50,
      "end": 54,
      "confidence": 1.0
    },
    {
      "id": 47,
      "text": "त्यांनी",
      "sentence": 13,
      "start": 70,
      "end": 75,
      "confidence": 1.0
    },
    {
      "id": 48,
      "text": "मुख्यमंत्री",
      "sentence": 13,
      "start": 76,
      "end": 84,
      "confidence": 1.0
    },
    {
      "id": 49,
      "text": "वाटप",
      "sentence": 13,
      "start": 85,
      "end": 89,
      "confidence": 1.0
    },
    {
      "id": 50,
      "text": "पाणी",
      "sentence": 14,
      "start": 4,
      "end": 7,
      "confidence": 1.0
    },
    {
      "id": 51,
      "text": "समस्येचे",
      "sentence": 15,
      "start": 18,
      "end": 24,
      "confidence": 1.0
    },
    {
      "id": 52,
      "text": "आपण",
      "sentence": 15,
      "start": 35,
      "end": 38,
      "confidence": 1.0
    },
    {
      "id": 53,
      "text": "फिल्म",
      "sentence": 15,
      "start": 52,
      "end": 56,
      "confidence": 1.0
    },
    {
      "id": 54,
      "text": "कंपनीचे",
      "sentence": 16,
      "start": 13,
      "end": 19,
      "confidence": 1.0
    },
    {
      "id": 55,
      "text": "अधिकारी",
      "sentence": 16,
      "start": 37,
      "end": 42,
      "confidence": 1.0
    },
    {
      "id": 56,
      "text": "घोसन",
      "sentence": 16,
      "start": 47,
      "end": 51,
      "confidence": 1.0
    },
    {
      "id": 57,
      "text": "स्वतःच्या",
      "sentence": 17,
      "start": 0,
      "end": 7,
      "confidence": 1.0
    },
    {
      "id": 58,
      "text": "मोहिमेंतर्गत",
      "sentence": 17,
      "start": 9,
      "end": 20,
      "confidence": 1.0
    },
    {
      "id": 59,
      "text": "सैन्य",
      "sentence": 17,
      "start": 22,
      "end": 26,
      "confidence": 1.0
    },
    {
      "id": 60,
      "text": "मुलांना",
      "sentence": 17,
      "start": 37,
      "end": 42,
      "confidence": 1.0
    },
    {
      "id": 61,
      "text": "देशाच्या",
      "sentence": 17,
      "start": 44,
      "end": 50,
      "confidence": 1.0
    },
    {
      "id": 62,
      "text": "स्थळांचे",
      "sentence": 17,
      "start": 52,
      "end": 57,
      "confidence": 1.0
    },
    {
      "id": 63,
      "text": "दर्शन",
      "sentence": 17,
      "start": 59,
      "end": 63,
      "confidence": 1.0
    },
    {
      "id": 64,
      "text": "शाखेतील",
      "sentence": 18,
      "start": 22,
      "end": 28,
      "confidence": 1.0
    },
    {
      "id": 65,
      "text": "सोने",
      "sentence": 18,
      "start": 30,
      "end": 33,
      "confidence": 1.0
    },
    {
      "id": 66,
      "text": "तारणाच्या",
      "sentence": 18,
      "start": 35,
      "end": 42,
      "confidence": 1.0
    },
    {
      "id": 67,
      "text": "प्रकरणांपैकी",
      "sentence": 18,
      "start": 48,
      "end": 59,
      "confidence": 1.0
    },
    {
      "id": 68,
      "text": "प्रकरणांवर",
      "sentence": 18,
      "start": 62,
      "end": 70,
      "confidence": 1.0
    },
    {
      "id": 69,
      "text": "बँकेने",
      "sentence": 18,
      "start": 98,
      "end": 103,
      "confidence": 1.0
    },
    {
      "id": 70,
      "text": "तपासणीत",
      "sentence": 18,
      "start": 106,
      "end": 112,
      "confidence": 1.0
    },
    {
      "id": 71,
      "text": "बँकेचे",
      "sentence": 19,
      "start": 0,
      "end": 5,
      "confidence": 1.0
    },
    {
      "id": 72,
      "text": "अधिकारी",
      "sentence": 19,
      "start": 11,
      "end": 16,
      "confidence": 1.0
    }
  ],
  "clusters": [
    [
      8,
      9
    ],
    [
      14,
      16,
      18,
      53,
      55,
      59,
      61
    ],
    [
      26,
      27
    ],
    [
      31,
      33
    ],
    [
      41,
      44,
      45,
      68
    ],
    [
      47,
      49,
      52
    ],
    [
      57,
      58
    ],
    [
      70,
      71,
      72
    ]
  ]
}