{
  "document_id": "document_100",
  "sentences": [
    "तयार प्रतिमा अवलंबून.",
    "अमेरिकेतील या कंपनीच्या जगभरात शाखा असून त्यामध्ये साधारण 55 हजार कर्मचारी कार्यरत आहेत.",
    "आमची शाळा घरापासून तीन किलोमीटर अंतरावर होती.",
    "चांगल्या करिअरसाठी स्वीकारलेला मार्ग फलदायी ठरेल.",
    "शिवसेनेने काँग्रेस आणि राष्ट्रवादी काँग्रेससोबत सत्ता स्थापन केल्यामुळे नाराज झालेल्या शिवसैनिकांनी भाजपमध्ये प्रवेश केला.",
    "महिला पोलिस उपनिरीक्षक रत्ना सावंत याबाबत अधिक तपास करीत आहेत.",
    "तसेच हा व्यक्ती शनि आणि त्याची दशा याविषयीही बोलत आहे.",
    "आरती सेhवागची बनावट सहीद्वारे साडेचार कोटींची फसवणूक",
    "मगज बियांबद्दल कल्पना नाही तसंच घरच्या प्युरेबद्दलही नाही.",
    "खासकरून मसाला डोशाच्या गाडीवर साधा डोसा ज्या प्रकारे तुकडे करून दिला जातो त्याप्रकारे ही भाकरीही तुकडय़ात येते.",
    "असे असले तरी, 6 वर्षे फक्त हवा सारखे आवश्यक मुलांसाठी शारीरिक संस्कृती वर्ग विकसित.",
    "अरे काय लावलंय यांनी, असं ट्विट धनंजय मुंडेंनी केलं आहे.",
    "Loading."
  ],
  "mentions": [
    {
      "id": 0,
      "text": "प्रतिमा",
      "sentence": 0,
      "start": 5,
      "end": 10,
      "confidence": 1.0
    },
    {
      "id": 1,
      "text": "त्यामध्ये",
      "sentence": 1,
      "start": 62,
      "end": 69,
      "confidence": 1.0
    },
    {
      "id": 2,
      "text": "कर्मचारी",
      "sentence": 1,
      "start": 91,
      "end": 98,
      "confidence": 1.0
    },
    {
      "id": 3,
      "text": "शाळा",
      "sentence": 2,
      "start": 109,
      "end": 113,
      "confidence": 1.0
    },
    {
      "id": 4,
      "text": "करिअरसाठी",
      "sentence": 3,
      "start": 160,
      "end": 169,
      "confidence": 1.0
    },
    {
      "id": 5,
      "text": "मार्ग",
      "sentence": 3,
      "start": 181,
      "end": 186,
      "confidence": 1.0
    },
    {
      "id": 6,
      "text": "शिवसेनेने",
      "sentence": 4,
      "start": 196,
      "end": 204,
      "confidence": 1.0
    },
    {
      "id": 7,
      "text": "काँग्रेस",
      "sentence": 4,
      "start": 205,
      "end": 212,
      "confidence": 1.0
    },
    {
      "id": 8,
      "text": "राष्ट्रवादी",
      "sentence": 4,
      "start": 216,
      "end": 225,
      "confidence": 1.0
    },
    {
      "id": 9,
      "text": "सत्ता",
      "sentence": 4,
      "start": 238,
      "end": 243,
      "confidence": 1.0
    },
    {
      "id": 10,
      "text": "शिवसैनिकांनी",
      "sentence": 4,
      "start": 270,
      "end": 282,
      "confidence": 1.0
    },
    {
      "id": 11,
      "text": "भाजपमध्ये",
      "sentence": 4,
      "start": 283,
      "end": 292,
      "confidence": 1.0
    },
    {
      "id": 12,
      "text": "महिला",
      "sentence": 5,
      "start": 298,
      "end": 303,
      "confidence": 1.0
    },
    {
      "id": 13,
      "text": "पोलिस",
      "sentence": 5,
      "start": 304,
      "end": 309,
      "confidence": 1.0
    },
    {
      "id": 14,
      "text": "उपनिरीक्षक",
      "sentence": 5,
      "start": 310,
      "end": 320,
      "confidence": 1.0
    },
    {
      "id": 15,
      "text": "रत्ना",
      "sentence": 5,
      "start": 321,
      "end": 326,
      "confidence": 1.0
    },
    {
      "id": 16,
      "text": "सावंत",
      "sentence": 5,
      "start": 327,
      "end": 332,
      "confidence": 1.0
    },
    {
      "id": 17,
      "text": "तपास",
      "sentence": 5,
      "start": 343,
      "end": 348,
      "confidence": 1.0
    },
    {
      "id": 18,
      "text": "व्यक्ती",
      "sentence": 6,
      "start": 357,
      "end": 363,
      "confidence": 1.0
    },
    {
      "id": 19,
      "text": "त्याची",
      "sentence": 6,
      "start": 371,
      "end": 377,
      "confidence": 1.0
    },
    {
      "id": 20,
      "text": "आरती",
      "sentence": 7,
      "start": 393,
      "end": 397,
      "confidence": 1.0
    },
    {
      "id": 21,
      "text": "सेहवागची",
      "sentence": 7,
      "start": 398,
      "end": 406,
      "confidence": 1.0
    },
    {
      "id": 22,
      "text": "कोटींची",
      "sentence": 7,
      "start": 433,
      "end": 440,
      "confidence": 1.0
    },
    {
      "id": 23,
      "text": "फसवणूक",
      "sentence": 7,
      "start": 441,
      "end": 448,
      "confidence": 1.0
    },
    {
      "id": 24,
      "text": "बियांबद्दल",
      "sentence": 8,
      "start": 454,
      "end": 463,
      "confidence": 1.0
    },
    {
      "id": 25,
      "text": "कल्पना",
      "sentence": 8,
      "start": 464,
      "end": 470,
      "confidence": 1.0
    },
    {
      "id": 26,
      "text": "मसाला",
      "sentence": 9,
      "start": 501,
      "end": 506,
      "confidence": 1.0
    },
    {
      "id": 27,
      "text": "गाडीवर",
      "sentence": 9,
      "start": 516,
      "end": 522,
      "confidence": 1.0
    },
    {
      "id": 28,
      "text": "डोसा",
      "sentence": 9,
      "start": 529,
      "end": 533,
      "confidence": 1.0
    },
    {
      "id": 29,
      "text": "तुकडे",
      "sentence": 9,
      "start": 546,
      "end": 551,
      "confidence": 1.0
    },
    {
      "id": 30,
      "text": "भाकरीही",
      "sentence": 9,
      "start": 578,
      "end": 585,
      "confidence": 1.0
    },
    {
      "id": 31,
      "text": "तुकडय़ात",
      "sentence": 9,
      "start": 586,
      "end": 594,
      "confidence": 1.0
    },
    {
      "id": 32,
      "text": "वर्षे",
      "sentence": 10,
      "start": 612,
      "end": 617,
      "confidence": 1.0
    },
    {
      "id": 33,
      "text": "मुलांसाठी",
      "sentence": 10,
      "start": 635,
      "end": 644,
      "confidence": 1.0
    },
    {
      "id": 34,
      "text": "संस्कृती",
      "sentence": 10,
      "start": 653,
      "end": 660,
      "confidence": 1.0
    },
    {
      "id": 35,
      "text": "वर्ग",
      "sentence": 10,
      "start": 661,
      "end": 665,
      "confidence": 1.0
    },
    {
      "id": 36,
      "text": "यांनी",
      "sentence": 11,
      "start": 679,
      "end": 684,
      "confidence": 1.0
    },
    {
      "id": 37,
      "text": "ट्विट",
      "sentence": 11,
      "start": 689,
      "end": 694,
      "confidence": 1.0
    },
    {
      "id": 38,
      "text": "धनंजय",
      "sentence": 11,
      "start": 697,
      "end": 703,
      "confidence": 1.0
    },
    {
      "id": 39,
      "text": "मुंडेंनी",
      "sentence": 11,
      "start": 704,
      "end": 711,
      "confidence": 1.0
    }
  ],
  "clusters": [
    [
      1,
      3
    ],
    [
      9,
      11
    ],
    [
      18,
      19
    ],
    [
      22,
      23
    ],
    [
      25,
      26
    ],
    [
      35,
      37
    ]
  ]
}