{
  "document_id": "document_312",
  "sentences": [
    "”उडान “….",
    "याचे अवशेष तर सांभर जलाशयात राहिले नसतील?",
    "राज्यात पुन्हा एकदा भाजपचे सरकार स्थापन झाल्यामुळे कार्यकर्त्यांमध्ये उत्साह संचारला आहे.",
    "भिमा-कोरेगाव येथे सभा घेण्याची परवानगी देण्यासंदर्भात आरपीआयची पत्रकार परिषद होणार आहे.",
    "55 वर्ष राज्य करुनही देशाला अपेक्षित विकासापर्यंत नेण्यास अपयशी ठरलेल्या काँग्रेसला आमच्या 55 महिन्यांच्या कामाची माहिती मागण्याचा अधिकार नसल्याचंही शाह म्हणाले.",
    "आम्हाला जी भीती होती ती आता सत्यात उतरत आहे’ अशा आशयाच ट्वीट करत भाजपवर निशाना साधला आहे.",
    "सुकन्या समृद्धी योजना यशस्वी झाल्याचा दावा सरकारकडून करण्यात आला आहे.",
    "सदर संविधान घराघरात पोहोचले पाहिजे.",
    "चूल, मूलवाल्याच बर्‍याचजणी.",
    "पोलिसांना घटनेची माहिती मिळताच ते घटनास्थळी दाखल झाले.",
    "त्यासाठी मी लढणार आहे.",
    "खेड) असे आत्महत्या केलेल्या शेतकऱ्याचे नाव आहे.",
    "मोदींनी नोटाबंदी करण्यापूर्वी बारा वर्षांच्या मुलाला आपली कल्पना सांगितली असती, तर त्यानेही नकार दिला असता.",
    "दरम्यान, याचप्रकरणी शिवसेनाप्रमुख उद्धव ठाकरे यांनीही आपले मत व्यक्त केले आहे.",
    "आजच्या गाण्यांत शब्दच ऐकू येत नाहीत."
  ],
  "mentions": [
    {
      "id": 0,
      "text": "उडान",
      "sentence": 0,
      "start": 1,
      "end": 5,
      "confidence": 1.0
    },
    {
      "id": 1,
      "text": "याचे",
      "sentence": 1,
      "start": 8,
      "end": 12,
      "confidence": 1.0
    },
    {
      "id": 2,
      "text": "अवशेष",
      "sentence": 1,
      "start": 13,
      "end": 18,
      "confidence": 1.0
    },
    {
      "id": 3,
      "text": "जलाशयात",
      "sentence": 1,
      "start": 28,
      "end": 35,
      "confidence": 1.0
    },
    {
      "id": 4,
      "text": "राज्यात",
      "sentence": 2,
      "start": 45,
      "end": 50,
      "confidence": 1.0
    },
    {
      "id": 5,
      "text": "भाजपचे",
      "sentence": 2,
      "start": 61,
      "end": 67,
      "confidence": 1.0
    },
    {
      "id": 6,
      "text": "सरकार",
      "sentence": 2,
      "start": 68,
      "end": 72,
      "confidence": 1.0
    },
    {
      "id": 7,
      "text": "कार्यकर्त्यांमध्ये",
      "sentence": 2,
      "start": 91,
      "end": 104,
      "confidence": 1.0
    },
    {
      "id": 8,
      "text": "उत्साह",
      "sentence": 2,
      "start": 105,
      "end": 110,
      "confidence": 1.0
    },
    {
      "id": 9,
      "text": "भिमा-कोरेगाव",
      "sentence": 3,
      "start": 124,
      "end": 135,
      "confidence": 1.0
    },
    {
      "id": 10,
      "text": "परवानगी",
      "sentence": 3,
      "start": 154,
      "end": 161,
      "confidence": 1.0
    },
    {
      "id": 11,
      "text": "पत्रकार",
      "sentence": 3,
      "start": 181,
      "end": 186,
      "confidence": 1.0
    },
    {
      "id": 12,
      "text": "परिषद",
      "sentence": 3,
      "start": 187,
      "end": 191,
      "confidence": 1.0
    },
    {
      "id": 13,
      "text": "वर्ष",
      "sentence": 4,
      "start": 201,
      "end": 204,
      "confidence": 1.0
    },
    {
      "id": 14,
      "text": "देशाला",
      "sentence": 4,
      "start": 213,
      "end": 218,
      "confidence": 1.0
    },
    {
      "id": 15,
      "text": "काँग्रेसला",
      "sentence": 4,
      "start": 251,
      "end": 259,
      "confidence": 1.0
    },
    {
      "id": 16,
      "text": "आमच्या",
      "sentence": 4,
      "start": 260,
      "end": 265,
      "confidence": 1.0
    },
    {
      "id": 17,
      "text": "महिन्यांच्या",
      "sentence": 4,
      "start": 271,
      "end": 280,
      "confidence": 1.0
    },
    {
      "id": 18,
      "text": "कामाची",
      "sentence": 4,
      "start": 281,
      "end": 286,
      "confidence": 1.0
    },
    {
      "id": 19,
      "text": "माहिती",
      "sentence": 4,
      "start": 287,
      "end": 292,
      "confidence": 1.0
    },
    {
      "id": 20,
      "text": "अधिकार",
      "sentence": 4,
      "start": 302,
      "end": 307,
      "confidence": 1.0
    },
    {
      "id": 21,
      "text": "आम्हाला",
      "sentence": 5,
      "start": 331,
      "end": 336,
      "confidence": 1.0
    },
    {
      "id": 22,
      "text": "भीती",
      "sentence": 5,
      "start": 340,
      "end": 343,
      "confidence": 1.0
    },
    {
      "id": 23,
      "text": "ती",
      "sentence": 5,
      "start": 349,
      "end": 350,
      "confidence": 1.0
    },
    {
      "id": 24,
      "text": "सत्यात",
      "sentence": 5,
      "start": 356,
      "end": 360,
      "confidence": 1.0
    },
    {
      "id": 25,
      "text": "ट्वीट",
      "sentence": 5,
      "start": 379,
      "end": 383,
      "confidence": 1.0
    },
    {
      "id": 26,
      "text": "भाजपवर",
      "sentence": 5,
      "start": 390,
      "end": 395,
      "confidence": 1.0
    },
    {
      "id": 27,
      "text": "निशाना",
      "sentence": 5,
      "start": 396,
      "end": 401,
      "confidence": 1.0
    },
    {
      "id": 28,
      "text": "सुकन्या",
      "sentence": 6,
      "start": 412,
      "end": 417,
      "confidence": 1.0
    },
    {
      "id": 29,
      "text": "समृद्धी",
      "sentence": 6,
      "start": 418,
      "end": 423,
      "confidence": 1.0
    },
    {
      "id": 30,
      "text": "योजना",
      "sentence": 6,
      "start": 424,
      "end": 428,
      "confidence": 1.0
    },
    {
      "id": 31,
      "text": "दावा",
      "sentence": 6,
      "start": 439,
      "end": 442,
      "confidence": 1.0
    },
    {
      "id": 32,
      "text": "सरकारकडून",
      "sentence": 6,
      "start": 443,
      "end": 450,
      "confidence": 1.0
    },
    {
      "id": 33,
      "text": "संविधान",
      "sentence": 7,
      "start": 466,
      "end": 471,
      "confidence": 1.0
    },
    {
      "id": 34,
      "text": "घराघरात",
      "sentence": 7,
      "start": 472,
      "end": 479,
      "confidence": 1.0
    },
    {
      "id": 35,
      "text": "पोलिसांना",
      "sentence": 9,
      "start": 519,
      "end": 526,
      "confidence": 1.0
    },
    {
      "id": 36,
      "text": "घटनेची",
      "sentence": 9,
      "start": 527,
      "end": 532,
      "confidence": 1.0
    },
    {
      "id": 37,
      "text": "माहिती",
      "sentence": 9,
      "start": 533,
      "end": 538,
      "confidence": 1.0
    },
    {
      "id": 38,
      "text": "ते",
      "sentence": 9,
      "start": 546,
      "end": 547,
      "confidence": 1.0
    },
    {
      "id": 39,
      "text": "मी",
      "sentence": 10,
      "start": 569,
      "end": 570,
      "confidence": 1.0
    },
    {
      "id": 40,
      "text": "आत्महत्या",
      "sentence": 11,
      "start": 590,
      "end": 596,
      "confidence": 1.0
    },
    {
      "id": 41,
      "text": "शेतकऱ्याचे",
      "sentence": 11,
      "start": 605,
      "end": 611,
      "confidence": 1.0
    },
    {
      "id": 42,
      "text": "मोदींनी",
      "sentence": 12,
      "start": 622,
      "end": 627,
      "confidence": 1.0
    },
    {
      "id": 43,
      "text": "नोटाबंदी",
      "sentence": 12,
      "start": 628,
      "end": 635,
      "confidence": 1.0
    },
    {
      "id": 44,
      "text": "वर्षांच्या",
      "sentence": 12,
      "start": 651,
      "end": 658,
      "confidence": 1.0
    },
    {
      "id": 45,
      "text": "मुलाला",
      "sentence": 12,
      "start": 659,
      "end": 663,
      "confidence": 1.0
    },
    {
      "id": 46,
      "text": "कल्पना",
      "sentence": 12,
      "start": 669,
      "end": 673,
      "confidence": 1.0
    },
    {
      "id": 47,
      "text": "त्यानेही",
      "sentence": 12,
      "start": 686,
      "end": 691,
      "confidence": 1.0
    },
    {
      "id": 48,
      "text": "नकार",
      "sentence": 12,
      "start": 692,
      "end": 695,
      "confidence": 1.0
    },
    {
      "id": 49,
      "text": "शिवसेनाप्रमुख",
      "sentence": 13,
      "start": 715,
      "end": 726,
      "confidence": 1.0
    },
    {
      "id": 50,
      "text": "उद्धव",
      "sentence": 13,
      "start": 727,
      "end": 731,
      "confidence": 1.0
    },
    {
      "id": 51,
      "text": "ठाकरे",
      "sentence": 13,
      "start": 732,
      "end": 736,
      "confidence": 1.0
    },
    {
      "id": 52,
      "text": "यांनीही",
      "sentence": 13,
      "start": 738,
      "end": 743,
      "confidence": 1.0
    },
    {
      "id": 53,
      "text": "आपले",
      "sentence": 13,
      "start": 744,
      "end": 748,
      "confidence": 1.0
    },
    {
      "id": 54,
      "text": "गाण्यांत",
      "sentence": 14,
      "start": 771,
      "end": 777,
      "confidence": 1.0
    },
    {
      "id": 55,
      "text": "शब्दच",
      "sentence": 14,
      "start": 778,
      "end": 782,
      "confidence": 1.0
    }
  ],
  "clusters": [
    [
      0,
      1
    ],
    [
      6,
      32
    ],
    [
      27,
      28
    ],
    [
      43,
      46
    ]
  ]
}