{
  "document_id": "document_351",
  "sentences": [
    "नोटाबंदीमुळे बँकांना ३८०० कोटींचा घाटा, स्टेट बँकेचा अहवाल",
    "त्यावेळी प्रसंगावधान राखून वासुदेव यांनी तेथून पळ काढून घराला कडी घातली.",
    "तसेच, संस्था मैदानी टेरेस वर एक बार आहे.",
    "लाइफ ब्रँडचे सर्व स्मार्टफोन्स ४जी VoLTE सपोर्टसोबत येतात.",
    "तो खार्कीव्ह शहरात समान ठाण्याचे Poltava प्रायोगिक स्टेशन आणि फळबाग विभागाचे संयुक्त प्रयत्न परिणाम आहे.",
    "अशा वाहक निर्मिती एक मानक डेटा डिस्क तयार समान आहे.",
    "आज बाबासाहेब आंबेडकरांच्या जयंतीच्यानिमित्ताने केवळ त्यांच्या चळवळींचा जरी अभ्यास केला तरी या महापुरुषाने इतिहासाचा कितीतरी मोठा कायापालट आपल्या कवेत घेतल्याचे जाणवत राहाते.",
    "प्रतिनिधी/ मुंबई  कोल्हापूर, सांगली, सातारा जिल्हय़ातील पूरग्रस्त भागाचा दौरा करून पूरग्रस्तांच्या व्यथा जाणून घेतल्यानंतर राष्ट्रवादी काँग्रेसचे अध्यक्ष शरद पवार यांनी मंगळवारी मुख्यमंत्री फडणवीस यांची भेट घेऊन त्यांच्याशी पूरग्रस्तांच्या मदतीबाबत तसेच पुनर्वसनाच्या संदर्भात चर्चा केली.",
    "माणिकरावांनी चमकुन माझ्याकडे पाहीले,\" नाही, नाही."
  ],
  "mentions": [
    {
      "id": 0,
      "text": "नोटाबंदीमुळे",
      "sentence": 0,
      "start": 0,
      "end": 11,
      "confidence": 1.0
    },
    {
      "id": 1,
      "text": "बँकांना",
      "sentence": 0,
      "start": 13,
      "end": 18,
      "confidence": 1.0
    },
    {
      "id": 2,
      "text": "घाटा",
      "sentence": 0,
      "start": 28,
      "end": 31,
      "confidence": 1.0
    },
    {
      "id": 3,
      "text": "बँकेचा",
      "sentence": 0,
      "start": 39,
      "end": 44,
      "confidence": 1.0
    },
    {
      "id": 4,
      "text": "अहवाल",
      "sentence": 0,
      "start": 46,
      "end": 51,
      "confidence": 1.0
    },
    {
      "id": 5,
      "text": "वासुदेव",
      "sentence": 1,
      "start": 77,
      "end": 82,
      "confidence": 1.0
    },
    {
      "id": 6,
      "text": "यांनी",
      "sentence": 1,
      "start": 84,
      "end": 87,
      "confidence": 1.0
    },
    {
      "id": 7,
      "text": "घराला",
      "sentence": 1,
      "start": 98,
      "end": 102,
      "confidence": 1.0
    },
    {
      "id": 8,
      "text": "संस्था",
      "sentence": 2,
      "start": 110,
      "end": 114,
      "confidence": 1.0
    },
    {
      "id": 9,
      "text": "टेरेस",
      "sentence": 2,
      "start": 122,
      "end": 126,
      "confidence": 1.0
    },
    {
      "id": 10,
      "text": "ब्रँडचे",
      "sentence": 3,
      "start": 145,
      "end": 150,
      "confidence": 1.0
    },
    {
      "id": 11,
      "text": "स्मार्टफोन्स",
      "sentence": 3,
      "start": 156,
      "end": 166,
      "confidence": 1.0
    },
    {
      "id": 12,
      "text": "तो",
      "sentence": 4,
      "start": 183,
      "end": 184,
      "confidence": 1.0
    },
    {
      "id": 13,
      "text": "खार्कीव्ह",
      "sentence": 4,
      "start": 186,
      "end": 192,
      "confidence": 1.0
    },
    {
      "id": 14,
      "text": "शहरात",
      "sentence": 4,
      "start": 194,
      "end": 198,
      "confidence": 1.0
    },
    {
      "id": 15,
      "text": "ठाण्याचे",
      "sentence": 4,
      "start": 204,
      "end": 209,
      "confidence": 1.0
    },
    {
      "id": 16,
      "text": "स्टेशन",
      "sentence": 4,
      "start": 226,
      "end": 230,
      "confidence": 1.0
    },
    {
      "id": 17,
      "text": "फळबाग",
      "sentence": 4,
      "start": 234,
      "end": 239,
      "confidence": 1.0
    },
    {
      "id": 18,
      "text": "विभागाचे",
      "sentence": 4,
      "start": 241,
      "end": 246,
      "confidence": 1.0
    },
    {
      "id": 19,
      "text": "प्रयत्न",
      "sentence": 4,
      "start": 251,
      "end": 255,
      "confidence": 1.0
    },
    {
      "id": 20,
      "text": "परिणाम",
      "sentence": 4,
      "start": 256,
      "end": 261,
      "confidence": 1.0
    },
    {
      "id": 21,
      "text": "वाहक",
      "sentence": 5,
      "start": 267,
      "end": 270,
      "confidence": 1.0
    },
    {
      "id": 22,
      "text": "निर्मिती",
      "sentence": 5,
      "start": 272,
      "end": 276,
      "confidence": 1.0
    },
    {
      "id": 23,
      "text": "डेटा",
      "sentence": 5,
      "start": 283,
      "end": 286,
      "confidence": 1.0
    },
    {
      "id": 24,
      "text": "आंबेडकरांच्या",
      "sentence": 6,
      "start": 309,
      "end": 320,
      "confidence": 1.0
    },
    {
      "id": 25,
      "text": "त्यांच्या",
      "sentence": 6,
      "start": 344,
      "end": 349,
      "confidence": 1.0
    },
    {
      "id": 26,
      "text": "चळवळींचा",
      "sentence": 6,
      "start": 351,
      "end": 358,
      "confidence": 1.0
    },
    {
      "id": 27,
      "text": "अभ्यास",
      "sentence": 6,
      "start": 364,
      "end": 368,
      "confidence": 1.0
    },
    {
      "id": 28,
      "text": "महापुरुषाने",
      "sentence": 6,
      "start": 381,
      "end": 389,
      "confidence": 1.0
    },
    {
      "id": 29,
      "text": "इतिहासाचा",
      "sentence": 6,
      "start": 391,
      "end": 398,
      "confidence": 1.0
    },
    {
      "id": 30,
      "text": "कायापालट",
      "sentence": 6,
      "start": 409,
      "end": 416,
      "confidence": 1.0
    },
    {
      "id": 31,
      "text": "आपल्या",
      "sentence": 6,
      "start": 417,
      "end": 422,
      "confidence": 1.0
    },
    {
      "id": 32,
      "text": "कवेत",
      "sentence": 6,
      "start": 424,
      "end": 427,
      "confidence": 1.0
    },
    {
      "id": 33,
      "text": "मुंबई",
      "sentence": 7,
      "start": 440,
      "end": 444,
      "confidence": 1.0
    },
    {
      "id": 34,
      "text": "कोल्हापूर",
      "sentence": 7,
      "start": 447,
      "end": 454,
      "confidence": 1.0
    },
    {
      "id": 35,
      "text": "सातारा",
      "sentence": 7,
      "start": 465,
      "end": 470,
      "confidence": 1.0
    },
    {
      "id": 36,
      "text": "भागाचा",
      "sentence": 7,
      "start": 490,
      "end": 494,
      "confidence": 1.0
    },
    {
      "id": 37,
      "text": "दौरा",
      "sentence": 7,
      "start": 496,
      "end": 499,
      "confidence": 1.0
    },
    {
      "id": 38,
      "text": "व्यथा",
      "sentence": 7,
      "start": 519,
      "end": 522,
      "confidence": 1.0
    },
    {
      "id": 39,
      "text": "काँग्रेसचे",
      "sentence": 7,
      "start": 551,
      "end": 557,
      "confidence": 1.0
    },
    {
      "id": 40,
      "text": "पवार",
      "sentence": 7,
      "start": 571,
      "end": 575,
      "confidence": 1.0
    },
    {
      "id": 41,
      "text": "यांनी",
      "sentence": 7,
      "start": 577,
      "end": 580,
      "confidence": 1.0
    },
    {
      "id": 42,
      "text": "फडणवीस",
      "sentence": 7,
      "start": 599,
      "end": 606,
      "confidence": 1.0
    },
    {
      "id": 43,
      "text": "यांची",
      "sentence": 7,
      "start": 608,
      "end": 611,
      "confidence": 1.0
    },
    {
      "id": 44,
      "text": "मदतीबाबत",
      "sentence": 7,
      "start": 644,
      "end": 651,
      "confidence": 1.0
    },
    {
      "id": 45,
      "text": "पुनर्वसनाच्या",
      "sentence": 7,
      "start": 659,
      "end": 668,
      "confidence": 1.0
    },
    {
      "id": 46,
      "text": "चर्चा",
      "sentence": 7,
      "start": 677,
      "end": 680,
      "confidence": 1.0
    },
    {
      "id": 47,
      "text": "माणिकरावांनी",
      "sentence": 8,
      "start": 704,
      "end": 714,
      "confidence": 1.0
    },
    {
      "id": 48,
      "text": "माझ्याकडे",
      "sentence": 8,
      "start": 722,
      "end": 728,
      "confidence": 1.0
    }
  ],
  "clusters": [
    [
      1,
      3
    ],
    [
      5,
      6
    ],
    [
      27,
      28,
      31,
      34
    ],
    [
      42,
      45
    ]
  ]
}