{
  "document_id": "document_333",
  "sentences": [
    "-रासप महायुतीचे मावळ लोकसभेचे उमेदवार श्रीरंग बारणे यांची जाहिर प्रचारसभा सोमवारी (22) युवासेना प्रमुख आदित्य ठाकरे यांच्या प्रमुख उपस्थितीत आयोजित करण्यात आली.",
    "ते प्रचंड तणावात जातात.",
    "तसेच ट्रम्प यांच्या भूमिकेबाबत हिंदुस्थानच्या प्रतिक्रियेमुळे हैराण असल्याचे इमरान यांनी म्हटले आहे.",
    "भांडनकजा घालानाकरता आते काय करवा, याना इचार ती करू लागनी.",
    "«जानेवारी फायरप्लेसद्वारे.",
    "ह्या पर्यटनामुळेच काठमांडूमध्ये इंग्रजी बोलू शकणाऱ्यांची कमी नाही, तसेच हिंदी देखील बहुतेकांना येते.",
    "ते पंढरपूर येथील संघर्षयात्रेच्या निमित्ताने शेतक-यांशी संवाद साधताना बोलत होते.",
    "तथापि, सर्व म्हणून वाईट नाही.",
    "त्यानंतर, अंड्यांच्या मागणीत मोठी घट होण्यास सुरुवात झाली असल्याचे त्यांनी सांगितले.",
    "औषध मुख्य सक्रिय घटक आइबूप्रोफेन आहे.",
    "की कुणाच्या बेपर्वाई ने ते बसस्थानकावर पोहोचले ?",
    "आजींनी मला सस्मित नजरेने अभिवादन करताच 'प' यांनी सांगितले की हे महान गझलकार भूषण कटककर आहेत.",
    "याचा फटका स्थानिक क्रिकेटपटूंना बसत आहे.",
    "या प्रकरणात, हाड धार, मेदयुक्त आणि रक्तवहिन्यासंबंधीचा समूह आसपासच्या खालील लक्षणे उद्भवणार संकलित करू शकता:",
    "खरंतर कसोटी संघाचे नेतृत्व करताना विराटने आतापर्यंत तब्बल दहावेळा 200हून अधिक धावा केल्या आहेत.",
    "थोडं पुढे वाकून डावीकडे पाहिलं की आमच्या शाळेच्या गच्चीवरचा पत्रा दिसायचा.",
    "आता काँग्रेसचा विजय झाला आहे.",
    "यासाठी पोलीस दलाचे ‘सिटीजन पोर्टल’ तयार करण्यात आले आहे.",
    "पिंपरी चिंचवडकरांसाठी"
  ],
  "mentions": [
    {
      "id": 0,
      "text": "रासप",
      "sentence": 0,
      "start": 1,
      "end": 4,
      "confidence": 1.0
    },
    {
      "id": 1,
      "text": "बारणे",
      "sentence": 0,
      "start": 45,
      "end": 49,
      "confidence": 1.0
    },
    {
      "id": 2,
      "text": "यांची",
      "sentence": 0,
      "start": 51,
      "end": 55,
      "confidence": 1.0
    },
    {
      "id": 3,
      "text": "प्रचारसभा",
      "sentence": 0,
      "start": 62,
      "end": 69,
      "confidence": 1.0
    },
    {
      "id": 4,
      "text": "युवासेना",
      "sentence": 0,
      "start": 84,
      "end": 90,
      "confidence": 1.0
    },
    {
      "id": 5,
      "text": "ठाकरे",
      "sentence": 0,
      "start": 105,
      "end": 110,
      "confidence": 1.0
    },
    {
      "id": 6,
      "text": "उपस्थितीत",
      "sentence": 0,
      "start": 123,
      "end": 129,
      "confidence": 1.0
    },
    {
      "id": 7,
      "text": "ते",
      "sentence": 1,
      "start": 142,
      "end": 143,
      "confidence": 1.0
    },
    {
      "id": 8,
      "text": "तणावात",
      "sentence": 1,
      "start": 152,
      "end": 157,
      "confidence": 1.0
    },
    {
      "id": 9,
      "text": "ट्रम्प",
      "sentence": 2,
      "start": 172,
      "end": 176,
      "confidence": 1.0
    },
    {
      "id": 10,
      "text": "भूमिकेबाबत",
      "sentence": 2,
      "start": 185,
      "end": 192,
      "confidence": 1.0
    },
    {
      "id": 11,
      "text": "हिंदुस्थानच्या",
      "sentence": 2,
      "start": 194,
      "end": 204,
      "confidence": 1.0
    },
    {
      "id": 12,
      "text": "प्रतिक्रियेमुळे",
      "sentence": 2,
      "start": 206,
      "end": 215,
      "confidence": 1.0
    },
    {
      "id": 13,
      "text": "इमरान",
      "sentence": 2,
      "start": 228,
      "end": 233,
      "confidence": 1.0
    },
    {
      "id": 14,
      "text": "यांनी",
      "sentence": 2,
      "start": 235,
      "end": 239,
      "confidence": 1.0
    },
    {
      "id": 15,
      "text": "काय",
      "sentence": 3,
      "start": 274,
      "end": 276,
      "confidence": 1.0
    },
    {
      "id": 16,
      "text": "ती",
      "sentence": 3,
      "start": 294,
      "end": 295,
      "confidence": 1.0
    },
    {
      "id": 17,
      "text": "जानेवारी",
      "sentence": 4,
      "start": 309,
      "end": 315,
      "confidence": 1.0
    },
    {
      "id": 18,
      "text": "फायरप्लेसद्वारे",
      "sentence": 4,
      "start": 317,
      "end": 328,
      "confidence": 1.0
    },
    {
      "id": 19,
      "text": "इंग्रजी",
      "sentence": 5,
      "start": 358,
      "end": 363,
      "confidence": 1.0
    },
    {
      "id": 20,
      "text": "शकणाऱ्यांची",
      "sentence": 5,
      "start": 368,
      "end": 376,
      "confidence": 1.0
    },
    {
      "id": 21,
      "text": "बहुतेकांना",
      "sentence": 5,
      "start": 404,
      "end": 411,
      "confidence": 1.0
    },
    {
      "id": 22,
      "text": "ते",
      "sentence": 6,
      "start": 418,
      "end": 419,
      "confidence": 1.0
    },
    {
      "id": 23,
      "text": "पंढरपूर",
      "sentence": 6,
      "start": 421,
      "end": 427,
      "confidence": 1.0
    },
    {
      "id": 24,
      "text": "शेतक-यांशी",
      "sentence": 6,
      "start": 455,
      "end": 463,
      "confidence": 1.0
    },
    {
      "id": 25,
      "text": "संवाद",
      "sentence": 6,
      "start": 465,
      "end": 469,
      "confidence": 1.0
    },
    {
      "id": 26,
      "text": "अंड्यांच्या",
      "sentence": 8,
      "start": 498,
      "end": 505,
      "confidence": 1.0
    },
    {
      "id": 27,
      "text": "मागणीत",
      "sentence": 8,
      "start": 507,
      "end": 512,
      "confidence": 1.0
    },
    {
      "id": 28,
      "text": "त्यांनी",
      "sentence": 8,
      "start": 550,
      "end": 554,
      "confidence": 1.0
    },
    {
      "id": 29,
      "text": "कुणाच्या",
      "sentence": 10,
      "start": 602,
      "end": 607,
      "confidence": 1.0
    },
    {
      "id": 30,
      "text": "बेपर्वाई",
      "sentence": 10,
      "start": 609,
      "end": 614,
      "confidence": 1.0
    },
    {
      "id": 31,
      "text": "ते",
      "sentence": 10,
      "start": 618,
      "end": 619,
      "confidence": 1.0
    },
    {
      "id": 32,
      "text": "बसस्थानकावर",
      "sentence": 10,
      "start": 621,
      "end": 631,
      "confidence": 1.0
    },
    {
      "id": 33,
      "text": "आजींनी",
      "sentence": 11,
      "start": 634,
      "end": 639,
      "confidence": 1.0
    },
    {
      "id": 34,
      "text": "मला",
      "sentence": 11,
      "start": 641,
      "end": 643,
      "confidence": 1.0
    },
    {
      "id": 35,
      "text": "नजरेने",
      "sentence": 11,
      "start": 651,
      "end": 655,
      "confidence": 1.0
    },
    {
      "id": 36,
      "text": "अभिवादन",
      "sentence": 11,
      "start": 657,
      "end": 663,
      "confidence": 1.0
    },
    {
      "id": 37,
      "text": "यांनी",
      "sentence": 11,
      "start": 674,
      "end": 678,
      "confidence": 1.0
    },
    {
      "id": 38,
      "text": "गझलकार",
      "sentence": 11,
      "start": 694,
      "end": 700,
      "confidence": 1.0
    },
    {
      "id": 39,
      "text": "कटककर",
      "sentence": 11,
      "start": 706,
      "end": 712,
      "confidence": 1.0
    },
    {
      "id": 40,
      "text": "फटका",
      "sentence": 12,
      "start": 722,
      "end": 725,
      "confidence": 1.0
    },
    {
      "id": 41,
      "text": "क्रिकेटपटूंना",
      "sentence": 12,
      "start": 733,
      "end": 742,
      "confidence": 1.0
    },
    {
      "id": 42,
      "text": "समूह",
      "sentence": 13,
      "start": 789,
      "end": 792,
      "confidence": 1.0
    },
    {
      "id": 43,
      "text": "लक्षणे",
      "sentence": 13,
      "start": 807,
      "end": 810,
      "confidence": 1.0
    },
    {
      "id": 44,
      "text": "कसोटी",
      "sentence": 14,
      "start": 824,
      "end": 828,
      "confidence": 1.0
    },
    {
      "id": 45,
      "text": "संघाचे",
      "sentence": 14,
      "start": 830,
      "end": 834,
      "confidence": 1.0
    },
    {
      "id": 46,
      "text": "नेतृत्व",
      "sentence": 14,
      "start": 836,
      "end": 841,
      "confidence": 1.0
    },
    {
      "id": 47,
      "text": "विराटने",
      "sentence": 14,
      "start": 850,
      "end": 855,
      "confidence": 1.0
    },
    {
      "id": 48,
      "text": "धावा",
      "sentence": 14,
      "start": 883,
      "end": 886,
      "confidence": 1.0
    },
    {
      "id": 49,
      "text": "आमच्या",
      "sentence": 15,
      "start": 907,
      "end": 911,
      "confidence": 1.0
    },
    {
      "id": 50,
      "text": "पत्रा",
      "sentence": 15,
      "start": 929,
      "end": 932,
      "confidence": 1.0
    },
    {
      "id": 51,
      "text": "यासाठी",
      "sentence": 17,
      "start": 960,
      "end": 964,
      "confidence": 1.0
    },
    {
      "id": 52,
      "text": "पोलीस",
      "sentence": 17,
      "start": 966,
      "end": 970,
      "confidence": 1.0
    },
    {
      "id": 53,
      "text": "दलाचे",
      "sentence": 17,
      "start": 972,
      "end": 975,
      "confidence": 1.0
    },
    {
      "id": 54,
      "text": "सिटीजन",
      "sentence": 17,
      "start": 980,
      "end": 986,
      "confidence": 1.0
    },
    {
      "id": 55,
      "text": "पोर्टल",
      "sentence": 17,
      "start": 988,
      "end": 993,
      "confidence": 1.0
    },
    {
      "id": 56,
      "text": "चिंचवडकरांसाठी",
      "sentence": 18,
      "start": 1011,
      "end": 1022,
      "confidence": 1.0
    }
  ],
  "clusters": [
    [
      2,
      3,
      4
    ],
    [
      8,
      9,
      10
    ],
    [
      14,
      15
    ],
    [
      19,
      20
    ],
    [
      46,
      47,
      48
    ]
  ]
}