{
  "document_id": "document_269",
  "sentences": [
    "भाजपच्या बालेकिल्ल्यात कॉंग्रेसही जोरात",
    "एकटी सोनेरी परी फार गोंधळून जाते.",
    "मध्यप्रदेशमध्ये एका जागेवर काँगेसचा उमेदवार आघाडीवर आहे.",
    "पण बाळासाहेब थोरात यांची राजकीय कारकीर्द पाहता त्यांच्या नावाला पसंती मिळाली.",
    "पालघरमधील पिवळी या गावातून वाडाच्या दिशेने मंगळवारी सकाळी 6.",
    "30 वाजता ही बस निघाली होती.",
    "आणि आपण, एक कठोर आदरणीय महिला.",
    "बिबट्याचा बंदोबस्त करण्याची मागणी नागरिक करत आहेत.",
    "दाबोळी विमानतळावर कस्टम अधिकार्‍यांनी सोमवार दि.",
    "11 रोजी केलेल्या कारवाईत दोन केरळी प्रवाशांकडून 11 लाखांचे सोने, 4.3 लाखांचे केसर, विदेशी सिगारेटचे 169 बॉक्स असा एकूण 15.5 लाख रुपयांचा माल जप्त केला.",
    "सलग दुसऱया सत्रात तेजी : गुरुवारी वायदा बाजाराची अखेर",
    "विक्रीसाठी काय आहे  ओझे का?",
    "त्याचेच फळ म्हणून सरकारने जादूटोणाविरोधी कायदा करण्याचे ठरवले आहे.",
    "निवडणुकांच्या तोंडावर मोदी सरकार आणखी एक मास्टरस्ट्रोक मारु शकणार का, याचं उत्तर आपल्याला कोर्टाच्या निकालानंतरच कळू शकेल.",
    "केरोसिनच्या वासाने झुरळ पळून जाण्यास मदत होते.",
    "मात्र, सध्या काही वेगळेच संकेत मिळत असून, लालकृष्ण अडवाणी यांच्याकडे दुर्लक्ष करण्याचेच धोरण भाजपाने ठरवले आहे की, काय अशी चर्चा सुरू झाली आहे.",
    "फोल्ड़ेबल फोनच्या स्पर्धेत मोटोरोला कंपनीसुद्धा उतरली आहे.",
    "ह्या वाक्यात एक उपहास आहे- यनावालांनी असे गृहीत धरले आहे की, त्यांना एखादा अर्थ नाही कळला की, इतरांनाही त्याचा बोध झाला नाही पाहीजे.",
    "देशभरातून प्रशिक्षणासाठी आलेल्या जवानांनी यावेळी हवाई प्रात्यक्षिके दाखवत देशाच्या ताकदीची अनुभूती करून दिली.",
    "पोलिसांनी पहिल्या दिवसापासून या घटनेला गांभिर्याने घेत तपास सुरू केला होता.",
    "फायदेशीर व्यवसाय गुंतण्यासाठी संधी व्यतिरिक्त, उद्योजक कामगार मोल सक्षम आहे.",
    "पोलिसांनी दिलेल्या माहितीनुसार, फिर्यादी जयेंद्र हा मंगळवारी रात्री पावणेदोनच्या सुमारास भोसरी कुंदननगर येथील आयप्पा मंदिराजवळ मोबाईलवर बोलत उभा होता.",
    "सोनभद्रमध्ये जे लोक मारले गेले त्यांच्या कुटुंबीयांना भेटण्यासाठी मी आले आहे, पीडितांच्या नातेवाईकांना भेटण्यात गैर काय असेही त्यांनी विचारले आहे.",
    "या बातमीनंतर अवघ्या ४८ तासांत पालिकेने ही कारवाई केली.",
    "पोलिसांनी दिलेल्या माहितीनुसार, तक्रारादार महिलेचे वय ६० वर्ष आहे.",
    "महेंद्रसिंग धोनी न्यूझीलंडच्या मार्टिन गुप्टिलच्या थेट थ्रोवर रनआऊट झाला.",
    "आंतरराष्ट्रीय वित्तीय बाजाराने एकाएकी दरवाजे बंद केल्याने कर्ज उभे करणे मुश्कील झाले.",
    "२००९ साली सुरू झालेल्या या उपक्रमामध्ये अगदी सुरुवातीच्या वर्षाला वीजबचतीचं महत्त्व पटवून देण्यासाठी चित्रकला स्पर्धेचं आयोजन करण्यात आलं होतं.",
    "तो वर मांडलेल्या पॉर्नच्या व्याख्येतील एका लक्षणापेक्षा किती वेगळा आहे?",
    "बाळ साठी प्रतीक्षा करीत आहे - प्रत्येक स्त्री सर्वात रोमांचक कालखंडातील एक.",
    "त्यामुळे आजूबाजूला पळापळ झाली.",
    "त्याला वन विभागाच्या कर्मचाऱ्यांनी पकडले होते."
  ],
  "mentions": [
    {
      "id": 0,
      "text": "भाजपच्या",
      "sentence": 0,
      "start": 0,
      "end": 6,
      "confidence": 1.0
    },
    {
      "id": 1,
      "text": "बालेकिल्ल्यात",
      "sentence": 0,
      "start": 8,
      "end": 16,
      "confidence": 1.0
    },
    {
      "id": 2,
      "text": "कॉंग्रेसही",
      "sentence": 0,
      "start": 17,
      "end": 25,
      "confidence": 1.0
    },
    {
      "id": 3,
      "text": "मध्यप्रदेशमध्ये",
      "sentence": 2,
      "start": 0,
      "end": 13,
      "confidence": 1.0
    },
    {
      "id": 4,
      "text": "काँगेसचा",
      "sentence": 2,
      "start": 26,
      "end": 33,
      "confidence": 1.0
    },
    {
      "id": 5,
      "text": "थोरात",
      "sentence": 3,
      "start": 9,
      "end": 14,
      "confidence": 1.0
    },
    {
      "id": 6,
      "text": "कारकीर्द",
      "sentence": 3,
      "start": 24,
      "end": 30,
      "confidence": 1.0
    },
    {
      "id": 7,
      "text": "त्यांच्या",
      "sentence": 3,
      "start": 37,
      "end": 42,
      "confidence": 1.0
    },
    {
      "id": 8,
      "text": "नावाला",
      "sentence": 3,
      "start": 43,
      "end": 48,
      "confidence": 1.0
    },
    {
      "id": 9,
      "text": "गावातून",
      "sentence": 4,
      "start": 19,
      "end": 25,
      "confidence": 1.0
    },
    {
      "id": 10,
      "text": "वाडाच्या",
      "sentence": 4,
      "start": 26,
      "end": 32,
      "confidence": 1.0
    },
    {
      "id": 11,
      "text": "दिशेने",
      "sentence": 4,
      "start": 33,
      "end": 38,
      "confidence": 1.0
    },
    {
      "id": 12,
      "text": "आपण",
      "sentence": 6,
      "start": 4,
      "end": 8,
      "confidence": 1.0
    },
    {
      "id": 13,
      "text": "महिला",
      "sentence": 6,
      "start": 21,
      "end": 24,
      "confidence": 1.0
    },
    {
      "id": 14,
      "text": "बंदोबस्त",
      "sentence": 7,
      "start": 9,
      "end": 16,
      "confidence": 1.0
    },
    {
      "id": 15,
      "text": "मागणी",
      "sentence": 7,
      "start": 28,
      "end": 32,
      "confidence": 1.0
    },
    {
      "id": 16,
      "text": "नागरिक",
      "sentence": 7,
      "start": 33,
      "end": 38,
      "confidence": 1.0
    },
    {
      "id": 17,
      "text": "दाबोळी",
      "sentence": 8,
      "start": 0,
      "end": 5,
      "confidence": 1.0
    },
    {
      "id": 18,
      "text": "विमानतळावर",
      "sentence": 8,
      "start": 6,
      "end": 15,
      "confidence": 1.0
    },
    {
      "id": 19,
      "text": "अधिकार्‍यांनी",
      "sentence": 8,
      "start": 22,
      "end": 31,
      "confidence": 1.0
    },
    {
      "id": 20,
      "text": "सोमवार",
      "sentence": 8,
      "start": 32,
      "end": 37,
      "confidence": 1.0
    },
    {
      "id": 21,
      "text": "कारवाईत",
      "sentence": 9,
      "start": 13,
      "end": 19,
      "confidence": 1.0
    },
    {
      "id": 22,
      "text": "प्रवाशांकडून",
      "sentence": 9,
      "start": 29,
      "end": 38,
      "confidence": 1.0
    },
    {
      "id": 23,
      "text": "सोने",
      "sentence": 9,
      "start": 46,
      "end": 49,
      "confidence": 1.0
    },
    {
      "id": 24,
      "text": "केसर",
      "sentence": 9,
      "start": 58,
      "end": 62,
      "confidence": 1.0
    },
    {
      "id": 25,
      "text": "सिगारेटचे",
      "sentence": 9,
      "start": 69,
      "end": 76,
      "confidence": 1.0
    },
    {
      "id": 26,
      "text": "बॉक्स",
      "sentence": 9,
      "start": 81,
      "end": 85,
      "confidence": 1.0
    },
    {
      "id": 27,
      "text": "सत्रात",
      "sentence": 10,
      "start": 8,
      "end": 13,
      "confidence": 1.0
    },
    {
      "id": 28,
      "text": "बाजाराची",
      "sentence": 10,
      "start": 34,
      "end": 40,
      "confidence": 1.0
    },
    {
      "id": 29,
      "text": "सरकारने",
      "sentence": 12,
      "start": 14,
      "end": 20,
      "confidence": 1.0
    },
    {
      "id": 30,
      "text": "कायदा",
      "sentence": 12,
      "start": 33,
      "end": 37,
      "confidence": 1.0
    },
    {
      "id": 31,
      "text": "तोंडावर",
      "sentence": 13,
      "start": 12,
      "end": 18,
      "confidence": 1.0
    },
    {
      "id": 32,
      "text": "सरकार",
      "sentence": 13,
      "start": 24,
      "end": 28,
      "confidence": 1.0
    },
    {
      "id": 33,
      "text": "मास्टरस्ट्रोक",
      "sentence": 13,
      "start": 38,
      "end": 48,
      "confidence": 1.0
    },
    {
      "id": 34,
      "text": "उत्तर",
      "sentence": 13,
      "start": 60,
      "end": 63,
      "confidence": 1.0
    },
    {
      "id": 35,
      "text": "आपल्याला",
      "sentence": 13,
      "start": 64,
      "end": 70,
      "confidence": 1.0
    },
    {
      "id": 36,
      "text": "वासाने",
      "sentence": 14,
      "start": 11,
      "end": 16,
      "confidence": 1.0
    },
    {
      "id": 37,
      "text": "झुरळ",
      "sentence": 14,
      "start": 17,
      "end": 20,
      "confidence": 1.0
    },
    {
      "id": 38,
      "text": "संकेत",
      "sentence": 15,
      "start": 23,
      "end": 27,
      "confidence": 1.0
    },
    {
      "id": 39,
      "text": "अडवाणी",
      "sentence": 15,
      "start": 41,
      "end": 46,
      "confidence": 1.0
    },
    {
      "id": 40,
      "text": "यांच्याकडे",
      "sentence": 15,
      "start": 47,
      "end": 54,
      "confidence": 1.0
    },
    {
      "id": 41,
      "text": "दुर्लक्ष",
      "sentence": 15,
      "start": 55,
      "end": 60,
      "confidence": 1.0
    },
    {
      "id": 42,
      "text": "धोरण",
      "sentence": 15,
      "start": 71,
      "end": 75,
      "confidence": 1.0
    },
    {
      "id": 43,
      "text": "भाजपाने",
      "sentence": 15,
      "start": 76,
      "end": 82,
      "confidence": 1.0
    },
    {
      "id": 44,
      "text": "चर्चा",
      "sentence": 15,
      "start": 95,
      "end": 98,
      "confidence": 1.0
    },
    {
      "id": 45,
      "text": "स्पर्धेत",
      "sentence": 16,
      "start": 17,
      "end": 22,
      "confidence": 1.0
    },
    {
      "id": 46,
      "text": "वाक्यात",
      "sentence": 17,
      "start": 4,
      "end": 9,
      "confidence": 1.0
    },
    {
      "id": 47,
      "text": "उपहास",
      "sentence": 17,
      "start": 12,
      "end": 16,
      "confidence": 1.0
    },
    {
      "id": 48,
      "text": "यनावालांनी",
      "sentence": 17,
      "start": 20,
      "end": 29,
      "confidence": 1.0
    },
    {
      "id": 49,
      "text": "त्यांना",
      "sentence": 17,
      "start": 47,
      "end": 51,
      "confidence": 1.0
    },
    {
      "id": 50,
      "text": "अर्थ",
      "sentence": 17,
      "start": 58,
      "end": 60,
      "confidence": 1.0
    },
    {
      "id": 51,
      "text": "इतरांनाही",
      "sentence": 17,
      "start": 72,
      "end": 79,
      "confidence": 1.0
    },
    {
      "id": 52,
      "text": "त्याचा",
      "sentence": 17,
      "start": 80,
      "end": 84,
      "confidence": 1.0
    },
    {
      "id": 53,
      "text": "देशभरातून",
      "sentence": 18,
      "start": 0,
      "end": 9,
      "confidence": 1.0
    },
    {
      "id": 54,
      "text": "प्रशिक्षणासाठी",
      "sentence": 18,
      "start": 10,
      "end": 20,
      "confidence": 1.0
    },
    {
      "id": 55,
      "text": "जवानांनी",
      "sentence": 18,
      "start": 28,
      "end": 34,
      "confidence": 1.0
    },
    {
      "id": 56,
      "text": "प्रात्यक्षिके",
      "sentence": 18,
      "start": 43,
      "end": 51,
      "confidence": 1.0
    },
    {
      "id": 57,
      "text": "देशाच्या",
      "sentence": 18,
      "start": 57,
      "end": 63,
      "confidence": 1.0
    },
    {
      "id": 58,
      "text": "ताकदीची",
      "sentence": 18,
      "start": 64,
      "end": 70,
      "confidence": 1.0
    },
    {
      "id": 59,
      "text": "अनुभूती",
      "sentence": 18,
      "start": 71,
      "end": 77,
      "confidence": 1.0
    },
    {
      "id": 60,
      "text": "पोलिसांनी",
      "sentence": 19,
      "start": 0,
      "end": 8,
      "confidence": 1.0
    },
    {
      "id": 61,
      "text": "दिवसापासून",
      "sentence": 19,
      "start": 16,
      "end": 24,
      "confidence": 1.0
    },
    {
      "id": 62,
      "text": "घटनेला",
      "sentence": 19,
      "start": 25,
      "end": 30,
      "confidence": 1.0
    },
    {
      "id": 63,
      "text": "तपास",
      "sentence": 19,
      "start": 44,
      "end": 48,
      "confidence": 1.0
    },
    {
      "id": 64,
      "text": "व्यवसाय",
      "sentence": 20,
      "start": 10,
      "end": 15,
      "confidence": 1.0
    },
    {
      "id": 65,
      "text": "संधी",
      "sentence": 20,
      "start": 23,
      "end": 26,
      "confidence": 1.0
    },
    {
      "id": 66,
      "text": "उद्योजक",
      "sentence": 20,
      "start": 36,
      "end": 41,
      "confidence": 1.0
    },
    {
      "id": 67,
      "text": "कामगार",
      "sentence": 20,
      "start": 42,
      "end": 47,
      "confidence": 1.0
    },
    {
      "id": 68,
      "text": "पोलिसांनी",
      "sentence": 21,
      "start": 0,
      "end": 8,
      "confidence": 1.0
    },
    {
      "id": 69,
      "text": "माहितीनुसार",
      "sentence": 21,
      "start": 17,
      "end": 26,
      "confidence": 1.0
    },
    {
      "id": 70,
      "text": "फिर्यादी",
      "sentence": 21,
      "start": 28,
      "end": 34,
      "confidence": 1.0
    },
    {
      "id": 71,
      "text": "जयेंद्र",
      "sentence": 21,
      "start": 35,
      "end": 40,
      "confidence": 1.0
    },
    {
      "id": 72,
      "text": "कुंदननगर",
      "sentence": 21,
      "start": 76,
      "end": 84,
      "confidence": 1.0
    },
    {
      "id": 73,
      "text": "मंदिराजवळ",
      "sentence": 21,
      "start": 96,
      "end": 104,
      "confidence": 1.0
    },
    {
      "id": 74,
      "text": "सोनभद्रमध्ये",
      "sentence": 22,
      "start": 0,
      "end": 10,
      "confidence": 1.0
    },
    {
      "id": 75,
      "text": "त्यांच्या",
      "sentence": 22,
      "start": 29,
      "end": 34,
      "confidence": 1.0
    },
    {
      "id": 76,
      "text": "कुटुंबीयांना",
      "sentence": 22,
      "start": 35,
      "end": 43,
      "confidence": 1.0
    },
    {
      "id": 77,
      "text": "मी",
      "sentence": 22,
      "start": 53,
      "end": 54,
      "confidence": 1.0
    },
    {
      "id": 78,
      "text": "पीडितांच्या",
      "sentence": 22,
      "start": 69,
      "end": 77,
      "confidence": 1.0
    },
    {
      "id": 79,
      "text": "नातेवाईकांना",
      "sentence": 22,
      "start": 78,
      "end": 87,
      "confidence": 1.0
    },
    {
      "id": 80,
      "text": "त्यांनी",
      "sentence": 22,
      "start": 97,
      "end": 101,
      "confidence": 1.0
    },
    {
      "id": 81,
      "text": "बातमीनंतर",
      "sentence": 23,
      "start": 3,
      "end": 11,
      "confidence": 1.0
    },
    {
      "id": 82,
      "text": "पालिकेने",
      "sentence": 23,
      "start": 23,
      "end": 29,
      "confidence": 1.0
    },
    {
      "id": 83,
      "text": "पोलिसांनी",
      "sentence": 24,
      "start": 0,
      "end": 8,
      "confidence": 1.0
    },
    {
      "id": 84,
      "text": "माहितीनुसार",
      "sentence": 24,
      "start": 17,
      "end": 26,
      "confidence": 1.0
    },
    {
      "id": 85,
      "text": "तक्रारादार",
      "sentence": 24,
      "start": 28,
      "end": 36,
      "confidence": 1.0
    },
    {
      "id": 86,
      "text": "महिलेचे",
      "sentence": 24,
      "start": 37,
      "end": 42,
      "confidence": 1.0
    },
    {
      "id": 87,
      "text": "धोनी",
      "sentence": 25,
      "start": 11,
      "end": 15,
      "confidence": 1.0
    },
    {
      "id": 88,
      "text": "न्यूझीलंडच्या",
      "sentence": 25,
      "start": 16,
      "end": 26,
      "confidence": 1.0
    },
    {
      "id": 89,
      "text": "बाजाराने",
      "sentence": 26,
      "start": 17,
      "end": 23,
      "confidence": 1.0
    },
    {
      "id": 90,
      "text": "दरवाजे",
      "sentence": 26,
      "start": 31,
      "end": 36,
      "confidence": 1.0
    },
    {
      "id": 91,
      "text": "कर्ज",
      "sentence": 26,
      "start": 46,
      "end": 48,
      "confidence": 1.0
    },
    {
      "id": 92,
      "text": "उपक्रमामध्ये",
      "sentence": 27,
      "start": 18,
      "end": 27,
      "confidence": 1.0
    },
    {
      "id": 93,
      "text": "वर्षाला",
      "sentence": 27,
      "start": 43,
      "end": 48,
      "confidence": 1.0
    },
    {
      "id": 94,
      "text": "महत्त्व",
      "sentence": 27,
      "start": 59,
      "end": 64,
      "confidence": 1.0
    },
    {
      "id": 95,
      "text": "आयोजन",
      "sentence": 27,
      "start": 80,
      "end": 85,
      "confidence": 1.0
    },
    {
      "id": 96,
      "text": "तो",
      "sentence": 28,
      "start": 0,
      "end": 1,
      "confidence": 1.0
    },
    {
      "id": 97,
      "text": "लक्षणापेक्षा",
      "sentence": 28,
      "start": 29,
      "end": 37,
      "confidence": 1.0
    },
    {
      "id": 98,
      "text": "स्त्री",
      "sentence": 29,
      "start": 31,
      "end": 33,
      "confidence": 1.0
    },
    {
      "id": 99,
      "text": "कालखंडातील",
      "sentence": 29,
      "start": 44,
      "end": 53,
      "confidence": 1.0
    },
    {
      "id": 100,
      "text": "पळापळ",
      "sentence": 30,
      "start": 10,
      "end": 14,
      "confidence": 1.0
    },
    {
      "id": 101,
      "text": "त्याला",
      "sentence": 31,
      "start": 0,
      "end": 4,
      "confidence": 1.0
    },
    {
      "id": 102,
      "text": "विभागाच्या",
      "sentence": 31,
      "start": 10,
      "end": 17,
      "confidence": 1.0
    },
    {
      "id": 103,
      "text": "कर्मचाऱ्यांनी",
      "sentence": 31,
      "start": 18,
      "end": 27,
      "confidence": 1.0
    }
  ],
  "clusters": [
    [
      8,
      10
    ],
    [
      20,
      21
    ],
    [
      33,
      34,
      35,
      36,
      37
    ],
    [
      43,
      44
    ],
    [
      62,
      63
    ],
    [
      73,
      74
    ],
    [
      75,
      77,
      78
    ],
    [
      79,
      83
    ],
    [
      97,
      98,
      99
    ]
  ]
}