{
  "document_id": "document_193",
  "sentences": [
    "निर्धार परिवर्तन कार्यक्रमाच्या बॅनरवरून क्षीरसांगराचा फोटो पुन्हा गायब",
    "निफ्टीचा पीएसयू बँक निर्देशांक 1.7 टक्के आणि खासगी बँक निर्देशांक 0.6 टक्क्यांनी वधारला.",
    "लक्झरी बस पुलावरुन कोसळून १५ जण ठार झालेत.",
    "वृक्ष लागवडीनंतर पत्रकार परिषदेत ते बोलत होते.",
    "त्याचे उजवा हात पुढे करून व तोंडाने काहीतरी पुटपुटत त्याने रस्ता पार केला होता.",
    "याचा विचार राज ठाकरेंनी केला पाहिजे असं मत शिवसेनेच्या नीलम गोऱ्हे यांनी केला.",
    "या कालावधीत रूजू होण्यास मुदतवाढ देण्याची विनंती न केल्यास 60 दिवसांमध्ये नियुक्‍ती रद्द करण्याचे आदेश देण्यात यावे, असेही राज्य शासनाने सूचित केले आहे.",
    "कोकण आणि मुंबईत पुढील पाच दिवस अतिवृष्टीचा इशारा",
    "फॉगनिनी, इस्नेर चौथ्या फेरीत गारद",
    "पोलिस निरीक्षक पोवार यांच्याशी संपर्क झाला नाही मात्र सदर घटनेबाबत त्यांनी सोशल मीडियावर प्रतिक्रिया देताना हा विषय बारामती हद्दीतील असल्याने आम्ही गुन्हा दाखल केला नाही.",
    "सदर व्यक्तीला आत्महत्येचा प्रयत्न करण्याचा सल्ला काही मान्यवरांनी दिल्याचे तपासात समजले असून देशमुख यांना अटक केली असल्याचे स्पष्ट केले आहे.",
    "सामान्यजन त्याला बळी पडत आहेत.",
    "अश्रू पुसता पुसता लढण्याची हिम्मत देणारी",
    "थर आणि दंड नदी वाळू यांचे आदर्श मिश्रण.",
    "त्यांना यावेळी जिल्हा प्रशासनाने मदत मागितली नसली तरी महापुराचा प्रसंग पाहून जिल्ह्यातील सर्वच उद्योजक, साखर कारखाने, संस्था, व्यक्‍ती मदतीसाठी सरसावतील, अशीही अपेक्षा जिल्हा प्रशासनाने व्यक्‍त केली आहे.",
    "त्याची कर्नाटकात राहून पक्षबांधणी करावी, असे काँग्रेसचे मत होते.",
    "त्यामुळे संभाव्य म्हणून थोडे पैसा शक्ती समस्या सोडविण्यास.",
    "२०१८ पर्यंत आपल्याकडे अशा प्रकारांचा डेटाबेस नव्हता.",
    "सापेक्ष घनता",
    "तज्ञ सल्ला.",
    "प्रभाग 10 मध्ये एका पक्षाच्या समर्थक माजी महापौरांनाही या वादावादीतून पोलिसांनी ताब्यात घेतले.",
    "रोहित शर्मा बाद झाल्यानंतर केएल राहुल आणि विराट कोहली यांनी डाव सांभाळला.",
    "a.तुम्ही जर मालकाप्रमाणे(Is same as proprietor details) पर्याय निवडला तर तुम्हाला पुढील फॉर्म मिळेल.",
    "टाटा सन्स आणि सिंगापूर एअरलाइन्सचे संयुक्त उद्यम असलेल्या या कंपनीचे सोमवारी ‘विस्तारा’ असे नामकरण करताना तिच्या बोधचिन्हाचे अनावरण करण्यात आले.",
    "कचऱ्याची समस्या गंभीर होण्याची शक्यता वर्तविण्यात येत आहे.",
    "स्वत: निदान अशक्य आहे.",
    "अटलजींबद्दल आठवण सांगताना श्रेयस हॉटेलचे संचालक हनुमान चितळे यांनी सांगितले कि, मॉडर्न हायस्कूल जवळ संघाचे प्रांतसंघचालक बाबाराव भिडे यांचा बौद्धिक वर्ग सकाळी सात वाजता आयोजित केला होता.",
    "या वर्गास अटलजी स्वयंसेवक म्हणून उपस्थित होते.",
    "आणि संघस्थानावर गटांमध्ये बसले होते.",
    "ही त्यांची स्वाभाविक वृत्ती होती.",
    "तुमच्या जागी मी असेल तर प्रथम कॅनडा देशाचा अभ्यास करेल.",
    "CIC वेबवरुन काय पर्याय उपलब्द आहेत त्याचा अभ्यास करेल.",
    "तुमच्याकडे खुप पैसे असतील, आणि वेळ कमी असेल तर एजन्ट गाढायचा.",
    "त्याने १० पट पैसे जातील पण तो तुमचे सर्व काम करेल.",
    "पैसे वाचवाणे हा उद्देश असेल तर वेळ काढायचा, माहिती मिळवायची आणि स्वत: निर्णय घ्यायचे.",
    "यावेळी २००९ च्या तुलनेत प्रत्येक टप्प्यामध्ये मतदानात वाढ झाली आहे.",
    "अशा प्रकारे एकेश्वरवादाचा सिद्धांत मांडतानाच, प्रत्येकाने त्या परमेश्वरावरही श्रद्धा ठेवावी व त्याचबरोबर आपला स्वत:चा पूर्वापार देवही मानावा, अशी एकत्वाची व स्वायत्ततेची शिकवण देण्यात आली.",
    "यदि आप (ईरान) इसके बारे में बात करना चाहते हैं, तो अच्छा है।",
    "प्रत्युत्तरात यजमान इंग्लंडने पहिल्या दिवसअखेर 3 बाद 113 धावा काढल्या.",
    "आजकाल म्हणजे गेली २५-३० वर्षे.",
    "आई जशी आपल्या तान्हुल्याला रोज आंघोळ घालते अगदी तशीच या दिवशी आम्ही आमच्या बैलजोडीला विहिरीवर नेऊन स्वच्छ आंघोळ घालायचो.",
    "मानक तांब्याची भांडी;",
    "गेल्या सभागृहात प्रयत्न केल्यानंतर 2 कोटी 10 लाख रूपये निधी मंजूर झाला होता.",
    "परीक्षेदरम्यान मी खूप आजारी होते."
  ],
  "mentions": [
    {
      "id": 0,
      "text": "क्षीरसांगराचा",
      "sentence": 0,
      "start": 31,
      "end": 42,
      "confidence": 1.0
    },
    {
      "id": 1,
      "text": "फोटो",
      "sentence": 0,
      "start": 43,
      "end": 47,
      "confidence": 1.0
    },
    {
      "id": 2,
      "text": "निफ्टीचा",
      "sentence": 1,
      "start": 50,
      "end": 57,
      "confidence": 1.0
    },
    {
      "id": 3,
      "text": "निर्देशांक",
      "sentence": 1,
      "start": 67,
      "end": 77,
      "confidence": 1.0
    },
    {
      "id": 4,
      "text": "निर्देशांक",
      "sentence": 1,
      "start": 105,
      "end": 115,
      "confidence": 1.0
    },
    {
      "id": 5,
      "text": "टक्क्यांनी",
      "sentence": 1,
      "start": 119,
      "end": 127,
      "confidence": 1.0
    },
    {
      "id": 6,
      "text": "ते",
      "sentence": 3,
      "start": 187,
      "end": 189,
      "confidence": 1.0
    },
    {
      "id": 7,
      "text": "त्याचे",
      "sentence": 4,
      "start": 202,
      "end": 207,
      "confidence": 1.0
    },
    {
      "id": 8,
      "text": "तोंडाने",
      "sentence": 4,
      "start": 226,
      "end": 232,
      "confidence": 1.0
    },
    {
      "id": 9,
      "text": "त्याने",
      "sentence": 4,
      "start": 243,
      "end": 247,
      "confidence": 1.0
    },
    {
      "id": 10,
      "text": "रस्ता",
      "sentence": 4,
      "start": 247,
      "end": 252,
      "confidence": 1.0
    },
    {
      "id": 11,
      "text": "विचार",
      "sentence": 5,
      "start": 265,
      "end": 270,
      "confidence": 1.0
    },
    {
      "id": 12,
      "text": "ठाकरेंनी",
      "sentence": 5,
      "start": 273,
      "end": 280,
      "confidence": 1.0
    },
    {
      "id": 13,
      "text": "शिवसेनेच्या",
      "sentence": 5,
      "start": 294,
      "end": 303,
      "confidence": 1.0
    },
    {
      "id": 14,
      "text": "नीलम",
      "sentence": 5,
      "start": 304,
      "end": 309,
      "confidence": 1.0
    },
    {
      "id": 15,
      "text": "गोऱ्हे",
      "sentence": 5,
      "start": 309,
      "end": 314,
      "confidence": 1.0
    },
    {
      "id": 16,
      "text": "यांनी",
      "sentence": 5,
      "start": 314,
      "end": 319,
      "confidence": 1.0
    },
    {
      "id": 17,
      "text": "कालावधीत",
      "sentence": 6,
      "start": 323,
      "end": 331,
      "confidence": 1.0
    },
    {
      "id": 18,
      "text": "मुदतवाढ",
      "sentence": 6,
      "start": 342,
      "end": 349,
      "confidence": 1.0
    },
    {
      "id": 19,
      "text": "विनंती",
      "sentence": 6,
      "start": 357,
      "end": 362,
      "confidence": 1.0
    },
    {
      "id": 20,
      "text": "दिवसांमध्ये",
      "sentence": 6,
      "start": 375,
      "end": 384,
      "confidence": 1.0
    },
    {
      "id": 21,
      "text": "नियुक्‍ती",
      "sentence": 6,
      "start": 384,
      "end": 391,
      "confidence": 1.0
    },
    {
      "id": 22,
      "text": "राज्य",
      "sentence": 6,
      "start": 421,
      "end": 425,
      "confidence": 1.0
    },
    {
      "id": 23,
      "text": "शासनाने",
      "sentence": 6,
      "start": 425,
      "end": 432,
      "confidence": 1.0
    },
    {
      "id": 24,
      "text": "कोकण",
      "sentence": 7,
      "start": 444,
      "end": 449,
      "confidence": 1.0
    },
    {
      "id": 25,
      "text": "मुंबईत",
      "sentence": 7,
      "start": 454,
      "end": 460,
      "confidence": 1.0
    },
    {
      "id": 26,
      "text": "दिवस",
      "sentence": 7,
      "start": 469,
      "end": 473,
      "confidence": 1.0
    },
    {
      "id": 27,
      "text": "इशारा",
      "sentence": 7,
      "start": 483,
      "end": 488,
      "confidence": 1.0
    },
    {
      "id": 28,
      "text": "इस्नेर",
      "sentence": 8,
      "start": 499,
      "end": 505,
      "confidence": 1.0
    },
    {
      "id": 29,
      "text": "फेरीत",
      "sentence": 8,
      "start": 512,
      "end": 517,
      "confidence": 1.0
    },
    {
      "id": 30,
      "text": "पोलिस",
      "sentence": 9,
      "start": 520,
      "end": 525,
      "confidence": 1.0
    },
    {
      "id": 31,
      "text": "निरीक्षक",
      "sentence": 9,
      "start": 525,
      "end": 532,
      "confidence": 1.0
    },
    {
      "id": 32,
      "text": "पोवार",
      "sentence": 9,
      "start": 532,
      "end": 537,
      "confidence": 1.0
    },
    {
      "id": 33,
      "text": "घटनेबाबत",
      "sentence": 9,
      "start": 559,
      "end": 567,
      "confidence": 1.0
    },
    {
      "id": 34,
      "text": "त्यांनी",
      "sentence": 9,
      "start": 567,
      "end": 572,
      "confidence": 1.0
    },
    {
      "id": 35,
      "text": "मीडियावर",
      "sentence": 9,
      "start": 578,
      "end": 585,
      "confidence": 1.0
    },
    {
      "id": 36,
      "text": "प्रतिक्रिया",
      "sentence": 9,
      "start": 585,
      "end": 593,
      "confidence": 1.0
    },
    {
      "id": 37,
      "text": "विषय",
      "sentence": 9,
      "start": 602,
      "end": 606,
      "confidence": 1.0
    },
    {
      "id": 38,
      "text": "आम्ही",
      "sentence": 9,
      "start": 628,
      "end": 633,
      "confidence": 1.0
    },
    {
      "id": 39,
      "text": "गुन्हा",
      "sentence": 9,
      "start": 633,
      "end": 638,
      "confidence": 1.0
    },
    {
      "id": 40,
      "text": "व्यक्तीला",
      "sentence": 10,
      "start": 651,
      "end": 657,
      "confidence": 1.0
    },
    {
      "id": 41,
      "text": "आत्महत्येचा",
      "sentence": 10,
      "start": 657,
      "end": 667,
      "confidence": 1.0
    },
    {
      "id": 42,
      "text": "प्रयत्न",
      "sentence": 10,
      "start": 667,
      "end": 672,
      "confidence": 1.0
    },
    {
      "id": 43,
      "text": "सल्ला",
      "sentence": 10,
      "start": 681,
      "end": 685,
      "confidence": 1.0
    },
    {
      "id": 44,
      "text": "मान्यवरांनी",
      "sentence": 10,
      "start": 690,
      "end": 699,
      "confidence": 1.0
    },
    {
      "id": 45,
      "text": "तपासात",
      "sentence": 10,
      "start": 706,
      "end": 712,
      "confidence": 1.0
    },
    {
      "id": 46,
      "text": "देशमुख",
      "sentence": 10,
      "start": 728,
      "end": 734,
      "confidence": 1.0
    },
    {
      "id": 47,
      "text": "यांना",
      "sentence": 10,
      "start": 734,
      "end": 738,
      "confidence": 1.0
    },
    {
      "id": 48,
      "text": "सामान्यजन",
      "sentence": 11,
      "start": 760,
      "end": 768,
      "confidence": 1.0
    },
    {
      "id": 49,
      "text": "त्याला",
      "sentence": 11,
      "start": 768,
      "end": 773,
      "confidence": 1.0
    },
    {
      "id": 50,
      "text": "अश्रू",
      "sentence": 12,
      "start": 785,
      "end": 789,
      "confidence": 1.0
    },
    {
      "id": 51,
      "text": "हिम्मत",
      "sentence": 12,
      "start": 800,
      "end": 805,
      "confidence": 1.0
    },
    {
      "id": 52,
      "text": "वाळू",
      "sentence": 13,
      "start": 826,
      "end": 830,
      "confidence": 1.0
    },
    {
      "id": 53,
      "text": "मिश्रण",
      "sentence": 13,
      "start": 840,
      "end": 845,
      "confidence": 1.0
    },
    {
      "id": 54,
      "text": "त्यांना",
      "sentence": 14,
      "start": 846,
      "end": 851,
      "confidence": 1.0
    },
    {
      "id": 55,
      "text": "जिल्हा",
      "sentence": 14,
      "start": 856,
      "end": 861,
      "confidence": 1.0
    },
    {
      "id": 56,
      "text": "प्रशासनाने",
      "sentence": 14,
      "start": 861,
      "end": 870,
      "confidence": 1.0
    },
    {
      "id": 57,
      "text": "महापुराचा",
      "sentence": 14,
      "start": 887,
      "end": 895,
      "confidence": 1.0
    },
    {
      "id": 58,
      "text": "प्रसंग",
      "sentence": 14,
      "start": 895,
      "end": 900,
      "confidence": 1.0
    },
    {
      "id": 59,
      "text": "उद्योजक",
      "sentence": 14,
      "start": 919,
      "end": 925,
      "confidence": 1.0
    },
    {
      "id": 60,
      "text": "साखर",
      "sentence": 14,
      "start": 926,
      "end": 930,
      "confidence": 1.0
    },
    {
      "id": 61,
      "text": "कारखाने",
      "sentence": 14,
      "start": 930,
      "end": 937,
      "confidence": 1.0
    },
    {
      "id": 62,
      "text": "संस्था",
      "sentence": 14,
      "start": 938,
      "end": 943,
      "confidence": 1.0
    },
    {
      "id": 63,
      "text": "व्यक्‍ती",
      "sentence": 14,
      "start": 944,
      "end": 949,
      "confidence": 1.0
    },
    {
      "id": 64,
      "text": "मदतीसाठी",
      "sentence": 14,
      "start": 949,
      "end": 957,
      "confidence": 1.0
    },
    {
      "id": 65,
      "text": "अपेक्षा",
      "sentence": 14,
      "start": 969,
      "end": 975,
      "confidence": 1.0
    },
    {
      "id": 66,
      "text": "जिल्हा",
      "sentence": 14,
      "start": 975,
      "end": 980,
      "confidence": 1.0
    },
    {
      "id": 67,
      "text": "प्रशासनाने",
      "sentence": 14,
      "start": 980,
      "end": 989,
      "confidence": 1.0
    },
    {
      "id": 68,
      "text": "त्याची",
      "sentence": 15,
      "start": 994,
      "end": 999,
      "confidence": 1.0
    },
    {
      "id": 69,
      "text": "कर्नाटकात",
      "sentence": 15,
      "start": 999,
      "end": 1007,
      "confidence": 1.0
    },
    {
      "id": 70,
      "text": "पक्षबांधणी",
      "sentence": 15,
      "start": 1014,
      "end": 1022,
      "confidence": 1.0
    },
    {
      "id": 71,
      "text": "काँग्रेसचे",
      "sentence": 15,
      "start": 1030,
      "end": 1038,
      "confidence": 1.0
    },
    {
      "id": 72,
      "text": "पैसा",
      "sentence": 16,
      "start": 1067,
      "end": 1071,
      "confidence": 1.0
    },
    {
      "id": 73,
      "text": "शक्ती",
      "sentence": 16,
      "start": 1071,
      "end": 1075,
      "confidence": 1.0
    },
    {
      "id": 74,
      "text": "समस्या",
      "sentence": 16,
      "start": 1075,
      "end": 1080,
      "confidence": 1.0
    },
    {
      "id": 75,
      "text": "आपल्याकडे",
      "sentence": 17,
      "start": 1092,
      "end": 1100,
      "confidence": 1.0
    },
    {
      "id": 76,
      "text": "प्रकारांचा",
      "sentence": 17,
      "start": 1106,
      "end": 1114,
      "confidence": 1.0
    },
    {
      "id": 77,
      "text": "डेटाबेस",
      "sentence": 17,
      "start": 1114,
      "end": 1121,
      "confidence": 1.0
    },
    {
      "id": 78,
      "text": "घनता",
      "sentence": 18,
      "start": 1128,
      "end": 1133,
      "confidence": 1.0
    },
    {
      "id": 79,
      "text": "सल्ला",
      "sentence": 19,
      "start": 1136,
      "end": 1140,
      "confidence": 1.0
    },
    {
      "id": 80,
      "text": "प्रभाग",
      "sentence": 20,
      "start": 1142,
      "end": 1147,
      "confidence": 1.0
    },
    {
      "id": 81,
      "text": "समर्थक",
      "sentence": 20,
      "start": 1164,
      "end": 1170,
      "confidence": 1.0
    },
    {
      "id": 82,
      "text": "महापौरांनाही",
      "sentence": 20,
      "start": 1174,
      "end": 1185,
      "confidence": 1.0
    },
    {
      "id": 83,
      "text": "पोलिसांनी",
      "sentence": 20,
      "start": 1198,
      "end": 1206,
      "confidence": 1.0
    },
    {
      "id": 84,
      "text": "शर्मा",
      "sentence": 21,
      "start": 1220,
      "end": 1225,
      "confidence": 1.0
    },
    {
      "id": 85,
      "text": "विराट",
      "sentence": 21,
      "start": 1251,
      "end": 1256,
      "confidence": 1.0
    },
    {
      "id": 86,
      "text": "कोहली",
      "sentence": 21,
      "start": 1256,
      "end": 1261,
      "confidence": 1.0
    },
    {
      "id": 87,
      "text": "यांनी",
      "sentence": 21,
      "start": 1261,
      "end": 1266,
      "confidence": 1.0
    },
    {
      "id": 88,
      "text": "तुम्ही",
      "sentence": 22,
      "start": 1276,
      "end": 1280,
      "confidence": 1.0
    },
    {
      "id": 89,
      "text": "मालकाप्रमाणे",
      "sentence": 22,
      "start": 1283,
      "end": 1291,
      "confidence": 1.0
    },
    {
      "id": 90,
      "text": "पर्याय",
      "sentence": 22,
      "start": 1319,
      "end": 1324,
      "confidence": 1.0
    },
    {
      "id": 91,
      "text": "तुम्हाला",
      "sentence": 22,
      "start": 1332,
      "end": 1338,
      "confidence": 1.0
    },
    {
      "id": 92,
      "text": "फॉर्म",
      "sentence": 22,
      "start": 1344,
      "end": 1348,
      "confidence": 1.0
    },
    {
      "id": 93,
      "text": "टाटा",
      "sentence": 23,
      "start": 1351,
      "end": 1355,
      "confidence": 1.0
    },
    {
      "id": 94,
      "text": "सन्स",
      "sentence": 23,
      "start": 1355,
      "end": 1359,
      "confidence": 1.0
    },
    {
      "id": 95,
      "text": "एअरलाइन्सचे",
      "sentence": 23,
      "start": 1369,
      "end": 1379,
      "confidence": 1.0
    },
    {
      "id": 96,
      "text": "उद्यम",
      "sentence": 23,
      "start": 1386,
      "end": 1390,
      "confidence": 1.0
    },
    {
      "id": 97,
      "text": "कंपनीचे",
      "sentence": 23,
      "start": 1399,
      "end": 1405,
      "confidence": 1.0
    },
    {
      "id": 98,
      "text": "विस्तारा",
      "sentence": 23,
      "start": 1413,
      "end": 1420,
      "confidence": 1.0
    },
    {
      "id": 99,
      "text": "नामकरण",
      "sentence": 23,
      "start": 1424,
      "end": 1430,
      "confidence": 1.0
    },
    {
      "id": 100,
      "text": "तिच्या",
      "sentence": 23,
      "start": 1435,
      "end": 1440,
      "confidence": 1.0
    },
    {
      "id": 101,
      "text": "बोधचिन्हाचे",
      "sentence": 23,
      "start": 1440,
      "end": 1449,
      "confidence": 1.0
    },
    {
      "id": 102,
      "text": "अनावरण",
      "sentence": 23,
      "start": 1449,
      "end": 1455,
      "confidence": 1.0
    },
    {
      "id": 103,
      "text": "कचऱ्याची",
      "sentence": 24,
      "start": 1466,
      "end": 1473,
      "confidence": 1.0
    },
    {
      "id": 104,
      "text": "समस्या",
      "sentence": 24,
      "start": 1473,
      "end": 1478,
      "confidence": 1.0
    },
    {
      "id": 105,
      "text": "शक्यता",
      "sentence": 24,
      "start": 1488,
      "end": 1493,
      "confidence": 1.0
    },
    {
      "id": 106,
      "text": "स्वत",
      "sentence": 25,
      "start": 1509,
      "end": 1513,
      "confidence": 1.0
    },
    {
      "id": 107,
      "text": "निदान",
      "sentence": 25,
      "start": 1513,
      "end": 1518,
      "confidence": 1.0
    },
    {
      "id": 108,
      "text": "आठवण",
      "sentence": 26,
      "start": 1539,
      "end": 1544,
      "confidence": 1.0
    },
    {
      "id": 109,
      "text": "श्रेयस",
      "sentence": 26,
      "start": 1549,
      "end": 1554,
      "confidence": 1.0
    },
    {
      "id": 110,
      "text": "हॉटेलचे",
      "sentence": 26,
      "start": 1554,
      "end": 1560,
      "confidence": 1.0
    },
    {
      "id": 111,
      "text": "संचालक",
      "sentence": 26,
      "start": 1560,
      "end": 1566,
      "confidence": 1.0
    },
    {
      "id": 112,
      "text": "हनुमान",
      "sentence": 26,
      "start": 1566,
      "end": 1572,
      "confidence": 1.0
    },
    {
      "id": 113,
      "text": "चितळे",
      "sentence": 26,
      "start": 1572,
      "end": 1577,
      "confidence": 1.0
    },
    {
      "id": 114,
      "text": "यांनी",
      "sentence": 26,
      "start": 1577,
      "end": 1582,
      "confidence": 1.0
    },
    {
      "id": 115,
      "text": "हायस्कूल",
      "sentence": 26,
      "start": 1594,
      "end": 1601,
      "confidence": 1.0
    },
    {
      "id": 116,
      "text": "संघाचे",
      "sentence": 26,
      "start": 1606,
      "end": 1612,
      "confidence": 1.0
    },
    {
      "id": 117,
      "text": "प्रांतसंघचालक",
      "sentence": 26,
      "start": 1612,
      "end": 1623,
      "confidence": 1.0
    },
    {
      "id": 118,
      "text": "बाबाराव",
      "sentence": 26,
      "start": 1623,
      "end": 1630,
      "confidence": 1.0
    },
    {
      "id": 119,
      "text": "भिडे",
      "sentence": 26,
      "start": 1630,
      "end": 1634,
      "confidence": 1.0
    },
    {
      "id": 120,
      "text": "वर्ग",
      "sentence": 26,
      "start": 1642,
      "end": 1646,
      "confidence": 1.0
    },
    {
      "id": 121,
      "text": "वर्गास",
      "sentence": 27,
      "start": 1664,
      "end": 1669,
      "confidence": 1.0
    },
    {
      "id": 122,
      "text": "अटलजी",
      "sentence": 27,
      "start": 1669,
      "end": 1674,
      "confidence": 1.0
    },
    {
      "id": 123,
      "text": "स्वयंसेवक",
      "sentence": 27,
      "start": 1674,
      "end": 1682,
      "confidence": 1.0
    },
    {
      "id": 124,
      "text": "संघस्थानावर",
      "sentence": 28,
      "start": 1695,
      "end": 1705,
      "confidence": 1.0
    },
    {
      "id": 125,
      "text": "त्यांची",
      "sentence": 29,
      "start": 1725,
      "end": 1730,
      "confidence": 1.0
    },
    {
      "id": 126,
      "text": "वृत्ती",
      "sentence": 29,
      "start": 1738,
      "end": 1742,
      "confidence": 1.0
    },
    {
      "id": 127,
      "text": "मी",
      "sentence": 30,
      "start": 1754,
      "end": 1756,
      "confidence": 1.0
    },
    {
      "id": 128,
      "text": "कॅनडा",
      "sentence": 30,
      "start": 1765,
      "end": 1770,
      "confidence": 1.0
    },
    {
      "id": 129,
      "text": "देशाचा",
      "sentence": 30,
      "start": 1770,
      "end": 1775,
      "confidence": 1.0
    },
    {
      "id": 130,
      "text": "पर्याय",
      "sentence": 31,
      "start": 1805,
      "end": 1810,
      "confidence": 1.0
    },
    {
      "id": 131,
      "text": "त्याचा",
      "sentence": 31,
      "start": 1818,
      "end": 1822,
      "confidence": 1.0
    },
    {
      "id": 132,
      "text": "तुमच्याकडे",
      "sentence": 32,
      "start": 1827,
      "end": 1835,
      "confidence": 1.0
    },
    {
      "id": 133,
      "text": "पैसे",
      "sentence": 32,
      "start": 1839,
      "end": 1843,
      "confidence": 1.0
    },
    {
      "id": 134,
      "text": "एजन्ट",
      "sentence": 32,
      "start": 1869,
      "end": 1874,
      "confidence": 1.0
    },
    {
      "id": 135,
      "text": "त्याने",
      "sentence": 33,
      "start": 1877,
      "end": 1881,
      "confidence": 1.0
    },
    {
      "id": 136,
      "text": "पैसे",
      "sentence": 33,
      "start": 1886,
      "end": 1890,
      "confidence": 1.0
    },
    {
      "id": 137,
      "text": "तो",
      "sentence": 33,
      "start": 1897,
      "end": 1899,
      "confidence": 1.0
    },
    {
      "id": 138,
      "text": "तुमचे",
      "sentence": 33,
      "start": 1899,
      "end": 1904,
      "confidence": 1.0
    },
    {
      "id": 139,
      "text": "पैसे",
      "sentence": 34,
      "start": 1913,
      "end": 1917,
      "confidence": 1.0
    },
    {
      "id": 140,
      "text": "उद्देश",
      "sentence": 34,
      "start": 1925,
      "end": 1930,
      "confidence": 1.0
    },
    {
      "id": 141,
      "text": "माहिती",
      "sentence": 34,
      "start": 1952,
      "end": 1957,
      "confidence": 1.0
    },
    {
      "id": 142,
      "text": "स्वत",
      "sentence": 34,
      "start": 1968,
      "end": 1972,
      "confidence": 1.0
    },
    {
      "id": 143,
      "text": "निर्णय",
      "sentence": 34,
      "start": 1972,
      "end": 1977,
      "confidence": 1.0
    },
    {
      "id": 144,
      "text": "तुलनेत",
      "sentence": 35,
      "start": 1993,
      "end": 1999,
      "confidence": 1.0
    },
    {
      "id": 145,
      "text": "टप्प्यामध्ये",
      "sentence": 35,
      "start": 2007,
      "end": 2016,
      "confidence": 1.0
    },
    {
      "id": 146,
      "text": "मतदानात",
      "sentence": 35,
      "start": 2016,
      "end": 2023,
      "confidence": 1.0
    },
    {
      "id": 147,
      "text": "एकेश्वरवादाचा",
      "sentence": 36,
      "start": 2043,
      "end": 2054,
      "confidence": 1.0
    },
    {
      "id": 148,
      "text": "सिद्धांत",
      "sentence": 36,
      "start": 2054,
      "end": 2060,
      "confidence": 1.0
    },
    {
      "id": 149,
      "text": "परमेश्वरावरही",
      "sentence": 36,
      "start": 2084,
      "end": 2094,
      "confidence": 1.0
    },
    {
      "id": 150,
      "text": "श्रद्धा",
      "sentence": 36,
      "start": 2099,
      "end": 2104,
      "confidence": 1.0
    },
    {
      "id": 151,
      "text": "आपला",
      "sentence": 36,
      "start": 2115,
      "end": 2120,
      "confidence": 1.0
    },
    {
      "id": 152,
      "text": "देवही",
      "sentence": 36,
      "start": 2132,
      "end": 2137,
      "confidence": 1.0
    },
    {
      "id": 153,
      "text": "एकत्वाची",
      "sentence": 36,
      "start": 2145,
      "end": 2152,
      "confidence": 1.0
    },
    {
      "id": 154,
      "text": "स्वायत्ततेची",
      "sentence": 36,
      "start": 2155,
      "end": 2164,
      "confidence": 1.0
    },
    {
      "id": 155,
      "text": "शिकवण",
      "sentence": 36,
      "start": 2164,
      "end": 2170,
      "confidence": 1.0
    },
    {
      "id": 156,
      "text": "ईरान",
      "sentence": 37,
      "start": 2180,
      "end": 2184,
      "confidence": 1.0
    },
    {
      "id": 157,
      "text": "प्रत्युत्तरात",
      "sentence": 38,
      "start": 2219,
      "end": 2229,
      "confidence": 1.0
    },
    {
      "id": 158,
      "text": "इंग्लंडने",
      "sentence": 38,
      "start": 2234,
      "end": 2241,
      "confidence": 1.0
    },
    {
      "id": 159,
      "text": "धावा",
      "sentence": 38,
      "start": 2266,
      "end": 2270,
      "confidence": 1.0
    },
    {
      "id": 160,
      "text": "वर्षे",
      "sentence": 39,
      "start": 2291,
      "end": 2295,
      "confidence": 1.0
    },
    {
      "id": 161,
      "text": "आपल्या",
      "sentence": 40,
      "start": 2302,
      "end": 2307,
      "confidence": 1.0
    },
    {
      "id": 162,
      "text": "तान्हुल्याला",
      "sentence": 40,
      "start": 2307,
      "end": 2315,
      "confidence": 1.0
    },
    {
      "id": 163,
      "text": "आंघोळ",
      "sentence": 40,
      "start": 2318,
      "end": 2323,
      "confidence": 1.0
    },
    {
      "id": 164,
      "text": "आम्ही",
      "sentence": 40,
      "start": 2344,
      "end": 2349,
      "confidence": 1.0
    },
    {
      "id": 165,
      "text": "आमच्या",
      "sentence": 40,
      "start": 2349,
      "end": 2355,
      "confidence": 1.0
    },
    {
      "id": 166,
      "text": "बैलजोडीला",
      "sentence": 40,
      "start": 2355,
      "end": 2363,
      "confidence": 1.0
    },
    {
      "id": 167,
      "text": "विहिरीवर",
      "sentence": 40,
      "start": 2363,
      "end": 2370,
      "confidence": 1.0
    },
    {
      "id": 168,
      "text": "आंघोळ",
      "sentence": 40,
      "start": 2378,
      "end": 2383,
      "confidence": 1.0
    },
    {
      "id": 169,
      "text": "भांडी",
      "sentence": 41,
      "start": 2392,
      "end": 2397,
      "confidence": 1.0
    },
    {
      "id": 170,
      "text": "सभागृहात",
      "sentence": 42,
      "start": 2405,
      "end": 2412,
      "confidence": 1.0
    },
    {
      "id": 171,
      "text": "प्रयत्न",
      "sentence": 42,
      "start": 2412,
      "end": 2417,
      "confidence": 1.0
    },
    {
      "id": 172,
      "text": "कोटी",
      "sentence": 42,
      "start": 2429,
      "end": 2433,
      "confidence": 1.0
    },
    {
      "id": 173,
      "text": "रूपये",
      "sentence": 42,
      "start": 2440,
      "end": 2445,
      "confidence": 1.0
    },
    {
      "id": 174,
      "text": "निधी",
      "sentence": 42,
      "start": 2445,
      "end": 2449,
      "confidence": 1.0
    },
    {
      "id": 175,
      "text": "परीक्षेदरम्यान",
      "sentence": 43,
      "start": 2459,
      "end": 2469,
      "confidence": 1.0
    },
    {
      "id": 176,
      "text": "मी",
      "sentence": 43,
      "start": 2469,
      "end": 2471,
      "confidence": 1.0
    }
  ],
  "clusters": [
    [
      11,
      14
    ],
    [
      18,
      19
    ],
    [
      22,
      23,
      24
    ],
    [
      42,
      44
    ],
    [
      40,
      41,
      51,
      107
    ],
    [
      59,
      60
    ],
    [
      53,
      63
    ],
    [
      73,
      78,
      86
    ],
    [
      74,
      87
    ],
    [
      108,
      109
    ],
    [
      110,
      111,
      112,
      113,
      114
    ],
    [
      116,
      119,
      160,
      168,
      175
    ],
    [
      121,
      122
    ],
    [
      123,
      124
    ],
    [
      126,
      130
    ],
    [
      138,
      153,
      158
    ],
    [
      143,
      144,
      145
    ],
    [
      149,
      150
    ],
    [
      151,
      152
    ],
    [
      157,
      159
    ],
    [
      166,
      167
    ],
    [
      171,
      172,
      174
    ],
    [
      169,
      173
    ]
  ]
}