{
  "document_id": "document_238",
  "sentences": [
    "एल्गार परिषदेतील संशियत हनी बाबूंच्या नोएडातील घरी पुणे पोलिसांचा छापा",
    "त्यांनी नाना पटोले यांना नागपूरमधून उमेदवारी दिलीय.",
    "तिला नांदायचं होतं, सुखाचा संसार करायचा होता, पण त्या आधीच तिची झालेली अवहेलना, तिचा झालेला विश्वासघात तिच्या एकाकी आयुष्याला कारणीभूत ठरला होता हे नक्की!",
    "आंध्र प्रदेशातील विजयवाडा येथील चित्तीनगरातील आंबेडकर नगर परिसरात ही घटना घडली.",
    "तसा राहुल भंडारे हा चोखंदळ निर्माता आहे.",
    "कोणत्याही उदात्त हेतूने नव्हे, तर पोपचा आदेश मानावा लागू नये; म्हणून इंग्लंडमध्ये धर्मनिरपेक्षता !",
    "कशावर आराम पर्यटक सरासरी वय निवृत्तीचे वय परिवर्तनाच्या काळात.",
    "ते काम नेमाड्यांचं, पर्यायाने ते \"नेमाड्य\" - असं पोएटीक लायसन घेतलं आहे.",
    "परिणामी शक्रवारी झालेल्या महापौरपदाच्या निवडणुकीत भाजपच्या गीता जैन महापौरपदी; तर शिवसेनेचे प्रवीण पाटील उपमहापौरपदी विराजमान झाले आहेत.",
    "हे भूमध्य समुद्र व जन्मस्थान मानले जाते बाल्कन द्वीपकल्प.",
    "11 ऑगस्ट रोजी सकाळी 11 वाजेपर्यंत जिल्ह्यातील एकूण 104 पूरबाधित गावातील सुमारे 29 हजार 706 कुटुंबांतील 1 लाख, 58 हजार 970 लोक व 36 हजार 54 जनावरे यांचे तात्पुरत्या स्वरूपात पुनर्वसन करण्यात आले आहे, अशी माहिती जिल्हाधिकारी डॉ.",
    "अभिजीत चौधरी यांनी दिली.",
    "सीता और गीता हा राम और श्याम अभिनीत दिलीप कुमार यांनी जुळ्या भावांची भूमिका साकारलेला चित्रपट आहे.",
    "विकासाचे नवे स्वप्न तुमच्या साहाय्याने मी पाहत आहे.",
    "फेब्रुवारी 11, 2010 फॅशन जगात महान बंडखोर तोटा आणि एक विलक्षण डिझायनर दु: ख झाले.",
    "या व्यक्तीबाबत कोणाला काही माहिती असल्यास त्यांनी पिंपरी लोहमार्ग पोलिसांना संपर्क साधावा, असे आवाहन रेल्वे पोलिसांकडून करण्यात आले आहे.",
    "या बैठकीत शासनाकडून असंघटित सामाजिक सुरक्षा कल्याणकारी मंडळासाठी झालेल्या कामाबद्दल चर्चा करून पुढील दिशा ठरविण्यात येईल.",
    "सत्ता मिळाली नाही, आणि पाठिंब्यासाठीही भाजपचे नेते मातोश्रीची पायरी चढले नाहीत.",
    "गुढीपाडव्याच्या पूर्वसंध्येला कल्याण डोंबिवलीतली लेझीम आणि ढोलपथकांचे ठिकठिकाणी आयोजन करण्यात आले आहे.",
    "असे असले तर पहिली-दुसरीपासून जे पाढे विद्यार्थ्यांच्या तोंडात बसले आहेत, तेच त्यांना म्हणू देणे योग्य ठरणार नाही का?",
    "शिक्षक लवकरच तरुण अभिनेत्री बंदीवान होते, ती व्यवसाय त्यांच्या पसंतीच्या बरोबर असल्याची खात्री करण्यासाठी Kathleen मदत तिच्या अभिनय प्रतिभा, स्तुति केली.",
    "लेख आवडला.पण राईट टू पी यात फक्त मुतारी चा अंतर्भाव होतो.",
    "त्या ऐवजी स्वच्छतागृहाची चळवळ अशी भूमिका घेतली तर अधिक मुद्देसूद होईल.",
    "मुतारी व शौचालय असे एकत्र असलेले स्वच्छतागृह किती लोकसंख्येला किती असावे याचे निकष शहर नियोजनात असतात.",
    "पण ते पाळले जात नाहीत.",
    "पंतप्रधान मोदींनी याबाबत चांगली भूमिका घेतली आहे.",
    "टॉयलेट म्हणल कि नेमके काय?",
    "मुतारी कि शौचालय असा प्रश्न अनेकांना पडतो हे मी पाहिले आहे.",
    "उधारीच्या पैशाच्या वादातून सुभाषची हत्या झाल्याची सांगण्यात येत आहे.",
    "गावागावातून येणारे स्पर्धक ज्यापद्धतीने त्यांना बिलगतात ते अचंबित करणारं आहे, अलौकिक आहे.",
    "नाशिक : विधान परिषदेचे मतदान अवघ्या दोन दिवसांवर येऊन ठेपले असले तरी निवडणुकीशी संबंधित प्रचार परवानगी, विद्रुपीकरण व तक्रार निवारणासाठीची बैठकीचा पत्ताच नाही.",
    "यामुळे निवडणूकीबाबत प्रशासन किती गंभीर आहे, हे अधोरेखित झाले आहे.",
    "विधान परिषद निवडणूकीचा फड तापला असून उमेदवारांकडून मतदारांच्या गाठीभेटींवर भर दिला जात आहे.",
    "निवडणूक रिंगणातील तीन्ही उमेदवार स्वत:च्या विजयाचा दावा करत आहेत.",
    "राजकीय स्तरावर एकीकडे निवडणूक रंगात असताना प्रशासकीय स्तरावर मात्र, सारेच आलबेल असल्याचे चित्र आहे.",
    "वास्तविक निवडणूकीदरम्यान, प्रचार परवानगी, विद्रुपीकरण तक्रारीसह विविध प्रशासकीय कामासाठी उपअधिक्षकांच्या अध्यक्षतेखाली समिती नेमण्यात आली आहे.",
    "या समितीत नायब तहसिलदार तसेच विविध विभागांच्या अधिकार्‍यांचा समावेश आहे.",
    "निवडणूकीत प्रचाराच्या अनुषंगाने परवानग्या देण्याचे प्रमुख कार्य ही समिती पार पाडत असते.",
    "डिसेंबरमधील भाव (रु.",
    "भाऊचा धक्का ते अलिबाग",
    "जैश-ए-मोहम्मद या दहशतवादी संघटनेकडून भारतात घडवून आणण्यात आलेल्या आत्मघाती हल्ल्याचा अमेरिकेने तीव्र शब्दांत निषेध केला होता.",
    "पण ओबामा यांच्या काळात एक-दोन मुद्दे सोडले तर भारताविरुद्ध काहीही झालेले नाही.",
    "पण तो पुरेसा  ठरत नाही.",
    "काही सेकंदात होणारा ‘चेंजओव्हर’ थक्क करून टाकत असे.",
    "हॉटेल स्थान स्वतः रोमँटिक आणि कुटुंब सुट्ट्या ठिकाण म्हणून.",
    "शाकाहारी गवारेडा आज आक्रमक होऊन माणसांवरती हल्ले करण्यास का प्रवृत्त होतो, याचा साधक बाधक विचार समाज आणि वनखाते यांनी करून आवश्यक उपाययोजना केली असती तर मानव-गवेरेडे यांच्यातल्या विकोपाला गेलेल्या संघर्षाची धार काही अंशी कमी झाली असती परंतु या समस्येचा गांभीर्याने विचार करणारी यंत्रणा, उपाययोजना करण्याच्या बाबतीत बेफिकीर असल्याने या प्रश्नांची दाहकता दिवसेंदिवस वृद्धिंगत होत चालली आहे.",
    "उमरिया (मध्यप्रदेश) – भारताने पाकिस्तानवर केलेल्या हवाई हल्ल्याचे जोरदार भांडवल करताना भाजपचे अध्यक्ष अमित शहा यांनी म्हटले आहे की दहशतवादाच्या विरोधात एनडीए सरकारने पाकिस्तानवर हवाई हल्ला करून परिणामकारक बदला घेतला असे धाडस तुम्ही सत्तेवर असताना कधी दाखवले काय असा सवाल त्यांनी कॉंग्रेसला केला.",
    "सर्वात सामान्य अर्थाने, तो एक संपूर्ण, त्यांच्या निसर्ग, तीव्रता म्हणून विशिष्ट देशात आणि जगात धार्मिक रूपे संदर्भित.",
    "इंग्लंडच्या मँचेस्टर येथील व्हिक्टोरिया रेल्वे स्थानकात नववर्षाच्या पूर्वसंध्येला एका 25 वर्षीय तरुणाने ‘अल्ला हो अकबर’ म्हणत प्रवाशांवर चाकूहल्ला केल्याची घटना घडली.",
    "14) बेळगाव परिसरातील सर्व साहित्य संमेलन आयोजकांनी जिल्हाधिकारी डॉ."
  ],
  "mentions": [
    {
      "id": 0,
      "text": "त्यांनी",
      "sentence": 1,
      "start": 51,
      "end": 56,
      "confidence": 1.0
    },
    {
      "id": 1,
      "text": "तिला",
      "sentence": 2,
      "start": 85,
      "end": 88,
      "confidence": 1.0
    },
    {
      "id": 2,
      "text": "तिची",
      "sentence": 2,
      "start": 112,
      "end": 115,
      "confidence": 1.0
    },
    {
      "id": 3,
      "text": "तिच्या",
      "sentence": 2,
      "start": 142,
      "end": 146,
      "confidence": 1.0
    },
    {
      "id": 4,
      "text": "आंध्र",
      "sentence": 3,
      "start": 178,
      "end": 182,
      "confidence": 1.0
    },
    {
      "id": 5,
      "text": "विजयवाडा",
      "sentence": 3,
      "start": 190,
      "end": 197,
      "confidence": 1.0
    },
    {
      "id": 6,
      "text": "आंबेडकर",
      "sentence": 3,
      "start": 210,
      "end": 216,
      "confidence": 1.0
    },
    {
      "id": 7,
      "text": "भंडारे",
      "sentence": 4,
      "start": 256,
      "end": 261,
      "confidence": 1.0
    },
    {
      "id": 8,
      "text": "ते",
      "sentence": 7,
      "start": 368,
      "end": 369,
      "confidence": 1.0
    },
    {
      "id": 9,
      "text": "ते",
      "sentence": 7,
      "start": 393,
      "end": 394,
      "confidence": 1.0
    },
    {
      "id": 10,
      "text": "नेमाड्य",
      "sentence": 7,
      "start": 397,
      "end": 403,
      "confidence": 1.0
    },
    {
      "id": 11,
      "text": "गीता",
      "sentence": 8,
      "start": 463,
      "end": 466,
      "confidence": 1.0
    },
    {
      "id": 12,
      "text": "प्रवीण",
      "sentence": 8,
      "start": 492,
      "end": 496,
      "confidence": 1.0
    },
    {
      "id": 13,
      "text": "पाटील",
      "sentence": 8,
      "start": 498,
      "end": 502,
      "confidence": 1.0
    },
    {
      "id": 14,
      "text": "भूमध्य",
      "sentence": 9,
      "start": 529,
      "end": 534,
      "confidence": 1.0
    },
    {
      "id": 15,
      "text": "समुद्र",
      "sentence": 9,
      "start": 536,
      "end": 540,
      "confidence": 1.0
    },
    {
      "id": 16,
      "text": "बाल्कन",
      "sentence": 9,
      "start": 556,
      "end": 561,
      "confidence": 1.0
    },
    {
      "id": 17,
      "text": "द्वीपकल्प",
      "sentence": 9,
      "start": 563,
      "end": 569,
      "confidence": 1.0
    },
    {
      "id": 18,
      "text": "जिल्हाधिकारी",
      "sentence": 10,
      "start": 711,
      "end": 721,
      "confidence": 1.0
    },
    {
      "id": 19,
      "text": "अभिजीत",
      "sentence": 11,
      "start": 728,
      "end": 733,
      "confidence": 1.0
    },
    {
      "id": 20,
      "text": "चौधरी",
      "sentence": 11,
      "start": 735,
      "end": 740,
      "confidence": 1.0
    },
    {
      "id": 21,
      "text": "यांनी",
      "sentence": 11,
      "start": 742,
      "end": 745,
      "confidence": 1.0
    },
    {
      "id": 22,
      "text": "गीता",
      "sentence": 12,
      "start": 762,
      "end": 765,
      "confidence": 1.0
    },
    {
      "id": 23,
      "text": "श्याम",
      "sentence": 12,
      "start": 779,
      "end": 782,
      "confidence": 1.0
    },
    {
      "id": 24,
      "text": "कुमार",
      "sentence": 12,
      "start": 797,
      "end": 801,
      "confidence": 1.0
    },
    {
      "id": 25,
      "text": "यांनी",
      "sentence": 12,
      "start": 803,
      "end": 806,
      "confidence": 1.0
    },
    {
      "id": 26,
      "text": "मी",
      "sentence": 13,
      "start": 852,
      "end": 853,
      "confidence": 1.0
    },
    {
      "id": 27,
      "text": "कोणाला",
      "sentence": 15,
      "start": 929,
      "end": 933,
      "confidence": 1.0
    },
    {
      "id": 28,
      "text": "त्यांनी",
      "sentence": 15,
      "start": 942,
      "end": 947,
      "confidence": 1.0
    },
    {
      "id": 29,
      "text": "लोहमार्ग",
      "sentence": 15,
      "start": 955,
      "end": 961,
      "confidence": 1.0
    },
    {
      "id": 30,
      "text": "रेल्वे",
      "sentence": 15,
      "start": 977,
      "end": 980,
      "confidence": 1.0
    },
    {
      "id": 31,
      "text": "नेते",
      "sentence": 17,
      "start": 1107,
      "end": 1109,
      "confidence": 1.0
    },
    {
      "id": 32,
      "text": "मातोश्रीची",
      "sentence": 17,
      "start": 1111,
      "end": 1119,
      "confidence": 1.0
    },
    {
      "id": 33,
      "text": "डोंबिवलीतली",
      "sentence": 18,
      "start": 1154,
      "end": 1163,
      "confidence": 1.0
    },
    {
      "id": 34,
      "text": "पाढे",
      "sentence": 19,
      "start": 1214,
      "end": 1217,
      "confidence": 1.0
    },
    {
      "id": 35,
      "text": "तेच",
      "sentence": 19,
      "start": 1236,
      "end": 1239,
      "confidence": 1.0
    },
    {
      "id": 36,
      "text": "त्यांना",
      "sentence": 19,
      "start": 1243,
      "end": 1247,
      "confidence": 1.0
    },
    {
      "id": 37,
      "text": "शिक्षक",
      "sentence": 20,
      "start": 1273,
      "end": 1277,
      "confidence": 1.0
    },
    {
      "id": 38,
      "text": "ती",
      "sentence": 20,
      "start": 1303,
      "end": 1304,
      "confidence": 1.0
    },
    {
      "id": 39,
      "text": "त्यांच्या",
      "sentence": 20,
      "start": 1314,
      "end": 1319,
      "confidence": 1.0
    },
    {
      "id": 40,
      "text": "तिच्या",
      "sentence": 20,
      "start": 1365,
      "end": 1369,
      "confidence": 1.0
    },
    {
      "id": 41,
      "text": "मुतारी",
      "sentence": 21,
      "start": 1418,
      "end": 1422,
      "confidence": 1.0
    },
    {
      "id": 42,
      "text": "मुतारी",
      "sentence": 23,
      "start": 1498,
      "end": 1502,
      "confidence": 1.0
    },
    {
      "id": 43,
      "text": "शौचालय",
      "sentence": 23,
      "start": 1505,
      "end": 1510,
      "confidence": 1.0
    },
    {
      "id": 44,
      "text": "निकष",
      "sentence": 23,
      "start": 1550,
      "end": 1553,
      "confidence": 1.0
    },
    {
      "id": 45,
      "text": "ते",
      "sentence": 24,
      "start": 1576,
      "end": 1577,
      "confidence": 1.0
    },
    {
      "id": 46,
      "text": "पंतप्रधान",
      "sentence": 25,
      "start": 1587,
      "end": 1594,
      "confidence": 1.0
    },
    {
      "id": 47,
      "text": "मोदींनी",
      "sentence": 25,
      "start": 1596,
      "end": 1601,
      "confidence": 1.0
    },
    {
      "id": 48,
      "text": "टॉयलेट",
      "sentence": 26,
      "start": 1620,
      "end": 1625,
      "confidence": 1.0
    },
    {
      "id": 49,
      "text": "मुतारी",
      "sentence": 27,
      "start": 1642,
      "end": 1646,
      "confidence": 1.0
    },
    {
      "id": 50,
      "text": "शौचालय",
      "sentence": 27,
      "start": 1649,
      "end": 1654,
      "confidence": 1.0
    },
    {
      "id": 51,
      "text": "अनेकांना",
      "sentence": 27,
      "start": 1661,
      "end": 1666,
      "confidence": 1.0
    },
    {
      "id": 52,
      "text": "मी",
      "sentence": 27,
      "start": 1675,
      "end": 1676,
      "confidence": 1.0
    },
    {
      "id": 53,
      "text": "सुभाषची",
      "sentence": 28,
      "start": 1708,
      "end": 1714,
      "confidence": 1.0
    },
    {
      "id": 54,
      "text": "त्यांना",
      "sentence": 29,
      "start": 1754,
      "end": 1758,
      "confidence": 1.0
    },
    {
      "id": 55,
      "text": "ते",
      "sentence": 29,
      "start": 1766,
      "end": 1767,
      "confidence": 1.0
    },
    {
      "id": 56,
      "text": "नाशिक",
      "sentence": 30,
      "start": 1789,
      "end": 1793,
      "confidence": 1.0
    },
    {
      "id": 57,
      "text": "विधान",
      "sentence": 30,
      "start": 1796,
      "end": 1800,
      "confidence": 1.0
    },
    {
      "id": 58,
      "text": "प्रशासन",
      "sentence": 31,
      "start": 1931,
      "end": 1936,
      "confidence": 1.0
    },
    {
      "id": 59,
      "text": "विधान",
      "sentence": 32,
      "start": 1972,
      "end": 1976,
      "confidence": 1.0
    },
    {
      "id": 60,
      "text": "परिषद",
      "sentence": 32,
      "start": 1978,
      "end": 1982,
      "confidence": 1.0
    },
    {
      "id": 61,
      "text": "नायब",
      "sentence": 36,
      "start": 2295,
      "end": 2298,
      "confidence": 1.0
    },
    {
      "id": 62,
      "text": "तहसिलदार",
      "sentence": 36,
      "start": 2300,
      "end": 2306,
      "confidence": 1.0
    },
    {
      "id": 63,
      "text": "भाऊचा",
      "sentence": 39,
      "start": 2422,
      "end": 2426,
      "confidence": 1.0
    },
    {
      "id": 64,
      "text": "जैश-ए-मोहम्मद",
      "sentence": 40,
      "start": 2440,
      "end": 2452,
      "confidence": 1.0
    },
    {
      "id": 65,
      "text": "भारतात",
      "sentence": 40,
      "start": 2463,
      "end": 2468,
      "confidence": 1.0
    },
    {
      "id": 66,
      "text": "अमेरिकेने",
      "sentence": 40,
      "start": 2500,
      "end": 2507,
      "confidence": 1.0
    },
    {
      "id": 67,
      "text": "ओबामा",
      "sentence": 41,
      "start": 2538,
      "end": 2542,
      "confidence": 1.0
    },
    {
      "id": 68,
      "text": "भारताविरुद्ध",
      "sentence": 41,
      "start": 2567,
      "end": 2576,
      "confidence": 1.0
    },
    {
      "id": 69,
      "text": "तो",
      "sentence": 42,
      "start": 2595,
      "end": 2596,
      "confidence": 1.0
    },
    {
      "id": 70,
      "text": "हॉटेल",
      "sentence": 44,
      "start": 2651,
      "end": 2655,
      "confidence": 1.0
    },
    {
      "id": 71,
      "text": "गवारेडा",
      "sentence": 45,
      "start": 2687,
      "end": 2692,
      "confidence": 1.0
    },
    {
      "id": 72,
      "text": "समाज",
      "sentence": 45,
      "start": 2746,
      "end": 2749,
      "confidence": 1.0
    },
    {
      "id": 73,
      "text": "वनखाते",
      "sentence": 45,
      "start": 2754,
      "end": 2759,
      "confidence": 1.0
    },
    {
      "id": 74,
      "text": "यांनी",
      "sentence": 45,
      "start": 2761,
      "end": 2764,
      "confidence": 1.0
    },
    {
      "id": 75,
      "text": "मानव",
      "sentence": 45,
      "start": 2800,
      "end": 2803,
      "confidence": 1.0
    },
    {
      "id": 76,
      "text": "मध्यप्रदेश",
      "sentence": 46,
      "start": 2913,
      "end": 2920,
      "confidence": 1.0
    },
    {
      "id": 77,
      "text": "भारताने",
      "sentence": 46,
      "start": 2925,
      "end": 2930,
      "confidence": 1.0
    },
    {
      "id": 78,
      "text": "पाकिस्तानवर",
      "sentence": 46,
      "start": 2932,
      "end": 2941,
      "confidence": 1.0
    },
    {
      "id": 79,
      "text": "अमित",
      "sentence": 46,
      "start": 2980,
      "end": 2983,
      "confidence": 1.0
    },
    {
      "id": 80,
      "text": "यांनी",
      "sentence": 46,
      "start": 2989,
      "end": 2992,
      "confidence": 1.0
    },
    {
      "id": 81,
      "text": "एनडीए",
      "sentence": 46,
      "start": 3018,
      "end": 3022,
      "confidence": 1.0
    },
    {
      "id": 82,
      "text": "पाकिस्तानवर",
      "sentence": 46,
      "start": 3039,
      "end": 3048,
      "confidence": 1.0
    },
    {
      "id": 83,
      "text": "तुम्ही",
      "sentence": 46,
      "start": 3074,
      "end": 3077,
      "confidence": 1.0
    },
    {
      "id": 84,
      "text": "त्यांनी",
      "sentence": 46,
      "start": 3101,
      "end": 3106,
      "confidence": 1.0
    },
    {
      "id": 85,
      "text": "कॉंग्रेसला",
      "sentence": 46,
      "start": 3108,
      "end": 3116,
      "confidence": 1.0
    },
    {
      "id": 86,
      "text": "तो",
      "sentence": 47,
      "start": 3136,
      "end": 3137,
      "confidence": 1.0
    },
    {
      "id": 87,
      "text": "मँचेस्टर",
      "sentence": 48,
      "start": 3202,
      "end": 3208,
      "confidence": 1.0
    },
    {
      "id": 88,
      "text": "व्हिक्टोरिया",
      "sentence": 48,
      "start": 3216,
      "end": 3224,
      "confidence": 1.0
    },
    {
      "id": 89,
      "text": "रेल्वे",
      "sentence": 48,
      "start": 3226,
      "end": 3229,
      "confidence": 1.0
    },
    {
      "id": 90,
      "text": "तरुणाने",
      "sentence": 48,
      "start": 3259,
      "end": 3264,
      "confidence": 1.0
    },
    {
      "id": 91,
      "text": "अल्ला",
      "sentence": 48,
      "start": 3269,
      "end": 3273,
      "confidence": 1.0
    },
    {
      "id": 92,
      "text": "अकबर",
      "sentence": 48,
      "start": 3278,
      "end": 3282,
      "confidence": 1.0
    },
    {
      "id": 93,
      "text": "बेळगाव",
      "sentence": 49,
      "start": 3324,
      "end": 3329,
      "confidence": 1.0
    },
    {
      "id": 94,
      "text": "जिल्हाधिकारी",
      "sentence": 49,
      "start": 3361,
      "end": 3371,
      "confidence": 1.0
    }
  ],
  "clusters": [
    [
      0,
      1
    ],
    [
      4,
      5
    ],
    [
      6,
      7,
      8,
      9
    ],
    [
      13,
      14
    ],
    [
      17,
      18,
      19
    ],
    [
      20,
      21
    ],
    [
      22,
      23
    ],
    [
      24,
      27,
      28
    ],
    [
      25,
      26
    ],
    [
      29,
      30,
      31,
      32,
      33
    ],
    [
      38,
      39,
      40
    ],
    [
      42,
      73
    ],
    [
      43,
      44
    ],
    [
      45,
      46
    ],
    [
      50,
      51
    ],
    [
      52,
      54
    ],
    [
      53,
      55
    ],
    [
      57,
      58,
      59,
      60,
      61
    ],
    [
      62,
      63,
      70
    ],
    [
      64,
      71
    ],
    [
      65,
      66
    ],
    [
      67,
      68
    ],
    [
      79,
      82,
      83
    ],
    [
      85,
      86,
      89
    ],
    [
      87,
      88
    ]
  ]
}