{
  "document_id": "document_482",
  "sentences": [
    "'सकाळ' विषयी.",
    "साजीदचा आणि माझा एकमेव आवडता हॅम अ‍ॅक्टर जोगिंदर ह्यांचा हा सिन पहाच, बोलायची गरजच नाही.",
    "हरकत नाही, कोणत्याही गोष्ट किती चांगले व गुणवत्ता नाही वेळ, तो नक्कीच खाली अनेकदा तो पुनर्संचयित केले जाऊ शकत नाही अशा प्रकारे तोडल्या.",
    "तसेच अनेक आजारांचाही सामना करावा लागतो.",
    "हे वाचून आपण आम्हास खासच अंधश्रद्धाळू म्हणाल.",
    "चला, तिच्यावर दलदलीत जाऊ द्या!",
    "अचंबितपणे पुरेसे आहे, परंतु हे संपत्तीसाठी आहे जे काही घडले ते केवळ त्याला सहन करू शकले असते, तर स्वतःहून जास्तीत जास्त घृणा बाळगणे, गलिच्छ भावनेने आघात करणे - एखाद्याला कार्यालय वाढणे अपेक्षित आहे.",
    "दिल्लीतल्या तालकटोरा स्टेडियमवर हा कार्यक्रम संपन्न झाला.",
    "अनेक राजकीय पक्षही या विषयार सूचक मैन बाळगून आहेत.",
    "जयकुमार गोरे म्हणाले, बर्‍याच राजकीय घडामोडीनंतर विधानसभा सदस्यत्वाचा राजीनामा दिला.",
    "सेटवर मी एकदा बासरी हातात घेतली अन् मग मला तिचा लळाच लागला.",
    "मी बारामतीला जातोय, असे सांगत ते गाडीतून त्वरीत निघूनही गेले.",
    "राष्ट्रवादी काँग्रेसला आपले हेमंत टकले, किरण पावसकर आणि आनंद ठाकूर हे तीनही उमेदवार निवडून आणण्यासाठी ८७ मतांची गरज असून त्यांच्याकडे ७४ मते आहेत.",
    "हा अहवाल वर्ल्ड बँकेकडून अर्थसहाय्य मिळवण्यासाठी प्रज्ञा फाऊण्डेशननं दिल्याचा आरोप पालिका शिक्षक संघटनेनं केलाय.",
    "ही सेवा देण्यासाठी नेमण्यात येणारे ड्रायव्हर हे परदेशी भाषा येणारे असतील.",
    "बारावीची परीक्षा आता तोंडावर आली आहे.",
    "मदतीसाठी पुढे व्हाल.",
    "भारताच्या ताब्यात सोपवण्यात आल्यानंतर त्यांनी त्यांच्याविरोधातील गुन्हा रद्द करण्यासाठी सत्र न्यायालयात याचिका दाखल केली मात्र न्यायालयाने त्यांची याचिका फेटाळून लावत पोलिसांनी त्यांच्याविरोधात आरोपपत्र दाखल करण्याचे आदेश दिले.",
    "तिथे काही वर्षे मंत्रिपदही भूषवले.",
    "या प्रकरणी प्रभाग समितीच्या बैठकीत आवाज उठवून प्रशासनाच्या निदर्शनास ही बाब आणली असल्याचे त्यांनी सांगितले.",
    "तज्ञ विश्वास अशा प्रकल्पासाठी एक चांगले उत्पन्न, पटकन खर्च कव्हर तयार करू शकतात की.",
    "तो पशू खाद्य विशिष्ट मूल्य पीक चारा म्हणून वापरली जाणारी एक वनस्पती किंवा बलात्कार एकाच वेळी घेतले होते जेथे फील्ड, जमा करण्यात आली आहेत, असे म्हटले जाते.",
    "त्यांच्या पश्‍चात त्यांची पत्नी दोन मुले असा परिवार आहे.",
    "जिल्ह्यात तयार होणाºया मिनरल वॉटरची परजिल्ह्यातील लगतच्या गावांतही विक्री केली जाते.",
    "मूळ सुमारे \"दाढ्या\" निर्मिती टाळण्यासाठी रोपे उथळ लागवड, द्वारे प्रदान केली आहे मोठ्या मूळ वाढत."
  ],
  "mentions": [
    {
      "id": 0,
      "text": "सकाळ",
      "sentence": 0,
      "start": 1,
      "end": 6,
      "confidence": 1.0
    },
    {
      "id": 1,
      "text": "साजीदचा",
      "sentence": 1,
      "start": 10,
      "end": 17,
      "confidence": 1.0
    },
    {
      "id": 2,
      "text": "माझा",
      "sentence": 1,
      "start": 22,
      "end": 26,
      "confidence": 1.0
    },
    {
      "id": 3,
      "text": "हॅम",
      "sentence": 1,
      "start": 40,
      "end": 43,
      "confidence": 1.0
    },
    {
      "id": 4,
      "text": "अ‍ॅक्टर",
      "sentence": 1,
      "start": 45,
      "end": 51,
      "confidence": 1.0
    },
    {
      "id": 5,
      "text": "जोगिंदर",
      "sentence": 1,
      "start": 52,
      "end": 60,
      "confidence": 1.0
    },
    {
      "id": 6,
      "text": "गरजच",
      "sentence": 1,
      "start": 86,
      "end": 91,
      "confidence": 1.0
    },
    {
      "id": 7,
      "text": "हरकत",
      "sentence": 2,
      "start": 95,
      "end": 100,
      "confidence": 1.0
    },
    {
      "id": 8,
      "text": "गोष्ट",
      "sentence": 2,
      "start": 114,
      "end": 118,
      "confidence": 1.0
    },
    {
      "id": 9,
      "text": "गुणवत्ता",
      "sentence": 2,
      "start": 133,
      "end": 139,
      "confidence": 1.0
    },
    {
      "id": 10,
      "text": "तो",
      "sentence": 2,
      "start": 148,
      "end": 150,
      "confidence": 1.0
    },
    {
      "id": 11,
      "text": "तो",
      "sentence": 2,
      "start": 169,
      "end": 171,
      "confidence": 1.0
    },
    {
      "id": 12,
      "text": "आजारांचाही",
      "sentence": 3,
      "start": 218,
      "end": 227,
      "confidence": 1.0
    },
    {
      "id": 13,
      "text": "सामना",
      "sentence": 3,
      "start": 228,
      "end": 232,
      "confidence": 1.0
    },
    {
      "id": 14,
      "text": "आपण",
      "sentence": 4,
      "start": 256,
      "end": 260,
      "confidence": 1.0
    },
    {
      "id": 15,
      "text": "आम्हास",
      "sentence": 4,
      "start": 261,
      "end": 266,
      "confidence": 1.0
    },
    {
      "id": 16,
      "text": "अंधश्रद्धाळू",
      "sentence": 4,
      "start": 274,
      "end": 283,
      "confidence": 1.0
    },
    {
      "id": 17,
      "text": "तिच्यावर",
      "sentence": 5,
      "start": 292,
      "end": 298,
      "confidence": 1.0
    },
    {
      "id": 18,
      "text": "संपत्तीसाठी",
      "sentence": 6,
      "start": 331,
      "end": 339,
      "confidence": 1.0
    },
    {
      "id": 19,
      "text": "ते",
      "sentence": 6,
      "start": 356,
      "end": 357,
      "confidence": 1.0
    },
    {
      "id": 20,
      "text": "त्याला",
      "sentence": 6,
      "start": 365,
      "end": 369,
      "confidence": 1.0
    },
    {
      "id": 21,
      "text": "घृणा",
      "sentence": 6,
      "start": 412,
      "end": 416,
      "confidence": 1.0
    },
    {
      "id": 22,
      "text": "भावनेने",
      "sentence": 6,
      "start": 431,
      "end": 437,
      "confidence": 1.0
    },
    {
      "id": 23,
      "text": "आघात",
      "sentence": 6,
      "start": 438,
      "end": 442,
      "confidence": 1.0
    },
    {
      "id": 24,
      "text": "एखाद्याला",
      "sentence": 6,
      "start": 451,
      "end": 458,
      "confidence": 1.0
    },
    {
      "id": 25,
      "text": "कार्यालय",
      "sentence": 6,
      "start": 459,
      "end": 465,
      "confidence": 1.0
    },
    {
      "id": 26,
      "text": "दिल्लीतल्या",
      "sentence": 7,
      "start": 477,
      "end": 485,
      "confidence": 1.0
    },
    {
      "id": 27,
      "text": "तालकटोरा",
      "sentence": 7,
      "start": 486,
      "end": 493,
      "confidence": 1.0
    },
    {
      "id": 28,
      "text": "स्टेडियमवर",
      "sentence": 7,
      "start": 494,
      "end": 503,
      "confidence": 1.0
    },
    {
      "id": 29,
      "text": "कार्यक्रम",
      "sentence": 7,
      "start": 507,
      "end": 513,
      "confidence": 1.0
    },
    {
      "id": 30,
      "text": "पक्षही",
      "sentence": 8,
      "start": 529,
      "end": 534,
      "confidence": 1.0
    },
    {
      "id": 31,
      "text": "जयकुमार",
      "sentence": 9,
      "start": 566,
      "end": 573,
      "confidence": 1.0
    },
    {
      "id": 32,
      "text": "गोरे",
      "sentence": 9,
      "start": 574,
      "end": 577,
      "confidence": 1.0
    },
    {
      "id": 33,
      "text": "घडामोडीनंतर",
      "sentence": 9,
      "start": 595,
      "end": 604,
      "confidence": 1.0
    },
    {
      "id": 34,
      "text": "राजीनामा",
      "sentence": 9,
      "start": 622,
      "end": 628,
      "confidence": 1.0
    },
    {
      "id": 35,
      "text": "मी",
      "sentence": 10,
      "start": 640,
      "end": 641,
      "confidence": 1.0
    },
    {
      "id": 36,
      "text": "बासरी",
      "sentence": 10,
      "start": 648,
      "end": 652,
      "confidence": 1.0
    },
    {
      "id": 37,
      "text": "मला",
      "sentence": 10,
      "start": 666,
      "end": 669,
      "confidence": 1.0
    },
    {
      "id": 38,
      "text": "लळाच",
      "sentence": 10,
      "start": 675,
      "end": 680,
      "confidence": 1.0
    },
    {
      "id": 39,
      "text": "मी",
      "sentence": 11,
      "start": 684,
      "end": 685,
      "confidence": 1.0
    },
    {
      "id": 40,
      "text": "बारामतीला",
      "sentence": 11,
      "start": 686,
      "end": 693,
      "confidence": 1.0
    },
    {
      "id": 41,
      "text": "ते",
      "sentence": 11,
      "start": 706,
      "end": 708,
      "confidence": 1.0
    },
    {
      "id": 42,
      "text": "गाडीतून",
      "sentence": 11,
      "start": 709,
      "end": 715,
      "confidence": 1.0
    },
    {
      "id": 43,
      "text": "राष्ट्रवादी",
      "sentence": 12,
      "start": 729,
      "end": 737,
      "confidence": 1.0
    },
    {
      "id": 44,
      "text": "काँग्रेसला",
      "sentence": 12,
      "start": 738,
      "end": 745,
      "confidence": 1.0
    },
    {
      "id": 45,
      "text": "आपले",
      "sentence": 12,
      "start": 746,
      "end": 750,
      "confidence": 1.0
    },
    {
      "id": 46,
      "text": "हेमंत",
      "sentence": 12,
      "start": 751,
      "end": 756,
      "confidence": 1.0
    },
    {
      "id": 47,
      "text": "किरण",
      "sentence": 12,
      "start": 764,
      "end": 768,
      "confidence": 1.0
    },
    {
      "id": 48,
      "text": "पावसकर",
      "sentence": 12,
      "start": 769,
      "end": 775,
      "confidence": 1.0
    },
    {
      "id": 49,
      "text": "आनंद",
      "sentence": 12,
      "start": 778,
      "end": 782,
      "confidence": 1.0
    },
    {
      "id": 50,
      "text": "ठाकूर",
      "sentence": 12,
      "start": 783,
      "end": 788,
      "confidence": 1.0
    },
    {
      "id": 51,
      "text": "मतांची",
      "sentence": 12,
      "start": 814,
      "end": 819,
      "confidence": 1.0
    },
    {
      "id": 52,
      "text": "त्यांच्याकडे",
      "sentence": 12,
      "start": 834,
      "end": 842,
      "confidence": 1.0
    },
    {
      "id": 53,
      "text": "अहवाल",
      "sentence": 13,
      "start": 856,
      "end": 860,
      "confidence": 1.0
    },
    {
      "id": 54,
      "text": "वर्ल्ड",
      "sentence": 13,
      "start": 861,
      "end": 865,
      "confidence": 1.0
    },
    {
      "id": 55,
      "text": "बँकेकडून",
      "sentence": 13,
      "start": 866,
      "end": 873,
      "confidence": 1.0
    },
    {
      "id": 56,
      "text": "अर्थसहाय्य",
      "sentence": 13,
      "start": 874,
      "end": 881,
      "confidence": 1.0
    },
    {
      "id": 57,
      "text": "प्रज्ञा",
      "sentence": 13,
      "start": 888,
      "end": 892,
      "confidence": 1.0
    },
    {
      "id": 58,
      "text": "फाऊण्डेशननं",
      "sentence": 13,
      "start": 893,
      "end": 902,
      "confidence": 1.0
    },
    {
      "id": 59,
      "text": "आरोप",
      "sentence": 13,
      "start": 909,
      "end": 913,
      "confidence": 1.0
    },
    {
      "id": 60,
      "text": "संघटनेनं",
      "sentence": 13,
      "start": 925,
      "end": 933,
      "confidence": 1.0
    },
    {
      "id": 61,
      "text": "सेवा",
      "sentence": 14,
      "start": 941,
      "end": 944,
      "confidence": 1.0
    },
    {
      "id": 62,
      "text": "ड्रायव्हर",
      "sentence": 14,
      "start": 960,
      "end": 966,
      "confidence": 1.0
    },
    {
      "id": 63,
      "text": "भाषा",
      "sentence": 14,
      "start": 977,
      "end": 980,
      "confidence": 1.0
    },
    {
      "id": 64,
      "text": "परीक्षा",
      "sentence": 15,
      "start": 998,
      "end": 1002,
      "confidence": 1.0
    },
    {
      "id": 65,
      "text": "मदतीसाठी",
      "sentence": 16,
      "start": 1018,
      "end": 1025,
      "confidence": 1.0
    },
    {
      "id": 66,
      "text": "भारताच्या",
      "sentence": 17,
      "start": 1039,
      "end": 1046,
      "confidence": 1.0
    },
    {
      "id": 67,
      "text": "ताब्यात",
      "sentence": 17,
      "start": 1047,
      "end": 1052,
      "confidence": 1.0
    },
    {
      "id": 68,
      "text": "त्यांनी",
      "sentence": 17,
      "start": 1067,
      "end": 1071,
      "confidence": 1.0
    },
    {
      "id": 69,
      "text": "गुन्हा",
      "sentence": 17,
      "start": 1086,
      "end": 1090,
      "confidence": 1.0
    },
    {
      "id": 70,
      "text": "सत्र",
      "sentence": 17,
      "start": 1104,
      "end": 1107,
      "confidence": 1.0
    },
    {
      "id": 71,
      "text": "याचिका",
      "sentence": 17,
      "start": 1116,
      "end": 1120,
      "confidence": 1.0
    },
    {
      "id": 72,
      "text": "न्यायालयाने",
      "sentence": 17,
      "start": 1133,
      "end": 1140,
      "confidence": 1.0
    },
    {
      "id": 73,
      "text": "त्यांची",
      "sentence": 17,
      "start": 1141,
      "end": 1145,
      "confidence": 1.0
    },
    {
      "id": 74,
      "text": "याचिका",
      "sentence": 17,
      "start": 1146,
      "end": 1150,
      "confidence": 1.0
    },
    {
      "id": 75,
      "text": "पोलिसांनी",
      "sentence": 17,
      "start": 1166,
      "end": 1172,
      "confidence": 1.0
    },
    {
      "id": 76,
      "text": "त्यांच्याविरोधात",
      "sentence": 17,
      "start": 1173,
      "end": 1184,
      "confidence": 1.0
    },
    {
      "id": 77,
      "text": "आरोपपत्र",
      "sentence": 17,
      "start": 1185,
      "end": 1192,
      "confidence": 1.0
    },
    {
      "id": 78,
      "text": "वर्षे",
      "sentence": 18,
      "start": 1219,
      "end": 1222,
      "confidence": 1.0
    },
    {
      "id": 79,
      "text": "मंत्रिपदही",
      "sentence": 18,
      "start": 1223,
      "end": 1231,
      "confidence": 1.0
    },
    {
      "id": 80,
      "text": "बैठकीत",
      "sentence": 19,
      "start": 1260,
      "end": 1265,
      "confidence": 1.0
    },
    {
      "id": 81,
      "text": "आवाज",
      "sentence": 19,
      "start": 1266,
      "end": 1270,
      "confidence": 1.0
    },
    {
      "id": 82,
      "text": "प्रशासनाच्या",
      "sentence": 19,
      "start": 1277,
      "end": 1285,
      "confidence": 1.0
    },
    {
      "id": 83,
      "text": "निदर्शनास",
      "sentence": 19,
      "start": 1286,
      "end": 1293,
      "confidence": 1.0
    },
    {
      "id": 84,
      "text": "त्यांनी",
      "sentence": 19,
      "start": 1313,
      "end": 1317,
      "confidence": 1.0
    },
    {
      "id": 85,
      "text": "तज्ञ",
      "sentence": 20,
      "start": 1327,
      "end": 1330,
      "confidence": 1.0
    },
    {
      "id": 86,
      "text": "विश्वास",
      "sentence": 20,
      "start": 1331,
      "end": 1336,
      "confidence": 1.0
    },
    {
      "id": 87,
      "text": "प्रकल्पासाठी",
      "sentence": 20,
      "start": 1344,
      "end": 1352,
      "confidence": 1.0
    },
    {
      "id": 88,
      "text": "उत्पन्न",
      "sentence": 20,
      "start": 1364,
      "end": 1369,
      "confidence": 1.0
    },
    {
      "id": 89,
      "text": "खर्च",
      "sentence": 20,
      "start": 1378,
      "end": 1381,
      "confidence": 1.0
    },
    {
      "id": 90,
      "text": "तो",
      "sentence": 21,
      "start": 1403,
      "end": 1405,
      "confidence": 1.0
    },
    {
      "id": 91,
      "text": "खाद्य",
      "sentence": 21,
      "start": 1410,
      "end": 1414,
      "confidence": 1.0
    },
    {
      "id": 92,
      "text": "मूल्य",
      "sentence": 21,
      "start": 1423,
      "end": 1426,
      "confidence": 1.0
    },
    {
      "id": 93,
      "text": "चारा",
      "sentence": 21,
      "start": 1431,
      "end": 1434,
      "confidence": 1.0
    },
    {
      "id": 94,
      "text": "वनस्पती",
      "sentence": 21,
      "start": 1450,
      "end": 1455,
      "confidence": 1.0
    },
    {
      "id": 95,
      "text": "बलात्कार",
      "sentence": 21,
      "start": 1460,
      "end": 1466,
      "confidence": 1.0
    },
    {
      "id": 96,
      "text": "फील्ड",
      "sentence": 21,
      "start": 1484,
      "end": 1488,
      "confidence": 1.0
    },
    {
      "id": 97,
      "text": "त्यांच्या",
      "sentence": 22,
      "start": 1515,
      "end": 1521,
      "confidence": 1.0
    },
    {
      "id": 98,
      "text": "त्यांची",
      "sentence": 22,
      "start": 1528,
      "end": 1532,
      "confidence": 1.0
    },
    {
      "id": 99,
      "text": "पत्नी",
      "sentence": 22,
      "start": 1533,
      "end": 1536,
      "confidence": 1.0
    },
    {
      "id": 100,
      "text": "मुले",
      "sentence": 22,
      "start": 1541,
      "end": 1544,
      "confidence": 1.0
    },
    {
      "id": 101,
      "text": "परिवार",
      "sentence": 22,
      "start": 1550,
      "end": 1554,
      "confidence": 1.0
    },
    {
      "id": 102,
      "text": "जिल्ह्यात",
      "sentence": 23,
      "start": 1561,
      "end": 1567,
      "confidence": 1.0
    },
    {
      "id": 103,
      "text": "मिनरल",
      "sentence": 23,
      "start": 1577,
      "end": 1582,
      "confidence": 1.0
    },
    {
      "id": 104,
      "text": "वॉटरची",
      "sentence": 23,
      "start": 1583,
      "end": 1589,
      "confidence": 1.0
    },
    {
      "id": 105,
      "text": "गावांतही",
      "sentence": 23,
      "start": 1604,
      "end": 1610,
      "confidence": 1.0
    },
    {
      "id": 106,
      "text": "विक्री",
      "sentence": 23,
      "start": 1611,
      "end": 1614,
      "confidence": 1.0
    },
    {
      "id": 107,
      "text": "दाढ्या",
      "sentence": 24,
      "start": 1637,
      "end": 1642,
      "confidence": 1.0
    },
    {
      "id": 108,
      "text": "निर्मिती",
      "sentence": 24,
      "start": 1645,
      "end": 1650,
      "confidence": 1.0
    },
    {
      "id": 109,
      "text": "रोपे",
      "sentence": 24,
      "start": 1661,
      "end": 1664,
      "confidence": 1.0
    },
    {
      "id": 110,
      "text": "लागवड",
      "sentence": 24,
      "start": 1668,
      "end": 1673,
      "confidence": 1.0
    }
  ],
  "clusters": [
    [
      9,
      12,
      13
    ],
    [
      2,
      50,
      52,
      55
    ],
    [
      16,
      22
    ],
    [
      27,
      28
    ],
    [
      37,
      38
    ],
    [
      40,
      41
    ],
    [
      43,
      44
    ],
    [
      51,
      53
    ],
    [
      59,
      60,
      61,
      71
    ],
    [
      62,
      63
    ],
    [
      64,
      65
    ],
    [
      66,
      67
    ],
    [
      69,
      72
    ],
    [
      73,
      74
    ],
    [
      75,
      76
    ],
    [
      78,
      79
    ],
    [
      82,
      83
    ],
    [
      84,
      85
    ],
    [
      87,
      88
    ],
    [
      92,
      93,
      99,
      102
    ],
    [
      96,
      98
    ],
    [
      97,
      100
    ]
  ]
}