{
  "document_id": "document_374",
  "sentences": [
    "मे 07, 2019",
    "हर्षवर्धन हा सनम तेरी कसम आणि पलटन सारख्या चित्रपटातून दिसला आहे.",
    "पण अभिनेता हृतिक रोशनवर चित्रपटसृष्टीकडून कौतुकाचा वर्षाव होतोय.",
    "हा सोहळा ८-९ जानेवारीला विद्यार्थाच्या जल्लोषी सहभागाने पार पडला.",
    "“नाही गं, गेले दोन तीन दिवस देसाई दिसलेच नाहीत.",
    "म्हणजेच ते विक्रीयोग्य करण्याची धडपड कुठेतरी जाणवतीय, जी भावगीतांच्या वाटचालीला मारक आहे.",
    "सध्या या संस्थानचा कारभार जिल्हा न्यायाधीश, जिल्हाधिकारी आणि संस्थानचे मुख्य कार्यकारी अधिकारी सांभाळत आहेत.",
    "खाण्यास कोणते तेल योग्य?",
    "येत्या 48 तासांत पावसाचा जोर असाच कायम राहिला तर आळंदीतील जुना व नवीन पुलावरून पाणी वाहण्यास सुरुवात होईल असा अंदाज वर्तवण्यात येत आहे.",
    "या निर्णयाचे स्वागत करत भारतीय वैद्यकीय सेवेमध्ये या निर्णयामुळे महत्त्वपूर्ण फायदा होईल असे केंद्रीय आरोग्य आणि कुटूंबकल्याणमंत्री जगत प्रकाश नड्डा यांनी म्हटले आहे.",
    ">>स्वत:चे गुण, क्षमता आणि कौशल्यांबाबत आत्मविश्वास असू द्या.",
    "मंगळवारी तर निवासी जिल्हा शल्य चिकित्सकांच्या तोंडाला काळे फासण्यात आल्याच्या घटनेनंतर या रुग्णालयातील कर्मचा-यांना कामबंद आंदोलनाचा मार्ग स्वीकारला आहे.",
    "कॅथलमध्ये डेरा प्रमुखाची १२.५ कोटींची संपत्ती आहे.",
    "मुंबईमध्ये स्‍थापन झालेल्‍या शिवसेनेसाठी आणि महाराष्‍ट्रातील तमाम शिवसैनिकांसाठी हा आनंदाचा सोहळा होता.",
    "लश्कर-ए-तोयबा, जैश-ए-मोहम्मदसारख्या संघटना पाकिस्तानातून."
  ],
  "mentions": [
    {
      "id": 0,
      "text": "हर्षवर्धन",
      "sentence": 1,
      "start": 12,
      "end": 21,
      "confidence": 1.0
    },
    {
      "id": 1,
      "text": "चित्रपटातून",
      "sentence": 1,
      "start": 60,
      "end": 69,
      "confidence": 1.0
    },
    {
      "id": 2,
      "text": "अभिनेता",
      "sentence": 2,
      "start": 80,
      "end": 86,
      "confidence": 1.0
    },
    {
      "id": 3,
      "text": "हृतिक",
      "sentence": 2,
      "start": 87,
      "end": 92,
      "confidence": 1.0
    },
    {
      "id": 4,
      "text": "रोशनवर",
      "sentence": 2,
      "start": 93,
      "end": 100,
      "confidence": 1.0
    },
    {
      "id": 5,
      "text": "चित्रपटसृष्टीकडून",
      "sentence": 2,
      "start": 101,
      "end": 115,
      "confidence": 1.0
    },
    {
      "id": 6,
      "text": "वर्षाव",
      "sentence": 2,
      "start": 125,
      "end": 130,
      "confidence": 1.0
    },
    {
      "id": 7,
      "text": "सोहळा",
      "sentence": 3,
      "start": 135,
      "end": 140,
      "confidence": 1.0
    },
    {
      "id": 8,
      "text": "विद्यार्थाच्या",
      "sentence": 3,
      "start": 152,
      "end": 163,
      "confidence": 1.0
    },
    {
      "id": 9,
      "text": "सहभागाने",
      "sentence": 3,
      "start": 171,
      "end": 179,
      "confidence": 1.0
    },
    {
      "id": 10,
      "text": "दिवस",
      "sentence": 4,
      "start": 201,
      "end": 205,
      "confidence": 1.0
    },
    {
      "id": 11,
      "text": "देसाई",
      "sentence": 4,
      "start": 206,
      "end": 211,
      "confidence": 1.0
    },
    {
      "id": 12,
      "text": "ते",
      "sentence": 5,
      "start": 239,
      "end": 241,
      "confidence": 1.0
    },
    {
      "id": 13,
      "text": "धडपड",
      "sentence": 5,
      "start": 254,
      "end": 259,
      "confidence": 1.0
    },
    {
      "id": 14,
      "text": "वाटचालीला",
      "sentence": 5,
      "start": 287,
      "end": 296,
      "confidence": 1.0
    },
    {
      "id": 15,
      "text": "संस्थानचा",
      "sentence": 6,
      "start": 312,
      "end": 320,
      "confidence": 1.0
    },
    {
      "id": 16,
      "text": "कारभार",
      "sentence": 6,
      "start": 321,
      "end": 327,
      "confidence": 1.0
    },
    {
      "id": 17,
      "text": "जिल्हा",
      "sentence": 6,
      "start": 328,
      "end": 333,
      "confidence": 1.0
    },
    {
      "id": 18,
      "text": "न्यायाधीश",
      "sentence": 6,
      "start": 334,
      "end": 341,
      "confidence": 1.0
    },
    {
      "id": 19,
      "text": "जिल्हाधिकारी",
      "sentence": 6,
      "start": 343,
      "end": 353,
      "confidence": 1.0
    },
    {
      "id": 20,
      "text": "संस्थानचे",
      "sentence": 6,
      "start": 357,
      "end": 364,
      "confidence": 1.0
    },
    {
      "id": 21,
      "text": "अधिकारी",
      "sentence": 6,
      "start": 376,
      "end": 382,
      "confidence": 1.0
    },
    {
      "id": 22,
      "text": "पावसाचा",
      "sentence": 8,
      "start": 422,
      "end": 429,
      "confidence": 1.0
    },
    {
      "id": 23,
      "text": "पुलावरून",
      "sentence": 8,
      "start": 475,
      "end": 482,
      "confidence": 1.0
    },
    {
      "id": 24,
      "text": "पाणी",
      "sentence": 8,
      "start": 483,
      "end": 487,
      "confidence": 1.0
    },
    {
      "id": 25,
      "text": "अंदाज",
      "sentence": 8,
      "start": 509,
      "end": 514,
      "confidence": 1.0
    },
    {
      "id": 26,
      "text": "निर्णयाचे",
      "sentence": 9,
      "start": 522,
      "end": 529,
      "confidence": 1.0
    },
    {
      "id": 27,
      "text": "स्वागत",
      "sentence": 9,
      "start": 530,
      "end": 535,
      "confidence": 1.0
    },
    {
      "id": 28,
      "text": "निर्णयामुळे",
      "sentence": 9,
      "start": 564,
      "end": 572,
      "confidence": 1.0
    },
    {
      "id": 29,
      "text": "फायदा",
      "sentence": 9,
      "start": 584,
      "end": 589,
      "confidence": 1.0
    },
    {
      "id": 30,
      "text": "आरोग्य",
      "sentence": 9,
      "start": 600,
      "end": 606,
      "confidence": 1.0
    },
    {
      "id": 31,
      "text": "कुटूंबकल्याणमंत्री",
      "sentence": 9,
      "start": 610,
      "end": 625,
      "confidence": 1.0
    },
    {
      "id": 32,
      "text": "प्रकाश",
      "sentence": 9,
      "start": 631,
      "end": 636,
      "confidence": 1.0
    },
    {
      "id": 33,
      "text": "नड्डा",
      "sentence": 9,
      "start": 637,
      "end": 641,
      "confidence": 1.0
    },
    {
      "id": 34,
      "text": "क्षमता",
      "sentence": 10,
      "start": 663,
      "end": 667,
      "confidence": 1.0
    },
    {
      "id": 35,
      "text": "कौशल्यांबाबत",
      "sentence": 10,
      "start": 672,
      "end": 683,
      "confidence": 1.0
    },
    {
      "id": 36,
      "text": "आत्मविश्वास",
      "sentence": 10,
      "start": 684,
      "end": 694,
      "confidence": 1.0
    },
    {
      "id": 37,
      "text": "जिल्हा",
      "sentence": 11,
      "start": 718,
      "end": 723,
      "confidence": 1.0
    },
    {
      "id": 38,
      "text": "शल्य",
      "sentence": 11,
      "start": 724,
      "end": 728,
      "confidence": 1.0
    },
    {
      "id": 39,
      "text": "तोंडाला",
      "sentence": 11,
      "start": 741,
      "end": 747,
      "confidence": 1.0
    },
    {
      "id": 40,
      "text": "घटनेनंतर",
      "sentence": 11,
      "start": 767,
      "end": 774,
      "confidence": 1.0
    },
    {
      "id": 41,
      "text": "रुग्णालयातील",
      "sentence": 11,
      "start": 779,
      "end": 789,
      "confidence": 1.0
    },
    {
      "id": 42,
      "text": "कर्मचा-यांना",
      "sentence": 11,
      "start": 790,
      "end": 800,
      "confidence": 1.0
    },
    {
      "id": 43,
      "text": "कामबंद",
      "sentence": 11,
      "start": 801,
      "end": 807,
      "confidence": 1.0
    },
    {
      "id": 44,
      "text": "आंदोलनाचा",
      "sentence": 11,
      "start": 808,
      "end": 816,
      "confidence": 1.0
    },
    {
      "id": 45,
      "text": "मार्ग",
      "sentence": 11,
      "start": 817,
      "end": 821,
      "confidence": 1.0
    },
    {
      "id": 46,
      "text": "कॅथलमध्ये",
      "sentence": 12,
      "start": 827,
      "end": 835,
      "confidence": 1.0
    },
    {
      "id": 47,
      "text": "डेरा",
      "sentence": 12,
      "start": 836,
      "end": 840,
      "confidence": 1.0
    },
    {
      "id": 48,
      "text": "प्रमुखाची",
      "sentence": 12,
      "start": 841,
      "end": 848,
      "confidence": 1.0
    },
    {
      "id": 49,
      "text": "कोटींची",
      "sentence": 12,
      "start": 855,
      "end": 861,
      "confidence": 1.0
    },
    {
      "id": 50,
      "text": "संपत्ती",
      "sentence": 12,
      "start": 862,
      "end": 868,
      "confidence": 1.0
    },
    {
      "id": 51,
      "text": "शिवसैनिकांसाठी",
      "sentence": 13,
      "start": 926,
      "end": 938,
      "confidence": 1.0
    },
    {
      "id": 52,
      "text": "सोहळा",
      "sentence": 13,
      "start": 949,
      "end": 954,
      "confidence": 1.0
    },
    {
      "id": 53,
      "text": "लश्कर-ए-तोयबा",
      "sentence": 14,
      "start": 956,
      "end": 969,
      "confidence": 1.0
    },
    {
      "id": 54,
      "text": "संघटना",
      "sentence": 14,
      "start": 990,
      "end": 996,
      "confidence": 1.0
    },
    {
      "id": 55,
      "text": "पाकिस्तानातून",
      "sentence": 14,
      "start": 997,
      "end": 1007,
      "confidence": 1.0
    }
  ],
  "clusters": [
    [
      0,
      1
    ],
    [
      3,
      4,
      5
    ],
    [
      9,
      10
    ],
    [
      14,
      15
    ],
    [
      16,
      17
    ],
    [
      20,
      25
    ],
    [
      22,
      23
    ],
    [
      36,
      39
    ],
    [
      42,
      43,
      44,
      45
    ],
    [
      51,
      52,
      53
    ]
  ]
}