{
  "document_id": "document_116",
  "sentences": [
    "पण सर्वात मोठी समस्या - तो एक थंड आहे इंजिन प्रारंभ.",
    "तिसऱ्या भरा केल्यानंतर बँका ताबडतोब चेंडू रोल चालू आणि थंड होईपर्यंत, नंतर स्टोरेज मध्ये ठेवले झाकून ठेवण्यासाठी आवश्यक आहे.",
    "जागा निश्‍चित करून त्यासाठी शासनाकडे पाठपुरावा करू.",
    "अपघात झाल्यानंतर तात्काळ घर देण्याचं आश्वासन देणाऱ्या पालकमंत्र्यांनी माघार घेतल्याचं दिसतंय.",
    "लोकसभा निवडणुकीचे वारे आता वाहू लागले आहेत.",
    "माझ्या विरूद्ध गुन्हा दाखल करण्यात आला आहे.",
    "'ट्यूबलाईट'मध्ये सलमान हा एक विशेष भूमिका करणार आहे.",
    "यामध्ये कैलास रामचंदानी नावाच्या आरोपीचाही समावेश आहे.",
    "विठ्ठलाचे ज्येष्ठ अभ्यासक ढेरे यांनी दिंडीरवन म्हणजे चिंचेचे वन असल्याचे भाष्य केले आहे.",
    "एखाद्या सर्वशक्तिमान, अखंड समृद्धी प्रदान करणाऱ्या परम चैतन्यदायी आणि सर्वसमावेशक विशाल व्यक्तिमत्त्वापुढे नतमस्तक व्हावं असंच तिचं चारित्र्य.",
    "तथापि, ते ऍफिडस् वाहून, फळ पिकांच्या सर्वात धोकादायक कीटक आहे.",
    "बैठकीनंतर प्रसारमाध्यमांशी बोलताना मंत्री एकनाथ शिंदे म्हणाले, राज्यात गेल्या पाच वर्षांत दाखल झालेले गुन्हे मागे घेण्यात येतील.",
    "तो नंबर त्या महिलेकडे होता.",
    "केरळने रेने म्युलेनस्टीन यांची अलीकडेच प्रमुख प्रशिक्षकपदी नियुक्ती केली असून गेल्या आठवडय़ात मँचेस्टरचा आणखी एक माजी खेळाडू वेस ब्राऊनलाही करारबद्ध केले आहे.",
    "वरुण शर्मा, ताहिर राज भसीन, नवीन पॉलशेट्टी, सहर्ष शुक्ला, रोहित चौहान, तुषार पांडे या सगळ्याच गँगन फुल टू धमाल केली.",
    "परिणामी द्रव फिल्टर केली जावी, आणि नंतर 1 3.",
    "तो एक अन्न colorant नीट मिक्स आवश्यक आहे प्रमाणात पूर्ण दारू मध्ये घाला.",
    "टीजरमध्ये विठ्ठल शेलार आणि अमोल शिंदे हे दोन कुख्यात गुन्हेगार दिसत आहेत.",
    "Loading."
  ],
  "mentions": [
    {
      "id": 0,
      "text": "समस्या",
      "sentence": 0,
      "start": 10,
      "end": 16,
      "confidence": 1.0
    },
    {
      "id": 1,
      "text": "तो",
      "sentence": 0,
      "start": 20,
      "end": 21,
      "confidence": 1.0
    },
    {
      "id": 2,
      "text": "इंजिन",
      "sentence": 0,
      "start": 31,
      "end": 35,
      "confidence": 1.0
    },
    {
      "id": 3,
      "text": "प्रारंभ",
      "sentence": 0,
      "start": 36,
      "end": 40,
      "confidence": 1.0
    },
    {
      "id": 4,
      "text": "बँका",
      "sentence": 1,
      "start": 68,
      "end": 71,
      "confidence": 1.0
    },
    {
      "id": 5,
      "text": "चेंडू",
      "sentence": 1,
      "start": 80,
      "end": 84,
      "confidence": 1.0
    },
    {
      "id": 6,
      "text": "जागा",
      "sentence": 2,
      "start": 140,
      "end": 143,
      "confidence": 1.0
    },
    {
      "id": 7,
      "text": "शासनाकडे",
      "sentence": 2,
      "start": 161,
      "end": 168,
      "confidence": 1.0
    },
    {
      "id": 8,
      "text": "पाठपुरावा",
      "sentence": 2,
      "start": 169,
      "end": 176,
      "confidence": 1.0
    },
    {
      "id": 9,
      "text": "अपघात",
      "sentence": 3,
      "start": 176,
      "end": 181,
      "confidence": 1.0
    },
    {
      "id": 10,
      "text": "आश्वासन",
      "sentence": 3,
      "start": 208,
      "end": 214,
      "confidence": 1.0
    },
    {
      "id": 11,
      "text": "पालकमंत्र्यांनी",
      "sentence": 3,
      "start": 224,
      "end": 235,
      "confidence": 1.0
    },
    {
      "id": 12,
      "text": "निवडणुकीचे",
      "sentence": 4,
      "start": 261,
      "end": 269,
      "confidence": 1.0
    },
    {
      "id": 13,
      "text": "वारे",
      "sentence": 4,
      "start": 270,
      "end": 273,
      "confidence": 1.0
    },
    {
      "id": 14,
      "text": "माझ्या",
      "sentence": 5,
      "start": 292,
      "end": 296,
      "confidence": 1.0
    },
    {
      "id": 15,
      "text": "गुन्हा",
      "sentence": 5,
      "start": 307,
      "end": 311,
      "confidence": 1.0
    },
    {
      "id": 16,
      "text": "सलमान",
      "sentence": 6,
      "start": 340,
      "end": 344,
      "confidence": 1.0
    },
    {
      "id": 17,
      "text": "भूमिका",
      "sentence": 6,
      "start": 356,
      "end": 360,
      "confidence": 1.0
    },
    {
      "id": 18,
      "text": "रामचंदानी",
      "sentence": 7,
      "start": 384,
      "end": 392,
      "confidence": 1.0
    },
    {
      "id": 19,
      "text": "आरोपीचाही",
      "sentence": 7,
      "start": 400,
      "end": 408,
      "confidence": 1.0
    },
    {
      "id": 20,
      "text": "विठ्ठलाचे",
      "sentence": 8,
      "start": 419,
      "end": 426,
      "confidence": 1.0
    },
    {
      "id": 21,
      "text": "अभ्यासक",
      "sentence": 8,
      "start": 433,
      "end": 438,
      "confidence": 1.0
    },
    {
      "id": 22,
      "text": "ढेरे",
      "sentence": 8,
      "start": 439,
      "end": 442,
      "confidence": 1.0
    },
    {
      "id": 23,
      "text": "दिंडीरवन",
      "sentence": 8,
      "start": 449,
      "end": 456,
      "confidence": 1.0
    },
    {
      "id": 24,
      "text": "चिंचेचे",
      "sentence": 8,
      "start": 464,
      "end": 469,
      "confidence": 1.0
    },
    {
      "id": 25,
      "text": "व्यक्तिमत्त्वापुढे",
      "sentence": 9,
      "start": 570,
      "end": 584,
      "confidence": 1.0
    },
    {
      "id": 26,
      "text": "तिचं",
      "sentence": 9,
      "start": 600,
      "end": 603,
      "confidence": 1.0
    },
    {
      "id": 27,
      "text": "चारित्र्य",
      "sentence": 9,
      "start": 604,
      "end": 609,
      "confidence": 1.0
    },
    {
      "id": 28,
      "text": "ते",
      "sentence": 10,
      "start": 615,
      "end": 616,
      "confidence": 1.0
    },
    {
      "id": 29,
      "text": "ऍफिडस्",
      "sentence": 10,
      "start": 617,
      "end": 622,
      "confidence": 1.0
    },
    {
      "id": 30,
      "text": "प्रसारमाध्यमांशी",
      "sentence": 11,
      "start": 677,
      "end": 690,
      "confidence": 1.0
    },
    {
      "id": 31,
      "text": "मंत्री",
      "sentence": 11,
      "start": 700,
      "end": 704,
      "confidence": 1.0
    },
    {
      "id": 32,
      "text": "शिंदे",
      "sentence": 11,
      "start": 711,
      "end": 715,
      "confidence": 1.0
    },
    {
      "id": 33,
      "text": "राज्यात",
      "sentence": 11,
      "start": 725,
      "end": 730,
      "confidence": 1.0
    },
    {
      "id": 34,
      "text": "गुन्हे",
      "sentence": 11,
      "start": 749,
      "end": 753,
      "confidence": 1.0
    },
    {
      "id": 35,
      "text": "तो",
      "sentence": 12,
      "start": 780,
      "end": 781,
      "confidence": 1.0
    },
    {
      "id": 36,
      "text": "नंबर",
      "sentence": 12,
      "start": 782,
      "end": 786,
      "confidence": 1.0
    },
    {
      "id": 37,
      "text": "महिलेकडे",
      "sentence": 12,
      "start": 792,
      "end": 799,
      "confidence": 1.0
    },
    {
      "id": 38,
      "text": "केरळने",
      "sentence": 13,
      "start": 804,
      "end": 809,
      "confidence": 1.0
    },
    {
      "id": 39,
      "text": "म्युलेनस्टीन",
      "sentence": 13,
      "start": 815,
      "end": 825,
      "confidence": 1.0
    },
    {
      "id": 40,
      "text": "प्रशिक्षकपदी",
      "sentence": 13,
      "start": 841,
      "end": 850,
      "confidence": 1.0
    },
    {
      "id": 41,
      "text": "खेळाडू",
      "sentence": 13,
      "start": 895,
      "end": 900,
      "confidence": 1.0
    },
    {
      "id": 42,
      "text": "ब्राऊनलाही",
      "sentence": 13,
      "start": 905,
      "end": 913,
      "confidence": 1.0
    },
    {
      "id": 43,
      "text": "वरुण",
      "sentence": 14,
      "start": 948,
      "end": 952,
      "confidence": 1.0
    },
    {
      "id": 44,
      "text": "शर्मा",
      "sentence": 14,
      "start": 953,
      "end": 957,
      "confidence": 1.0
    },
    {
      "id": 45,
      "text": "ताहिर",
      "sentence": 14,
      "start": 959,
      "end": 963,
      "confidence": 1.0
    },
    {
      "id": 46,
      "text": "भसीन",
      "sentence": 14,
      "start": 967,
      "end": 971,
      "confidence": 1.0
    },
    {
      "id": 47,
      "text": "पॉलशेट्टी",
      "sentence": 14,
      "start": 978,
      "end": 986,
      "confidence": 1.0
    },
    {
      "id": 48,
      "text": "शुक्ला",
      "sentence": 14,
      "start": 993,
      "end": 997,
      "confidence": 1.0
    },
    {
      "id": 49,
      "text": "चौहान",
      "sentence": 14,
      "start": 1004,
      "end": 1008,
      "confidence": 1.0
    },
    {
      "id": 50,
      "text": "तुषार",
      "sentence": 14,
      "start": 1010,
      "end": 1014,
      "confidence": 1.0
    },
    {
      "id": 51,
      "text": "पांडे",
      "sentence": 14,
      "start": 1015,
      "end": 1018,
      "confidence": 1.0
    },
    {
      "id": 52,
      "text": "गँगन",
      "sentence": 14,
      "start": 1029,
      "end": 1033,
      "confidence": 1.0
    },
    {
      "id": 53,
      "text": "द्रव",
      "sentence": 15,
      "start": 1069,
      "end": 1071,
      "confidence": 1.0
    },
    {
      "id": 54,
      "text": "तो",
      "sentence": 16,
      "start": 1100,
      "end": 1101,
      "confidence": 1.0
    },
    {
      "id": 55,
      "text": "अन्न",
      "sentence": 16,
      "start": 1107,
      "end": 1110,
      "confidence": 1.0
    },
    {
      "id": 56,
      "text": "colorant",
      "sentence": 16,
      "start": 1111,
      "end": 1118,
      "confidence": 1.0
    },
    {
      "id": 57,
      "text": "प्रमाणात",
      "sentence": 16,
      "start": 1134,
      "end": 1140,
      "confidence": 1.0
    },
    {
      "id": 58,
      "text": "दारू",
      "sentence": 16,
      "start": 1148,
      "end": 1151,
      "confidence": 1.0
    },
    {
      "id": 59,
      "text": "टीजरमध्ये",
      "sentence": 17,
      "start": 1173,
      "end": 1181,
      "confidence": 1.0
    },
    {
      "id": 60,
      "text": "विठ्ठल",
      "sentence": 17,
      "start": 1182,
      "end": 1187,
      "confidence": 1.0
    },
    {
      "id": 61,
      "text": "शेलार",
      "sentence": 17,
      "start": 1188,
      "end": 1192,
      "confidence": 1.0
    },
    {
      "id": 62,
      "text": "शिंदे",
      "sentence": 17,
      "start": 1201,
      "end": 1205,
      "confidence": 1.0
    },
    {
      "id": 63,
      "text": "गुन्हेगार",
      "sentence": 17,
      "start": 1215,
      "end": 1221,
      "confidence": 1.0
    }
  ],
  "clusters": [
    [
      1,
      3
    ],
    [
      22,
      23,
      24
    ],
    [
      28,
      30
    ],
    [
      34,
      35,
      37
    ],
    [
      40,
      41,
      42
    ],
    [
      45,
      46
    ],
    [
      49,
      50
    ],
    [
      55,
      56
    ],
    [
      57,
      58
    ],
    [
      59,
      60,
      61
    ],
    [
      62,
      63
    ],
    [
      57,
      58,
      59,
      60,
      61,
      62,
      63
    ]
  ]
}