{
  "document_id": "document_192",
  "sentences": [
    "नोव्हेंबर 29, 2019",
    "आम्ही अनेक गर्भपात केले;",
    "‘‘हो आजी, सांग काय करू या?",
    "हवामान खाते बंद करा!",
    "महाराष्ट्रात मी बर्‍याच गावात पाणीपुरी खाल्लीय (नवीन गावात गेलो की तिथली पाणीपुरी चाखल्याशिवाय चैन पडत नाही).",
    "पण नेहमीच नागपूरमधल्या पाणीपुरीला जी चव आहे ती कुठेच मिळाली नाही.",
    "महाराष्ट्रात तरी सगळ्यात चांगली पाणीपुरी नागपूरात मिळते असे माझे प्रामाणिक मत आहे.",
    "(कुठेही)कदाचित उत्तर भारतात किंवा मध्यभारतात जास्त चांगली मिळत असेल पण मला तो अनुभव नाही.",
    "पण नागपूरातल्या चिंचेला एक वेगळी चव असावी.",
    "पाणीपुरी अत्यंत बंडल दक्षिण भारतात कुठेही.",
    "बंगलोर, मद्रास, त्रिवेंद्रम सगळीकडे बेचव.",
    "मुख्य म्हणजे चिंचेच्या पाण्याला/चटणीला कसल्यातरी बेचव पीठाची चव असते.",
    "हडोळती कश्मीरमधील पुलवामा येथे दहशतवादी हल्ल्यात शहीद झालेल्या भारतीय जवानांना हडोळती येथे सर्वपक्षीय व विविध संघटनांनी या दहशतवादी हल्ल्याचा निषेध करुन बंद."
  ],
  "mentions": [
    {
      "id": 0,
      "text": "आम्ही",
      "sentence": 1,
      "start": 17,
      "end": 21,
      "confidence": 1.0
    },
    {
      "id": 1,
      "text": "गर्भपात",
      "sentence": 1,
      "start": 27,
      "end": 33,
      "confidence": 1.0
    },
    {
      "id": 2,
      "text": "काय",
      "sentence": 2,
      "start": 49,
      "end": 51,
      "confidence": 1.0
    },
    {
      "id": 3,
      "text": "हवामान",
      "sentence": 3,
      "start": 57,
      "end": 62,
      "confidence": 1.0
    },
    {
      "id": 4,
      "text": "खाते",
      "sentence": 3,
      "start": 63,
      "end": 66,
      "confidence": 1.0
    },
    {
      "id": 5,
      "text": "महाराष्ट्रात",
      "sentence": 4,
      "start": 71,
      "end": 81,
      "confidence": 1.0
    },
    {
      "id": 6,
      "text": "मी",
      "sentence": 4,
      "start": 82,
      "end": 83,
      "confidence": 1.0
    },
    {
      "id": 7,
      "text": "गावात",
      "sentence": 4,
      "start": 90,
      "end": 94,
      "confidence": 1.0
    },
    {
      "id": 8,
      "text": "पाणीपुरी",
      "sentence": 4,
      "start": 95,
      "end": 102,
      "confidence": 1.0
    },
    {
      "id": 9,
      "text": "गावात",
      "sentence": 4,
      "start": 115,
      "end": 119,
      "confidence": 1.0
    },
    {
      "id": 10,
      "text": "पाणीपुरी",
      "sentence": 4,
      "start": 128,
      "end": 135,
      "confidence": 1.0
    },
    {
      "id": 11,
      "text": "पाणीपुरीला",
      "sentence": 5,
      "start": 171,
      "end": 180,
      "confidence": 1.0
    },
    {
      "id": 12,
      "text": "ती",
      "sentence": 5,
      "start": 192,
      "end": 193,
      "confidence": 1.0
    },
    {
      "id": 13,
      "text": "महाराष्ट्रात",
      "sentence": 6,
      "start": 205,
      "end": 215,
      "confidence": 1.0
    },
    {
      "id": 14,
      "text": "पाणीपुरी",
      "sentence": 6,
      "start": 231,
      "end": 238,
      "confidence": 1.0
    },
    {
      "id": 15,
      "text": "माझे",
      "sentence": 6,
      "start": 254,
      "end": 258,
      "confidence": 1.0
    },
    {
      "id": 16,
      "text": "उत्तर",
      "sentence": 7,
      "start": 276,
      "end": 280,
      "confidence": 1.0
    },
    {
      "id": 17,
      "text": "भारतात",
      "sentence": 7,
      "start": 281,
      "end": 286,
      "confidence": 1.0
    },
    {
      "id": 18,
      "text": "मला",
      "sentence": 7,
      "start": 316,
      "end": 319,
      "confidence": 1.0
    },
    {
      "id": 19,
      "text": "तो",
      "sentence": 7,
      "start": 320,
      "end": 321,
      "confidence": 1.0
    },
    {
      "id": 20,
      "text": "अनुभव",
      "sentence": 7,
      "start": 322,
      "end": 326,
      "confidence": 1.0
    },
    {
      "id": 21,
      "text": "नागपूरातल्या",
      "sentence": 8,
      "start": 335,
      "end": 346,
      "confidence": 1.0
    },
    {
      "id": 22,
      "text": "पाणीपुरी",
      "sentence": 9,
      "start": 370,
      "end": 377,
      "confidence": 1.0
    },
    {
      "id": 23,
      "text": "भारतात",
      "sentence": 9,
      "start": 397,
      "end": 402,
      "confidence": 1.0
    },
    {
      "id": 24,
      "text": "बंगलोर",
      "sentence": 10,
      "start": 409,
      "end": 414,
      "confidence": 1.0
    },
    {
      "id": 25,
      "text": "मद्रास",
      "sentence": 10,
      "start": 417,
      "end": 421,
      "confidence": 1.0
    },
    {
      "id": 26,
      "text": "त्रिवेंद्रम",
      "sentence": 10,
      "start": 424,
      "end": 432,
      "confidence": 1.0
    },
    {
      "id": 27,
      "text": "मुख्य",
      "sentence": 11,
      "start": 440,
      "end": 444,
      "confidence": 1.0
    },
    {
      "id": 28,
      "text": "पाण्याला",
      "sentence": 11,
      "start": 460,
      "end": 466,
      "confidence": 1.0
    },
    {
      "id": 29,
      "text": "पीठाची",
      "sentence": 11,
      "start": 485,
      "end": 490,
      "confidence": 1.0
    },
    {
      "id": 30,
      "text": "पुलवामा",
      "sentence": 12,
      "start": 516,
      "end": 522,
      "confidence": 1.0
    },
    {
      "id": 31,
      "text": "दहशतवादी",
      "sentence": 12,
      "start": 527,
      "end": 535,
      "confidence": 1.0
    },
    {
      "id": 32,
      "text": "हल्ल्यात",
      "sentence": 12,
      "start": 536,
      "end": 542,
      "confidence": 1.0
    },
    {
      "id": 33,
      "text": "जवानांना",
      "sentence": 12,
      "start": 560,
      "end": 566,
      "confidence": 1.0
    },
    {
      "id": 34,
      "text": "संघटनांनी",
      "sentence": 12,
      "start": 592,
      "end": 599,
      "confidence": 1.0
    },
    {
      "id": 35,
      "text": "दहशतवादी",
      "sentence": 12,
      "start": 603,
      "end": 611,
      "confidence": 1.0
    },
    {
      "id": 36,
      "text": "हल्ल्याचा",
      "sentence": 12,
      "start": 612,
      "end": 619,
      "confidence": 1.0
    },
    {
      "id": 37,
      "text": "निषेध",
      "sentence": 12,
      "start": 620,
      "end": 624,
      "confidence": 1.0
    }
  ],
  "clusters": [
    [
      0,
      7,
      20,
      25
    ],
    [
      9,
      11,
      14,
      18,
      31
    ],
    [
      8,
      10
    ],
    [
      6,
      17
    ],
    [
      13,
      19,
      28
    ],
    [
      15,
      30
    ],
    [
      23,
      24,
      34
    ]
  ]
}