{
  "document_id": "document_398",
  "sentences": [
    "घराबाहेर पडण्याचीही भीती वाटावी अशी परिस्थिती.",
    "हे सुप्रसिद्ध आहे की मुस्टला पुटोरिअस फुरो गडद जंगल कार्यापासून झाला होता.",
    "व्हिएतनाम मध्ये पर्यटक केटरिंग - कारण या देशात यथायोग्य एक gastronomic नंदनवन म्हटले जाऊ शकते, एक वेगळा मुद्दा आहे.",
    "या गंभीर प्रकाराकडे ग्रामपंचायतीचे मात्र सर्रास दुर्लक्ष आहे.",
    "दौलताबाद ते चाळीसगाव मार्गाचे काम तयार झाल्यास या रेल्वेंना मनमाडकडे जाण्याची गरज पडणार नाही.",
    "आपल्या खंजिरीच्या तालावर राष्ट्रीय कीर्तन करणारे हेच ते संत तुकडोजी महाराज!",
    "मुले कुटुंबातील शहर आदर्श आहे.",
    "उच्च वारंवारता कार्यक्षमता वाढते आणि अती मंद असा प्रकाश पूर्णपणे बाजूला काढली आहे.",
    "आपल्याला वार्षिक निकाल तयार करत असताना आवश्यक असणार्‍या विविध एक्सेल व पीडीएफ फाईल्स, तक्ते या ठिकाणी उपलब्ध करुन देत आहे.",
    "डाऊनलोड करण्यासाठी खाली दिलेल्या शिर्षकावर क्लिक करा.",
    "काँग्रेस अध्यक्ष राहुल गांधी आणि पश्चिम बंगालच्या मुख्यमंत्री ममता बॅनर्जी यांना ट्विटरवरून लक्ष्य केले आहे.",
    "मुलाखतीच्या शेवटी जयश्रीताई करुणा या गुणविशेषाबद्दल विशेषत्वाने बोलल्या.",
    "त्यांनी अंतिम फेरीत क्रोएशियाचा इवान डॉडिग आणि ब्राझीलचा मार्सेलो मेलो यांचा ३-६, ६-३, ६-४, ६-४ असा पराभव करत विम्बल्डनवर नाव कोरले.",
    "ब्लॉकबस्टरसारख्या व्हिडिओ डिस्क भाड्याने देणाऱ्या कंपन्या अस्तंगत पावत आहेत.",
    "ठेकेदाराने कर्मचार्‍यांच्या भविष्य निर्वाह निधीचे 1 कोटी 30 लाख रुपये महापालिकेकडून घेऊन अद्याप भरलेले नाहीत.",
    "चिरंजीव प्रसाद यांनी औरंगाबाद ग्रामीणचे पोलीस अधीक्षक म्हणून त्यांनी २००२ मध्ये काम केले आहे.",
    "तसेच नागपूर परिक्षेत्राचे विशेष पोलीस महानिरीक्षक, केंद्रीय पोलीस दलातही त्यांनी कामगिरी केली आहे.",
    "प्रसाद हे १९९६ च्या बॅचचे आयपीएस अधिकारी असून छत्तीसगडमध्ये राबविण्यात आलेल्या अॅॅन्टी नक्षल आॅपरेशनचे ते प्रमुख होते.",
    "हे ऑपरेशन 1 तास 15 मिनिट चालले.",
    "त्यातच निवडणुकांचा बिगुल वाजेल आणि आचारसंहितेचा बूच बसेल.",
    "‘नासा’चा अनेक दशके बेपत्ता उपग्रह सापडला"
  ],
  "mentions": [
    {
      "id": 0,
      "text": "परिस्थिती",
      "sentence": 0,
      "start": 31,
      "end": 38,
      "confidence": 1.0
    },
    {
      "id": 1,
      "text": "मुस्टला",
      "sentence": 1,
      "start": 59,
      "end": 65,
      "confidence": 1.0
    },
    {
      "id": 2,
      "text": "जंगल",
      "sentence": 1,
      "start": 83,
      "end": 86,
      "confidence": 1.0
    },
    {
      "id": 3,
      "text": "कार्यापासून",
      "sentence": 1,
      "start": 87,
      "end": 96,
      "confidence": 1.0
    },
    {
      "id": 4,
      "text": "व्हिएतनाम",
      "sentence": 2,
      "start": 101,
      "end": 109,
      "confidence": 1.0
    },
    {
      "id": 5,
      "text": "पर्यटक",
      "sentence": 2,
      "start": 116,
      "end": 120,
      "confidence": 1.0
    },
    {
      "id": 6,
      "text": "केटरिंग",
      "sentence": 2,
      "start": 121,
      "end": 127,
      "confidence": 1.0
    },
    {
      "id": 7,
      "text": "देशात",
      "sentence": 2,
      "start": 147,
      "end": 151,
      "confidence": 1.0
    },
    {
      "id": 8,
      "text": "नंदनवन",
      "sentence": 2,
      "start": 172,
      "end": 178,
      "confidence": 1.0
    },
    {
      "id": 9,
      "text": "मुद्दा",
      "sentence": 2,
      "start": 200,
      "end": 203,
      "confidence": 1.0
    },
    {
      "id": 10,
      "text": "प्रकाराकडे",
      "sentence": 3,
      "start": 217,
      "end": 224,
      "confidence": 1.0
    },
    {
      "id": 11,
      "text": "ग्रामपंचायतीचे",
      "sentence": 3,
      "start": 225,
      "end": 236,
      "confidence": 1.0
    },
    {
      "id": 12,
      "text": "दुर्लक्ष",
      "sentence": 3,
      "start": 247,
      "end": 252,
      "confidence": 1.0
    },
    {
      "id": 13,
      "text": "दौलताबाद",
      "sentence": 4,
      "start": 260,
      "end": 268,
      "confidence": 1.0
    },
    {
      "id": 14,
      "text": "चाळीसगाव",
      "sentence": 4,
      "start": 272,
      "end": 279,
      "confidence": 1.0
    },
    {
      "id": 15,
      "text": "मार्गाचे",
      "sentence": 4,
      "start": 280,
      "end": 286,
      "confidence": 1.0
    },
    {
      "id": 16,
      "text": "रेल्वेंना",
      "sentence": 4,
      "start": 308,
      "end": 314,
      "confidence": 1.0
    },
    {
      "id": 17,
      "text": "मनमाडकडे",
      "sentence": 4,
      "start": 316,
      "end": 323,
      "confidence": 1.0
    },
    {
      "id": 18,
      "text": "आपल्या",
      "sentence": 5,
      "start": 344,
      "end": 349,
      "confidence": 1.0
    },
    {
      "id": 19,
      "text": "तालावर",
      "sentence": 5,
      "start": 359,
      "end": 364,
      "confidence": 1.0
    },
    {
      "id": 20,
      "text": "कीर्तन",
      "sentence": 5,
      "start": 370,
      "end": 375,
      "confidence": 1.0
    },
    {
      "id": 21,
      "text": "ते",
      "sentence": 5,
      "start": 386,
      "end": 387,
      "confidence": 1.0
    },
    {
      "id": 22,
      "text": "तुकडोजी",
      "sentence": 5,
      "start": 392,
      "end": 398,
      "confidence": 1.0
    },
    {
      "id": 23,
      "text": "मुले",
      "sentence": 6,
      "start": 407,
      "end": 410,
      "confidence": 1.0
    },
    {
      "id": 24,
      "text": "वारंवारता",
      "sentence": 7,
      "start": 434,
      "end": 441,
      "confidence": 1.0
    },
    {
      "id": 25,
      "text": "कार्यक्षमता",
      "sentence": 7,
      "start": 442,
      "end": 449,
      "confidence": 1.0
    },
    {
      "id": 26,
      "text": "प्रकाश",
      "sentence": 7,
      "start": 469,
      "end": 473,
      "confidence": 1.0
    },
    {
      "id": 27,
      "text": "आपल्याला",
      "sentence": 8,
      "start": 492,
      "end": 498,
      "confidence": 1.0
    },
    {
      "id": 28,
      "text": "निकाल",
      "sentence": 8,
      "start": 505,
      "end": 509,
      "confidence": 1.0
    },
    {
      "id": 29,
      "text": "एक्सेल",
      "sentence": 8,
      "start": 535,
      "end": 540,
      "confidence": 1.0
    },
    {
      "id": 30,
      "text": "पीडीएफ",
      "sentence": 8,
      "start": 543,
      "end": 547,
      "confidence": 1.0
    },
    {
      "id": 31,
      "text": "फाईल्स",
      "sentence": 8,
      "start": 548,
      "end": 553,
      "confidence": 1.0
    },
    {
      "id": 32,
      "text": "तक्ते",
      "sentence": 8,
      "start": 555,
      "end": 558,
      "confidence": 1.0
    },
    {
      "id": 33,
      "text": "ठिकाणी",
      "sentence": 8,
      "start": 562,
      "end": 566,
      "confidence": 1.0
    },
    {
      "id": 34,
      "text": "शिर्षकावर",
      "sentence": 9,
      "start": 601,
      "end": 607,
      "confidence": 1.0
    },
    {
      "id": 35,
      "text": "काँग्रेस",
      "sentence": 10,
      "start": 614,
      "end": 619,
      "confidence": 1.0
    },
    {
      "id": 36,
      "text": "मुख्यमंत्री",
      "sentence": 10,
      "start": 652,
      "end": 658,
      "confidence": 1.0
    },
    {
      "id": 37,
      "text": "ममता",
      "sentence": 10,
      "start": 659,
      "end": 663,
      "confidence": 1.0
    },
    {
      "id": 38,
      "text": "ट्विटरवरून",
      "sentence": 10,
      "start": 670,
      "end": 678,
      "confidence": 1.0
    },
    {
      "id": 39,
      "text": "जयश्रीताई",
      "sentence": 11,
      "start": 698,
      "end": 705,
      "confidence": 1.0
    },
    {
      "id": 40,
      "text": "करुणा",
      "sentence": 11,
      "start": 706,
      "end": 710,
      "confidence": 1.0
    },
    {
      "id": 41,
      "text": "त्यांनी",
      "sentence": 12,
      "start": 736,
      "end": 740,
      "confidence": 1.0
    },
    {
      "id": 42,
      "text": "फेरीत",
      "sentence": 12,
      "start": 746,
      "end": 750,
      "confidence": 1.0
    },
    {
      "id": 43,
      "text": "क्रोएशियाचा",
      "sentence": 12,
      "start": 751,
      "end": 760,
      "confidence": 1.0
    },
    {
      "id": 44,
      "text": "इवान",
      "sentence": 12,
      "start": 761,
      "end": 764,
      "confidence": 1.0
    },
    {
      "id": 45,
      "text": "पराभव",
      "sentence": 12,
      "start": 812,
      "end": 816,
      "confidence": 1.0
    },
    {
      "id": 46,
      "text": "कंपन्या",
      "sentence": 13,
      "start": 879,
      "end": 883,
      "confidence": 1.0
    },
    {
      "id": 47,
      "text": "ठेकेदाराने",
      "sentence": 14,
      "start": 896,
      "end": 903,
      "confidence": 1.0
    },
    {
      "id": 48,
      "text": "कर्मचार्‍यांच्या",
      "sentence": 14,
      "start": 904,
      "end": 915,
      "confidence": 1.0
    },
    {
      "id": 49,
      "text": "भविष्य",
      "sentence": 14,
      "start": 916,
      "end": 921,
      "confidence": 1.0
    },
    {
      "id": 50,
      "text": "निर्वाह",
      "sentence": 14,
      "start": 922,
      "end": 927,
      "confidence": 1.0
    },
    {
      "id": 51,
      "text": "निधीचे",
      "sentence": 14,
      "start": 928,
      "end": 933,
      "confidence": 1.0
    },
    {
      "id": 52,
      "text": "कोटी",
      "sentence": 14,
      "start": 936,
      "end": 939,
      "confidence": 1.0
    },
    {
      "id": 53,
      "text": "रुपये",
      "sentence": 14,
      "start": 946,
      "end": 949,
      "confidence": 1.0
    },
    {
      "id": 54,
      "text": "महापालिकेकडून",
      "sentence": 14,
      "start": 950,
      "end": 960,
      "confidence": 1.0
    },
    {
      "id": 55,
      "text": "प्रसाद",
      "sentence": 15,
      "start": 970,
      "end": 974,
      "confidence": 1.0
    },
    {
      "id": 56,
      "text": "त्यांनी",
      "sentence": 15,
      "start": 977,
      "end": 981,
      "confidence": 1.0
    },
    {
      "id": 57,
      "text": "औरंगाबाद",
      "sentence": 15,
      "start": 983,
      "end": 990,
      "confidence": 1.0
    },
    {
      "id": 58,
      "text": "ग्रामीणचे",
      "sentence": 15,
      "start": 991,
      "end": 997,
      "confidence": 1.0
    },
    {
      "id": 59,
      "text": "पोलीस",
      "sentence": 15,
      "start": 998,
      "end": 1002,
      "confidence": 1.0
    },
    {
      "id": 60,
      "text": "अधीक्षक",
      "sentence": 15,
      "start": 1003,
      "end": 1008,
      "confidence": 1.0
    },
    {
      "id": 61,
      "text": "त्यांनी",
      "sentence": 15,
      "start": 1016,
      "end": 1020,
      "confidence": 1.0
    },
    {
      "id": 62,
      "text": "परिक्षेत्राचे",
      "sentence": 16,
      "start": 1043,
      "end": 1052,
      "confidence": 1.0
    },
    {
      "id": 63,
      "text": "पोलीस",
      "sentence": 16,
      "start": 1058,
      "end": 1062,
      "confidence": 1.0
    },
    {
      "id": 64,
      "text": "महानिरीक्षक",
      "sentence": 16,
      "start": 1063,
      "end": 1070,
      "confidence": 1.0
    },
    {
      "id": 65,
      "text": "पोलीस",
      "sentence": 16,
      "start": 1079,
      "end": 1083,
      "confidence": 1.0
    },
    {
      "id": 66,
      "text": "दलातही",
      "sentence": 16,
      "start": 1084,
      "end": 1090,
      "confidence": 1.0
    },
    {
      "id": 67,
      "text": "त्यांनी",
      "sentence": 16,
      "start": 1091,
      "end": 1095,
      "confidence": 1.0
    },
    {
      "id": 68,
      "text": "कामगिरी",
      "sentence": 16,
      "start": 1096,
      "end": 1101,
      "confidence": 1.0
    },
    {
      "id": 69,
      "text": "प्रसाद",
      "sentence": 17,
      "start": 1111,
      "end": 1115,
      "confidence": 1.0
    },
    {
      "id": 70,
      "text": "बॅचचे",
      "sentence": 17,
      "start": 1128,
      "end": 1133,
      "confidence": 1.0
    },
    {
      "id": 71,
      "text": "आयपीएस",
      "sentence": 17,
      "start": 1136,
      "end": 1141,
      "confidence": 1.0
    },
    {
      "id": 72,
      "text": "अधिकारी",
      "sentence": 17,
      "start": 1142,
      "end": 1147,
      "confidence": 1.0
    },
    {
      "id": 73,
      "text": "छत्तीसगडमध्ये",
      "sentence": 17,
      "start": 1151,
      "end": 1162,
      "confidence": 1.0
    },
    {
      "id": 74,
      "text": "नक्षल",
      "sentence": 17,
      "start": 1173,
      "end": 1177,
      "confidence": 1.0
    },
    {
      "id": 75,
      "text": "ते",
      "sentence": 17,
      "start": 1188,
      "end": 1189,
      "confidence": 1.0
    },
    {
      "id": 76,
      "text": "मिनिट",
      "sentence": 18,
      "start": 1217,
      "end": 1220,
      "confidence": 1.0
    },
    {
      "id": 77,
      "text": "त्यातच",
      "sentence": 19,
      "start": 1229,
      "end": 1233,
      "confidence": 1.0
    },
    {
      "id": 78,
      "text": "बिगुल",
      "sentence": 19,
      "start": 1243,
      "end": 1246,
      "confidence": 1.0
    },
    {
      "id": 79,
      "text": "नासा’चा",
      "sentence": 20,
      "start": 1279,
      "end": 1285,
      "confidence": 1.0
    },
    {
      "id": 80,
      "text": "उपग्रह",
      "sentence": 20,
      "start": 1302,
      "end": 1306,
      "confidence": 1.0
    }
  ],
  "clusters": [
    [
      78,
      79
    ],
    [
      25,
      26,
      27
    ],
    [
      5,
      8
    ]
  ]
}