{
  "document_id": "document_458",
  "sentences": [
    "अजित पवारांच्या दोन आमदारांनी भाजप आमदारांच्या मदतीने केडगावात केला ‘हल्लाबोल’",
    "काय जेवान करंना झाल्यात काय रं गावातली मानसं आता?",
    "‘‘मी ४८ किलो."
  ],
  "mentions": [
    {
      "id": 0,
      "text": "अजित",
      "sentence": 0,
      "start": 0,
      "end": 3,
      "confidence": 1.0
    },
    {
      "id": 1,
      "text": "आमदारांनी",
      "sentence": 0,
      "start": 20,
      "end": 27,
      "confidence": 1.0
    },
    {
      "id": 2,
      "text": "भाजप",
      "sentence": 0,
      "start": 29,
      "end": 32,
      "confidence": 1.0
    },
    {
      "id": 3,
      "text": "केडगावात",
      "sentence": 0,
      "start": 51,
      "end": 57,
      "confidence": 1.0
    },
    {
      "id": 4,
      "text": "हल्लाबोल",
      "sentence": 0,
      "start": 65,
      "end": 71,
      "confidence": 1.0
    },
    {
      "id": 5,
      "text": "मानसं",
      "sentence": 1,
      "start": 116,
      "end": 120,
      "confidence": 1.0
    },
    {
      "id": 6,
      "text": "मी",
      "sentence": 2,
      "start": 122,
      "end": 123,
      "confidence": 1.0
    },
    {
      "id": 7,
      "text": "किलो",
      "sentence": 2,
      "start": 128,
      "end": 131,
      "confidence": 1.0
    }
  ],
  "clusters": [
    [
      0,
      1
    ]
  ]
}