{
  "document_id": "document_6",
  "sentences": [
    "हर्ष गणेश आल्हाट (11) असे मृत मुलाचे नाव आहे.",
    "हर्ष विठ्ठलवाडी पोलीस ठाण्याच्या हद्दीतील माणेरा गावात पालकांसोबत राहत होता.",
    "त्याचे आई- वडील हे येथील जय जनता कॉलनी भागात जीन्सच्या कारखान्यात काम करतात.",
    "सोमवारी सायंकाळी गणेश, त्याची पत्नी कामावरून घरी गेल्यावर त्यांना हर्ष दिसला नाही.",
    "त्यामुळे त्यांनी हर्षचा सर्वत्र शोध घेतला.",
    "पण, हर्षचा कोणताही ठावठिकाणा लागत नसल्याने त्यांनी जय जनता कॉलनी गाठली.",
    "येथे अनेकदा हर्ष खेळायला येत असे.",
    "येथील झाकीर हुसेन अन्सारी यांच्या खोलीत भाड्याने राहणार्‍या कामगारांच्या घरात हर्ष खेळायला जात असे.",
    "त्यामुळे गणेश आणि त्याच्या पत्नीने जय जनता कॉलनी गाठली.",
    "पण, येथे त्यांना हर्षचा मृतदेह रक्ताच्या थारोळ्यात दिसला.",
    "भाजी कापण्याच्या सुरीने त्याचा गळा चिरण्यात आला होता.",
    "पुणे बीपीओ बलात्कार व हत्या प्रकरण : नराधमांची फाशी रद्द, मरेपर्यंत जन्मठेप",
    "यामध्ये करणवीर बोहरा, दीपिका कक्कर, श्रीशांत या सेलिब्रेटींचा समावेश आहे.",
    "यामुळे पक्षामध्ये होणाऱया बंडखोरीला आळा बसणार आहे, असे ."
  ],
  "mentions": [
    {
      "id": 0,
      "text": "हर्ष",
      "sentence": 0,
      "start": 0,
      "end": 3,
      "confidence": 1.0
    },
    {
      "id": 1,
      "text": "गणेश",
      "sentence": 0,
      "start": 5,
      "end": 9,
      "confidence": 1.0
    },
    {
      "id": 2,
      "text": "आल्हाट",
      "sentence": 0,
      "start": 10,
      "end": 15,
      "confidence": 1.0
    },
    {
      "id": 3,
      "text": "मुलाचे",
      "sentence": 0,
      "start": 25,
      "end": 30,
      "confidence": 1.0
    },
    {
      "id": 4,
      "text": "हर्ष",
      "sentence": 1,
      "start": 38,
      "end": 41,
      "confidence": 1.0
    },
    {
      "id": 5,
      "text": "विठ्ठलवाडी",
      "sentence": 1,
      "start": 43,
      "end": 52,
      "confidence": 1.0
    },
    {
      "id": 6,
      "text": "पोलीस",
      "sentence": 1,
      "start": 54,
      "end": 58,
      "confidence": 1.0
    },
    {
      "id": 7,
      "text": "ठाण्याच्या",
      "sentence": 1,
      "start": 60,
      "end": 67,
      "confidence": 1.0
    },
    {
      "id": 8,
      "text": "माणेरा",
      "sentence": 1,
      "start": 77,
      "end": 82,
      "confidence": 1.0
    },
    {
      "id": 9,
      "text": "गावात",
      "sentence": 1,
      "start": 84,
      "end": 88,
      "confidence": 1.0
    },
    {
      "id": 10,
      "text": "पालकांसोबत",
      "sentence": 1,
      "start": 90,
      "end": 99,
      "confidence": 1.0
    },
    {
      "id": 11,
      "text": "त्याचे",
      "sentence": 2,
      "start": 105,
      "end": 109,
      "confidence": 1.0
    },
    {
      "id": 12,
      "text": "वडील",
      "sentence": 2,
      "start": 114,
      "end": 118,
      "confidence": 1.0
    },
    {
      "id": 13,
      "text": "जनता",
      "sentence": 2,
      "start": 127,
      "end": 131,
      "confidence": 1.0
    },
    {
      "id": 14,
      "text": "भागात",
      "sentence": 2,
      "start": 137,
      "end": 141,
      "confidence": 1.0
    },
    {
      "id": 15,
      "text": "कारखान्यात",
      "sentence": 2,
      "start": 150,
      "end": 158,
      "confidence": 1.0
    },
    {
      "id": 16,
      "text": "गणेश",
      "sentence": 3,
      "start": 183,
      "end": 187,
      "confidence": 1.0
    },
    {
      "id": 17,
      "text": "त्याची",
      "sentence": 3,
      "start": 190,
      "end": 194,
      "confidence": 1.0
    },
    {
      "id": 18,
      "text": "पत्नी",
      "sentence": 3,
      "start": 195,
      "end": 198,
      "confidence": 1.0
    },
    {
      "id": 19,
      "text": "त्यांना",
      "sentence": 3,
      "start": 215,
      "end": 220,
      "confidence": 1.0
    },
    {
      "id": 20,
      "text": "हर्ष",
      "sentence": 3,
      "start": 221,
      "end": 224,
      "confidence": 1.0
    },
    {
      "id": 21,
      "text": "त्यांनी",
      "sentence": 4,
      "start": 232,
      "end": 237,
      "confidence": 1.0
    },
    {
      "id": 22,
      "text": "ठावठिकाणा",
      "sentence": 5,
      "start": 271,
      "end": 279,
      "confidence": 1.0
    },
    {
      "id": 23,
      "text": "त्यांनी",
      "sentence": 5,
      "start": 290,
      "end": 295,
      "confidence": 1.0
    },
    {
      "id": 24,
      "text": "जनता",
      "sentence": 5,
      "start": 299,
      "end": 303,
      "confidence": 1.0
    },
    {
      "id": 25,
      "text": "हर्ष",
      "sentence": 6,
      "start": 322,
      "end": 325,
      "confidence": 1.0
    },
    {
      "id": 26,
      "text": "झाकीर",
      "sentence": 7,
      "start": 334,
      "end": 339,
      "confidence": 1.0
    },
    {
      "id": 27,
      "text": "हुसेन",
      "sentence": 7,
      "start": 340,
      "end": 344,
      "confidence": 1.0
    },
    {
      "id": 28,
      "text": "अन्सारी",
      "sentence": 7,
      "start": 345,
      "end": 351,
      "confidence": 1.0
    },
    {
      "id": 29,
      "text": "खोलीत",
      "sentence": 7,
      "start": 359,
      "end": 363,
      "confidence": 1.0
    },
    {
      "id": 30,
      "text": "घरात",
      "sentence": 7,
      "start": 387,
      "end": 391,
      "confidence": 1.0
    },
    {
      "id": 31,
      "text": "हर्ष",
      "sentence": 7,
      "start": 392,
      "end": 395,
      "confidence": 1.0
    },
    {
      "id": 32,
      "text": "गणेश",
      "sentence": 8,
      "start": 406,
      "end": 410,
      "confidence": 1.0
    },
    {
      "id": 33,
      "text": "त्याच्या",
      "sentence": 8,
      "start": 413,
      "end": 418,
      "confidence": 1.0
    },
    {
      "id": 34,
      "text": "पत्नीने",
      "sentence": 8,
      "start": 419,
      "end": 424,
      "confidence": 1.0
    },
    {
      "id": 35,
      "text": "जनता",
      "sentence": 8,
      "start": 428,
      "end": 432,
      "confidence": 1.0
    },
    {
      "id": 36,
      "text": "त्यांना",
      "sentence": 9,
      "start": 445,
      "end": 450,
      "confidence": 1.0
    },
    {
      "id": 37,
      "text": "मृतदेह",
      "sentence": 9,
      "start": 457,
      "end": 462,
      "confidence": 1.0
    },
    {
      "id": 38,
      "text": "रक्ताच्या",
      "sentence": 9,
      "start": 463,
      "end": 470,
      "confidence": 1.0
    },
    {
      "id": 39,
      "text": "थारोळ्यात",
      "sentence": 9,
      "start": 472,
      "end": 479,
      "confidence": 1.0
    },
    {
      "id": 40,
      "text": "भाजी",
      "sentence": 10,
      "start": 487,
      "end": 490,
      "confidence": 1.0
    },
    {
      "id": 41,
      "text": "सुरीने",
      "sentence": 10,
      "start": 498,
      "end": 502,
      "confidence": 1.0
    },
    {
      "id": 42,
      "text": "त्याचा",
      "sentence": 10,
      "start": 504,
      "end": 509,
      "confidence": 1.0
    },
    {
      "id": 43,
      "text": "बीपीओ",
      "sentence": 11,
      "start": 532,
      "end": 536,
      "confidence": 1.0
    },
    {
      "id": 44,
      "text": "बलात्कार",
      "sentence": 11,
      "start": 538,
      "end": 544,
      "confidence": 1.0
    },
    {
      "id": 45,
      "text": "हत्या",
      "sentence": 11,
      "start": 548,
      "end": 551,
      "confidence": 1.0
    },
    {
      "id": 46,
      "text": "प्रकरण",
      "sentence": 11,
      "start": 553,
      "end": 558,
      "confidence": 1.0
    },
    {
      "id": 47,
      "text": "नराधमांची",
      "sentence": 11,
      "start": 561,
      "end": 568,
      "confidence": 1.0
    },
    {
      "id": 48,
      "text": "फाशी",
      "sentence": 11,
      "start": 570,
      "end": 573,
      "confidence": 1.0
    },
    {
      "id": 49,
      "text": "जन्मठेप",
      "sentence": 11,
      "start": 583,
      "end": 588,
      "confidence": 1.0
    },
    {
      "id": 50,
      "text": "बोहरा",
      "sentence": 12,
      "start": 605,
      "end": 609,
      "confidence": 1.0
    },
    {
      "id": 51,
      "text": "दीपिका",
      "sentence": 12,
      "start": 612,
      "end": 617,
      "confidence": 1.0
    },
    {
      "id": 52,
      "text": "कक्कर",
      "sentence": 12,
      "start": 619,
      "end": 623,
      "confidence": 1.0
    },
    {
      "id": 53,
      "text": "श्रीशांत",
      "sentence": 12,
      "start": 626,
      "end": 632,
      "confidence": 1.0
    },
    {
      "id": 54,
      "text": "पक्षामध्ये",
      "sentence": 13,
      "start": 660,
      "end": 667,
      "confidence": 1.0
    },
    {
      "id": 55,
      "text": "बंडखोरीला",
      "sentence": 13,
      "start": 676,
      "end": 683,
      "confidence": 1.0
    }
  ],
  "clusters": [
    [
      0,
      3,
      5,
      13,
      29,
      31,
      33,
      39,
      46,
      54
    ],
    [
      1,
      23,
      47
    ],
    [
      12,
      14
    ],
    [
      15,
      16,
      17,
      18,
      36,
      37,
      38,
      50,
      51,
      52
    ],
    [
      10,
      11
    ],
    [
      25,
      49
    ],
    [
      28,
      30,
      35,
      53
    ],
    [
      40,
      41,
      42
    ]
  ]
}