{
  "document_id": "document_39",
  "sentences": [
    "हे सगळे गरीब मध्यमवर्गीय लोक आहेत.",
    "त्यामुळे मायावतींनी पाठिंबा काढू असे धमकावल्यानंतर मुख्यमंत्री कमलनाथ यांनी राजकीय द्वेषातून भरण्यात आलेले खटले मागे घेण्यात येणार असल्याचे जाहीर केले.",
    "वेंगुर्ले : पावसाळ्य़ात जमीनदोस्त झालेले भुजनाकवाडी येथील गरीब महिलेचे घर दानशूर व्यक्तींच्या मदतीतून बांधल्यानंतर घराचा ताबा देताना नगराध्यक्ष दिलीप गिरप व अन्य.",
    "सध्या फ्लिपकार्ट आघाडीवर असली तरी भविष्यातील आव्हाने लक्षात घेत कंपनीने मिंट्राचे अधिग्रहण केले असून यामुळे तयार आणि फॅशनेबल कपडयांच्या विभागात फ्लिपकार्टला मुसंडी मारता येईल.",
    "मृत्यूच्या दिशेने सुरु असलेला त्याचा हा प्रवास त्याला जाणवला होता.",
    "बिल्डरने सोसायटी हॅंडओव्हर केलेली नसल्याने संरक्षण भिंतीच्या दुरूस्तीची जबाबदारी ही बिल्डरची आहे.",
    "आमच्या वर्गाला क्रिकेटचं भारी वेड!",
    "दुसर्‍या दिवशी पहाटे लवकर उठून जागेश्वरला जायला निघालो.",
    "कोरडा नदी पात्र क्षेत्रात गेल्या दोन ते तीन वर्षांपासून दमदार पाऊस झाला नाही.",
    "ऐतिहासिक आंदोलनात तंबाखू कामगारांचा प्रश्नही मांडण्यात आला.",
    "(शके १७१५ ज्येष्ट शुद्ध २ सोमवार.",
    "नवी दिल्ली मंगळवारी यजमान इंग्लंडकडून 150 धावांनी लाजिरवाणा पराभव स्वीकारावा लागल्यानंतर अफगाणिस्तानच्या संघात उभी फूट पडली आहे.",
    "( गॉगचं माझं आवडतं चित्र: विकिपीडियावरून साभार )",
    "तिचा जीव असल्या मुलांसाठी कळवळायचा.",
    "\"नवीन पोलिश स्कूल '",
    "दिशाने तिचा तारक मेहता का उल्टा चष्मा या मालिकेतील ब्रेकच्या आधीचा शेवटचा भाग नुकताच चित्रीत केला.",
    "आजच्या सत्कारमूर्तींचे कार्य निकोप समाज निर्मिती करत असून या कार्यातूनच मानवतेची जपणूक होत आहे.",
    "त्याचा अर्थ झाडाला आकार देणे किंवा झाडाची गुणवत्ता वाढवणे असा आहे.",
    "कोल्हापूर जि."
  ],
  "mentions": [
    {
      "id": 0,
      "text": "मायावतींनी",
      "sentence": 1,
      "start": 7,
      "end": 16,
      "confidence": 1.0
    },
    {
      "id": 1,
      "text": "मुख्यमंत्री",
      "sentence": 1,
      "start": 40,
      "end": 48,
      "confidence": 1.0
    },
    {
      "id": 2,
      "text": "कमलनाथ",
      "sentence": 1,
      "start": 49,
      "end": 56,
      "confidence": 1.0
    },
    {
      "id": 3,
      "text": "त्यांनी",
      "sentence": 1,
      "start": 57,
      "end": 61,
      "confidence": 1.0
    },
    {
      "id": 4,
      "text": "खटले",
      "sentence": 1,
      "start": 92,
      "end": 96,
      "confidence": 1.0
    },
    {
      "id": 5,
      "text": "भुजनाकवाडी",
      "sentence": 2,
      "start": 30,
      "end": 40,
      "confidence": 1.0
    },
    {
      "id": 6,
      "text": "महिलेचे",
      "sentence": 2,
      "start": 51,
      "end": 57,
      "confidence": 1.0
    },
    {
      "id": 7,
      "text": "घराचा",
      "sentence": 2,
      "start": 94,
      "end": 99,
      "confidence": 1.0
    },
    {
      "id": 8,
      "text": "नगराध्यक्ष",
      "sentence": 2,
      "start": 108,
      "end": 116,
      "confidence": 1.0
    },
    {
      "id": 9,
      "text": "गिरप",
      "sentence": 2,
      "start": 122,
      "end": 126,
      "confidence": 1.0
    },
    {
      "id": 10,
      "text": "फ्लिपकार्ट",
      "sentence": 3,
      "start": 6,
      "end": 15,
      "confidence": 1.0
    },
    {
      "id": 11,
      "text": "कंपनीने",
      "sentence": 3,
      "start": 49,
      "end": 55,
      "confidence": 1.0
    },
    {
      "id": 12,
      "text": "मिंट्राचे",
      "sentence": 3,
      "start": 56,
      "end": 63,
      "confidence": 1.0
    },
    {
      "id": 13,
      "text": "फ्लिपकार्टला",
      "sentence": 3,
      "start": 119,
      "end": 129,
      "confidence": 1.0
    },
    {
      "id": 14,
      "text": "त्याचा",
      "sentence": 4,
      "start": 23,
      "end": 28,
      "confidence": 1.0
    },
    {
      "id": 15,
      "text": "प्रवास",
      "sentence": 4,
      "start": 33,
      "end": 38,
      "confidence": 1.0
    },
    {
      "id": 16,
      "text": "त्याला",
      "sentence": 4,
      "start": 41,
      "end": 45,
      "confidence": 1.0
    },
    {
      "id": 17,
      "text": "बिल्डरने",
      "sentence": 5,
      "start": 0,
      "end": 8,
      "confidence": 1.0
    },
    {
      "id": 18,
      "text": "सोसायटी",
      "sentence": 5,
      "start": 9,
      "end": 15,
      "confidence": 1.0
    },
    {
      "id": 19,
      "text": "जबाबदारी",
      "sentence": 5,
      "start": 59,
      "end": 66,
      "confidence": 1.0
    },
    {
      "id": 20,
      "text": "बिल्डरची",
      "sentence": 5,
      "start": 71,
      "end": 78,
      "confidence": 1.0
    },
    {
      "id": 21,
      "text": "वर्गाला",
      "sentence": 6,
      "start": 7,
      "end": 12,
      "confidence": 1.0
    },
    {
      "id": 22,
      "text": "पात्र",
      "sentence": 8,
      "start": 10,
      "end": 13,
      "confidence": 1.0
    },
    {
      "id": 23,
      "text": "क्षेत्रात",
      "sentence": 8,
      "start": 14,
      "end": 20,
      "confidence": 1.0
    },
    {
      "id": 24,
      "text": "वर्षांपासून",
      "sentence": 8,
      "start": 36,
      "end": 44,
      "confidence": 1.0
    },
    {
      "id": 25,
      "text": "पाऊस",
      "sentence": 8,
      "start": 51,
      "end": 55,
      "confidence": 1.0
    },
    {
      "id": 26,
      "text": "आंदोलनात",
      "sentence": 9,
      "start": 9,
      "end": 16,
      "confidence": 1.0
    },
    {
      "id": 27,
      "text": "तंबाखू",
      "sentence": 9,
      "start": 17,
      "end": 22,
      "confidence": 1.0
    },
    {
      "id": 28,
      "text": "कामगारांचा",
      "sentence": 9,
      "start": 23,
      "end": 31,
      "confidence": 1.0
    },
    {
      "id": 29,
      "text": "प्रश्नही",
      "sentence": 9,
      "start": 32,
      "end": 37,
      "confidence": 1.0
    },
    {
      "id": 30,
      "text": "सोमवार",
      "sentence": 10,
      "start": 18,
      "end": 23,
      "confidence": 1.0
    },
    {
      "id": 31,
      "text": "दिल्ली",
      "sentence": 11,
      "start": 3,
      "end": 8,
      "confidence": 1.0
    },
    {
      "id": 32,
      "text": "इंग्लंडकडून",
      "sentence": 11,
      "start": 19,
      "end": 28,
      "confidence": 1.0
    },
    {
      "id": 33,
      "text": "धावांनी",
      "sentence": 11,
      "start": 33,
      "end": 38,
      "confidence": 1.0
    },
    {
      "id": 34,
      "text": "पराभव",
      "sentence": 11,
      "start": 47,
      "end": 51,
      "confidence": 1.0
    },
    {
      "id": 35,
      "text": "संघात",
      "sentence": 11,
      "start": 78,
      "end": 82,
      "confidence": 1.0
    },
    {
      "id": 36,
      "text": "चित्र",
      "sentence": 12,
      "start": 17,
      "end": 20,
      "confidence": 1.0
    },
    {
      "id": 37,
      "text": "विकिपीडियावरून",
      "sentence": 12,
      "start": 22,
      "end": 33,
      "confidence": 1.0
    },
    {
      "id": 38,
      "text": "मुलांसाठी",
      "sentence": 13,
      "start": 16,
      "end": 23,
      "confidence": 1.0
    },
    {
      "id": 39,
      "text": "स्कूल",
      "sentence": 14,
      "start": 12,
      "end": 16,
      "confidence": 1.0
    },
    {
      "id": 40,
      "text": "दिशाने",
      "sentence": 15,
      "start": 0,
      "end": 5,
      "confidence": 1.0
    },
    {
      "id": 41,
      "text": "तारक",
      "sentence": 15,
      "start": 11,
      "end": 15,
      "confidence": 1.0
    },
    {
      "id": 42,
      "text": "मेहता",
      "sentence": 15,
      "start": 16,
      "end": 20,
      "confidence": 1.0
    },
    {
      "id": 43,
      "text": "चष्मा",
      "sentence": 15,
      "start": 31,
      "end": 35,
      "confidence": 1.0
    },
    {
      "id": 44,
      "text": "सत्कारमूर्तींचे",
      "sentence": 16,
      "start": 7,
      "end": 19,
      "confidence": 1.0
    },
    {
      "id": 45,
      "text": "कार्य",
      "sentence": 16,
      "start": 20,
      "end": 23,
      "confidence": 1.0
    },
    {
      "id": 46,
      "text": "समाज",
      "sentence": 16,
      "start": 29,
      "end": 32,
      "confidence": 1.0
    },
    {
      "id": 47,
      "text": "कार्यातूनच",
      "sentence": 16,
      "start": 52,
      "end": 60,
      "confidence": 1.0
    },
    {
      "id": 48,
      "text": "मानवतेची",
      "sentence": 16,
      "start": 61,
      "end": 68,
      "confidence": 1.0
    },
    {
      "id": 49,
      "text": "जपणूक",
      "sentence": 16,
      "start": 69,
      "end": 74,
      "confidence": 1.0
    },
    {
      "id": 50,
      "text": "त्याचा",
      "sentence": 17,
      "start": 0,
      "end": 4,
      "confidence": 1.0
    },
    {
      "id": 51,
      "text": "अर्थ",
      "sentence": 17,
      "start": 5,
      "end": 8,
      "confidence": 1.0
    },
    {
      "id": 52,
      "text": "झाडाला",
      "sentence": 17,
      "start": 13,
      "end": 18,
      "confidence": 1.0
    },
    {
      "id": 53,
      "text": "झाडाची",
      "sentence": 17,
      "start": 34,
      "end": 39,
      "confidence": 1.0
    },
    {
      "id": 54,
      "text": "गुणवत्ता",
      "sentence": 17,
      "start": 40,
      "end": 45,
      "confidence": 1.0
    },
    {
      "id": 55,
      "text": "कोल्हापूर",
      "sentence": 18,
      "start": 0,
      "end": 8,
      "confidence": 1.0
    }
  ],
  "clusters": [
    [
      0,
      1
    ],
    [
      3,
      4,
      5
    ],
    [
      10,
      11
    ],
    [
      12,
      13,
      14
    ],
    [
      15,
      16,
      18
    ],
    [
      20,
      22
    ],
    [
      23,
      27
    ]
  ]
}