{
  "document_id": "document_41",
  "sentences": [
    "मे 26, 2018",
    "दिल्लीत आमचे अनेक कार्यकर्ते आहेत.",
    "तो पुलवामा येथील मालंगपोराचा रहिवासी असून तो जखमी दहशतवाद्यांवर उपचारदेखील करतो.",
    "त्यांच्याकडील पर्समधील पैसे व दागिने लूटन पळ काढत असे.",
    "पिंपरी - तरुणीच्या अंगावर ऍसिड टाकून तिला मारण्याची धमकी दिली.",
    "दोन्ही हातात पट ओळ bandanas समीप समाप्त घ्या आणि हलक्या कपाळावर दुमडलेला धार ठेवा.",
    "नेत्रावती नदीत आढळला मृतदेह : चेतनहळ्ळी येथे अंत्यसंस्कार प्रतिनिधी/ बेंगळूर देशभरात कॅफे कॉफी डेच्या शाखा सुरू केल्याने ‘कॉफी किंग’ म्हणून प्रसिद्धीच्या झोतात आलेल्या व्ही."
  ],
  "mentions": [
    {
      "id": 0,
      "text": "आमचे",
      "sentence": 1,
      "start": 19,
      "end": 24,
      "confidence": 1.0
    },
    {
      "id": 1,
      "text": "कार्यकर्ते",
      "sentence": 1,
      "start": 29,
      "end": 36,
      "confidence": 1.0
    },
    {
      "id": 2,
      "text": "तो",
      "sentence": 2,
      "start": 46,
      "end": 48,
      "confidence": 1.0
    },
    {
      "id": 3,
      "text": "पुलवामा",
      "sentence": 2,
      "start": 49,
      "end": 55,
      "confidence": 1.0
    },
    {
      "id": 4,
      "text": "मालंगपोराचा",
      "sentence": 2,
      "start": 62,
      "end": 73,
      "confidence": 1.0
    },
    {
      "id": 5,
      "text": "रहिवासी",
      "sentence": 2,
      "start": 69,
      "end": 75,
      "confidence": 1.0
    },
    {
      "id": 6,
      "text": "तो",
      "sentence": 2,
      "start": 77,
      "end": 79,
      "confidence": 1.0
    },
    {
      "id": 7,
      "text": "दहशतवाद्यांवर",
      "sentence": 2,
      "start": 82,
      "end": 94,
      "confidence": 1.0
    },
    {
      "id": 8,
      "text": "पैसे",
      "sentence": 3,
      "start": 134,
      "end": 138,
      "confidence": 1.0
    },
    {
      "id": 9,
      "text": "दागिने",
      "sentence": 3,
      "start": 141,
      "end": 146,
      "confidence": 1.0
    },
    {
      "id": 10,
      "text": "अंगावर",
      "sentence": 4,
      "start": 186,
      "end": 191,
      "confidence": 1.0
    },
    {
      "id": 11,
      "text": "ऍसिड",
      "sentence": 4,
      "start": 192,
      "end": 196,
      "confidence": 1.0
    },
    {
      "id": 12,
      "text": "तिला",
      "sentence": 4,
      "start": 200,
      "end": 203,
      "confidence": 1.0
    },
    {
      "id": 13,
      "text": "धमकी",
      "sentence": 4,
      "start": 209,
      "end": 213,
      "confidence": 1.0
    },
    {
      "id": 14,
      "text": "bandanas",
      "sentence": 5,
      "start": 251,
      "end": 259,
      "confidence": 1.0
    },
    {
      "id": 15,
      "text": "कपाळावर",
      "sentence": 5,
      "start": 272,
      "end": 279,
      "confidence": 1.0
    },
    {
      "id": 16,
      "text": "नेत्रावती",
      "sentence": 6,
      "start": 311,
      "end": 318,
      "confidence": 1.0
    },
    {
      "id": 17,
      "text": "नदीत",
      "sentence": 6,
      "start": 319,
      "end": 323,
      "confidence": 1.0
    },
    {
      "id": 18,
      "text": "मृतदेह",
      "sentence": 6,
      "start": 328,
      "end": 333,
      "confidence": 1.0
    },
    {
      "id": 19,
      "text": "अंत्यसंस्कार",
      "sentence": 6,
      "start": 348,
      "end": 356,
      "confidence": 1.0
    },
    {
      "id": 20,
      "text": "बेंगळूर",
      "sentence": 6,
      "start": 365,
      "end": 371,
      "confidence": 1.0
    },
    {
      "id": 21,
      "text": "देशभरात",
      "sentence": 6,
      "start": 372,
      "end": 379,
      "confidence": 1.0
    },
    {
      "id": 22,
      "text": "कॅफे",
      "sentence": 6,
      "start": 380,
      "end": 384,
      "confidence": 1.0
    },
    {
      "id": 23,
      "text": "कॉफी",
      "sentence": 6,
      "start": 385,
      "end": 389,
      "confidence": 1.0
    }
  ],
  "clusters": [
    [
      3,
      6,
      7
    ],
    [
      14,
      17
    ]
  ]
}