{
  "document_id": "document_144",
  "sentences": [
    "या प्रकरणात, शीर्षक स्पर्धा तुलनेत, सर्वात शक्तिशाली हार्डवेअर, अधिक आशावादी सॉफ्टवेअर भाग आणि, अर्थातच, उच्च दर्जाचे स्क्रीन असेल की, मॉडेल मिळणे आवश्यक आहे.",
    "मुख्यमंत्री देवेंद्र फडणवीस यांच्या महाजनादेश यात्रेसाठी बुधवारी भाजपचे कार्यकारी अध्यक्ष जेपी नड्डा, तर महाजनादेश यात्रेच्या दुसऱ्या टप्प्याचा समारोप १ सप्टेंबर रोजी सोलापुरात केंद्रीय गृहमंत्री आणि राष्ट्रीय अध्यक्ष अमित शाह यांच्या उपस्थितीत होईल.",
    "यावेळी इतर जनावरे घाबरून सैरावैरा घराच्या दिशेने पळत आली.",
    "महापालिकेची निवडणूक आगामी एप्रिल महिन्यात होणार."
  ],
  "mentions": [
    {
      "id": 0,
      "text": "शीर्षक",
      "sentence": 0,
      "start": 13,
      "end": 19,
      "confidence": 1.0
    },
    {
      "id": 1,
      "text": "स्पर्धा",
      "sentence": 0,
      "start": 20,
      "end": 25,
      "confidence": 1.0
    },
    {
      "id": 2,
      "text": "हार्डवेअर",
      "sentence": 0,
      "start": 45,
      "end": 53,
      "confidence": 1.0
    },
    {
      "id": 3,
      "text": "सॉफ्टवेअर",
      "sentence": 0,
      "start": 68,
      "end": 76,
      "confidence": 1.0
    },
    {
      "id": 4,
      "text": "स्क्रीन",
      "sentence": 0,
      "start": 98,
      "end": 103,
      "confidence": 1.0
    },
    {
      "id": 5,
      "text": "मॉडेल",
      "sentence": 0,
      "start": 112,
      "end": 117,
      "confidence": 1.0
    },
    {
      "id": 6,
      "text": "मुख्यमंत्री",
      "sentence": 1,
      "start": 127,
      "end": 135,
      "confidence": 1.0
    },
    {
      "id": 7,
      "text": "फडणवीस",
      "sentence": 1,
      "start": 142,
      "end": 149,
      "confidence": 1.0
    },
    {
      "id": 8,
      "text": "महाजनादेश",
      "sentence": 1,
      "start": 155,
      "end": 164,
      "confidence": 1.0
    },
    {
      "id": 9,
      "text": "यात्रेसाठी",
      "sentence": 1,
      "start": 165,
      "end": 173,
      "confidence": 1.0
    },
    {
      "id": 10,
      "text": "भाजपचे",
      "sentence": 1,
      "start": 181,
      "end": 187,
      "confidence": 1.0
    },
    {
      "id": 11,
      "text": "नड्डा",
      "sentence": 1,
      "start": 203,
      "end": 207,
      "confidence": 1.0
    },
    {
      "id": 12,
      "text": "महाजनादेश",
      "sentence": 1,
      "start": 212,
      "end": 221,
      "confidence": 1.0
    },
    {
      "id": 13,
      "text": "समारोप",
      "sentence": 1,
      "start": 243,
      "end": 249,
      "confidence": 1.0
    },
    {
      "id": 14,
      "text": "सप्टेंबर",
      "sentence": 1,
      "start": 254,
      "end": 261,
      "confidence": 1.0
    },
    {
      "id": 15,
      "text": "गृहमंत्री",
      "sentence": 1,
      "start": 283,
      "end": 290,
      "confidence": 1.0
    },
    {
      "id": 16,
      "text": "जनावरे",
      "sentence": 2,
      "start": 336,
      "end": 342,
      "confidence": 1.0
    },
    {
      "id": 17,
      "text": "घराच्या",
      "sentence": 2,
      "start": 354,
      "end": 360,
      "confidence": 1.0
    },
    {
      "id": 18,
      "text": "दिशेने",
      "sentence": 2,
      "start": 361,
      "end": 366,
      "confidence": 1.0
    },
    {
      "id": 19,
      "text": "महापालिकेची",
      "sentence": 3,
      "start": 374,
      "end": 383,
      "confidence": 1.0
    },
    {
      "id": 20,
      "text": "एप्रिल",
      "sentence": 3,
      "start": 398,
      "end": 403,
      "confidence": 1.0
    }
  ],
  "clusters": [
    [
      8,
      9
    ],
    [
      10,
      11,
      16,
      17
    ],
    [
      13,
      14,
      15
    ]
  ]
}