{
  "document_id": "document_437",
  "sentences": [
    "जाधव, खाजगी सचिव श्‍यामकांत म्हस्के यांच्यासह कोरेगांवचे नगराध्यक्ष राजाभाऊ बर्गे, मुख्याधिकारी पुनम कदम- शिंदे, नगरसेवक महेश बर्गे, राहुल बर्गे, सुनिल बर्गे, राहुल प्र.",
    "जर कोळसा खोदलाच नाही, तर मग भ्रष्टाचार कशात झाला, असा प्रश्न निर्माण होतो.",
    "आपण खालील मूल्ये माहित असणे आवश्यक आहे:",
    "संगमेश्वर तालुक्यातील पांगरी ग्रामपंचायत द्वितीय तर लांजातील वेरळ ग्रामपंचायत तृतीय क्रमांकाचा मानकरी ठरली आहे.",
    "या अखेरच्या युगात (कलीयुगात) या सर्व गोष्टी बरोबर विपरीत झालेल्या आढळतात.",
    "ते का बरं झालं असतं?",
    "शिक्षणव्यवस्थेतील त्रुटी दूर करणे हा मुद्दाही बऱ्याच काळापासून प्रलंबित आहे.",
    "कॅमेराया टॅब्लेटच्या मागच्या बाजूस बरोबर मधोमध दोन मेगापिक्सेलचा कॅमेरा देण्यात आला आहे, तर समोरच्या बाजूस असलेला कॅमेरा व्हीजीए आहे.",
    "\"Clomiphene\" उत्पादन अभाव - तो फक्त एक रोगावार दिलेल्या औषधांची क्रियाशीलता वाढविण्यासाठी दिलेला पदार्थ म्हणून रोग सुरूवातीस किंवा खालील शस्त्रक्रिया प्रभावी.",
    "“गणेशा, शांत हो, मी समजू शकतो !!",
    "ही मानवाची मनोवृत्ती आहे रे.",
    "तो देवाला पुजतो, मनोभावे सेवा करतो.",
    "देवाला इतकंच हवं असतं हे मात्र विसरतो.",
    "मोठ्या देणग्या दिल्यावर देव श्रीमंत होत नाही, श्रीमंत होणार ती केवळ माणसंच.",
    "तू कुठल्याही अपेक्षेविना भक्तांच्या मनोकामना पुर्ण करतोस, पण हे त्यांना ह्या जन्मात कळणे अशक्य आहे.",
    "गणपती म्हटलं की तू किंवा सिद्धिविनायक, साईबाबा म्हटलं की शिर्डी अशी धारणा लोकांच्या मनावर बिंबवली गेली आहे, मग त्यासाठी त्यांचेच एखादे छोटे रूप आपल्या आसपास दुर्लक्षित राहिले तरी चालेल” 😦",
    "आरेच्या वाटेवर तुफान हाय रं…",
    "हॉटेल बंद समीप शहरी पायाभूत सुविधा आहे: कॅफे आणि रेस्टॉरन्ट्स, मसाज पार्लर, क्लब डझनभर.",
    "आश्चर्याची गोष्ट म्हणजे त्याच्या मित्रांनी हे सर्व मोबाईल शूट केलं असून हा व्हिडिओ सोशल मिडियावर व्हायरल होऊ लागला आहे.",
    "आम्ही पाय घेतला आमच्या बाबतीत, आम्ही पाच चौरस कापून ते जास्त आवश्यक आहे.",
    "या प्रकरणी मुरूड पोलीस ठाण्यात गुन्हा नोंदवण्यात आला असून पुरातत्त्व खात्याने दुर्लक्ष केल्यामुळेच ही तोफ चोरणे या टोळीला शक्य झाल्याचा आरोप स्थानिकांनी केला आहे.",
    "डायविंग, सर्फ, स्कुबा डायविंग, समुद्रपर्यटन, अगदी एक कबुतराच्या जातीचा एक पक्षी आणि ."
  ],
  "mentions": [
    {
      "id": 0,
      "text": "जाधव",
      "sentence": 0,
      "start": 0,
      "end": 4,
      "confidence": 1.0
    },
    {
      "id": 1,
      "text": "सचिव",
      "sentence": 0,
      "start": 12,
      "end": 16,
      "confidence": 1.0
    },
    {
      "id": 2,
      "text": "श्‍यामकांत",
      "sentence": 0,
      "start": 18,
      "end": 26,
      "confidence": 1.0
    },
    {
      "id": 3,
      "text": "नगराध्यक्ष",
      "sentence": 0,
      "start": 48,
      "end": 57,
      "confidence": 1.0
    },
    {
      "id": 4,
      "text": "राजाभाऊ",
      "sentence": 0,
      "start": 59,
      "end": 65,
      "confidence": 1.0
    },
    {
      "id": 5,
      "text": "मुख्याधिकारी",
      "sentence": 0,
      "start": 73,
      "end": 84,
      "confidence": 1.0
    },
    {
      "id": 6,
      "text": "पूनम",
      "sentence": 0,
      "start": 86,
      "end": 90,
      "confidence": 1.0
    },
    {
      "id": 7,
      "text": "शिंदे",
      "sentence": 0,
      "start": 97,
      "end": 101,
      "confidence": 1.0
    },
    {
      "id": 8,
      "text": "नगरसेवक",
      "sentence": 0,
      "start": 104,
      "end": 110,
      "confidence": 1.0
    },
    {
      "id": 9,
      "text": "कोळसा",
      "sentence": 1,
      "start": 160,
      "end": 164,
      "confidence": 1.0
    },
    {
      "id": 10,
      "text": "भ्रष्टाचार",
      "sentence": 1,
      "start": 182,
      "end": 190,
      "confidence": 1.0
    },
    {
      "id": 11,
      "text": "प्रश्न",
      "sentence": 1,
      "start": 202,
      "end": 206,
      "confidence": 1.0
    },
    {
      "id": 12,
      "text": "आपण",
      "sentence": 2,
      "start": 218,
      "end": 221,
      "confidence": 1.0
    },
    {
      "id": 13,
      "text": "मूल्ये",
      "sentence": 2,
      "start": 228,
      "end": 232,
      "confidence": 1.0
    },
    {
      "id": 14,
      "text": "संगमेश्वर",
      "sentence": 3,
      "start": 249,
      "end": 257,
      "confidence": 1.0
    },
    {
      "id": 15,
      "text": "पांगरी",
      "sentence": 3,
      "start": 269,
      "end": 274,
      "confidence": 1.0
    },
    {
      "id": 16,
      "text": "ग्रामपंचायत",
      "sentence": 3,
      "start": 276,
      "end": 285,
      "confidence": 1.0
    },
    {
      "id": 17,
      "text": "वेरळ",
      "sentence": 3,
      "start": 307,
      "end": 310,
      "confidence": 1.0
    },
    {
      "id": 18,
      "text": "ग्रामपंचायत",
      "sentence": 3,
      "start": 312,
      "end": 321,
      "confidence": 1.0
    },
    {
      "id": 19,
      "text": "क्रमांकाचा",
      "sentence": 3,
      "start": 331,
      "end": 339,
      "confidence": 1.0
    },
    {
      "id": 20,
      "text": "मानकरी",
      "sentence": 3,
      "start": 341,
      "end": 346,
      "confidence": 1.0
    },
    {
      "id": 21,
      "text": "युगात",
      "sentence": 4,
      "start": 357,
      "end": 361,
      "confidence": 1.0
    },
    {
      "id": 22,
      "text": "कलीयुगात",
      "sentence": 4,
      "start": 364,
      "end": 372,
      "confidence": 1.0
    },
    {
      "id": 23,
      "text": "गोष्टी",
      "sentence": 4,
      "start": 381,
      "end": 385,
      "confidence": 1.0
    },
    {
      "id": 24,
      "text": "ते",
      "sentence": 5,
      "start": 405,
      "end": 406,
      "confidence": 1.0
    },
    {
      "id": 25,
      "text": "त्रुटी",
      "sentence": 6,
      "start": 425,
      "end": 429,
      "confidence": 1.0
    },
    {
      "id": 26,
      "text": "मुद्दाही",
      "sentence": 6,
      "start": 440,
      "end": 445,
      "confidence": 1.0
    },
    {
      "id": 27,
      "text": "काळापासून",
      "sentence": 6,
      "start": 454,
      "end": 461,
      "confidence": 1.0
    },
    {
      "id": 28,
      "text": "कॅमेराया",
      "sentence": 7,
      "start": 475,
      "end": 481,
      "confidence": 1.0
    },
    {
      "id": 29,
      "text": "बाजूस",
      "sentence": 7,
      "start": 498,
      "end": 502,
      "confidence": 1.0
    },
    {
      "id": 30,
      "text": "कॅमेरा",
      "sentence": 7,
      "start": 528,
      "end": 533,
      "confidence": 1.0
    },
    {
      "id": 31,
      "text": "बाजूस",
      "sentence": 7,
      "start": 559,
      "end": 563,
      "confidence": 1.0
    },
    {
      "id": 32,
      "text": "कॅमेरा",
      "sentence": 7,
      "start": 571,
      "end": 576,
      "confidence": 1.0
    },
    {
      "id": 33,
      "text": "व्हीजीए",
      "sentence": 7,
      "start": 578,
      "end": 583,
      "confidence": 1.0
    },
    {
      "id": 34,
      "text": "Clomiphene",
      "sentence": 8,
      "start": 588,
      "end": 597,
      "confidence": 1.0
    },
    {
      "id": 35,
      "text": "उत्पादन",
      "sentence": 8,
      "start": 599,
      "end": 604,
      "confidence": 1.0
    },
    {
      "id": 36,
      "text": "अभाव",
      "sentence": 8,
      "start": 606,
      "end": 609,
      "confidence": 1.0
    },
    {
      "id": 37,
      "text": "तो",
      "sentence": 8,
      "start": 613,
      "end": 614,
      "confidence": 1.0
    },
    {
      "id": 38,
      "text": "रोगावार",
      "sentence": 8,
      "start": 623,
      "end": 628,
      "confidence": 1.0
    },
    {
      "id": 39,
      "text": "औषधांची",
      "sentence": 8,
      "start": 637,
      "end": 643,
      "confidence": 1.0
    },
    {
      "id": 40,
      "text": "क्रियाशीलता",
      "sentence": 8,
      "start": 645,
      "end": 653,
      "confidence": 1.0
    },
    {
      "id": 41,
      "text": "पदार्थ",
      "sentence": 8,
      "start": 673,
      "end": 677,
      "confidence": 1.0
    },
    {
      "id": 42,
      "text": "शस्त्रक्रिया",
      "sentence": 8,
      "start": 703,
      "end": 711,
      "confidence": 1.0
    },
    {
      "id": 43,
      "text": "गणेशा",
      "sentence": 9,
      "start": 719,
      "end": 723,
      "confidence": 1.0
    },
    {
      "id": 44,
      "text": "मी",
      "sentence": 9,
      "start": 732,
      "end": 733,
      "confidence": 1.0
    },
    {
      "id": 45,
      "text": "मानवाची",
      "sentence": 10,
      "start": 745,
      "end": 750,
      "confidence": 1.0
    },
    {
      "id": 46,
      "text": "मनोवृत्ती",
      "sentence": 10,
      "start": 752,
      "end": 758,
      "confidence": 1.0
    },
    {
      "id": 47,
      "text": "तो",
      "sentence": 11,
      "start": 766,
      "end": 767,
      "confidence": 1.0
    },
    {
      "id": 48,
      "text": "देवाला",
      "sentence": 11,
      "start": 769,
      "end": 774,
      "confidence": 1.0
    },
    {
      "id": 49,
      "text": "सेवा",
      "sentence": 11,
      "start": 783,
      "end": 786,
      "confidence": 1.0
    },
    {
      "id": 50,
      "text": "देवाला",
      "sentence": 12,
      "start": 794,
      "end": 799,
      "confidence": 1.0
    },
    {
      "id": 51,
      "text": "देणग्या",
      "sentence": 13,
      "start": 820,
      "end": 825,
      "confidence": 1.0
    },
    {
      "id": 52,
      "text": "श्रीमंत",
      "sentence": 13,
      "start": 849,
      "end": 854,
      "confidence": 1.0
    },
    {
      "id": 53,
      "text": "ती",
      "sentence": 13,
      "start": 858,
      "end": 859,
      "confidence": 1.0
    },
    {
      "id": 54,
      "text": "माणसं",
      "sentence": 13,
      "start": 864,
      "end": 867,
      "confidence": 1.0
    },
    {
      "id": 55,
      "text": "तू",
      "sentence": 14,
      "start": 870,
      "end": 871,
      "confidence": 1.0
    },
    {
      "id": 56,
      "text": "मनोकामना",
      "sentence": 14,
      "start": 899,
      "end": 905,
      "confidence": 1.0
    },
    {
      "id": 57,
      "text": "त्यांना",
      "sentence": 14,
      "start": 922,
      "end": 926,
      "confidence": 1.0
    },
    {
      "id": 58,
      "text": "जन्मात",
      "sentence": 14,
      "start": 932,
      "end": 936,
      "confidence": 1.0
    },
    {
      "id": 59,
      "text": "गणपती",
      "sentence": 15,
      "start": 948,
      "end": 952,
      "confidence": 1.0
    },
    {
      "id": 60,
      "text": "तू",
      "sentence": 15,
      "start": 962,
      "end": 963,
      "confidence": 1.0
    },
    {
      "id": 61,
      "text": "सिद्धिविनायक",
      "sentence": 15,
      "start": 967,
      "end": 977,
      "confidence": 1.0
    },
    {
      "id": 62,
      "text": "साईबाबा",
      "sentence": 15,
      "start": 980,
      "end": 986,
      "confidence": 1.0
    },
    {
      "id": 63,
      "text": "शिर्डी",
      "sentence": 15,
      "start": 997,
      "end": 1001,
      "confidence": 1.0
    },
    {
      "id": 64,
      "text": "धारणा",
      "sentence": 15,
      "start": 1008,
      "end": 1012,
      "confidence": 1.0
    },
    {
      "id": 65,
      "text": "मनावर",
      "sentence": 15,
      "start": 1023,
      "end": 1027,
      "confidence": 1.0
    },
    {
      "id": 66,
      "text": "त्यांचेच",
      "sentence": 15,
      "start": 1045,
      "end": 1050,
      "confidence": 1.0
    },
    {
      "id": 67,
      "text": "आपल्या",
      "sentence": 15,
      "start": 1061,
      "end": 1066,
      "confidence": 1.0
    },
    {
      "id": 68,
      "text": "वाटेवर",
      "sentence": 16,
      "start": 1099,
      "end": 1104,
      "confidence": 1.0
    },
    {
      "id": 69,
      "text": "हॉटेल",
      "sentence": 17,
      "start": 1118,
      "end": 1122,
      "confidence": 1.0
    },
    {
      "id": 70,
      "text": "सुविधा",
      "sentence": 17,
      "start": 1140,
      "end": 1144,
      "confidence": 1.0
    },
    {
      "id": 71,
      "text": "कॅफे",
      "sentence": 17,
      "start": 1152,
      "end": 1155,
      "confidence": 1.0
    },
    {
      "id": 72,
      "text": "रेस्टॉरन्ट्स",
      "sentence": 17,
      "start": 1159,
      "end": 1169,
      "confidence": 1.0
    },
    {
      "id": 73,
      "text": "मसाज",
      "sentence": 17,
      "start": 1172,
      "end": 1176,
      "confidence": 1.0
    },
    {
      "id": 74,
      "text": "पार्लर",
      "sentence": 17,
      "start": 1178,
      "end": 1182,
      "confidence": 1.0
    },
    {
      "id": 75,
      "text": "क्लब",
      "sentence": 17,
      "start": 1185,
      "end": 1188,
      "confidence": 1.0
    },
    {
      "id": 76,
      "text": "गोष्ट",
      "sentence": 18,
      "start": 1205,
      "end": 1208,
      "confidence": 1.0
    },
    {
      "id": 77,
      "text": "त्याच्या",
      "sentence": 18,
      "start": 1215,
      "end": 1220,
      "confidence": 1.0
    },
    {
      "id": 78,
      "text": "मित्रांनी",
      "sentence": 18,
      "start": 1222,
      "end": 1227,
      "confidence": 1.0
    },
    {
      "id": 79,
      "text": "मोबाईल",
      "sentence": 18,
      "start": 1236,
      "end": 1241,
      "confidence": 1.0
    },
    {
      "id": 80,
      "text": "मिडियावर",
      "sentence": 18,
      "start": 1269,
      "end": 1275,
      "confidence": 1.0
    },
    {
      "id": 81,
      "text": "आम्ही",
      "sentence": 19,
      "start": 1290,
      "end": 1294,
      "confidence": 1.0
    },
    {
      "id": 82,
      "text": "आमच्या",
      "sentence": 19,
      "start": 1305,
      "end": 1309,
      "confidence": 1.0
    },
    {
      "id": 83,
      "text": "बाबतीत",
      "sentence": 19,
      "start": 1311,
      "end": 1315,
      "confidence": 1.0
    },
    {
      "id": 84,
      "text": "आम्ही",
      "sentence": 19,
      "start": 1318,
      "end": 1322,
      "confidence": 1.0
    },
    {
      "id": 85,
      "text": "चौरस",
      "sentence": 19,
      "start": 1328,
      "end": 1332,
      "confidence": 1.0
    },
    {
      "id": 86,
      "text": "ते",
      "sentence": 19,
      "start": 1339,
      "end": 1340,
      "confidence": 1.0
    },
    {
      "id": 87,
      "text": "मुरूड",
      "sentence": 20,
      "start": 1357,
      "end": 1361,
      "confidence": 1.0
    },
    {
      "id": 88,
      "text": "पोलीस",
      "sentence": 20,
      "start": 1363,
      "end": 1367,
      "confidence": 1.0
    },
    {
      "id": 89,
      "text": "गुन्हा",
      "sentence": 20,
      "start": 1376,
      "end": 1380,
      "confidence": 1.0
    },
    {
      "id": 90,
      "text": "पुरातत्त्व",
      "sentence": 20,
      "start": 1395,
      "end": 1402,
      "confidence": 1.0
    },
    {
      "id": 91,
      "text": "खात्याने",
      "sentence": 20,
      "start": 1404,
      "end": 1409,
      "confidence": 1.0
    },
    {
      "id": 92,
      "text": "दुर्लक्ष",
      "sentence": 20,
      "start": 1411,
      "end": 1416,
      "confidence": 1.0
    },
    {
      "id": 93,
      "text": "तोफ",
      "sentence": 20,
      "start": 1432,
      "end": 1434,
      "confidence": 1.0
    },
    {
      "id": 94,
      "text": "टोळीला",
      "sentence": 20,
      "start": 1445,
      "end": 1449,
      "confidence": 1.0
    },
    {
      "id": 95,
      "text": "आरोप",
      "sentence": 20,
      "start": 1461,
      "end": 1464,
      "confidence": 1.0
    },
    {
      "id": 96,
      "text": "स्थानिकांनी",
      "sentence": 20,
      "start": 1466,
      "end": 1473,
      "confidence": 1.0
    },
    {
      "id": 97,
      "text": "डायविंग",
      "sentence": 21,
      "start": 1482,
      "end": 1487,
      "confidence": 1.0
    },
    {
      "id": 98,
      "text": "स्कुबा",
      "sentence": 21,
      "start": 1496,
      "end": 1500,
      "confidence": 1.0
    },
    {
      "id": 99,
      "text": "डायविंग",
      "sentence": 21,
      "start": 1502,
      "end": 1507,
      "confidence": 1.0
    },
    {
      "id": 100,
      "text": "समुद्रपर्यटन",
      "sentence": 21,
      "start": 1510,
      "end": 1519,
      "confidence": 1.0
    },
    {
      "id": 101,
      "text": "जातीचा",
      "sentence": 21,
      "start": 1537,
      "end": 1541,
      "confidence": 1.0
    },
    {
      "id": 102,
      "text": "पक्षी",
      "sentence": 21,
      "start": 1544,
      "end": 1547,
      "confidence": 1.0
    }
  ],
  "clusters": [
    [
      2,
      3
    ],
    [
      5,
      6
    ],
    [
      8,
      9,
      10
    ],
    [
      12,
      13
    ],
    [
      14,
      15
    ],
    [
      16,
      17
    ],
    [
      18,
      19
    ],
    [
      58,
      72,
      79,
      80,
      87
    ],
    [
      63,
      65,
      68
    ],
    [
      74,
      77
    ],
    [
      71,
      85
    ],
    [
      40,
      44,
      46
    ],
    [
      27,
      30
    ],
    [
      48,
      51
    ]
  ]
}