{
  "document_id": "document_452",
  "sentences": [
    "मेरी कोम तब्बल सहाव्यांदा जगज्जेती; मेरीची.",
    "त्यानंतर उजव्या कुशीवर वळून सोळा वेळा श्‍वास घ्यावा आणि सोडावा आणि नंतर डाव्या कुशीवर झोपून अशाच पध्दतीने ३२ वेळा श्‍वास घेण्याची आणि सोडण्याची क्रिया करावी.",
    "ढाका हल्ल्यातील आणखी एक सूत्रधार जेरबंद",
    "त्यामुळे आता सर्वांनी जागरूक राहण्याची वेळ आली आहे.",
    "नव्हता कॉलेज आणि शाळा की वेळ आहे.",
    "त्रिपुरीपौर्णिमेला रात्र व दिवस दिवा जळत असतो.",
    "आम्ही काय क्रिया अपेक्षा करू शकतो?",
    "व्हिक्टोरिया स्मारक प्रेक्षणीय आहे.",
    "आतील वस्तुसंग्रहालय फारसे लक्षात नाही.",
    "त्यातील वस्तूही वेगळ्याने वर्णन करून सांगाव्यात अशा आठवात नाहीत.",
    "मात्र वास्तूची बाहेरील भव्यता, कितीही दूरवरून सारखा दृष्टीस पडत राहणारा चित्ताकर्षक घुमट, शिल्पकला, परिसराची कलापूर्ण आखणी, विस्तीर्ण उद्याने, हिरवीकंच वृक्षराजी यामुळेच स्मारक आमच्या स्मरणात राहिले आहे.",
    "आणि हो.",
    "दारापासचे सिंहही विसरता येणारे नाहीत.",
    "शिवाय, बाहेर पडतांना आम्हाला एक खरीखुरी व्हिक्टोरियाही (बग्गी) नजरेस पडली.",
    "अर्थातच तीही आमच्याकरता स्मारकच ठरली.",
    "व्हिक्टोरिया स्मारकानंतर आम्ही सायन्स सिटीकडे निघालो.",
    "ती पाहायला चारपाच तासही अपुरेच पडतात, असे सांगितले गेले होते.",
    "म्हणून काय काय पाहायचे याची यादी प्रत्येकजण करत होता.",
    "सीमा लढय़ातील हुतात्म्यांना आज अभिवादन",
    "मैत्रीचे संबंध जपावेत.",
    "धोनीने इस्ट झोन लिगमध्ये आसामविरुद्ध खेळताना रियान परागचे वडिल पराग दास यांना स्टम्पिंग केलं होतं.",
    "समन्यायी पाणीवाटपाच्या मराठवाड्याच्या भूमिकेला वाटाण्याच्या अक्षता लावल्या गेल्या तर मराठवाड्यातील लोकांमध्ये आपल्यावर अन्याय होतो आहे, ही भावना मूळ धरू लागेल.",
    "विद्याची अभिनयसंपन्न 'कहानी'",
    "हा धक्कादायक प्रकार पुण्यातल्या सिंहगड रोडवरील नांदेड फाटा येथील सिंहगड स्पेशालिटी या रुग्णालयात सोमवारी सायंकाळी घडला आहे.",
    "एक लहान रक्कम काढणे आणि त्वचेवर थेट लागू करणे आवश्यक आहे.",
    "सूत्रांच्या माहितीनुसार, संसद भवनाची नवी इमारत त्रिभुजाकार असणार आहे."
  ],
  "mentions": [
    {
      "id": 0,
      "text": "मेरी",
      "sentence": 0,
      "start": 0,
      "end": 4,
      "confidence": 1.0
    },
    {
      "id": 1,
      "text": "मेरीची",
      "sentence": 0,
      "start": 34,
      "end": 40,
      "confidence": 1.0
    },
    {
      "id": 2,
      "text": "वेळा",
      "sentence": 1,
      "start": 68,
      "end": 72,
      "confidence": 1.0
    },
    {
      "id": 3,
      "text": "श्‍वास",
      "sentence": 1,
      "start": 73,
      "end": 78,
      "confidence": 1.0
    },
    {
      "id": 4,
      "text": "पध्दतीने",
      "sentence": 1,
      "start": 122,
      "end": 130,
      "confidence": 1.0
    },
    {
      "id": 5,
      "text": "वेळा",
      "sentence": 1,
      "start": 135,
      "end": 139,
      "confidence": 1.0
    },
    {
      "id": 6,
      "text": "श्‍वास",
      "sentence": 1,
      "start": 140,
      "end": 145,
      "confidence": 1.0
    },
    {
      "id": 7,
      "text": "क्रिया",
      "sentence": 1,
      "start": 168,
      "end": 172,
      "confidence": 1.0
    },
    {
      "id": 8,
      "text": "सूत्रधार",
      "sentence": 2,
      "start": 234,
      "end": 241,
      "confidence": 1.0
    },
    {
      "id": 9,
      "text": "सर्वांनी",
      "sentence": 3,
      "start": 264,
      "end": 270,
      "confidence": 1.0
    },
    {
      "id": 10,
      "text": "शाळा",
      "sentence": 4,
      "start": 325,
      "end": 329,
      "confidence": 1.0
    },
    {
      "id": 11,
      "text": "रात्र",
      "sentence": 5,
      "start": 356,
      "end": 360,
      "confidence": 1.0
    },
    {
      "id": 12,
      "text": "दिवस",
      "sentence": 5,
      "start": 362,
      "end": 366,
      "confidence": 1.0
    },
    {
      "id": 13,
      "text": "दिवा",
      "sentence": 5,
      "start": 367,
      "end": 370,
      "confidence": 1.0
    },
    {
      "id": 14,
      "text": "आम्ही",
      "sentence": 6,
      "start": 391,
      "end": 395,
      "confidence": 1.0
    },
    {
      "id": 15,
      "text": "क्रिया",
      "sentence": 6,
      "start": 399,
      "end": 403,
      "confidence": 1.0
    },
    {
      "id": 16,
      "text": "अपेक्षा",
      "sentence": 6,
      "start": 404,
      "end": 409,
      "confidence": 1.0
    },
    {
      "id": 17,
      "text": "स्मारक",
      "sentence": 7,
      "start": 434,
      "end": 440,
      "confidence": 1.0
    },
    {
      "id": 18,
      "text": "वस्तुसंग्रहालय",
      "sentence": 8,
      "start": 458,
      "end": 469,
      "confidence": 1.0
    },
    {
      "id": 19,
      "text": "वस्तूही",
      "sentence": 9,
      "start": 493,
      "end": 498,
      "confidence": 1.0
    },
    {
      "id": 20,
      "text": "वर्णन",
      "sentence": 9,
      "start": 506,
      "end": 511,
      "confidence": 1.0
    },
    {
      "id": 21,
      "text": "वास्तूची",
      "sentence": 10,
      "start": 557,
      "end": 563,
      "confidence": 1.0
    },
    {
      "id": 22,
      "text": "भव्यता",
      "sentence": 10,
      "start": 566,
      "end": 571,
      "confidence": 1.0
    },
    {
      "id": 23,
      "text": "घुमट",
      "sentence": 10,
      "start": 615,
      "end": 619,
      "confidence": 1.0
    },
    {
      "id": 24,
      "text": "शिल्पकला",
      "sentence": 10,
      "start": 621,
      "end": 628,
      "confidence": 1.0
    },
    {
      "id": 25,
      "text": "परिसराची",
      "sentence": 10,
      "start": 631,
      "end": 639,
      "confidence": 1.0
    },
    {
      "id": 26,
      "text": "आखणी",
      "sentence": 10,
      "start": 643,
      "end": 647,
      "confidence": 1.0
    },
    {
      "id": 27,
      "text": "उद्याने",
      "sentence": 10,
      "start": 654,
      "end": 659,
      "confidence": 1.0
    },
    {
      "id": 28,
      "text": "वृक्षराजी",
      "sentence": 10,
      "start": 671,
      "end": 678,
      "confidence": 1.0
    },
    {
      "id": 29,
      "text": "स्मारक",
      "sentence": 10,
      "start": 689,
      "end": 695,
      "confidence": 1.0
    },
    {
      "id": 30,
      "text": "आमच्या",
      "sentence": 10,
      "start": 696,
      "end": 702,
      "confidence": 1.0
    },
    {
      "id": 31,
      "text": "स्मरणात",
      "sentence": 10,
      "start": 703,
      "end": 709,
      "confidence": 1.0
    },
    {
      "id": 32,
      "text": "आम्हाला",
      "sentence": 13,
      "start": 849,
      "end": 855,
      "confidence": 1.0
    },
    {
      "id": 33,
      "text": "व्हिक्टोरियाही",
      "sentence": 13,
      "start": 865,
      "end": 876,
      "confidence": 1.0
    },
    {
      "id": 34,
      "text": "बग्गी",
      "sentence": 13,
      "start": 879,
      "end": 883,
      "confidence": 1.0
    },
    {
      "id": 35,
      "text": "तीही",
      "sentence": 14,
      "start": 913,
      "end": 916,
      "confidence": 1.0
    },
    {
      "id": 36,
      "text": "स्मारकच",
      "sentence": 14,
      "start": 927,
      "end": 933,
      "confidence": 1.0
    },
    {
      "id": 37,
      "text": "स्मारकानंतर",
      "sentence": 15,
      "start": 952,
      "end": 960,
      "confidence": 1.0
    },
    {
      "id": 38,
      "text": "आम्ही",
      "sentence": 15,
      "start": 961,
      "end": 965,
      "confidence": 1.0
    },
    {
      "id": 39,
      "text": "सिटीकडे",
      "sentence": 15,
      "start": 976,
      "end": 982,
      "confidence": 1.0
    },
    {
      "id": 40,
      "text": "ती",
      "sentence": 16,
      "start": 993,
      "end": 995,
      "confidence": 1.0
    },
    {
      "id": 41,
      "text": "तासही",
      "sentence": 16,
      "start": 1010,
      "end": 1015,
      "confidence": 1.0
    },
    {
      "id": 42,
      "text": "यादी",
      "sentence": 17,
      "start": 1086,
      "end": 1090,
      "confidence": 1.0
    },
    {
      "id": 43,
      "text": "सीमा",
      "sentence": 18,
      "start": 1112,
      "end": 1116,
      "confidence": 1.0
    },
    {
      "id": 44,
      "text": "हुतात्म्यांना",
      "sentence": 18,
      "start": 1126,
      "end": 1135,
      "confidence": 1.0
    },
    {
      "id": 45,
      "text": "अभिवादन",
      "sentence": 18,
      "start": 1137,
      "end": 1144,
      "confidence": 1.0
    },
    {
      "id": 46,
      "text": "मैत्रीचे",
      "sentence": 19,
      "start": 1150,
      "end": 1156,
      "confidence": 1.0
    },
    {
      "id": 47,
      "text": "संबंध",
      "sentence": 19,
      "start": 1157,
      "end": 1162,
      "confidence": 1.0
    },
    {
      "id": 48,
      "text": "धोनीने",
      "sentence": 20,
      "start": 1172,
      "end": 1178,
      "confidence": 1.0
    },
    {
      "id": 49,
      "text": "लिगमध्ये",
      "sentence": 20,
      "start": 1189,
      "end": 1196,
      "confidence": 1.0
    },
    {
      "id": 50,
      "text": "रियान",
      "sentence": 20,
      "start": 1212,
      "end": 1216,
      "confidence": 1.0
    },
    {
      "id": 51,
      "text": "परागचे",
      "sentence": 20,
      "start": 1217,
      "end": 1223,
      "confidence": 1.0
    },
    {
      "id": 52,
      "text": "वडिल",
      "sentence": 20,
      "start": 1224,
      "end": 1229,
      "confidence": 1.0
    },
    {
      "id": 53,
      "text": "पराग",
      "sentence": 20,
      "start": 1230,
      "end": 1234,
      "confidence": 1.0
    },
    {
      "id": 54,
      "text": "स्टम्पिंग",
      "sentence": 20,
      "start": 1246,
      "end": 1254,
      "confidence": 1.0
    },
    {
      "id": 55,
      "text": "मराठवाड्याच्या",
      "sentence": 21,
      "start": 1298,
      "end": 1310,
      "confidence": 1.0
    },
    {
      "id": 56,
      "text": "भूमिकेला",
      "sentence": 21,
      "start": 1311,
      "end": 1319,
      "confidence": 1.0
    },
    {
      "id": 57,
      "text": "वाटाण्याच्या",
      "sentence": 21,
      "start": 1321,
      "end": 1330,
      "confidence": 1.0
    },
    {
      "id": 58,
      "text": "अक्षता",
      "sentence": 21,
      "start": 1331,
      "end": 1336,
      "confidence": 1.0
    },
    {
      "id": 59,
      "text": "मराठवाड्यातील",
      "sentence": 21,
      "start": 1361,
      "end": 1372,
      "confidence": 1.0
    },
    {
      "id": 60,
      "text": "अन्याय",
      "sentence": 21,
      "start": 1390,
      "end": 1395,
      "confidence": 1.0
    },
    {
      "id": 61,
      "text": "भावना",
      "sentence": 21,
      "start": 1407,
      "end": 1412,
      "confidence": 1.0
    },
    {
      "id": 62,
      "text": "विद्याची",
      "sentence": 22,
      "start": 1431,
      "end": 1437,
      "confidence": 1.0
    },
    {
      "id": 63,
      "text": "कहानी",
      "sentence": 22,
      "start": 1450,
      "end": 1455,
      "confidence": 1.0
    },
    {
      "id": 64,
      "text": "प्रकार",
      "sentence": 23,
      "start": 1469,
      "end": 1473,
      "confidence": 1.0
    },
    {
      "id": 65,
      "text": "पुण्यातल्या",
      "sentence": 23,
      "start": 1474,
      "end": 1482,
      "confidence": 1.0
    },
    {
      "id": 66,
      "text": "सिंहगड",
      "sentence": 23,
      "start": 1483,
      "end": 1489,
      "confidence": 1.0
    },
    {
      "id": 67,
      "text": "नांदेड",
      "sentence": 23,
      "start": 1498,
      "end": 1503,
      "confidence": 1.0
    },
    {
      "id": 68,
      "text": "फाटा",
      "sentence": 23,
      "start": 1504,
      "end": 1508,
      "confidence": 1.0
    },
    {
      "id": 69,
      "text": "सिंहगड",
      "sentence": 23,
      "start": 1516,
      "end": 1522,
      "confidence": 1.0
    },
    {
      "id": 70,
      "text": "स्पेशालिटी",
      "sentence": 23,
      "start": 1523,
      "end": 1533,
      "confidence": 1.0
    },
    {
      "id": 71,
      "text": "रुग्णालयात",
      "sentence": 23,
      "start": 1538,
      "end": 1547,
      "confidence": 1.0
    },
    {
      "id": 72,
      "text": "रक्कम",
      "sentence": 24,
      "start": 1594,
      "end": 1599,
      "confidence": 1.0
    },
    {
      "id": 73,
      "text": "त्वचेवर",
      "sentence": 24,
      "start": 1611,
      "end": 1617,
      "confidence": 1.0
    },
    {
      "id": 74,
      "text": "माहितीनुसार",
      "sentence": 25,
      "start": 1666,
      "end": 1676,
      "confidence": 1.0
    },
    {
      "id": 75,
      "text": "भवनाची",
      "sentence": 25,
      "start": 1685,
      "end": 1692,
      "confidence": 1.0
    },
    {
      "id": 76,
      "text": "इमारत",
      "sentence": 25,
      "start": 1694,
      "end": 1699,
      "confidence": 1.0
    }
  ],
  "clusters": [
    [
      0,
      2
    ],
    [
      3,
      6
    ],
    [
      4,
      8
    ],
    [
      5,
      9
    ],
    [
      12,
      26
    ],
    [
      17,
      20
    ],
    [
      28,
      42,
      51,
      52
    ],
    [
      43,
      46,
      50,
      53
    ],
    [
      47,
      48,
      49
    ],
    [
      54,
      55
    ],
    [
      70,
      71,
      72,
      73
    ]
  ]
}