{
  "document_id": "document_331",
  "sentences": [
    "भाजप प्रचाराची नवी टॅगलाईन",
    "धरणाचा मुख्य दरवाजाही 4 फुटांपर्यंत उघडण्यात आला आहे.",
    "महिला पुरुष अॅथलेट्स सम संख्येत असतात.",
    "ट्रायआयडोथायरोनीन/ Triiodothyronine (T3) & थायरॉक्झीन/Thyroxine (T4) ह्या रासायनिक स्त्रावांची म्हणजेच हार्मोन्सची निर्मिती थायरॉईड ग्रंथी करते.",
    "इतर हार्मोन्स प्रमाणे थायरॉईड हार्मोन्स आपल्या शरीरातील विविध भागांतून विशिष्ट संदेश शरीरातील इतर इंद्रिये व पेशीपर्यंत पोहोचवून शरीराच्या विविध कार्यांचे नियमन करतात."
  ],
  "mentions": [
    {
      "id": 0,
      "text": "भाजप",
      "sentence": 0,
      "start": 0,
      "end": 3,
      "confidence": 1.0
    },
    {
      "id": 1,
      "text": "प्रचार",
      "sentence": 0,
      "start": 5,
      "end": 10,
      "confidence": 1.0
    },
    {
      "id": 2,
      "text": "टॅगलाईन",
      "sentence": 0,
      "start": 16,
      "end": 23,
      "confidence": 1.0
    },
    {
      "id": 3,
      "text": "दरवाजा",
      "sentence": 1,
      "start": 36,
      "end": 41,
      "confidence": 1.0
    },
    {
      "id": 4,
      "text": "महिला",
      "sentence": 2,
      "start": 69,
      "end": 73,
      "confidence": 1.0
    },
    {
      "id": 5,
      "text": "पुरुष",
      "sentence": 2,
      "start": 75,
      "end": 79,
      "confidence": 1.0
    },
    {
      "id": 6,
      "text": "अॅथलेट्स",
      "sentence": 2,
      "start": 81,
      "end": 87,
      "confidence": 1.0
    },
    {
      "id": 7,
      "text": "संख्या",
      "sentence": 2,
      "start": 93,
      "end": 97,
      "confidence": 1.0
    },
    {
      "id": 8,
      "text": "ट्रायआयडोथायरोनीन",
      "sentence": 3,
      "start": 106,
      "end": 121,
      "confidence": 1.0
    },
    {
      "id": 9,
      "text": "Triiodothyronine",
      "sentence": 3,
      "start": 123,
      "end": 138,
      "confidence": 1.0
    },
    {
      "id": 10,
      "text": "थायरॉक्झीन",
      "sentence": 3,
      "start": 147,
      "end": 155,
      "confidence": 1.0
    },
    {
      "id": 11,
      "text": "स्राव",
      "sentence": 3,
      "start": 177,
      "end": 181,
      "confidence": 1.0
    },
    {
      "id": 12,
      "text": "हार्मोन्स",
      "sentence": 3,
      "start": 191,
      "end": 197,
      "confidence": 1.0
    },
    {
      "id": 13,
      "text": "निर्मिती",
      "sentence": 3,
      "start": 200,
      "end": 205,
      "confidence": 1.0
    },
    {
      "id": 14,
      "text": "थायरॉईड",
      "sentence": 3,
      "start": 207,
      "end": 213,
      "confidence": 1.0
    },
    {
      "id": 15,
      "text": "ग्रंथी",
      "sentence": 3,
      "start": 215,
      "end": 219,
      "confidence": 1.0
    },
    {
      "id": 16,
      "text": "हार्मोन्स",
      "sentence": 4,
      "start": 226,
      "end": 232,
      "confidence": 1.0
    },
    {
      "id": 17,
      "text": "हार्मोन्स",
      "sentence": 4,
      "start": 246,
      "end": 252,
      "confidence": 1.0
    },
    {
      "id": 18,
      "text": "शरीर",
      "sentence": 4,
      "start": 257,
      "end": 260,
      "confidence": 1.0
    },
    {
      "id": 19,
      "text": "संदेश",
      "sentence": 4,
      "start": 279,
      "end": 283,
      "confidence": 1.0
    },
    {
      "id": 20,
      "text": "शरीर",
      "sentence": 4,
      "start": 285,
      "end": 288,
      "confidence": 1.0
    },
    {
      "id": 21,
      "text": "इंद्रिये",
      "sentence": 4,
      "start": 295,
      "end": 300,
      "confidence": 1.0
    },
    {
      "id": 22,
      "text": "पेशी",
      "sentence": 4,
      "start": 304,
      "end": 307,
      "confidence": 1.0
    },
    {
      "id": 23,
      "text": "शरीर",
      "sentence": 4,
      "start": 314,
      "end": 317,
      "confidence": 1.0
    },
    {
      "id": 24,
      "text": "कार्य",
      "sentence": 4,
      "start": 325,
      "end": 328,
      "confidence": 1.0
    },
    {
      "id": 25,
      "text": "नियमन",
      "sentence": 4,
      "start": 334,
      "end": 338,
      "confidence": 1.0
    }
  ],
  "clusters": [
    [
      10,
      11,
      12,
      13,
      14,
      15,
      16,
      17,
      21,
      22
    ],
    [
      19,
      20
    ]
  ]
}