{
  "document_id": "document_185",
  "sentences": [
    "मुंबईच्या ‘ओपन लॉण्ड्री’चे रूप पालटणार!",
    "माझ्या डोळ्यातून पाणी येत असल्याने चेहऱ्यावर मेकअक टिकत नाही, डोळ्यांना काळजही लावता येत नाही, असा धक्कादायक मजकूर चिठ्ठीत नमूद करण्यात आला आहे.",
    "सर्वात जास्त शिक्षण केंद्रे असणारा जगात तिसरा क्रमांकाचा देश हिंदुस्थान आहे, पण त्या मानाने आपण गुणवत्तेत कुठे आहोत?",
    "देवरूख परिसरातही जोरदार पाऊस झाला.",
    "दररोज सकाळी ढगाळ वातावरण होत असले तरी पाऊस मात्र हुलकावणीच देत होता.",
    "एक नियम म्हणून, सुटी दरम्यान त्यांच्या वहिवाट वाढते, म्हणून जेव्हा युरोप मध्ये त्यांच्या लेजर वेळ खर्च बनवू इच्छितात संख्या.",
    "संमत बोलिले व्याशोक्त ।",
    "ती ऐकून संपादकांनी त्यांना हवे असलेले लेखन साहित्य पुरवले व काही तासांतच डॉ.",
    "लोहिया यांनी अतिशय अभ्यासपूर्ण असे दोन लेख संपादकांना सुपूर्द केले.",
    "नेहमीच कायदा सुव्यसथा राखण्यात मग्न असलेल्या आणि त्यासाठी प्रसंगी कठोर ही होणाऱ्या मुंबई पोलिसांच्या हळव्या कार्यांचे कौतुक करावे तितके थोडे आहे.",
    "पण गंभीर आजारातून आशिष सुखरूप बाहेर यावा आणि त्याचं स्वप्न पूर्ण व्हावं हीच प्रार्थना.",
    "पंधरावा शतकाच्या सुरुवातीस) निष्ठा यामुळे आणि जात नियम कमकुवत गरज दिला.",
    "त्याची सुरवात झाली असून, त्यास उत्तम प्रतिसाद मिळत आहे.",
    "नियतीचं मन आमच्या बाबतीत या वेळी कठोर झालं होतं.",
    "उल्हासनगर – उल्हासनगर महानगरपालिकेची कॅन्टीन महिला बचत गटाने चालवावी असा महिलांच्या हिताचा सकारात्मक निर्णय आयुक्त राजेंद्र निंबाळकर यांनी घेतला आहे.",
    "तिला स्वाइन फ्लू झाल्याचे तिच्या उपचारादरम्यान आढळल्याचे डॉक्टरांनी सांगितले.",
    "कृष्णाच्या बालक्रीडा, त्याच्या खोडय़ांनी त्रस्त झालेल्या गौळणींनी यशोदेकडे आणलेल्या तक्रारी, त्यातूनच गौळणींनी मांडलेले कृष्णदेवाचे कवतिक, गौळणींना वेडावून टाकणारी कृष्णाची मुरली, कृष्णाच्या दर्शनासाठी व्याकुळ झालेल्या गौळणींचा विरहभाव, हा साराच येथे समजून घेता येतो.",
    "संलग्न प्रणाली PP22 मालिका पुरविले जाते.",
    "हे असे करणे सोपे होईल.",
    "यात दोघांचाही होरपळून मृत्यू झाला.",
    "आगीची माहिती मिळताच अग्निशमन दलाच्या ४ गाड्या घटनास्थळी दाखल झाल्या आहेत.",
    "पण लोक जास्त प्रमाणात पिऊन सुरक्षा प्रश्न उपस्थित होऊ शकतो, उपद्रव होऊ शकतो तेव्हा ड्राय डे ठेवतात.",
    "पुणे | नेमका काय आहे शिवरायांच्या इतिहासाचा वाद?",
    "आणि त्यांचा वापर चांगला लहान असेल.",
    "शेक्सपिअरने सांगितल्याप्रमाणे कोणतीही घटना योग्य काळ आणि वेळ आल्याशिवाय घडत नाही.",
    "काँग्रेसच्या नवव्या यादीचं महत्त्व म्हणजे चंद्रपूर येथे विनायक बांगडे यांना जाहीर केलेली उमेदवारी रद्द करण्यात आली आहे.",
    "वुड घरे स्टोव्ह.",
    "आमदार हे देशाचे प्रतिनिधित्व करत असतात.",
    "मुमताझ काझी या आशियातील पहिल्या महिला डिझेल लोकोमोटिव्ह ड्रायव्हर ठरल्या असून, त्यांची नोंद ‘लिम्का बुक ऑफ रेकॉर्ड’ने ही घेतली आहे.",
    "जगातील सर्वात मोठ्या प्रदूषित शहरात भारतातील 15 शहरांचा समावेश आहे.",
    "करीनाचे जगभर ढीगभर चहेते आहेत, पण तिच्या या चहेत्यांम्ध्ये एका सेलिब्रिटी फॅनची भर पडली आहे.",
    "नवी पिढी ही वास्तवाला महत्त्व देणारी असून, त्यांना वास्तवावर आधारित चित्रपट आवडतात.",
    "ज्येष्ठ कवी अरुण कोलटकर यांनी त्यांच्या पुस्तकसंग्रहातील सुमारे 200 दुर्मिळ पुस्तके ग्रंथालयास भेट दिली आहेत.",
    "जेव्हा नात्यातील स्पेस संपते, त्यावेळी प्रेमसुद्धा संपतं.",
    "ही चळवळ परकीयांच्या विरोधात नव्हे तर भ्रष्टाचार, शेतकरी आत्महत्या, कुपोषण, पाण्याचा अपव्यय आणि दहशतवाद यासारख्या सामाजिक समस्यांविरोधात आहे, असे त्यांनी नमूद केले.",
    "या कर्तृत्व गौरव समारंभास माजी आयकर आयुक्त अरुणराव पवार, जयवंत चव्हाण, माजी महाराष्ट्र केसरी शिवाजीराव पाचपुते, संभाजीराव पाटणे, राजेंद्र चोरगे, प्राचार्य पुरुषोत्तम शेठ, दिलीप पाठक, रफीक बागवान, बबनराव उथळे, राजेंद्र शेलार, प्रकाश गवळी, खंडूशेठ सारडा, श्रीकांत शेटे, सौ.",
    "अनुपमा गोडबाले, डॉ."
  ],
  "mentions": [
    {
      "id": 0,
      "text": "लॉण्ड्री’चे",
      "sentence": 0,
      "start": 17,
      "end": 26,
      "confidence": 1.0
    },
    {
      "id": 1,
      "text": "माझ्या",
      "sentence": 1,
      "start": 39,
      "end": 44,
      "confidence": 1.0
    },
    {
      "id": 2,
      "text": "डोळ्यातून",
      "sentence": 1,
      "start": 46,
      "end": 54,
      "confidence": 1.0
    },
    {
      "id": 3,
      "text": "पाणी",
      "sentence": 1,
      "start": 56,
      "end": 59,
      "confidence": 1.0
    },
    {
      "id": 4,
      "text": "चेहऱ्यावर",
      "sentence": 1,
      "start": 71,
      "end": 78,
      "confidence": 1.0
    },
    {
      "id": 5,
      "text": "डोळ्यांना",
      "sentence": 1,
      "start": 95,
      "end": 102,
      "confidence": 1.0
    },
    {
      "id": 6,
      "text": "काळजही",
      "sentence": 1,
      "start": 103,
      "end": 109,
      "confidence": 1.0
    },
    {
      "id": 7,
      "text": "मजकूर",
      "sentence": 1,
      "start": 128,
      "end": 133,
      "confidence": 1.0
    },
    {
      "id": 8,
      "text": "चिठ्ठीत",
      "sentence": 1,
      "start": 134,
      "end": 140,
      "confidence": 1.0
    },
    {
      "id": 9,
      "text": "शिक्षण",
      "sentence": 2,
      "start": 175,
      "end": 180,
      "confidence": 1.0
    },
    {
      "id": 10,
      "text": "केंद्रे",
      "sentence": 2,
      "start": 181,
      "end": 185,
      "confidence": 1.0
    },
    {
      "id": 11,
      "text": "जगात",
      "sentence": 2,
      "start": 192,
      "end": 196,
      "confidence": 1.0
    },
    {
      "id": 12,
      "text": "क्रमांकाचा",
      "sentence": 2,
      "start": 204,
      "end": 211,
      "confidence": 1.0
    },
    {
      "id": 13,
      "text": "हिंदुस्थान",
      "sentence": 2,
      "start": 215,
      "end": 223,
      "confidence": 1.0
    },
    {
      "id": 14,
      "text": "आपण",
      "sentence": 2,
      "start": 240,
      "end": 243,
      "confidence": 1.0
    },
    {
      "id": 15,
      "text": "गुणवत्तेत",
      "sentence": 2,
      "start": 244,
      "end": 251,
      "confidence": 1.0
    },
    {
      "id": 16,
      "text": "देवरूख",
      "sentence": 3,
      "start": 258,
      "end": 263,
      "confidence": 1.0
    },
    {
      "id": 17,
      "text": "परिसरातही",
      "sentence": 3,
      "start": 265,
      "end": 272,
      "confidence": 1.0
    },
    {
      "id": 18,
      "text": "पाऊस",
      "sentence": 3,
      "start": 280,
      "end": 283,
      "confidence": 1.0
    },
    {
      "id": 19,
      "text": "वातावरण",
      "sentence": 4,
      "start": 305,
      "end": 310,
      "confidence": 1.0
    },
    {
      "id": 20,
      "text": "पाऊस",
      "sentence": 4,
      "start": 326,
      "end": 329,
      "confidence": 1.0
    },
    {
      "id": 21,
      "text": "नियम",
      "sentence": 5,
      "start": 345,
      "end": 348,
      "confidence": 1.0
    },
    {
      "id": 22,
      "text": "सुटी",
      "sentence": 5,
      "start": 358,
      "end": 361,
      "confidence": 1.0
    },
    {
      "id": 23,
      "text": "त्यांच्या",
      "sentence": 5,
      "start": 368,
      "end": 374,
      "confidence": 1.0
    },
    {
      "id": 24,
      "text": "वहिवाट",
      "sentence": 5,
      "start": 375,
      "end": 380,
      "confidence": 1.0
    },
    {
      "id": 25,
      "text": "युरोप",
      "sentence": 5,
      "start": 399,
      "end": 403,
      "confidence": 1.0
    },
    {
      "id": 26,
      "text": "त्यांच्या",
      "sentence": 5,
      "start": 409,
      "end": 415,
      "confidence": 1.0
    },
    {
      "id": 27,
      "text": "संख्या",
      "sentence": 5,
      "start": 435,
      "end": 439,
      "confidence": 1.0
    },
    {
      "id": 28,
      "text": "ती",
      "sentence": 7,
      "start": 458,
      "end": 459,
      "confidence": 1.0
    },
    {
      "id": 29,
      "text": "संपादकांनी",
      "sentence": 7,
      "start": 465,
      "end": 473,
      "confidence": 1.0
    },
    {
      "id": 30,
      "text": "त्यांना",
      "sentence": 7,
      "start": 474,
      "end": 479,
      "confidence": 1.0
    },
    {
      "id": 31,
      "text": "साहित्य",
      "sentence": 7,
      "start": 491,
      "end": 495,
      "confidence": 1.0
    },
    {
      "id": 32,
      "text": "लोहिया",
      "sentence": 8,
      "start": 516,
      "end": 521,
      "confidence": 1.0
    },
    {
      "id": 33,
      "text": "संपादकांना",
      "sentence": 8,
      "start": 544,
      "end": 552,
      "confidence": 1.0
    },
    {
      "id": 34,
      "text": "कायदा",
      "sentence": 9,
      "start": 564,
      "end": 568,
      "confidence": 1.0
    },
    {
      "id": 35,
      "text": "सुव्यसथा",
      "sentence": 9,
      "start": 569,
      "end": 575,
      "confidence": 1.0
    },
    {
      "id": 36,
      "text": "मुंबई",
      "sentence": 9,
      "start": 619,
      "end": 623,
      "confidence": 1.0
    },
    {
      "id": 37,
      "text": "कार्यांचे",
      "sentence": 9,
      "start": 638,
      "end": 643,
      "confidence": 1.0
    },
    {
      "id": 38,
      "text": "कौतुक",
      "sentence": 9,
      "start": 644,
      "end": 648,
      "confidence": 1.0
    },
    {
      "id": 39,
      "text": "आजारातून",
      "sentence": 10,
      "start": 664,
      "end": 670,
      "confidence": 1.0
    },
    {
      "id": 40,
      "text": "आशिष",
      "sentence": 10,
      "start": 671,
      "end": 675,
      "confidence": 1.0
    },
    {
      "id": 41,
      "text": "स्वप्न",
      "sentence": 10,
      "start": 697,
      "end": 700,
      "confidence": 1.0
    },
    {
      "id": 42,
      "text": "प्रार्थना",
      "sentence": 10,
      "start": 709,
      "end": 714,
      "confidence": 1.0
    },
    {
      "id": 43,
      "text": "निष्ठा",
      "sentence": 11,
      "start": 745,
      "end": 749,
      "confidence": 1.0
    },
    {
      "id": 44,
      "text": "नियम",
      "sentence": 11,
      "start": 763,
      "end": 766,
      "confidence": 1.0
    },
    {
      "id": 45,
      "text": "त्याची",
      "sentence": 12,
      "start": 783,
      "end": 787,
      "confidence": 1.0
    },
    {
      "id": 46,
      "text": "प्रतिसाद",
      "sentence": 12,
      "start": 813,
      "end": 818,
      "confidence": 1.0
    },
    {
      "id": 47,
      "text": "आमच्या",
      "sentence": 13,
      "start": 838,
      "end": 843,
      "confidence": 1.0
    },
    {
      "id": 48,
      "text": "बाबतीत",
      "sentence": 13,
      "start": 844,
      "end": 849,
      "confidence": 1.0
    },
    {
      "id": 49,
      "text": "महानगरपालिकेची",
      "sentence": 14,
      "start": 887,
      "end": 898,
      "confidence": 1.0
    },
    {
      "id": 50,
      "text": "कॅन्टीन",
      "sentence": 14,
      "start": 899,
      "end": 904,
      "confidence": 1.0
    },
    {
      "id": 51,
      "text": "महिला",
      "sentence": 14,
      "start": 905,
      "end": 909,
      "confidence": 1.0
    },
    {
      "id": 52,
      "text": "गटाने",
      "sentence": 14,
      "start": 914,
      "end": 917,
      "confidence": 1.0
    },
    {
      "id": 53,
      "text": "हिताचा",
      "sentence": 14,
      "start": 935,
      "end": 939,
      "confidence": 1.0
    },
    {
      "id": 54,
      "text": "निर्णय",
      "sentence": 14,
      "start": 949,
      "end": 953,
      "confidence": 1.0
    },
    {
      "id": 55,
      "text": "आयुक्त",
      "sentence": 14,
      "start": 954,
      "end": 959,
      "confidence": 1.0
    },
    {
      "id": 56,
      "text": "राजेंद्र",
      "sentence": 14,
      "start": 960,
      "end": 966,
      "confidence": 1.0
    },
    {
      "id": 57,
      "text": "निंबाळकर",
      "sentence": 14,
      "start": 967,
      "end": 974,
      "confidence": 1.0
    },
    {
      "id": 58,
      "text": "तिला",
      "sentence": 15,
      "start": 983,
      "end": 986,
      "confidence": 1.0
    },
    {
      "id": 59,
      "text": "स्वाइन",
      "sentence": 15,
      "start": 987,
      "end": 991,
      "confidence": 1.0
    },
    {
      "id": 60,
      "text": "फ्लू",
      "sentence": 15,
      "start": 992,
      "end": 994,
      "confidence": 1.0
    },
    {
      "id": 61,
      "text": "तिच्या",
      "sentence": 15,
      "start": 1004,
      "end": 1008,
      "confidence": 1.0
    },
    {
      "id": 62,
      "text": "डॉक्टरांनी",
      "sentence": 15,
      "start": 1027,
      "end": 1034,
      "confidence": 1.0
    },
    {
      "id": 63,
      "text": "बालक्रीडा",
      "sentence": 16,
      "start": 1051,
      "end": 1058,
      "confidence": 1.0
    },
    {
      "id": 64,
      "text": "त्याच्या",
      "sentence": 16,
      "start": 1060,
      "end": 1065,
      "confidence": 1.0
    },
    {
      "id": 65,
      "text": "खोडय़ांनी",
      "sentence": 16,
      "start": 1066,
      "end": 1072,
      "confidence": 1.0
    },
    {
      "id": 66,
      "text": "गौळणींनी",
      "sentence": 16,
      "start": 1083,
      "end": 1089,
      "confidence": 1.0
    },
    {
      "id": 67,
      "text": "यशोदेकडे",
      "sentence": 16,
      "start": 1090,
      "end": 1096,
      "confidence": 1.0
    },
    {
      "id": 68,
      "text": "तक्रारी",
      "sentence": 16,
      "start": 1104,
      "end": 1109,
      "confidence": 1.0
    },
    {
      "id": 69,
      "text": "गौळणींनी",
      "sentence": 16,
      "start": 1118,
      "end": 1124,
      "confidence": 1.0
    },
    {
      "id": 70,
      "text": "कृष्णदेवाचे",
      "sentence": 16,
      "start": 1133,
      "end": 1141,
      "confidence": 1.0
    },
    {
      "id": 71,
      "text": "कवतिक",
      "sentence": 16,
      "start": 1142,
      "end": 1146,
      "confidence": 1.0
    },
    {
      "id": 72,
      "text": "गौळणींना",
      "sentence": 16,
      "start": 1148,
      "end": 1154,
      "confidence": 1.0
    },
    {
      "id": 73,
      "text": "कृष्णाची",
      "sentence": 16,
      "start": 1167,
      "end": 1173,
      "confidence": 1.0
    },
    {
      "id": 74,
      "text": "दर्शनासाठी",
      "sentence": 16,
      "start": 1187,
      "end": 1194,
      "confidence": 1.0
    },
    {
      "id": 75,
      "text": "विरहभाव",
      "sentence": 16,
      "start": 1212,
      "end": 1218,
      "confidence": 1.0
    },
    {
      "id": 76,
      "text": "प्रणाली",
      "sentence": 17,
      "start": 1249,
      "end": 1253,
      "confidence": 1.0
    },
    {
      "id": 77,
      "text": "मालिका",
      "sentence": 17,
      "start": 1260,
      "end": 1264,
      "confidence": 1.0
    },
    {
      "id": 78,
      "text": "दोघांचाही",
      "sentence": 19,
      "start": 1296,
      "end": 1302,
      "confidence": 1.0
    },
    {
      "id": 79,
      "text": "मृत्यू",
      "sentence": 19,
      "start": 1309,
      "end": 1312,
      "confidence": 1.0
    },
    {
      "id": 80,
      "text": "आगीची",
      "sentence": 20,
      "start": 1319,
      "end": 1323,
      "confidence": 1.0
    },
    {
      "id": 81,
      "text": "माहिती",
      "sentence": 20,
      "start": 1324,
      "end": 1328,
      "confidence": 1.0
    },
    {
      "id": 82,
      "text": "अग्निशमन",
      "sentence": 20,
      "start": 1335,
      "end": 1341,
      "confidence": 1.0
    },
    {
      "id": 83,
      "text": "दलाच्या",
      "sentence": 20,
      "start": 1342,
      "end": 1347,
      "confidence": 1.0
    },
    {
      "id": 84,
      "text": "गाड्या",
      "sentence": 20,
      "start": 1351,
      "end": 1355,
      "confidence": 1.0
    },
    {
      "id": 85,
      "text": "प्रमाणात",
      "sentence": 21,
      "start": 1387,
      "end": 1392,
      "confidence": 1.0
    },
    {
      "id": 86,
      "text": "सुरक्षा",
      "sentence": 21,
      "start": 1399,
      "end": 1403,
      "confidence": 1.0
    },
    {
      "id": 87,
      "text": "प्रश्न",
      "sentence": 21,
      "start": 1404,
      "end": 1408,
      "confidence": 1.0
    },
    {
      "id": 88,
      "text": "उपद्रव",
      "sentence": 21,
      "start": 1422,
      "end": 1426,
      "confidence": 1.0
    },
    {
      "id": 89,
      "text": "ड्राय",
      "sentence": 21,
      "start": 1441,
      "end": 1444,
      "confidence": 1.0
    },
    {
      "id": 90,
      "text": "काय",
      "sentence": 22,
      "start": 1466,
      "end": 1468,
      "confidence": 1.0
    },
    {
      "id": 91,
      "text": "शिवरायांच्या",
      "sentence": 22,
      "start": 1473,
      "end": 1482,
      "confidence": 1.0
    },
    {
      "id": 92,
      "text": "इतिहासाचा",
      "sentence": 22,
      "start": 1483,
      "end": 1489,
      "confidence": 1.0
    },
    {
      "id": 93,
      "text": "त्यांचा",
      "sentence": 23,
      "start": 1500,
      "end": 1504,
      "confidence": 1.0
    },
    {
      "id": 94,
      "text": "वापर",
      "sentence": 23,
      "start": 1505,
      "end": 1508,
      "confidence": 1.0
    },
    {
      "id": 95,
      "text": "शेक्सपिअरने",
      "sentence": 24,
      "start": 1521,
      "end": 1529,
      "confidence": 1.0
    },
    {
      "id": 96,
      "text": "घटना",
      "sentence": 24,
      "start": 1541,
      "end": 1544,
      "confidence": 1.0
    },
    {
      "id": 97,
      "text": "यादीचं",
      "sentence": 25,
      "start": 1587,
      "end": 1591,
      "confidence": 1.0
    },
    {
      "id": 98,
      "text": "महत्त्व",
      "sentence": 25,
      "start": 1592,
      "end": 1596,
      "confidence": 1.0
    },
    {
      "id": 99,
      "text": "चंद्रपूर",
      "sentence": 25,
      "start": 1603,
      "end": 1608,
      "confidence": 1.0
    },
    {
      "id": 100,
      "text": "विनायक",
      "sentence": 25,
      "start": 1612,
      "end": 1616,
      "confidence": 1.0
    },
    {
      "id": 101,
      "text": "बांगडे",
      "sentence": 25,
      "start": 1617,
      "end": 1621,
      "confidence": 1.0
    },
    {
      "id": 102,
      "text": "त्यांना",
      "sentence": 25,
      "start": 1622,
      "end": 1627,
      "confidence": 1.0
    },
    {
      "id": 103,
      "text": "उमेदवारी",
      "sentence": 25,
      "start": 1636,
      "end": 1641,
      "confidence": 1.0
    },
    {
      "id": 104,
      "text": "स्टोव्ह",
      "sentence": 26,
      "start": 1666,
      "end": 1669,
      "confidence": 1.0
    },
    {
      "id": 105,
      "text": "आमदार",
      "sentence": 27,
      "start": 1673,
      "end": 1677,
      "confidence": 1.0
    },
    {
      "id": 106,
      "text": "देशाचे",
      "sentence": 27,
      "start": 1682,
      "end": 1686,
      "confidence": 1.0
    },
    {
      "id": 107,
      "text": "प्रतिनिधित्व",
      "sentence": 27,
      "start": 1687,
      "end": 1695,
      "confidence": 1.0
    },
    {
      "id": 108,
      "text": "मुमताझ",
      "sentence": 28,
      "start": 1705,
      "end": 1710,
      "confidence": 1.0
    },
    {
      "id": 109,
      "text": "काझी",
      "sentence": 28,
      "start": 1711,
      "end": 1714,
      "confidence": 1.0
    },
    {
      "id": 110,
      "text": "आशियातील",
      "sentence": 28,
      "start": 1719,
      "end": 1726,
      "confidence": 1.0
    },
    {
      "id": 111,
      "text": "महिला",
      "sentence": 28,
      "start": 1733,
      "end": 1737,
      "confidence": 1.0
    },
    {
      "id": 112,
      "text": "डिझेल",
      "sentence": 28,
      "start": 1738,
      "end": 1742,
      "confidence": 1.0
    },
    {
      "id": 113,
      "text": "लोकोमोटिव्ह",
      "sentence": 28,
      "start": 1743,
      "end": 1751,
      "confidence": 1.0
    },
    {
      "id": 114,
      "text": "ड्रायव्हर",
      "sentence": 28,
      "start": 1752,
      "end": 1757,
      "confidence": 1.0
    },
    {
      "id": 115,
      "text": "त्यांची",
      "sentence": 28,
      "start": 1772,
      "end": 1777,
      "confidence": 1.0
    },
    {
      "id": 116,
      "text": "नोंद",
      "sentence": 28,
      "start": 1778,
      "end": 1781,
      "confidence": 1.0
    },
    {
      "id": 117,
      "text": "लिम्का",
      "sentence": 28,
      "start": 1783,
      "end": 1789,
      "confidence": 1.0
    },
    {
      "id": 118,
      "text": "रेकॉर्ड’ने",
      "sentence": 28,
      "start": 1797,
      "end": 1804,
      "confidence": 1.0
    },
    {
      "id": 119,
      "text": "शहरात",
      "sentence": 29,
      "start": 1832,
      "end": 1836,
      "confidence": 1.0
    },
    {
      "id": 120,
      "text": "भारतातील",
      "sentence": 29,
      "start": 1837,
      "end": 1843,
      "confidence": 1.0
    },
    {
      "id": 121,
      "text": "शहरांचा",
      "sentence": 29,
      "start": 1847,
      "end": 1852,
      "confidence": 1.0
    },
    {
      "id": 122,
      "text": "करीनाचे",
      "sentence": 30,
      "start": 1866,
      "end": 1871,
      "confidence": 1.0
    },
    {
      "id": 123,
      "text": "तिच्या",
      "sentence": 30,
      "start": 1897,
      "end": 1901,
      "confidence": 1.0
    },
    {
      "id": 124,
      "text": "चहेत्यांम्ध्ये",
      "sentence": 30,
      "start": 1905,
      "end": 1913,
      "confidence": 1.0
    },
    {
      "id": 125,
      "text": "सेलिब्रिटी",
      "sentence": 30,
      "start": 1919,
      "end": 1926,
      "confidence": 1.0
    },
    {
      "id": 126,
      "text": "फॅनची",
      "sentence": 30,
      "start": 1927,
      "end": 1931,
      "confidence": 1.0
    },
    {
      "id": 127,
      "text": "पिढी",
      "sentence": 31,
      "start": 1941,
      "end": 1944,
      "confidence": 1.0
    },
    {
      "id": 128,
      "text": "वास्तवाला",
      "sentence": 31,
      "start": 1948,
      "end": 1954,
      "confidence": 1.0
    },
    {
      "id": 129,
      "text": "महत्त्व",
      "sentence": 31,
      "start": 1955,
      "end": 1959,
      "confidence": 1.0
    },
    {
      "id": 130,
      "text": "त्यांना",
      "sentence": 31,
      "start": 1974,
      "end": 1979,
      "confidence": 1.0
    },
    {
      "id": 131,
      "text": "वास्तवावर",
      "sentence": 31,
      "start": 1980,
      "end": 1986,
      "confidence": 1.0
    },
    {
      "id": 132,
      "text": "चित्रपट",
      "sentence": 31,
      "start": 1993,
      "end": 1997,
      "confidence": 1.0
    },
    {
      "id": 133,
      "text": "अरुण",
      "sentence": 32,
      "start": 2008,
      "end": 2011,
      "confidence": 1.0
    },
    {
      "id": 134,
      "text": "कोलटकर",
      "sentence": 32,
      "start": 2012,
      "end": 2017,
      "confidence": 1.0
    },
    {
      "id": 135,
      "text": "त्यांनी",
      "sentence": 32,
      "start": 2019,
      "end": 2023,
      "confidence": 1.0
    },
    {
      "id": 136,
      "text": "त्यांच्या",
      "sentence": 32,
      "start": 2024,
      "end": 2030,
      "confidence": 1.0
    },
    {
      "id": 137,
      "text": "पुस्तके",
      "sentence": 32,
      "start": 2056,
      "end": 2060,
      "confidence": 1.0
    },
    {
      "id": 138,
      "text": "ग्रंथालयास",
      "sentence": 32,
      "start": 2061,
      "end": 2068,
      "confidence": 1.0
    },
    {
      "id": 139,
      "text": "प्रेमसुद्धा",
      "sentence": 33,
      "start": 2105,
      "end": 2111,
      "confidence": 1.0
    },
    {
      "id": 140,
      "text": "चळवळ",
      "sentence": 34,
      "start": 2122,
      "end": 2126,
      "confidence": 1.0
    },
    {
      "id": 141,
      "text": "भ्रष्टाचार",
      "sentence": 34,
      "start": 2149,
      "end": 2156,
      "confidence": 1.0
    },
    {
      "id": 142,
      "text": "शेतकरी",
      "sentence": 34,
      "start": 2158,
      "end": 2163,
      "confidence": 1.0
    },
    {
      "id": 143,
      "text": "आत्महत्या",
      "sentence": 34,
      "start": 2164,
      "end": 2170,
      "confidence": 1.0
    },
    {
      "id": 144,
      "text": "कुपोषण",
      "sentence": 34,
      "start": 2172,
      "end": 2176,
      "confidence": 1.0
    },
    {
      "id": 145,
      "text": "पाण्याचा",
      "sentence": 34,
      "start": 2178,
      "end": 2184,
      "confidence": 1.0
    },
    {
      "id": 146,
      "text": "अपव्यय",
      "sentence": 34,
      "start": 2185,
      "end": 2190,
      "confidence": 1.0
    },
    {
      "id": 147,
      "text": "दहशतवाद",
      "sentence": 34,
      "start": 2194,
      "end": 2200,
      "confidence": 1.0
    },
    {
      "id": 148,
      "text": "समस्यांविरोधात",
      "sentence": 34,
      "start": 2212,
      "end": 2222,
      "confidence": 1.0
    },
    {
      "id": 149,
      "text": "त्यांनी",
      "sentence": 34,
      "start": 2230,
      "end": 2234,
      "confidence": 1.0
    },
    {
      "id": 150,
      "text": "कर्तृत्व",
      "sentence": 35,
      "start": 2243,
      "end": 2248,
      "confidence": 1.0
    },
    {
      "id": 151,
      "text": "गौरव",
      "sentence": 35,
      "start": 2249,
      "end": 2252,
      "confidence": 1.0
    },
    {
      "id": 152,
      "text": "समारंभास",
      "sentence": 35,
      "start": 2253,
      "end": 2259,
      "confidence": 1.0
    },
    {
      "id": 153,
      "text": "आयुक्त",
      "sentence": 35,
      "start": 2270,
      "end": 2275,
      "confidence": 1.0
    },
    {
      "id": 154,
      "text": "पवार",
      "sentence": 35,
      "start": 2283,
      "end": 2286,
      "confidence": 1.0
    },
    {
      "id": 155,
      "text": "जयवंत",
      "sentence": 35,
      "start": 2289,
      "end": 2293,
      "confidence": 1.0
    },
    {
      "id": 156,
      "text": "चव्हाण",
      "sentence": 35,
      "start": 2294,
      "end": 2298,
      "confidence": 1.0
    },
    {
      "id": 157,
      "text": "महाराष्ट्र",
      "sentence": 35,
      "start": 2305,
      "end": 2311,
      "confidence": 1.0
    },
    {
      "id": 158,
      "text": "केसरी",
      "sentence": 35,
      "start": 2312,
      "end": 2316,
      "confidence": 1.0
    },
    {
      "id": 159,
      "text": "शिवाजीराव",
      "sentence": 35,
      "start": 2317,
      "end": 2324,
      "confidence": 1.0
    },
    {
      "id": 160,
      "text": "पाचपुते",
      "sentence": 35,
      "start": 2325,
      "end": 2330,
      "confidence": 1.0
    },
    {
      "id": 161,
      "text": "संभाजीराव",
      "sentence": 35,
      "start": 2333,
      "end": 2340,
      "confidence": 1.0
    },
    {
      "id": 162,
      "text": "पाटणे",
      "sentence": 35,
      "start": 2341,
      "end": 2344,
      "confidence": 1.0
    },
    {
      "id": 163,
      "text": "राजेंद्र",
      "sentence": 35,
      "start": 2347,
      "end": 2353,
      "confidence": 1.0
    },
    {
      "id": 164,
      "text": "प्राचार्य",
      "sentence": 35,
      "start": 2361,
      "end": 2366,
      "confidence": 1.0
    },
    {
      "id": 165,
      "text": "पुरुषोत्तम",
      "sentence": 35,
      "start": 2367,
      "end": 2374,
      "confidence": 1.0
    },
    {
      "id": 166,
      "text": "पाठक",
      "sentence": 35,
      "start": 2384,
      "end": 2387,
      "confidence": 1.0
    },
    {
      "id": 167,
      "text": "बागवान",
      "sentence": 35,
      "start": 2394,
      "end": 2398,
      "confidence": 1.0
    },
    {
      "id": 168,
      "text": "बबनराव",
      "sentence": 35,
      "start": 2401,
      "end": 2405,
      "confidence": 1.0
    },
    {
      "id": 169,
      "text": "उथळे",
      "sentence": 35,
      "start": 2406,
      "end": 2409,
      "confidence": 1.0
    },
    {
      "id": 170,
      "text": "राजेंद्र",
      "sentence": 35,
      "start": 2412,
      "end": 2418,
      "confidence": 1.0
    },
    {
      "id": 171,
      "text": "शेलार",
      "sentence": 35,
      "start": 2419,
      "end": 2423,
      "confidence": 1.0
    },
    {
      "id": 172,
      "text": "प्रकाश",
      "sentence": 35,
      "start": 2426,
      "end": 2430,
      "confidence": 1.0
    },
    {
      "id": 173,
      "text": "खंडूशेठ",
      "sentence": 35,
      "start": 2437,
      "end": 2442,
      "confidence": 1.0
    },
    {
      "id": 174,
      "text": "सारडा",
      "sentence": 35,
      "start": 2443,
      "end": 2446,
      "confidence": 1.0
    },
    {
      "id": 175,
      "text": "श्रीकांत",
      "sentence": 35,
      "start": 2449,
      "end": 2454,
      "confidence": 1.0
    },
    {
      "id": 176,
      "text": "शेटे",
      "sentence": 35,
      "start": 2455,
      "end": 2458,
      "confidence": 1.0
    },
    {
      "id": 177,
      "text": "अनुपमा",
      "sentence": 36,
      "start": 2465,
      "end": 2470,
      "confidence": 1.0
    },
    {
      "id": 178,
      "text": "गोडबाले",
      "sentence": 36,
      "start": 2471,
      "end": 2476,
      "confidence": 1.0
    }
  ],
  "clusters": [
    [
      0,
      47
    ],
    [
      17,
      18,
      171
    ],
    [
      14,
      169,
      175
    ],
    [
      22,
      25
    ],
    [
      28,
      31
    ],
    [
      35,
      43
    ],
    [
      36,
      40,
      41
    ],
    [
      52,
      53
    ],
    [
      62,
      63,
      64
    ],
    [
      71,
      72
    ],
    [
      75,
      78
    ],
    [
      81,
      82,
      83
    ],
    [
      84,
      87
    ],
    [
      90,
      92,
      99,
      102,
      104
    ],
    [
      94,
      98,
      101,
      106
    ],
    [
      96,
      97
    ],
    [
      108,
      109
    ],
    [
      144,
      145,
      146
    ],
    [
      151,
      152
    ],
    [
      155,
      156,
      157,
      164
    ],
    [
      166,
      167,
      168
    ],
    [
      174,
      177
    ],
    [
      176,
      178
    ]
  ]
}