{
  "document_id": "document_486",
  "sentences": [
    "गदाना केंद्रातून चोरलेले विद्युत खांब जप्त",
    "काबुकी-नाट्यप्रकाराची सुरुवात १५९६ मधील एका प्रसंगातून झाली, असे म्हणतात.",
    "तो प्रसंग असा : एक दिवस ओकुनी नावाची एक शिंतो धर्मोपदेशिका एका नदीच्या शुष्क पात्रात नाचून-गाऊन बुद्धाची प्रार्थना करीत होती.",
    "तिच्या या नृत्याभिनयाने नदीतीरावरील हिरवळीवर बसलेल्यांना चांगलीच भुरळ घातली.",
    "विशेष म्हणजे तिचा एक प्रियकर नागोया सान्‌झाएमोन हा तिच्या नृत्याने आकर्षित झाला.",
    "पुढे त्याने तिच्या नृत्याला नो नाट्य या प्राचीन जपानी नाट्यप्रकारातील विशेषांची व तत्कालीन प्रसिद्ध लोकनृत्ये यांची जोड दिली.",
    "ओकुनीच्या या नृत्यामुळे सामान्यजनांची चांगलीच करमणूक होऊ लागली.",
    "त्यामुळे त्याची लोकप्रियता बरीच वाढली.",
    "या तिच्या काबुकी नृत्यात स्त्रिया पुरुषांचे व पुरुष स्त्रियांचे काम करीत असत, पुढे ओकुनीने आपला एक नटसंचच तयार केला व १६०३ मध्ये जपानभर दौरा करून सारा जपान तिने आपल्या नृत्य-नाट्याने भारून टाकला.",
    "त्याचवर्षी ६ मे रोजी क्योटो येथील राजवाड्यातही ओकुनीने शाही निमंत्रणावरून आपल्या नृत्य-नाट्याचा प्रयोग केला.",
    "१६०४ मधील उन्हाळ्यात तिने क्योटो येथे आपल्या या नृत्य-नाट्याच्या कार्यक्रमासाठी `नो' नाट्यगृहाच्या धर्तीवर एक तात्पुरत्या स्वरूपाचा काबुकी रंगमंचही बांधून काढला.",
    "हाच पहिला काबुकी रंगमंच होय.",
    "बँकेच्या घोटाळ्या प्रकरणी."
  ],
  "mentions": [
    {
      "id": 0,
      "text": "केंद्रातून",
      "sentence": 0,
      "start": 7,
      "end": 16,
      "confidence": 1.0
    },
    {
      "id": 1,
      "text": "विद्युत",
      "sentence": 0,
      "start": 26,
      "end": 31,
      "confidence": 1.0
    },
    {
      "id": 2,
      "text": "खांब",
      "sentence": 0,
      "start": 32,
      "end": 36,
      "confidence": 1.0
    },
    {
      "id": 3,
      "text": "काबुकी-नाट्यप्रकाराची",
      "sentence": 1,
      "start": 39,
      "end": 56,
      "confidence": 1.0
    },
    {
      "id": 4,
      "text": "प्रसंगातून",
      "sentence": 1,
      "start": 77,
      "end": 85,
      "confidence": 1.0
    },
    {
      "id": 5,
      "text": "तो",
      "sentence": 2,
      "start": 100,
      "end": 102,
      "confidence": 1.0
    },
    {
      "id": 6,
      "text": "प्रसंग",
      "sentence": 2,
      "start": 103,
      "end": 108,
      "confidence": 1.0
    },
    {
      "id": 7,
      "text": "दिवस",
      "sentence": 2,
      "start": 115,
      "end": 119,
      "confidence": 1.0
    },
    {
      "id": 8,
      "text": "धर्मोपदेशिका",
      "sentence": 2,
      "start": 143,
      "end": 153,
      "confidence": 1.0
    },
    {
      "id": 9,
      "text": "बुद्धाची",
      "sentence": 2,
      "start": 187,
      "end": 193,
      "confidence": 1.0
    },
    {
      "id": 10,
      "text": "प्रार्थना",
      "sentence": 2,
      "start": 194,
      "end": 200,
      "confidence": 1.0
    },
    {
      "id": 11,
      "text": "तिच्या",
      "sentence": 3,
      "start": 219,
      "end": 224,
      "confidence": 1.0
    },
    {
      "id": 12,
      "text": "नृत्याभिनयाने",
      "sentence": 3,
      "start": 229,
      "end": 239,
      "confidence": 1.0
    },
    {
      "id": 13,
      "text": "नदीतीरावरील",
      "sentence": 3,
      "start": 240,
      "end": 250,
      "confidence": 1.0
    },
    {
      "id": 14,
      "text": "हिरवळीवर",
      "sentence": 3,
      "start": 251,
      "end": 258,
      "confidence": 1.0
    },
    {
      "id": 15,
      "text": "भुरळ",
      "sentence": 3,
      "start": 279,
      "end": 283,
      "confidence": 1.0
    },
    {
      "id": 16,
      "text": "प्रियकर",
      "sentence": 4,
      "start": 308,
      "end": 314,
      "confidence": 1.0
    },
    {
      "id": 17,
      "text": "नागोया",
      "sentence": 4,
      "start": 315,
      "end": 320,
      "confidence": 1.0
    },
    {
      "id": 18,
      "text": "सान्‌झाएमोन",
      "sentence": 4,
      "start": 321,
      "end": 332,
      "confidence": 1.0
    },
    {
      "id": 19,
      "text": "तिच्या",
      "sentence": 4,
      "start": 336,
      "end": 341,
      "confidence": 1.0
    },
    {
      "id": 20,
      "text": "नृत्याने",
      "sentence": 4,
      "start": 342,
      "end": 347,
      "confidence": 1.0
    },
    {
      "id": 21,
      "text": "त्याने",
      "sentence": 5,
      "start": 363,
      "end": 367,
      "confidence": 1.0
    },
    {
      "id": 22,
      "text": "तिच्या",
      "sentence": 5,
      "start": 368,
      "end": 373,
      "confidence": 1.0
    },
    {
      "id": 23,
      "text": "नृत्याला",
      "sentence": 5,
      "start": 374,
      "end": 380,
      "confidence": 1.0
    },
    {
      "id": 24,
      "text": "नाट्य",
      "sentence": 5,
      "start": 384,
      "end": 388,
      "confidence": 1.0
    },
    {
      "id": 25,
      "text": "विशेषांची",
      "sentence": 5,
      "start": 413,
      "end": 420,
      "confidence": 1.0
    },
    {
      "id": 26,
      "text": "लोकनृत्ये",
      "sentence": 5,
      "start": 435,
      "end": 442,
      "confidence": 1.0
    },
    {
      "id": 27,
      "text": "सामान्यजनांची",
      "sentence": 6,
      "start": 476,
      "end": 486,
      "confidence": 1.0
    },
    {
      "id": 28,
      "text": "करमणूक",
      "sentence": 6,
      "start": 495,
      "end": 501,
      "confidence": 1.0
    },
    {
      "id": 29,
      "text": "त्याची",
      "sentence": 7,
      "start": 510,
      "end": 514,
      "confidence": 1.0
    },
    {
      "id": 30,
      "text": "लोकप्रियता",
      "sentence": 7,
      "start": 515,
      "end": 522,
      "confidence": 1.0
    },
    {
      "id": 31,
      "text": "तिच्या",
      "sentence": 8,
      "start": 538,
      "end": 543,
      "confidence": 1.0
    },
    {
      "id": 32,
      "text": "काबुकी",
      "sentence": 8,
      "start": 544,
      "end": 549,
      "confidence": 1.0
    },
    {
      "id": 33,
      "text": "नृत्यात",
      "sentence": 8,
      "start": 550,
      "end": 555,
      "confidence": 1.0
    },
    {
      "id": 34,
      "text": "स्त्रिया",
      "sentence": 8,
      "start": 556,
      "end": 561,
      "confidence": 1.0
    },
    {
      "id": 35,
      "text": "पुरुषांचे",
      "sentence": 8,
      "start": 562,
      "end": 568,
      "confidence": 1.0
    },
    {
      "id": 36,
      "text": "पुरुष",
      "sentence": 8,
      "start": 572,
      "end": 576,
      "confidence": 1.0
    },
    {
      "id": 37,
      "text": "स्त्रियांचे",
      "sentence": 8,
      "start": 577,
      "end": 583,
      "confidence": 1.0
    },
    {
      "id": 38,
      "text": "ओकुनीने",
      "sentence": 8,
      "start": 601,
      "end": 607,
      "confidence": 1.0
    },
    {
      "id": 39,
      "text": "आपला",
      "sentence": 8,
      "start": 608,
      "end": 613,
      "confidence": 1.0
    },
    {
      "id": 40,
      "text": "नटसंचच",
      "sentence": 8,
      "start": 617,
      "end": 623,
      "confidence": 1.0
    },
    {
      "id": 41,
      "text": "दौरा",
      "sentence": 8,
      "start": 648,
      "end": 652,
      "confidence": 1.0
    },
    {
      "id": 42,
      "text": "जपान",
      "sentence": 8,
      "start": 663,
      "end": 667,
      "confidence": 1.0
    },
    {
      "id": 43,
      "text": "तिने",
      "sentence": 8,
      "start": 668,
      "end": 671,
      "confidence": 1.0
    },
    {
      "id": 44,
      "text": "नृत्य-नाट्याने",
      "sentence": 8,
      "start": 677,
      "end": 686,
      "confidence": 1.0
    },
    {
      "id": 45,
      "text": "त्याचवर्षी",
      "sentence": 9,
      "start": 698,
      "end": 705,
      "confidence": 1.0
    },
    {
      "id": 46,
      "text": "क्योटो",
      "sentence": 9,
      "start": 715,
      "end": 720,
      "confidence": 1.0
    },
    {
      "id": 47,
      "text": "राजवाड्यातही",
      "sentence": 9,
      "start": 727,
      "end": 736,
      "confidence": 1.0
    },
    {
      "id": 48,
      "text": "ओकुनीने",
      "sentence": 9,
      "start": 737,
      "end": 743,
      "confidence": 1.0
    },
    {
      "id": 49,
      "text": "निमंत्रणावरून",
      "sentence": 9,
      "start": 750,
      "end": 760,
      "confidence": 1.0
    },
    {
      "id": 50,
      "text": "आपल्या",
      "sentence": 9,
      "start": 761,
      "end": 766,
      "confidence": 1.0
    },
    {
      "id": 51,
      "text": "नृत्य-नाट्याचा",
      "sentence": 9,
      "start": 767,
      "end": 776,
      "confidence": 1.0
    },
    {
      "id": 52,
      "text": "प्रयोग",
      "sentence": 9,
      "start": 777,
      "end": 781,
      "confidence": 1.0
    },
    {
      "id": 53,
      "text": "उन्हाळ्यात",
      "sentence": 10,
      "start": 796,
      "end": 803,
      "confidence": 1.0
    },
    {
      "id": 54,
      "text": "तिने",
      "sentence": 10,
      "start": 804,
      "end": 807,
      "confidence": 1.0
    },
    {
      "id": 55,
      "text": "क्योटो",
      "sentence": 10,
      "start": 808,
      "end": 813,
      "confidence": 1.0
    },
    {
      "id": 56,
      "text": "आपल्या",
      "sentence": 10,
      "start": 819,
      "end": 824,
      "confidence": 1.0
    },
    {
      "id": 57,
      "text": "नृत्य-नाट्याच्या",
      "sentence": 10,
      "start": 829,
      "end": 838,
      "confidence": 1.0
    },
    {
      "id": 58,
      "text": "कार्यक्रमासाठी",
      "sentence": 10,
      "start": 839,
      "end": 849,
      "confidence": 1.0
    },
    {
      "id": 59,
      "text": "नाट्यगृहाच्या",
      "sentence": 10,
      "start": 857,
      "end": 867,
      "confidence": 1.0
    },
    {
      "id": 60,
      "text": "धर्तीवर",
      "sentence": 10,
      "start": 868,
      "end": 874,
      "confidence": 1.0
    },
    {
      "id": 61,
      "text": "स्वरूपाचा",
      "sentence": 10,
      "start": 886,
      "end": 893,
      "confidence": 1.0
    },
    {
      "id": 62,
      "text": "काबुकी",
      "sentence": 10,
      "start": 894,
      "end": 899,
      "confidence": 1.0
    },
    {
      "id": 63,
      "text": "रंगमंचही",
      "sentence": 10,
      "start": 900,
      "end": 907,
      "confidence": 1.0
    },
    {
      "id": 64,
      "text": "काबुकी",
      "sentence": 11,
      "start": 930,
      "end": 935,
      "confidence": 1.0
    },
    {
      "id": 65,
      "text": "रंगमंच",
      "sentence": 11,
      "start": 936,
      "end": 940,
      "confidence": 1.0
    },
    {
      "id": 66,
      "text": "घोटाळ्या",
      "sentence": 12,
      "start": 952,
      "end": 958,
      "confidence": 1.0
    }
  ],
  "clusters": [
    [
      5,
      6,
      7
    ],
    [
      9,
      11,
      16,
      22,
      27,
      30,
      37,
      43,
      51,
      52,
      57,
      64,
      66
    ],
    [
      24,
      25,
      26,
      29
    ],
    [
      54,
      56
    ],
    [
      3,
      44
    ],
    [
      17,
      28,
      31,
      38,
      41,
      45,
      58
    ]
  ]
}