{
  "document_id": "document_112",
  "sentences": [
    "आजही चाहत्यांचे रजनीकांतवरचे प्रेम तसूभरही कमी नाही",
    "गाठी जरी जगन्नियंता बांधत असला, तरी जन्मकुंडली पाहून, त्यातील किती गुण जुळतात ते पाहून मगच विवाह पक्का केला जात असे.",
    "इतके शब्द मराठीच  आहेत.",
    "या कॉरीडोअरमध्ये घनदाट जंगल नसते.",
    "पण नंतर सरावाने दीड ते दोन मिनिटांपर्यंत आसनस्थिती जमू लागते.",
    "पुणे आणि वाई परिसरातील काही धनधांडग्यांनी सर्व नियम, कायदे धाब्यावर बसवून ही बांधकामे केली आहेत.",
    "यावेळी बुलडाण्याचे आमदार डॉ.",
    "राजेंद्र शिंगणे म्हणाले की, आम्हाला 7 वाजता फोन आला.",
    "आपण या लोकप्रिय खेळ खेळत सुरू केल्यास, आपण कदाचित \"Minecraft\" गोष्टी कसे करायचे ते विचार केला आहे.",
    "यामुळे विद्यार्थीदशेतील शैक्षणिक सहलीच्या आनंदाला विद्यार्थी मुकणार आहेत.",
    "भाजपा प्रवक्ते माधव भंडारी",
    "हरिश्‍चंद्र नाईक हे मूळ मडकई मतदारसंघातील असून त्यांनी शिरोडा मतदारसंघातून जबरदस्त आव्हान निर्माण करण्याचे प्रयत्न केले होते, त्यासाठी उमेदवारीही दाखल केली होती.",
    "महिला आणि पुरुष मतदारांची संख्या, या सॉफ्टवेअरमधून कळणं सोपं जाणार आहे ', असं अलका मांजरेकर यांनी सांगितलं.",
    "हे ऐकून ती रागावली.",
    "ही सगळी झाली मालवणी मांसाहारी पदार्थाची यादी.",
    "नवरा बायको दोघेही सायकीअ‍ॅट्रिस्ट आहेत.",
    "शॉवर आणि दोन शौचालय प्रत्येक मजल्यावर.",
    "शासनाने सप्टेंबर 2016 मध्ये आदेश काढून यापुढे सिडकोचे प्राधिकरण हे मनपा असेल असे सांगितले होते.",
    "कृती - बीट स्वच्छ धुवुन कुकरला एक शिट्टी करून शिजवून घ्यावे.",
    "थंड झाल्यावर साल काढुन मोठ्या खिसणीने खिसुन घ्यावे.",
    "त्यात दाण्याचे कूट, साखर, मीठ, लिंबाचा रस घालावा.",
    "फोडणीच्या वाटीमधे तेल गरम करुन जिरे, मोहरी, हिंग घालुन ते तडतडले की त्यात हिरव्या मिरचीचे तुकडे घालून गॅस बंद करून २-३ मिनीटे तसाच राहु द्यावा.",
    "त्यामुळे मिरची कुरकुरीत होईल.",
    "त्यानंतर ती फोडणी खिसलेल्या बीटमधे घालून सगळे नीट मिसळावे.",
    "वरून कोथिंबीर घालावी.",
    "तिथं बसून पिऊ, म्हणजे खुदाचा अधिक्षेप होणार नाही.",
    "भात लागवडीसाठी पूरक वातावरण झाल्याने शेतकयांमध्ये समाधान असून संपूर्ण भाग शेतीची मशागत करण्यात मग्न आहे.",
    "मोठी गुंतवणूक करण्याआधी तज्ञांचा सल्ला घ्यावा.",
    "कारण उपरोध न समजून तंडायला सुरुवात केल्याची उदाहरणे अनुभवली आहेत.",
    "प्रवासात दागिने घालू नयेत, चोरटय़ांची भीती असते असं सांगतात.",
    "नाचतात काय, परपुरुषांबरोबर पार्टीला जातात काय."
  ],
  "mentions": [
    {
      "id": 0,
      "text": "चाहत्यांचे",
      "sentence": 0,
      "start": 6,
      "end": 14,
      "confidence": 1.0
    },
    {
      "id": 1,
      "text": "रजनीकांतवरचे",
      "sentence": 0,
      "start": 15,
      "end": 26,
      "confidence": 1.0
    },
    {
      "id": 2,
      "text": "प्रेम",
      "sentence": 0,
      "start": 27,
      "end": 30,
      "confidence": 1.0
    },
    {
      "id": 3,
      "text": "गाठी",
      "sentence": 1,
      "start": 41,
      "end": 45,
      "confidence": 1.0
    },
    {
      "id": 4,
      "text": "जगन्नियंता",
      "sentence": 1,
      "start": 50,
      "end": 59,
      "confidence": 1.0
    },
    {
      "id": 5,
      "text": "जन्मकुंडली",
      "sentence": 1,
      "start": 77,
      "end": 86,
      "confidence": 1.0
    },
    {
      "id": 6,
      "text": "विवाह",
      "sentence": 1,
      "start": 127,
      "end": 131,
      "confidence": 1.0
    },
    {
      "id": 7,
      "text": "शब्द",
      "sentence": 2,
      "start": 149,
      "end": 152,
      "confidence": 1.0
    },
    {
      "id": 8,
      "text": "कॉरीडोअरमध्ये",
      "sentence": 3,
      "start": 165,
      "end": 176,
      "confidence": 1.0
    },
    {
      "id": 9,
      "text": "जंगल",
      "sentence": 3,
      "start": 183,
      "end": 187,
      "confidence": 1.0
    },
    {
      "id": 10,
      "text": "सरावाने",
      "sentence": 4,
      "start": 200,
      "end": 206,
      "confidence": 1.0
    },
    {
      "id": 11,
      "text": "आसनस्थिती",
      "sentence": 4,
      "start": 226,
      "end": 234,
      "confidence": 1.0
    },
    {
      "id": 12,
      "text": "धनधांडग्यांनी",
      "sentence": 5,
      "start": 276,
      "end": 287,
      "confidence": 1.0
    },
    {
      "id": 13,
      "text": "नियम",
      "sentence": 5,
      "start": 293,
      "end": 297,
      "confidence": 1.0
    },
    {
      "id": 14,
      "text": "कायदे",
      "sentence": 5,
      "start": 299,
      "end": 304,
      "confidence": 1.0
    },
    {
      "id": 15,
      "text": "बांधकामे",
      "sentence": 5,
      "start": 318,
      "end": 325,
      "confidence": 1.0
    },
    {
      "id": 16,
      "text": "बुलडाण्याचे",
      "sentence": 6,
      "start": 338,
      "end": 346,
      "confidence": 1.0
    },
    {
      "id": 17,
      "text": "आमदार",
      "sentence": 6,
      "start": 347,
      "end": 352,
      "confidence": 1.0
    },
    {
      "id": 18,
      "text": "राजेंद्र",
      "sentence": 7,
      "start": 357,
      "end": 363,
      "confidence": 1.0
    },
    {
      "id": 19,
      "text": "आम्हाला",
      "sentence": 7,
      "start": 382,
      "end": 388,
      "confidence": 1.0
    },
    {
      "id": 20,
      "text": "आपण",
      "sentence": 8,
      "start": 406,
      "end": 409,
      "confidence": 1.0
    },
    {
      "id": 21,
      "text": "आपण",
      "sentence": 8,
      "start": 437,
      "end": 440,
      "confidence": 1.0
    },
    {
      "id": 22,
      "text": "Minecraft",
      "sentence": 8,
      "start": 449,
      "end": 458,
      "confidence": 1.0
    },
    {
      "id": 23,
      "text": "गोष्टी",
      "sentence": 8,
      "start": 460,
      "end": 465,
      "confidence": 1.0
    },
    {
      "id": 24,
      "text": "विद्यार्थीदशेतील",
      "sentence": 9,
      "start": 482,
      "end": 494,
      "confidence": 1.0
    },
    {
      "id": 25,
      "text": "सहलीच्या",
      "sentence": 9,
      "start": 503,
      "end": 509,
      "confidence": 1.0
    },
    {
      "id": 26,
      "text": "आनंदाला",
      "sentence": 9,
      "start": 510,
      "end": 517,
      "confidence": 1.0
    },
    {
      "id": 27,
      "text": "विद्यार्थी",
      "sentence": 9,
      "start": 518,
      "end": 525,
      "confidence": 1.0
    },
    {
      "id": 28,
      "text": "भाजपा",
      "sentence": 10,
      "start": 538,
      "end": 542,
      "confidence": 1.0
    },
    {
      "id": 29,
      "text": "प्रवक्ते",
      "sentence": 10,
      "start": 543,
      "end": 549,
      "confidence": 1.0
    },
    {
      "id": 30,
      "text": "माधव",
      "sentence": 10,
      "start": 550,
      "end": 554,
      "confidence": 1.0
    },
    {
      "id": 31,
      "text": "भंडारी",
      "sentence": 10,
      "start": 555,
      "end": 560,
      "confidence": 1.0
    },
    {
      "id": 32,
      "text": "हरिश्‍चंद्र",
      "sentence": 11,
      "start": 562,
      "end": 571,
      "confidence": 1.0
    },
    {
      "id": 33,
      "text": "नाईक",
      "sentence": 11,
      "start": 572,
      "end": 576,
      "confidence": 1.0
    },
    {
      "id": 34,
      "text": "मडकई",
      "sentence": 11,
      "start": 583,
      "end": 588,
      "confidence": 1.0
    },
    {
      "id": 35,
      "text": "मतदारसंघातील",
      "sentence": 11,
      "start": 589,
      "end": 600,
      "confidence": 1.0
    },
    {
      "id": 36,
      "text": "त्यांनी",
      "sentence": 11,
      "start": 607,
      "end": 612,
      "confidence": 1.0
    },
    {
      "id": 37,
      "text": "मतदारसंघातून",
      "sentence": 11,
      "start": 620,
      "end": 630,
      "confidence": 1.0
    },
    {
      "id": 38,
      "text": "आव्हान",
      "sentence": 11,
      "start": 638,
      "end": 643,
      "confidence": 1.0
    },
    {
      "id": 39,
      "text": "प्रयत्न",
      "sentence": 11,
      "start": 654,
      "end": 658,
      "confidence": 1.0
    },
    {
      "id": 40,
      "text": "त्यासाठी",
      "sentence": 11,
      "start": 670,
      "end": 676,
      "confidence": 1.0
    },
    {
      "id": 41,
      "text": "उमेदवारीही",
      "sentence": 11,
      "start": 677,
      "end": 686,
      "confidence": 1.0
    },
    {
      "id": 42,
      "text": "महिला",
      "sentence": 12,
      "start": 693,
      "end": 697,
      "confidence": 1.0
    },
    {
      "id": 43,
      "text": "पुरुष",
      "sentence": 12,
      "start": 701,
      "end": 705,
      "confidence": 1.0
    },
    {
      "id": 44,
      "text": "मतदारांची",
      "sentence": 12,
      "start": 706,
      "end": 713,
      "confidence": 1.0
    },
    {
      "id": 45,
      "text": "संख्या",
      "sentence": 12,
      "start": 714,
      "end": 718,
      "confidence": 1.0
    },
    {
      "id": 46,
      "text": "अलका",
      "sentence": 12,
      "start": 764,
      "end": 768,
      "confidence": 1.0
    },
    {
      "id": 47,
      "text": "मांजरेकर",
      "sentence": 12,
      "start": 769,
      "end": 776,
      "confidence": 1.0
    },
    {
      "id": 48,
      "text": "यांनी",
      "sentence": 12,
      "start": 777,
      "end": 781,
      "confidence": 1.0
    },
    {
      "id": 49,
      "text": "ती",
      "sentence": 13,
      "start": 792,
      "end": 793,
      "confidence": 1.0
    },
    {
      "id": 50,
      "text": "पदार्थाची",
      "sentence": 14,
      "start": 827,
      "end": 834,
      "confidence": 1.0
    },
    {
      "id": 51,
      "text": "यादी",
      "sentence": 14,
      "start": 835,
      "end": 839,
      "confidence": 1.0
    },
    {
      "id": 52,
      "text": "नवरा",
      "sentence": 15,
      "start": 841,
      "end": 845,
      "confidence": 1.0
    },
    {
      "id": 53,
      "text": "बायको",
      "sentence": 15,
      "start": 846,
      "end": 850,
      "confidence": 1.0
    },
    {
      "id": 54,
      "text": "दोघेही",
      "sentence": 15,
      "start": 851,
      "end": 856,
      "confidence": 1.0
    },
    {
      "id": 55,
      "text": "सायकीअ‍ॅट्रिस्ट",
      "sentence": 15,
      "start": 857,
      "end": 869,
      "confidence": 1.0
    },
    {
      "id": 56,
      "text": "शॉवर",
      "sentence": 16,
      "start": 876,
      "end": 880,
      "confidence": 1.0
    },
    {
      "id": 57,
      "text": "शौचालय",
      "sentence": 16,
      "start": 889,
      "end": 894,
      "confidence": 1.0
    },
    {
      "id": 58,
      "text": "मजल्यावर",
      "sentence": 16,
      "start": 903,
      "end": 909,
      "confidence": 1.0
    },
    {
      "id": 59,
      "text": "शासनाने",
      "sentence": 17,
      "start": 911,
      "end": 918,
      "confidence": 1.0
    },
    {
      "id": 60,
      "text": "सप्टेंबर",
      "sentence": 17,
      "start": 919,
      "end": 925,
      "confidence": 1.0
    },
    {
      "id": 61,
      "text": "सिडकोचे",
      "sentence": 17,
      "start": 953,
      "end": 959,
      "confidence": 1.0
    },
    {
      "id": 62,
      "text": "प्राधिकरण",
      "sentence": 17,
      "start": 960,
      "end": 967,
      "confidence": 1.0
    },
    {
      "id": 63,
      "text": "कृती",
      "sentence": 18,
      "start": 990,
      "end": 993,
      "confidence": 1.0
    },
    {
      "id": 64,
      "text": "कुकरला",
      "sentence": 18,
      "start": 1009,
      "end": 1014,
      "confidence": 1.0
    },
    {
      "id": 65,
      "text": "शिट्टी",
      "sentence": 18,
      "start": 1019,
      "end": 1023,
      "confidence": 1.0
    },
    {
      "id": 66,
      "text": "खिसणीने",
      "sentence": 19,
      "start": 1056,
      "end": 1062,
      "confidence": 1.0
    },
    {
      "id": 67,
      "text": "दाण्याचे",
      "sentence": 20,
      "start": 1076,
      "end": 1082,
      "confidence": 1.0
    },
    {
      "id": 68,
      "text": "साखर",
      "sentence": 20,
      "start": 1088,
      "end": 1092,
      "confidence": 1.0
    },
    {
      "id": 69,
      "text": "फोडणीच्या",
      "sentence": 21,
      "start": 1118,
      "end": 1126,
      "confidence": 1.0
    },
    {
      "id": 70,
      "text": "वाटीमधे",
      "sentence": 21,
      "start": 1127,
      "end": 1133,
      "confidence": 1.0
    },
    {
      "id": 71,
      "text": "मोहरी",
      "sentence": 21,
      "start": 1151,
      "end": 1155,
      "confidence": 1.0
    },
    {
      "id": 72,
      "text": "ते",
      "sentence": 21,
      "start": 1168,
      "end": 1170,
      "confidence": 1.0
    },
    {
      "id": 73,
      "text": "मिरचीचे",
      "sentence": 21,
      "start": 1190,
      "end": 1196,
      "confidence": 1.0
    },
    {
      "id": 74,
      "text": "तुकडे",
      "sentence": 21,
      "start": 1197,
      "end": 1201,
      "confidence": 1.0
    },
    {
      "id": 75,
      "text": "मिनीटे",
      "sentence": 21,
      "start": 1225,
      "end": 1230,
      "confidence": 1.0
    },
    {
      "id": 76,
      "text": "मिरची",
      "sentence": 22,
      "start": 1241,
      "end": 1245,
      "confidence": 1.0
    },
    {
      "id": 77,
      "text": "ती",
      "sentence": 23,
      "start": 1256,
      "end": 1258,
      "confidence": 1.0
    },
    {
      "id": 78,
      "text": "फोडणी",
      "sentence": 23,
      "start": 1259,
      "end": 1264,
      "confidence": 1.0
    },
    {
      "id": 79,
      "text": "कोथिंबीर",
      "sentence": 24,
      "start": 1302,
      "end": 1308,
      "confidence": 1.0
    },
    {
      "id": 80,
      "text": "अधिक्षेप",
      "sentence": 25,
      "start": 1332,
      "end": 1338,
      "confidence": 1.0
    },
    {
      "id": 81,
      "text": "लागवडीसाठी",
      "sentence": 26,
      "start": 1353,
      "end": 1362,
      "confidence": 1.0
    },
    {
      "id": 82,
      "text": "वातावरण",
      "sentence": 26,
      "start": 1368,
      "end": 1374,
      "confidence": 1.0
    },
    {
      "id": 83,
      "text": "शेतकयांमध्ये",
      "sentence": 26,
      "start": 1385,
      "end": 1394,
      "confidence": 1.0
    },
    {
      "id": 84,
      "text": "समाधान",
      "sentence": 26,
      "start": 1395,
      "end": 1400,
      "confidence": 1.0
    },
    {
      "id": 85,
      "text": "शेतीची",
      "sentence": 26,
      "start": 1417,
      "end": 1422,
      "confidence": 1.0
    },
    {
      "id": 86,
      "text": "मशागत",
      "sentence": 26,
      "start": 1423,
      "end": 1428,
      "confidence": 1.0
    },
    {
      "id": 87,
      "text": "गुंतवणूक",
      "sentence": 27,
      "start": 1438,
      "end": 1445,
      "confidence": 1.0
    },
    {
      "id": 88,
      "text": "तज्ञांचा",
      "sentence": 27,
      "start": 1455,
      "end": 1461,
      "confidence": 1.0
    },
    {
      "id": 89,
      "text": "सल्ला",
      "sentence": 27,
      "start": 1462,
      "end": 1466,
      "confidence": 1.0
    },
    {
      "id": 90,
      "text": "उपरोध",
      "sentence": 28,
      "start": 1475,
      "end": 1480,
      "confidence": 1.0
    },
    {
      "id": 91,
      "text": "उदाहरणे",
      "sentence": 28,
      "start": 1500,
      "end": 1505,
      "confidence": 1.0
    },
    {
      "id": 92,
      "text": "प्रवासात",
      "sentence": 29,
      "start": 1515,
      "end": 1521,
      "confidence": 1.0
    },
    {
      "id": 93,
      "text": "दागिने",
      "sentence": 29,
      "start": 1522,
      "end": 1527,
      "confidence": 1.0
    },
    {
      "id": 94,
      "text": "चोरटय़ांची",
      "sentence": 29,
      "start": 1538,
      "end": 1545,
      "confidence": 1.0
    },
    {
      "id": 95,
      "text": "भीती",
      "sentence": 29,
      "start": 1546,
      "end": 1549,
      "confidence": 1.0
    },
    {
      "id": 96,
      "text": "परपुरुषांबरोबर",
      "sentence": 30,
      "start": 1565,
      "end": 1576,
      "confidence": 1.0
    },
    {
      "id": 97,
      "text": "पार्टीला",
      "sentence": 30,
      "start": 1577,
      "end": 1582,
      "confidence": 1.0
    }
  ],
  "clusters": [
    [
      5,
      6
    ],
    [
      24,
      25,
      26,
      27
    ],
    [
      29,
      31
    ],
    [
      38,
      39,
      40,
      41
    ],
    [
      42,
      43,
      44,
      47
    ],
    [
      45,
      46
    ],
    [
      48,
      49
    ],
    [
      50,
      51,
      52
    ],
    [
      59,
      60,
      61
    ],
    [
      64,
      67
    ],
    [
      68,
      69,
      70
    ],
    [
      78,
      79,
      80
    ],
    [
      83,
      86,
      88
    ],
    [
      89,
      90
    ],
    [
      93,
      94
    ]
  ]
}