{
  "document_id": "document_319",
  "sentences": [
    "एक प्रकारच्या भाजीचें झुडूप व त्याचें फळ .",
    "हें हिरवें , तांबडें , पिवळें असतें .",
    "बेलवांगें ; विलायती वांगें ; आरोग्यदृष्टया हें महत्त्वाचें असून यांत ओजद्रव्य ( व्हिटॅमिन ) फार असल्यानें हें शरीरास शक्तिवर्धक आहे .",
    "यानें पानथरी कमी होते व हगवणीचा विकार बंद होतो व पचनशक्ति वाढते .",
    "त्याच बँकेत कार्ड \"उघडत\" लागू होते.",
    "शुक्रवारी सकाळी साडेआठ वाजता शौचालयाची जमीन खचली आणि टाकीचा स्लॅब कोसळला.",
    "आज रात्री १० वाजता हे मंदिर पुन्हा बंद करण्यात येईल.",
    "बीपासून नुकतेच तयार झालेले रोप कंटेनर मध्ये खरेदी केले असल्यास, तो कोमट पाण्यात एक दिवस lowered आहे.",
    "जन्म, संगोपन, बिझनेसनंतर या दोघा भाऊ-बहिणींचे लग्न एकाच दिवशी होणार असल्याचे बोलले जातेय",
    "काँग्रेसचे ज्येष्ठ नेते असलेले प्रतापसिंह राणे, लुईझिन फालेरो, रवी नाईक तसेच आलेक्स रेजिनाल्ड हे सध्या अलिप्त राहिलेले आहेत.",
    "येथील नेताजी सुभाष चौकामध्ये ‘वाजपेयी अमर रहे, अमर रहे’ अशा घोषणा देण्यात आल्या.",
    "यावेळी बोलताना बापट म्हणाले की, पोलिसांनी हा कार्यक्रम घेणे म्हणजे त्यांच्यामध्येही परिवर्तन घडले आहे.",
    "या त्याच्या कामगिरीमुळे तसेच खेळण्याच्या."
  ],
  "mentions": [
    {
      "id": 0,
      "text": "झुडूप",
      "sentence": 0,
      "start": 16,
      "end": 21,
      "confidence": 1.0
    },
    {
      "id": 1,
      "text": "ओजद्रव्य",
      "sentence": 2,
      "start": 111,
      "end": 118,
      "confidence": 1.0
    },
    {
      "id": 2,
      "text": "व्हिटॅमिन",
      "sentence": 2,
      "start": 120,
      "end": 127,
      "confidence": 1.0
    },
    {
      "id": 3,
      "text": "शरीरास",
      "sentence": 2,
      "start": 145,
      "end": 151,
      "confidence": 1.0
    },
    {
      "id": 4,
      "text": "शक्तिवर्धक",
      "sentence": 2,
      "start": 152,
      "end": 161,
      "confidence": 1.0
    },
    {
      "id": 5,
      "text": "पानथरी",
      "sentence": 3,
      "start": 169,
      "end": 175,
      "confidence": 1.0
    },
    {
      "id": 6,
      "text": "विकार",
      "sentence": 3,
      "start": 185,
      "end": 189,
      "confidence": 1.0
    },
    {
      "id": 7,
      "text": "पचनशक्ति",
      "sentence": 3,
      "start": 200,
      "end": 208,
      "confidence": 1.0
    },
    {
      "id": 8,
      "text": "बँकेत",
      "sentence": 4,
      "start": 213,
      "end": 218,
      "confidence": 1.0
    },
    {
      "id": 9,
      "text": "कार्ड",
      "sentence": 4,
      "start": 221,
      "end": 225,
      "confidence": 1.0
    },
    {
      "id": 10,
      "text": "जमीन",
      "sentence": 5,
      "start": 277,
      "end": 281,
      "confidence": 1.0
    },
    {
      "id": 11,
      "text": "स्लॅब",
      "sentence": 5,
      "start": 294,
      "end": 299,
      "confidence": 1.0
    },
    {
      "id": 12,
      "text": "मंदिर",
      "sentence": 6,
      "start": 327,
      "end": 332,
      "confidence": 1.0
    },
    {
      "id": 13,
      "text": "बीपासून",
      "sentence": 7,
      "start": 351,
      "end": 357,
      "confidence": 1.0
    },
    {
      "id": 14,
      "text": "कंटेनर",
      "sentence": 7,
      "start": 373,
      "end": 379,
      "confidence": 1.0
    },
    {
      "id": 15,
      "text": "तो",
      "sentence": 7,
      "start": 402,
      "end": 404,
      "confidence": 1.0
    },
    {
      "id": 16,
      "text": "पाण्यात",
      "sentence": 7,
      "start": 410,
      "end": 415,
      "confidence": 1.0
    },
    {
      "id": 17,
      "text": "दिवस",
      "sentence": 7,
      "start": 419,
      "end": 423,
      "confidence": 1.0
    },
    {
      "id": 18,
      "text": "जन्म",
      "sentence": 8,
      "start": 435,
      "end": 439,
      "confidence": 1.0
    },
    {
      "id": 19,
      "text": "संगोपन",
      "sentence": 8,
      "start": 440,
      "end": 446,
      "confidence": 1.0
    },
    {
      "id": 20,
      "text": "बिझनेसनंतर",
      "sentence": 8,
      "start": 447,
      "end": 457,
      "confidence": 1.0
    },
    {
      "id": 21,
      "text": "भाऊ-बहिणींचे",
      "sentence": 8,
      "start": 466,
      "end": 477,
      "confidence": 1.0
    },
    {
      "id": 22,
      "text": "लग्न",
      "sentence": 8,
      "start": 477,
      "end": 481,
      "confidence": 1.0
    },
    {
      "id": 23,
      "text": "नेते",
      "sentence": 9,
      "start": 508,
      "end": 512,
      "confidence": 1.0
    },
    {
      "id": 24,
      "text": "प्रतापसिंह",
      "sentence": 9,
      "start": 519,
      "end": 528,
      "confidence": 1.0
    },
    {
      "id": 25,
      "text": "राणे",
      "sentence": 9,
      "start": 528,
      "end": 532,
      "confidence": 1.0
    },
    {
      "id": 26,
      "text": "लुईझिन",
      "sentence": 9,
      "start": 533,
      "end": 540,
      "confidence": 1.0
    },
    {
      "id": 27,
      "text": "नाईक",
      "sentence": 9,
      "start": 550,
      "end": 554,
      "confidence": 1.0
    },
    {
      "id": 28,
      "text": "रेजिनाल्ड",
      "sentence": 9,
      "start": 565,
      "end": 573,
      "confidence": 1.0
    },
    {
      "id": 29,
      "text": "नेताजी",
      "sentence": 10,
      "start": 590,
      "end": 596,
      "confidence": 1.0
    },
    {
      "id": 30,
      "text": "चौकामध्ये",
      "sentence": 10,
      "start": 601,
      "end": 609,
      "confidence": 1.0
    },
    {
      "id": 31,
      "text": "वाजपेयी",
      "sentence": 10,
      "start": 611,
      "end": 617,
      "confidence": 1.0
    },
    {
      "id": 32,
      "text": "घोषणा",
      "sentence": 10,
      "start": 634,
      "end": 639,
      "confidence": 1.0
    },
    {
      "id": 33,
      "text": "बापट",
      "sentence": 11,
      "start": 659,
      "end": 663,
      "confidence": 1.0
    },
    {
      "id": 34,
      "text": "पोलिसांनी",
      "sentence": 11,
      "start": 673,
      "end": 681,
      "confidence": 1.0
    },
    {
      "id": 35,
      "text": "कार्यक्रम",
      "sentence": 11,
      "start": 684,
      "end": 690,
      "confidence": 1.0
    },
    {
      "id": 36,
      "text": "त्यांच्यामध्येही",
      "sentence": 11,
      "start": 699,
      "end": 710,
      "confidence": 1.0
    },
    {
      "id": 37,
      "text": "परिवर्तन",
      "sentence": 11,
      "start": 710,
      "end": 717,
      "confidence": 1.0
    },
    {
      "id": 38,
      "text": "त्याच्या",
      "sentence": 12,
      "start": 729,
      "end": 735,
      "confidence": 1.0
    },
    {
      "id": 39,
      "text": "कामगिरीमुळे",
      "sentence": 12,
      "start": 735,
      "end": 745,
      "confidence": 1.0
    }
  ],
  "clusters": [
    [
      0,
      1,
      2,
      3,
      4,
      5,
      6,
      9,
      12
    ],
    [
      7,
      8
    ],
    [
      29,
      31
    ],
    [
      26,
      27
    ],
    [
      37,
      38
    ]
  ]
}