{
  "document_id": "document_273",
  "sentences": [
    "चे 2000 चे दशक मध्ये एक फ्रॅक्चर झाली आहे शाळा मॉस्को सरकारची मुख्य प्रायोजक होते.",
    "पांच ताऱ्यांची सुधबुध।",
    "टीम महाराष्ट्र देशा- कर्नाटकमध्ये सत्ता स्थापनेसाठी कॉंग्रेस आणि भाजप हे दोन्ही पक्ष दावा करत असताना आता भाजपचे मुख्यमंत्री पदाचे उमेदवार बीएस येडीयुरप्पा हे उद्या मुख्यमंत्रीपदाची शपथ घेणार असल्याची माहिती समोर आली आहे.",
    "उष्णतारोधक डिझाइन मध्ये एक हिवाळा बाग आणि एक उपयुक्तता खोली तयार करण्यासाठी अतिरिक्त खोली प्रदान करू शकता.",
    "महाराजांनी त्यांना ‘पैस मंदिर’ उभारणीचा मनोदय सांगून मंदिर उभारणीसाठी त्यांची वडिलोपार्जित संपत्ती विकून पहिली पंचवीसशे रुपयांची देणगी मंदिरात जीर्णोद्धार कार्यासाठी दिली त्यांच्या संकल्पास दांडेकर यांची संमती आणि कृतिशील आशीर्वाद मिळाले.",
    "या योजनेत सहभागी विद्यार्थ्यांना श्रमाच्या मोबदल्यात देण्यात येणारे मानधन त्यांच्या बँक खात्यात जमा होतात.",
    "रत्नागिरी, 12 सप्टेंबर : राष्ट्रवादीचे माजी प्रदेशाध्यक्ष गुहागरचे आमदार भास्कर जाधव उद्या आपल्या कार्यकर्त्यांसह शिवसेनेत प्रवेश करणार आहेत.",
    "विषय हा एक संबंध आहे जो घटनात्मक आदेश, राज्य संरचनेचे स्वरूप, राज्य अवयवांच्या संघटनेचे सामान्य तत्त्वे स्थापित करते.",
    "जोपर्यंत नागरिकांना अर्थव्यवस्थेच्या प्रकृतीबद्दल विश्वास वाटणार नाही, तोपर्यंत सरकारने कितीही उपाययोजना जाहीर केल्या आणि सरकारी खर्च कितीही वाढवला तरी अर्थव्यवस्थेला गती मिळणार नाही, असेच एकप्रकारे जागतिक बँकेच्या अहवालाने ध्वनित केले आहे.",
    "आकाशातील तारे होणे तुम्हाला शक्य नसेल , परंतु घरातील दिवा बनून घर प्रकाशित करणे तुम्हाला शक्य आहे .",
    "जगात मोठेपणा मिळविणे सर्वांनाच शक्य होणार नाही.",
    "तरी आपल्या चांगल्या वागणुकीमुळे घरातल्या माणसाना सुख व आनंद निश्चित देता येईल .",
    "आज गुरुवारी दुसऱ्या दिवशी सकाळी पुन्हा गणेशाची पूजा करण्यात येणार असून दुपारी ४ वाजता श्री मां अंबाजी यांच्याबरोबर सर्वच देवांची शोभायात्रा काढण्यात येणार आहे.",
    "सर्वधर्मियांना आपले सण-उत्सव साजरा करण्याचे पूर्ण स्वातंत्र्य आहे.",
    "20 ते 24 दरम्यान वय असणार्‍यांमध्ये बेरोजगारीचे प्रमाण",
    "जर का मुली मोबाइल फोन वापरताना दिसल्या तर त्यासाठी त्या मुलींचे आई वडील जबाबदार असतील.",
    "रात्री उशिरापर्यंत पोलिस ठाण्यात घटनेची नोंद झाली नाही.",
    "बुधवारी योगी सरकारने आपला अर्थसंकल्प सादर केला.",
    "या संदर्भातली आपली भूमिका मांडण्याची संधी एबीपी माझानं लोकमतलं मंगळवारच्या चर्चेच्या माध्यमातून दिली होती.",
    "पण अरॉन फिंच दुखापतीमुळे 20 धावांवर असतानाच माघारी …",
    "पुणे – पुण्यात सोमवारी भीमा-नीरा नदीजोड प्रकल्पाचे बांधकाम सुरू असताना बोगदा कोसळून सात मजुरांचा मृत्यू झाला आहे.",
    "भिगवण जवळील अकोले गावात नीरा-भीमा नदीजोड प्रकल्पातील बोगद्याचे बांधकाम सुरु होते.",
    "येथे १५० मीटर खोल बोगदा तयार करण्यात येत असून या बोगद्यातून बाहेर येताना क्रेन उलटली.",
    "त्यामुळे अपूर्णावस्थेत असणारे येथील बांधकाम कोसळले.",
    "सध्या अग्निशामन दलाचे जवान या ठिकाणी दाखल झाले असून त्यांनी बचावकार्य सुरू केले आहे.",
    "बांधकामाच्या ढिगाऱ्याखाली आणखी काही मजूर दबले असण्याची शक्यता आहे.",
    "त्यामुळे मृतांचा आकडा आणखी वाढू शकतो, अशी भीती व्यक्त केली जात आहे.",
    "त्यांना काही नवीन असं जमतच नसे.",
    "25)प्रदान करण्यात आला, अशी माहिती कारखान्याचे उपाध्यक्ष बाळासाहेब बेंडे यांनी दिली.",
    "कमी-बँडविड्थ किंवा त्याच्या अतिरिक्त साठा झडप निवड लक्षणीय समस्या कारण असू शकते.",
    "आता शिक्षणाधिकारीपदाचा पदभार कोणाकडे जाणार, याबाबत आज दुसर्‍या दिवशी शैक्षणिक वर्तुळात कमालीची उत्सुकता व चर्चा होती.",
    "‘उंगली’ हे नाव ऐकल्यावरच असे वाटते की ही चित्रपट थोडा हटके असणार.",
    "देशातील 18 सरकारी बँकांमध्ये चालू आर्थिक वर्षाच्या पहिल्या तिमाहीत म्हणजेच एप्रिल ते जूनदरम्यान तब्बल 31.."
  ],
  "mentions": [
    {
      "id": 0,
      "text": "फ्रॅक्चर",
      "sentence": 0,
      "start": 25,
      "end": 32,
      "confidence": 1.0
    },
    {
      "id": 1,
      "text": "शाळा",
      "sentence": 0,
      "start": 44,
      "end": 47,
      "confidence": 1.0
    },
    {
      "id": 2,
      "text": "सरकारची",
      "sentence": 0,
      "start": 54,
      "end": 60,
      "confidence": 1.0
    },
    {
      "id": 3,
      "text": "प्रायोजक",
      "sentence": 0,
      "start": 72,
      "end": 77,
      "confidence": 1.0
    },
    {
      "id": 4,
      "text": "ताऱ्यांची",
      "sentence": 1,
      "start": 96,
      "end": 102,
      "confidence": 1.0
    },
    {
      "id": 5,
      "text": "सुधबुध",
      "sentence": 1,
      "start": 104,
      "end": 109,
      "confidence": 1.0
    },
    {
      "id": 6,
      "text": "महाराष्ट्र",
      "sentence": 2,
      "start": 115,
      "end": 122,
      "confidence": 1.0
    },
    {
      "id": 7,
      "text": "देशा",
      "sentence": 2,
      "start": 123,
      "end": 126,
      "confidence": 1.0
    },
    {
      "id": 8,
      "text": "कर्नाटकमध्ये",
      "sentence": 2,
      "start": 129,
      "end": 139,
      "confidence": 1.0
    },
    {
      "id": 9,
      "text": "सत्ता",
      "sentence": 2,
      "start": 141,
      "end": 144,
      "confidence": 1.0
    },
    {
      "id": 10,
      "text": "कॉंग्रेस",
      "sentence": 2,
      "start": 159,
      "end": 165,
      "confidence": 1.0
    },
    {
      "id": 11,
      "text": "भाजप",
      "sentence": 2,
      "start": 171,
      "end": 174,
      "confidence": 1.0
    },
    {
      "id": 12,
      "text": "पक्ष",
      "sentence": 2,
      "start": 182,
      "end": 184,
      "confidence": 1.0
    },
    {
      "id": 13,
      "text": "भाजपचे",
      "sentence": 2,
      "start": 209,
      "end": 214,
      "confidence": 1.0
    },
    {
      "id": 14,
      "text": "मुख्यमंत्री",
      "sentence": 2,
      "start": 215,
      "end": 222,
      "confidence": 1.0
    },
    {
      "id": 15,
      "text": "पदाचे",
      "sentence": 2,
      "start": 223,
      "end": 227,
      "confidence": 1.0
    },
    {
      "id": 16,
      "text": "येडीयुरप्पा",
      "sentence": 2,
      "start": 240,
      "end": 248,
      "confidence": 1.0
    },
    {
      "id": 17,
      "text": "माहिती",
      "sentence": 2,
      "start": 331,
      "end": 335,
      "confidence": 1.0
    },
    {
      "id": 18,
      "text": "डिझाइन",
      "sentence": 3,
      "start": 390,
      "end": 395,
      "confidence": 1.0
    },
    {
      "id": 19,
      "text": "खोली",
      "sentence": 3,
      "start": 444,
      "end": 447,
      "confidence": 1.0
    },
    {
      "id": 20,
      "text": "खोली",
      "sentence": 3,
      "start": 471,
      "end": 474,
      "confidence": 1.0
    },
    {
      "id": 21,
      "text": "महाराजांनी",
      "sentence": 4,
      "start": 497,
      "end": 504,
      "confidence": 1.0
    },
    {
      "id": 22,
      "text": "त्यांना",
      "sentence": 4,
      "start": 505,
      "end": 509,
      "confidence": 1.0
    },
    {
      "id": 23,
      "text": "मंदिर",
      "sentence": 4,
      "start": 519,
      "end": 523,
      "confidence": 1.0
    },
    {
      "id": 24,
      "text": "उभारणीचा",
      "sentence": 4,
      "start": 524,
      "end": 531,
      "confidence": 1.0
    },
    {
      "id": 25,
      "text": "मनोदय",
      "sentence": 4,
      "start": 532,
      "end": 537,
      "confidence": 1.0
    },
    {
      "id": 26,
      "text": "मंदिर",
      "sentence": 4,
      "start": 544,
      "end": 548,
      "confidence": 1.0
    },
    {
      "id": 27,
      "text": "उभारणीसाठी",
      "sentence": 4,
      "start": 549,
      "end": 556,
      "confidence": 1.0
    },
    {
      "id": 28,
      "text": "त्यांची",
      "sentence": 4,
      "start": 558,
      "end": 563,
      "confidence": 1.0
    },
    {
      "id": 29,
      "text": "संपत्ती",
      "sentence": 4,
      "start": 576,
      "end": 580,
      "confidence": 1.0
    },
    {
      "id": 30,
      "text": "रुपयांची",
      "sentence": 4,
      "start": 607,
      "end": 613,
      "confidence": 1.0
    },
    {
      "id": 31,
      "text": "देणगी",
      "sentence": 4,
      "start": 614,
      "end": 618,
      "confidence": 1.0
    },
    {
      "id": 32,
      "text": "मंदिरात",
      "sentence": 4,
      "start": 619,
      "end": 624,
      "confidence": 1.0
    },
    {
      "id": 33,
      "text": "जीर्णोद्धार",
      "sentence": 4,
      "start": 625,
      "end": 632,
      "confidence": 1.0
    },
    {
      "id": 34,
      "text": "कार्यासाठी",
      "sentence": 4,
      "start": 633,
      "end": 639,
      "confidence": 1.0
    },
    {
      "id": 35,
      "text": "त्यांच्या",
      "sentence": 4,
      "start": 647,
      "end": 653,
      "confidence": 1.0
    },
    {
      "id": 36,
      "text": "संकल्पास",
      "sentence": 4,
      "start": 654,
      "end": 660,
      "confidence": 1.0
    },
    {
      "id": 37,
      "text": "दांडेकर",
      "sentence": 4,
      "start": 661,
      "end": 667,
      "confidence": 1.0
    },
    {
      "id": 38,
      "text": "यांची",
      "sentence": 4,
      "start": 668,
      "end": 672,
      "confidence": 1.0
    },
    {
      "id": 39,
      "text": "संमती",
      "sentence": 4,
      "start": 673,
      "end": 677,
      "confidence": 1.0
    },
    {
      "id": 40,
      "text": "आशीर्वाद",
      "sentence": 4,
      "start": 688,
      "end": 694,
      "confidence": 1.0
    },
    {
      "id": 41,
      "text": "योजनेत",
      "sentence": 5,
      "start": 747,
      "end": 752,
      "confidence": 1.0
    },
    {
      "id": 42,
      "text": "विद्यार्थ्यांना",
      "sentence": 5,
      "start": 761,
      "end": 769,
      "confidence": 1.0
    },
    {
      "id": 43,
      "text": "श्रमाच्या",
      "sentence": 5,
      "start": 770,
      "end": 776,
      "confidence": 1.0
    },
    {
      "id": 44,
      "text": "मोबदल्यात",
      "sentence": 5,
      "start": 777,
      "end": 784,
      "confidence": 1.0
    },
    {
      "id": 45,
      "text": "मानधन",
      "sentence": 5,
      "start": 805,
      "end": 810,
      "confidence": 1.0
    },
    {
      "id": 46,
      "text": "त्यांच्या",
      "sentence": 5,
      "start": 811,
      "end": 817,
      "confidence": 1.0
    },
    {
      "id": 47,
      "text": "खात्यात",
      "sentence": 5,
      "start": 822,
      "end": 827,
      "confidence": 1.0
    },
    {
      "id": 48,
      "text": "रत्नागिरी",
      "sentence": 6,
      "start": 847,
      "end": 854,
      "confidence": 1.0
    },
    {
      "id": 49,
      "text": "राष्ट्रवादीचे",
      "sentence": 6,
      "start": 870,
      "end": 878,
      "confidence": 1.0
    },
    {
      "id": 50,
      "text": "प्रदेशाध्यक्ष",
      "sentence": 6,
      "start": 883,
      "end": 891,
      "confidence": 1.0
    },
    {
      "id": 51,
      "text": "गुहागरचे",
      "sentence": 6,
      "start": 892,
      "end": 898,
      "confidence": 1.0
    },
    {
      "id": 52,
      "text": "आमदार",
      "sentence": 6,
      "start": 899,
      "end": 903,
      "confidence": 1.0
    },
    {
      "id": 53,
      "text": "जाधव",
      "sentence": 6,
      "start": 910,
      "end": 914,
      "confidence": 1.0
    },
    {
      "id": 54,
      "text": "आपल्या",
      "sentence": 6,
      "start": 920,
      "end": 925,
      "confidence": 1.0
    },
    {
      "id": 55,
      "text": "कार्यकर्त्यांसह",
      "sentence": 6,
      "start": 926,
      "end": 936,
      "confidence": 1.0
    },
    {
      "id": 56,
      "text": "शिवसेनेत",
      "sentence": 6,
      "start": 937,
      "end": 944,
      "confidence": 1.0
    },
    {
      "id": 57,
      "text": "प्रवेश",
      "sentence": 6,
      "start": 945,
      "end": 949,
      "confidence": 1.0
    },
    {
      "id": 58,
      "text": "विषय",
      "sentence": 7,
      "start": 988,
      "end": 991,
      "confidence": 1.0
    },
    {
      "id": 59,
      "text": "संबंध",
      "sentence": 7,
      "start": 998,
      "end": 1002,
      "confidence": 1.0
    },
    {
      "id": 60,
      "text": "राज्य",
      "sentence": 7,
      "start": 1030,
      "end": 1033,
      "confidence": 1.0
    },
    {
      "id": 61,
      "text": "संरचनेचे",
      "sentence": 7,
      "start": 1034,
      "end": 1040,
      "confidence": 1.0
    },
    {
      "id": 62,
      "text": "स्वरूप",
      "sentence": 7,
      "start": 1041,
      "end": 1045,
      "confidence": 1.0
    },
    {
      "id": 63,
      "text": "राज्य",
      "sentence": 7,
      "start": 1047,
      "end": 1050,
      "confidence": 1.0
    },
    {
      "id": 64,
      "text": "संघटनेचे",
      "sentence": 7,
      "start": 1060,
      "end": 1066,
      "confidence": 1.0
    },
    {
      "id": 65,
      "text": "तत्त्वे",
      "sentence": 7,
      "start": 1076,
      "end": 1080,
      "confidence": 1.0
    },
    {
      "id": 66,
      "text": "नागरिकांना",
      "sentence": 8,
      "start": 1134,
      "end": 1141,
      "confidence": 1.0
    },
    {
      "id": 67,
      "text": "विश्वास",
      "sentence": 8,
      "start": 1163,
      "end": 1168,
      "confidence": 1.0
    },
    {
      "id": 68,
      "text": "सरकारने",
      "sentence": 8,
      "start": 1184,
      "end": 1190,
      "confidence": 1.0
    },
    {
      "id": 69,
      "text": "उपाययोजना",
      "sentence": 8,
      "start": 1198,
      "end": 1206,
      "confidence": 1.0
    },
    {
      "id": 70,
      "text": "खर्च",
      "sentence": 8,
      "start": 1234,
      "end": 1237,
      "confidence": 1.0
    },
    {
      "id": 71,
      "text": "अर्थव्यवस्थेला",
      "sentence": 8,
      "start": 1262,
      "end": 1272,
      "confidence": 1.0
    },
    {
      "id": 72,
      "text": "अहवालाने",
      "sentence": 8,
      "start": 1325,
      "end": 1331,
      "confidence": 1.0
    },
    {
      "id": 73,
      "text": "तारे",
      "sentence": 9,
      "start": 1429,
      "end": 1432,
      "confidence": 1.0
    },
    {
      "id": 74,
      "text": "तुम्हाला",
      "sentence": 9,
      "start": 1438,
      "end": 1443,
      "confidence": 1.0
    },
    {
      "id": 75,
      "text": "दिवा",
      "sentence": 9,
      "start": 1466,
      "end": 1469,
      "confidence": 1.0
    },
    {
      "id": 76,
      "text": "तुम्हाला",
      "sentence": 9,
      "start": 1502,
      "end": 1507,
      "confidence": 1.0
    },
    {
      "id": 77,
      "text": "जगात",
      "sentence": 10,
      "start": 1523,
      "end": 1526,
      "confidence": 1.0
    },
    {
      "id": 78,
      "text": "मोठेपणा",
      "sentence": 10,
      "start": 1528,
      "end": 1534,
      "confidence": 1.0
    },
    {
      "id": 79,
      "text": "सर्वांनाच",
      "sentence": 10,
      "start": 1543,
      "end": 1549,
      "confidence": 1.0
    },
    {
      "id": 80,
      "text": "आपल्या",
      "sentence": 11,
      "start": 1578,
      "end": 1583,
      "confidence": 1.0
    },
    {
      "id": 81,
      "text": "वागणुकीमुळे",
      "sentence": 11,
      "start": 1590,
      "end": 1598,
      "confidence": 1.0
    },
    {
      "id": 82,
      "text": "घरातल्या",
      "sentence": 11,
      "start": 1599,
      "end": 1605,
      "confidence": 1.0
    },
    {
      "id": 83,
      "text": "माणसाना",
      "sentence": 11,
      "start": 1606,
      "end": 1612,
      "confidence": 1.0
    },
    {
      "id": 84,
      "text": "आनंद",
      "sentence": 11,
      "start": 1619,
      "end": 1623,
      "confidence": 1.0
    },
    {
      "id": 85,
      "text": "गणेशाची",
      "sentence": 12,
      "start": 1694,
      "end": 1700,
      "confidence": 1.0
    },
    {
      "id": 86,
      "text": "पूजा",
      "sentence": 12,
      "start": 1701,
      "end": 1704,
      "confidence": 1.0
    },
    {
      "id": 87,
      "text": "अंबाजी",
      "sentence": 12,
      "start": 1753,
      "end": 1757,
      "confidence": 1.0
    },
    {
      "id": 88,
      "text": "देवांची",
      "sentence": 12,
      "start": 1775,
      "end": 1779,
      "confidence": 1.0
    },
    {
      "id": 89,
      "text": "शोभायात्रा",
      "sentence": 12,
      "start": 1780,
      "end": 1787,
      "confidence": 1.0
    },
    {
      "id": 90,
      "text": "सर्वधर्मियांना",
      "sentence": 13,
      "start": 1824,
      "end": 1834,
      "confidence": 1.0
    },
    {
      "id": 91,
      "text": "आपले",
      "sentence": 13,
      "start": 1835,
      "end": 1839,
      "confidence": 1.0
    },
    {
      "id": 92,
      "text": "उत्सव",
      "sentence": 13,
      "start": 1844,
      "end": 1848,
      "confidence": 1.0
    },
    {
      "id": 93,
      "text": "स्वातंत्र्य",
      "sentence": 13,
      "start": 1887,
      "end": 1893,
      "confidence": 1.0
    },
    {
      "id": 94,
      "text": "प्रमाण",
      "sentence": 14,
      "start": 1938,
      "end": 1942,
      "confidence": 1.0
    },
    {
      "id": 95,
      "text": "मुली",
      "sentence": 15,
      "start": 1959,
      "end": 1961,
      "confidence": 1.0
    },
    {
      "id": 96,
      "text": "त्या",
      "sentence": 15,
      "start": 1993,
      "end": 1994,
      "confidence": 1.0
    },
    {
      "id": 97,
      "text": "मुलींचे",
      "sentence": 15,
      "start": 1995,
      "end": 2000,
      "confidence": 1.0
    },
    {
      "id": 98,
      "text": "वडील",
      "sentence": 15,
      "start": 2004,
      "end": 2007,
      "confidence": 1.0
    },
    {
      "id": 99,
      "text": "पोलिस",
      "sentence": 16,
      "start": 2067,
      "end": 2071,
      "confidence": 1.0
    },
    {
      "id": 100,
      "text": "घटनेची",
      "sentence": 16,
      "start": 2078,
      "end": 2083,
      "confidence": 1.0
    },
    {
      "id": 101,
      "text": "नोंद",
      "sentence": 16,
      "start": 2084,
      "end": 2087,
      "confidence": 1.0
    },
    {
      "id": 102,
      "text": "योगी",
      "sentence": 17,
      "start": 2113,
      "end": 2116,
      "confidence": 1.0
    },
    {
      "id": 103,
      "text": "सरकारने",
      "sentence": 17,
      "start": 2117,
      "end": 2123,
      "confidence": 1.0
    },
    {
      "id": 104,
      "text": "आपला",
      "sentence": 17,
      "start": 2124,
      "end": 2128,
      "confidence": 1.0
    },
    {
      "id": 105,
      "text": "अर्थसंकल्प",
      "sentence": 17,
      "start": 2129,
      "end": 2137,
      "confidence": 1.0
    },
    {
      "id": 106,
      "text": "भूमिका",
      "sentence": 18,
      "start": 2179,
      "end": 2183,
      "confidence": 1.0
    },
    {
      "id": 107,
      "text": "संधी",
      "sentence": 18,
      "start": 2191,
      "end": 2194,
      "confidence": 1.0
    },
    {
      "id": 108,
      "text": "लोकमतलं",
      "sentence": 18,
      "start": 2206,
      "end": 2212,
      "confidence": 1.0
    },
    {
      "id": 109,
      "text": "माध्यमातून",
      "sentence": 18,
      "start": 2228,
      "end": 2235,
      "confidence": 1.0
    },
    {
      "id": 110,
      "text": "धावांवर",
      "sentence": 19,
      "start": 2316,
      "end": 2321,
      "confidence": 1.0
    },
    {
      "id": 111,
      "text": "नदीजोड",
      "sentence": 20,
      "start": 2375,
      "end": 2380,
      "confidence": 1.0
    },
    {
      "id": 112,
      "text": "प्रकल्पाचे",
      "sentence": 20,
      "start": 2381,
      "end": 2387,
      "confidence": 1.0
    },
    {
      "id": 113,
      "text": "बांधकाम",
      "sentence": 20,
      "start": 2388,
      "end": 2393,
      "confidence": 1.0
    },
    {
      "id": 114,
      "text": "बोगदा",
      "sentence": 20,
      "start": 2411,
      "end": 2415,
      "confidence": 1.0
    },
    {
      "id": 115,
      "text": "मजुरांचा",
      "sentence": 20,
      "start": 2434,
      "end": 2440,
      "confidence": 1.0
    },
    {
      "id": 116,
      "text": "मृत्यू",
      "sentence": 20,
      "start": 2441,
      "end": 2445,
      "confidence": 1.0
    },
    {
      "id": 117,
      "text": "भिगवण",
      "sentence": 21,
      "start": 2487,
      "end": 2492,
      "confidence": 1.0
    },
    {
      "id": 118,
      "text": "गावात",
      "sentence": 21,
      "start": 2506,
      "end": 2509,
      "confidence": 1.0
    },
    {
      "id": 119,
      "text": "नदीजोड",
      "sentence": 21,
      "start": 2528,
      "end": 2533,
      "confidence": 1.0
    },
    {
      "id": 120,
      "text": "बोगद्याचे",
      "sentence": 21,
      "start": 2543,
      "end": 2549,
      "confidence": 1.0
    },
    {
      "id": 121,
      "text": "बांधकाम",
      "sentence": 21,
      "start": 2550,
      "end": 2555,
      "confidence": 1.0
    },
    {
      "id": 122,
      "text": "बोगदा",
      "sentence": 22,
      "start": 2603,
      "end": 2607,
      "confidence": 1.0
    },
    {
      "id": 123,
      "text": "बोगद्यातून",
      "sentence": 22,
      "start": 2642,
      "end": 2649,
      "confidence": 1.0
    },
    {
      "id": 124,
      "text": "क्रेन",
      "sentence": 22,
      "start": 2673,
      "end": 2676,
      "confidence": 1.0
    },
    {
      "id": 125,
      "text": "बांधकाम",
      "sentence": 23,
      "start": 2728,
      "end": 2733,
      "confidence": 1.0
    },
    {
      "id": 126,
      "text": "दलाचे",
      "sentence": 24,
      "start": 2758,
      "end": 2762,
      "confidence": 1.0
    },
    {
      "id": 127,
      "text": "जवान",
      "sentence": 24,
      "start": 2763,
      "end": 2766,
      "confidence": 1.0
    },
    {
      "id": 128,
      "text": "त्यांनी",
      "sentence": 24,
      "start": 2793,
      "end": 2797,
      "confidence": 1.0
    },
    {
      "id": 129,
      "text": "बचावकार्य",
      "sentence": 24,
      "start": 2798,
      "end": 2805,
      "confidence": 1.0
    },
    {
      "id": 130,
      "text": "बांधकामाच्या",
      "sentence": 25,
      "start": 2857,
      "end": 2866,
      "confidence": 1.0
    },
    {
      "id": 131,
      "text": "ढिगाऱ्याखाली",
      "sentence": 25,
      "start": 2867,
      "end": 2876,
      "confidence": 1.0
    },
    {
      "id": 132,
      "text": "मजूर",
      "sentence": 25,
      "start": 2889,
      "end": 2892,
      "confidence": 1.0
    },
    {
      "id": 133,
      "text": "शक्यता",
      "sentence": 25,
      "start": 2919,
      "end": 2923,
      "confidence": 1.0
    },
    {
      "id": 134,
      "text": "आकडा",
      "sentence": 26,
      "start": 2949,
      "end": 2952,
      "confidence": 1.0
    },
    {
      "id": 135,
      "text": "भीती",
      "sentence": 26,
      "start": 2984,
      "end": 2987,
      "confidence": 1.0
    },
    {
      "id": 136,
      "text": "त्यांना",
      "sentence": 27,
      "start": 3023,
      "end": 3027,
      "confidence": 1.0
    },
    {
      "id": 137,
      "text": "माहिती",
      "sentence": 28,
      "start": 3081,
      "end": 3085,
      "confidence": 1.0
    },
    {
      "id": 138,
      "text": "कारखान्याचे",
      "sentence": 28,
      "start": 3086,
      "end": 3093,
      "confidence": 1.0
    },
    {
      "id": 139,
      "text": "बेंडे",
      "sentence": 28,
      "start": 3109,
      "end": 3113,
      "confidence": 1.0
    },
    {
      "id": 140,
      "text": "यांनी",
      "sentence": 28,
      "start": 3114,
      "end": 3117,
      "confidence": 1.0
    },
    {
      "id": 141,
      "text": "बँडविड्थ",
      "sentence": 29,
      "start": 3152,
      "end": 3159,
      "confidence": 1.0
    },
    {
      "id": 142,
      "text": "त्याच्या",
      "sentence": 29,
      "start": 3169,
      "end": 3174,
      "confidence": 1.0
    },
    {
      "id": 143,
      "text": "साठा",
      "sentence": 29,
      "start": 3182,
      "end": 3185,
      "confidence": 1.0
    },
    {
      "id": 144,
      "text": "समस्या",
      "sentence": 29,
      "start": 3204,
      "end": 3208,
      "confidence": 1.0
    },
    {
      "id": 145,
      "text": "कारण",
      "sentence": 29,
      "start": 3209,
      "end": 3212,
      "confidence": 1.0
    },
    {
      "id": 146,
      "text": "शिक्षणाधिकारीपदाचा",
      "sentence": 30,
      "start": 3253,
      "end": 3266,
      "confidence": 1.0
    },
    {
      "id": 147,
      "text": "पदभार",
      "sentence": 30,
      "start": 3267,
      "end": 3271,
      "confidence": 1.0
    },
    {
      "id": 148,
      "text": "कोणाकडे",
      "sentence": 30,
      "start": 3272,
      "end": 3277,
      "confidence": 1.0
    },
    {
      "id": 149,
      "text": "वर्तुळात",
      "sentence": 30,
      "start": 3326,
      "end": 3332,
      "confidence": 1.0
    },
    {
      "id": 150,
      "text": "उत्सुकता",
      "sentence": 30,
      "start": 3343,
      "end": 3348,
      "confidence": 1.0
    },
    {
      "id": 151,
      "text": "चर्चा",
      "sentence": 30,
      "start": 3351,
      "end": 3354,
      "confidence": 1.0
    },
    {
      "id": 152,
      "text": "उंगली",
      "sentence": 31,
      "start": 3389,
      "end": 3395,
      "confidence": 1.0
    },
    {
      "id": 153,
      "text": "चित्रपट",
      "sentence": 31,
      "start": 3438,
      "end": 3443,
      "confidence": 1.0
    },
    {
      "id": 154,
      "text": "देशातील",
      "sentence": 32,
      "start": 3471,
      "end": 3476,
      "confidence": 1.0
    },
    {
      "id": 155,
      "text": "वर्षाच्या",
      "sentence": 32,
      "start": 3507,
      "end": 3512,
      "confidence": 1.0
    },
    {
      "id": 156,
      "text": "एप्रिल",
      "sentence": 32,
      "start": 3546,
      "end": 3550,
      "confidence": 1.0
    }
  ],
  "clusters": [
    [
      13,
      15
    ],
    [
      19,
      20
    ],
    [
      26,
      33,
      40
    ],
    [
      27,
      42,
      43
    ],
    [
      28,
      31,
      37
    ],
    [
      47,
      51
    ],
    [
      59,
      60
    ],
    [
      75,
      81
    ],
    [
      86,
      89
    ],
    [
      92,
      93
    ],
    [
      108,
      109
    ],
    [
      116,
      118,
      119
    ],
    [
      128,
      129,
      130
    ],
    [
      142,
      143
    ],
    [
      148,
      156
    ]
  ]
}