{
  "document_id": "document_399",
  "sentences": [
    "बदलापूरकडे जाणारा रस्ता पाण्याखाली.",
    "पहिल्या वर्षी पक्षाचे ज्येष्ठ नगरसेवक  योगेश बहल यांना विरोधी पक्षनेतेपदी  संधी देण्यात आली.",
    "उदयनराजेंची ही परिपक्वता जलमंदिरावर उठून दिसली.",
    "भाजपचे माजी खासदार हंसराज अहिर यांनीही जाहिरातीतून आपली नाराजी व्यक्त केली आहे.",
    "बघा यापैकी कशाचा उपयोग होतो का ते."
  ],
  "mentions": [
    {
      "id": 0,
      "text": "रस्ता",
      "sentence": 0,
      "start": 18,
      "end": 22,
      "confidence": 1.0
    },
    {
      "id": 1,
      "text": "वर्षी",
      "sentence": 1,
      "start": 35,
      "end": 38,
      "confidence": 1.0
    },
    {
      "id": 2,
      "text": "पक्षाचे",
      "sentence": 1,
      "start": 40,
      "end": 45,
      "confidence": 1.0
    },
    {
      "id": 3,
      "text": "नगरसेवक",
      "sentence": 1,
      "start": 52,
      "end": 58,
      "confidence": 1.0
    },
    {
      "id": 4,
      "text": "यांना",
      "sentence": 1,
      "start": 72,
      "end": 76,
      "confidence": 1.0
    },
    {
      "id": 5,
      "text": "पक्षनेतेपदी",
      "sentence": 1,
      "start": 85,
      "end": 94,
      "confidence": 1.0
    },
    {
      "id": 6,
      "text": "संधी",
      "sentence": 1,
      "start": 97,
      "end": 100,
      "confidence": 1.0
    },
    {
      "id": 7,
      "text": "परिपक्वता",
      "sentence": 2,
      "start": 130,
      "end": 137,
      "confidence": 1.0
    },
    {
      "id": 8,
      "text": "जलमंदिरावर",
      "sentence": 2,
      "start": 139,
      "end": 149,
      "confidence": 1.0
    },
    {
      "id": 9,
      "text": "भाजपचे",
      "sentence": 3,
      "start": 164,
      "end": 169,
      "confidence": 1.0
    },
    {
      "id": 10,
      "text": "खासदार",
      "sentence": 3,
      "start": 176,
      "end": 181,
      "confidence": 1.0
    },
    {
      "id": 11,
      "text": "हंसराज",
      "sentence": 3,
      "start": 183,
      "end": 188,
      "confidence": 1.0
    },
    {
      "id": 12,
      "text": "अहिर",
      "sentence": 3,
      "start": 190,
      "end": 193,
      "confidence": 1.0
    },
    {
      "id": 13,
      "text": "यांनीही",
      "sentence": 3,
      "start": 195,
      "end": 201,
      "confidence": 1.0
    },
    {
      "id": 14,
      "text": "जाहिरातीतून",
      "sentence": 3,
      "start": 203,
      "end": 213,
      "confidence": 1.0
    },
    {
      "id": 15,
      "text": "नाराजी",
      "sentence": 3,
      "start": 220,
      "end": 225,
      "confidence": 1.0
    },
    {
      "id": 16,
      "text": "यापैकी",
      "sentence": 4,
      "start": 251,
      "end": 256,
      "confidence": 1.0
    },
    {
      "id": 17,
      "text": "उपयोग",
      "sentence": 4,
      "start": 263,
      "end": 267,
      "confidence": 1.0
    },
    {
      "id": 18,
      "text": "ते",
      "sentence": 4,
      "start": 273,
      "end": 274,
      "confidence": 1.0
    }
  ],
  "clusters": [
    [
      4,
      5,
      6
    ],
    [
      14,
      15,
      16,
      18
    ]
  ]
}