{
  "document_id": "document_95",
  "sentences": [
    "मे बी",
    "पुणे सुपरजायंट्सचा हा दुसरा व्यवहार असून, याआधी पुण्यानं दिल्ली डेअरडेव्हिल्सकडून मयांक अगरवालला विकत घेतलं आहे.",
    "मात्र उद्धव ठाकरे यांनी मुख्यमंत्री झाल्यानंतर त्यांनी सर्वात आधी आरे मधील कारशेडला स्थगिती दिली होती.",
    "यासाठी कुणीही कोणत्याही ग्रहाला चुकूनही वाईट म्हणू नये.",
    "येथे रुग्णवाहिका नसल्याने बापूंचे निधन झाले.",
    "याच्या व्यतिरीक्त, हे कसे जटिल धंदा लि, कार्यक्रम किंमत अवलंबून लक्षणीय बदल की लक्षात पाहिजे.",
    "पुणे व नगर जिल्हा परिषदेचे अध्यक्षपद सर्वसाधारण गटातील."
  ],
  "mentions": [
    {
      "id": 0,
      "text": "पुण्यानं",
      "sentence": 1,
      "start": 50,
      "end": 56,
      "confidence": 1.0
    },
    {
      "id": 1,
      "text": "डेअरडेव्हिल्सकडून",
      "sentence": 1,
      "start": 64,
      "end": 80,
      "confidence": 1.0
    },
    {
      "id": 2,
      "text": "अगरवालला",
      "sentence": 1,
      "start": 87,
      "end": 95,
      "confidence": 1.0
    },
    {
      "id": 3,
      "text": "ठाकरे",
      "sentence": 2,
      "start": 119,
      "end": 124,
      "confidence": 1.0
    },
    {
      "id": 4,
      "text": "यांनी",
      "sentence": 2,
      "start": 125,
      "end": 130,
      "confidence": 1.0
    },
    {
      "id": 5,
      "text": "त्यांनी",
      "sentence": 2,
      "start": 153,
      "end": 159,
      "confidence": 1.0
    },
    {
      "id": 6,
      "text": "कारशेडला",
      "sentence": 2,
      "start": 181,
      "end": 189,
      "confidence": 1.0
    },
    {
      "id": 7,
      "text": "कुणीही",
      "sentence": 3,
      "start": 205,
      "end": 211,
      "confidence": 1.0
    },
    {
      "id": 8,
      "text": "ग्रहाला",
      "sentence": 3,
      "start": 222,
      "end": 228,
      "confidence": 1.0
    },
    {
      "id": 9,
      "text": "रुग्णवाहिका",
      "sentence": 4,
      "start": 254,
      "end": 264,
      "confidence": 1.0
    },
    {
      "id": 10,
      "text": "बापूंचे",
      "sentence": 4,
      "start": 274,
      "end": 280,
      "confidence": 1.0
    },
    {
      "id": 11,
      "text": "धंदा",
      "sentence": 5,
      "start": 320,
      "end": 324,
      "confidence": 1.0
    },
    {
      "id": 12,
      "text": "कार्यक्रम",
      "sentence": 5,
      "start": 329,
      "end": 337,
      "confidence": 1.0
    },
    {
      "id": 13,
      "text": "किंमत",
      "sentence": 5,
      "start": 338,
      "end": 343,
      "confidence": 1.0
    },
    {
      "id": 14,
      "text": "परिषदेचे",
      "sentence": 6,
      "start": 400,
      "end": 408,
      "confidence": 1.0
    },
    {
      "id": 15,
      "text": "अध्यक्षपद",
      "sentence": 6,
      "start": 409,
      "end": 417,
      "confidence": 1.0
    }
  ],
  "clusters": [
    [
      0,
      2
    ],
    [
      5,
      6,
      7
    ]
  ]
}