{
  "document_id": "document_484",
  "sentences": [
    "घासकडवी म्हणतात हे सोनं मेल्ट करू नये.",
    "हा मुर्खपणाचा कळस आहे.",
    "पण या पथकाने न्याय देण्याऐवजी मोठय़ा प्रमाणात कागदपत्रात फेरफार केल्याचा आरोप शिवसेनेने केला आहे.",
    "कालावधी हानी चालकाचा परवाना सुरु करण्यासाठी धाव फक्त पासून अगोदर निर्देश केलेल्या बाबीसंबंधी बोलताना वेळ अगोदर निर्देश केलेल्या बाबीसंबंधी बोलताना नागरिक शरण परवाना मध्ये अगोदर निर्देश केलेल्या बाबीसंबंधी बोलताना वाहतूक पोलिस.",
    "तो उतरता आहे.",
    "इलेक्ट्रॉनिक आणि चर्मवाद्यांच्या दणदणाटात व कानठळ्या बसवणारा आवाजात गणरायाला निरोप देण्यात आला.",
    "त्या दिवशी घरात दीप पूजन केले असता पुढे त्याच दीपाच्या सोनप्रकाशाने आपल्या जीवनात सुखसौख्याची दिवाळी येते.",
    "लोकांच्या सिद्धान्ताने पुष्टी केली की हे खरोखर मणक्याचे स्थिर ठेवण्यास मदत करते.",
    "मुलांना वाटलं की हे खूपच अवघड आहे.",
    "भाव घसरल्याने लिंबू उत्पादक चिंतेत",
    "तसेच स्वच्छताविषयक तक्रारींचे निराकरण करण्यासाठी अव्याहतपणे सुरु राहणारा एक विशेष कक्ष देखील सुरु आहे.",
    "त्यात त्यांनी विभागातल्या वृद्ध मंडळींशी संवाद साधला.",
    "याची चिंता दोन्ही राष्ट्रातील चाहते आणि खेळाडूंसह आंतरराष्ट्रीय हॉकी महासंघाला ही सतावत."
  ],
  "mentions": [
    {
      "id": 0,
      "text": "सोनं",
      "sentence": 0,
      "start": 20,
      "end": 24,
      "confidence": 1.0
    },
    {
      "id": 1,
      "text": "पथकाने",
      "sentence": 2,
      "start": 59,
      "end": 65,
      "confidence": 1.0
    },
    {
      "id": 2,
      "text": "न्याय",
      "sentence": 2,
      "start": 66,
      "end": 69,
      "confidence": 1.0
    },
    {
      "id": 3,
      "text": "प्रमाणात",
      "sentence": 2,
      "start": 86,
      "end": 93,
      "confidence": 1.0
    },
    {
      "id": 4,
      "text": "कागदपत्रात",
      "sentence": 2,
      "start": 94,
      "end": 103,
      "confidence": 1.0
    },
    {
      "id": 5,
      "text": "आरोप",
      "sentence": 2,
      "start": 120,
      "end": 124,
      "confidence": 1.0
    },
    {
      "id": 6,
      "text": "शिवसेनेने",
      "sentence": 2,
      "start": 125,
      "end": 133,
      "confidence": 1.0
    },
    {
      "id": 7,
      "text": "कालावधी",
      "sentence": 3,
      "start": 140,
      "end": 147,
      "confidence": 1.0
    },
    {
      "id": 8,
      "text": "हानी",
      "sentence": 3,
      "start": 148,
      "end": 151,
      "confidence": 1.0
    },
    {
      "id": 9,
      "text": "चालकाचा",
      "sentence": 3,
      "start": 152,
      "end": 159,
      "confidence": 1.0
    },
    {
      "id": 10,
      "text": "नागरिक",
      "sentence": 3,
      "start": 235,
      "end": 240,
      "confidence": 1.0
    },
    {
      "id": 11,
      "text": "वाहतूक",
      "sentence": 3,
      "start": 264,
      "end": 269,
      "confidence": 1.0
    },
    {
      "id": 12,
      "text": "पोलिस",
      "sentence": 3,
      "start": 270,
      "end": 274,
      "confidence": 1.0
    },
    {
      "id": 13,
      "text": "तो",
      "sentence": 4,
      "start": 280,
      "end": 282,
      "confidence": 1.0
    },
    {
      "id": 14,
      "text": "दणदणाटात",
      "sentence": 5,
      "start": 308,
      "end": 316,
      "confidence": 1.0
    },
    {
      "id": 15,
      "text": "गणरायाला",
      "sentence": 5,
      "start": 342,
      "end": 349,
      "confidence": 1.0
    },
    {
      "id": 16,
      "text": "निरोप",
      "sentence": 5,
      "start": 350,
      "end": 354,
      "confidence": 1.0
    },
    {
      "id": 17,
      "text": "घरात",
      "sentence": 6,
      "start": 369,
      "end": 373,
      "confidence": 1.0
    },
    {
      "id": 18,
      "text": "पूजन",
      "sentence": 6,
      "start": 378,
      "end": 382,
      "confidence": 1.0
    },
    {
      "id": 19,
      "text": "दीपाच्या",
      "sentence": 6,
      "start": 399,
      "end": 405,
      "confidence": 1.0
    },
    {
      "id": 20,
      "text": "सोनप्रकाशाने",
      "sentence": 6,
      "start": 406,
      "end": 416,
      "confidence": 1.0
    },
    {
      "id": 21,
      "text": "जीवनात",
      "sentence": 6,
      "start": 423,
      "end": 429,
      "confidence": 1.0
    },
    {
      "id": 22,
      "text": "सुखसौख्याची",
      "sentence": 6,
      "start": 430,
      "end": 440,
      "confidence": 1.0
    },
    {
      "id": 23,
      "text": "दिवाळी",
      "sentence": 6,
      "start": 441,
      "end": 446,
      "confidence": 1.0
    },
    {
      "id": 24,
      "text": "सिद्धान्ताने",
      "sentence": 7,
      "start": 460,
      "end": 468,
      "confidence": 1.0
    },
    {
      "id": 25,
      "text": "मणक्याचे",
      "sentence": 7,
      "start": 487,
      "end": 493,
      "confidence": 1.0
    },
    {
      "id": 26,
      "text": "मुलांना",
      "sentence": 8,
      "start": 508,
      "end": 513,
      "confidence": 1.0
    },
    {
      "id": 27,
      "text": "लिंबू",
      "sentence": 9,
      "start": 545,
      "end": 549,
      "confidence": 1.0
    },
    {
      "id": 28,
      "text": "उत्पादक",
      "sentence": 9,
      "start": 550,
      "end": 555,
      "confidence": 1.0
    },
    {
      "id": 29,
      "text": "तक्रारींचे",
      "sentence": 10,
      "start": 574,
      "end": 581,
      "confidence": 1.0
    },
    {
      "id": 30,
      "text": "कक्ष",
      "sentence": 10,
      "start": 615,
      "end": 618,
      "confidence": 1.0
    },
    {
      "id": 31,
      "text": "त्यांनी",
      "sentence": 11,
      "start": 636,
      "end": 640,
      "confidence": 1.0
    },
    {
      "id": 32,
      "text": "विभागातल्या",
      "sentence": 11,
      "start": 641,
      "end": 649,
      "confidence": 1.0
    },
    {
      "id": 33,
      "text": "मंडळींशी",
      "sentence": 11,
      "start": 655,
      "end": 662,
      "confidence": 1.0
    },
    {
      "id": 34,
      "text": "संवाद",
      "sentence": 11,
      "start": 663,
      "end": 667,
      "confidence": 1.0
    },
    {
      "id": 35,
      "text": "याची",
      "sentence": 12,
      "start": 674,
      "end": 678,
      "confidence": 1.0
    },
    {
      "id": 36,
      "text": "चिंता",
      "sentence": 12,
      "start": 679,
      "end": 683,
      "confidence": 1.0
    },
    {
      "id": 37,
      "text": "चाहते",
      "sentence": 12,
      "start": 697,
      "end": 702,
      "confidence": 1.0
    },
    {
      "id": 38,
      "text": "महासंघाला",
      "sentence": 12,
      "start": 727,
      "end": 734,
      "confidence": 1.0
    }
  ],
  "clusters": [
    [
      1,
      3,
      23
    ],
    [
      2,
      33
    ],
    [
      15,
      20
    ],
    [
      30,
      32
    ]
  ]
}