{
  "document_id": "document_313",
  "sentences": [
    "‘दुरांतो’चे इंजिन घसरले; कोकण रेल्वे ६ तासांनंतर रुळावर",
    "सुनीता डिगे, सातारा, ओम तानाजी डिगे, सातारा.",
    "मोदींच्या या सभेला अफाट गर्दी झाली होती.",
    "परंतु, वाहतूक विभागाचे डीसीपी यांनी याबाबत निर्णय घ्यावा अशी जमावाने मागणी केली.",
    "या सर्व नगरांना दुसऱ्या शब्दांत, वस्तुमान purges मध्ये, \"पुन्हा शिक्षण\" जात, किंवा.",
    "मुळशी), सोन्या आणि महेंद्र (पूर्ण नाव पत्ता माहिती नाही) अशी गुन्हा दाखल झालेल्या आरोपींची नावे आहेत.",
    "यावेळी श्वानपथकाला पाचारण करण्यात आले.",
    "हे विधेयक अपूर्ण असल्याचा आरोप विरोधकांनी केला असून, कर्ज वाटपात विभागीय असमतोल असल्याने शेतक-यांना सावकाराकडे जावे लागते.",
    "दरम्यान, वाहकाविरुद्ध शाळकरी मुलीचा विनयभंग केल्याची तक्रार तिच्या आईने पन्हाळा पोलिसांत दिली.",
    "आमच्या भागातील बंद दिव्यांविषयी तक्रार करून देखील त्यावर कार्यवाही होत नाही, असा मनात राग धरून हा व्यक्ती गॅरेजमध्ये आरडाओरडा करत आला होता.",
    "माळीवाड्यातील महापालिकेच्या जुन्या गॅरेजमधील कार्यालयाचे दार लावून घेत आतमध्ये कर्मचाऱ्यांना कोंडून ठेवले.",
    "सुमारे दहा कर्मचारी कार्यालयात होते, असे या विभागाकडून सांगण्यात आले.",
    "एका रंगात रंगवलेले मजले नेहमी मनोरंजक आणि योग्य दिसत.",
    "तो एक वेतन पण काहीही नाही.",
    "आम्ही तो खरोखर सर्वाधिक स्तुती पात्र आहे म्हणून, स्नोमोबाइल देखावा लक्ष देणे आवश्यक आहे.",
    "दरम्यान, जर आवश्यकता भासलीच तर, आंध्र प्रदेश राज्याच्या धर्तीवर महाराष्ट्र सरकारही स्थानिकांच्या नोकरीसाठी नवा कायदा करण्यात येईल असेही असेही देसाई म्हणाले.",
    "यावेळी ठाकरे माध्यमांशी बोलतांना म्हणाले की, सध्याच्या घडीला देशातले वातावरण एक आहे, तशाचप्रकारचे अंदाजही व्यक्त केले जातात.",
    "या संस्थांच्या कामकाजाकडे किती गांभीर्याने लक्ष दिले जाते, यावरून सरकारचे भाषा तसेच साहित्य-संस्कृतीसंदर्भातील धोरण कळते.",
    "स्वतःशी, नव-याशी 'I am thankful for...' हा खेळ अधून मधून खेळून बघा.",
    "दोघं खेळत असाल तर ज्याने जास्तीत जास्त कारणं दिली तो जिंकला.",
    "नवी दिल्ली – भारत संचार निगम लिमिटेड (BSNL) कंपनीने नवीन प्री-पेड प्लान बाजारात आणला आहे.",
    "‘सूर्यवंशी’ या सिनेमामध्ये अक्षय कुमारसोबत सिंघम, सिंबा म्हणजेच अजय देवगण आणि रणवीर सिंग देखील दिसणार आहेत.",
    "रत्नगिरीतील मि-या बे प्रकल्पाचे काम हाती घेण्यासंदर्भात कार्यवाही सुरू झाली आहे.",
    "तेव्हापासून आजतागायत कनाशीतील या गढीवरील स्वामींच्या मंदिरात येणाऱ्या प्रत्येक भक्ताची मनोकामना पूर्ण होते, अशी भाव‌िकांची धारणा आहे.",
    "यात सर्वसाधारण गटात पॅनल उमेदवारांशिवाय अनिल येवले व विलास अहिरे या २ अपक्ष उमेदवारांनी आपली उमेदवारी कायम ठेवली असून, उर्वरित जागांसाठी सरळ लढत होणार आहे.",
    "रत्नागिरी - अपघातात मरण पावलेल्या 17 वर्षीय मुलीचा मृतदेह घेऊन गावी परत येताना कारवर जेसीबी आदळून आई-वडिलांचाही मृत्यू झाला.",
    "ही हृदयद्रावक घटना गुरुवारी हातखंबा (ता.",
    "खेड) येथे घडली.",
    "या अपघातात एकाच कुटुंबातील तिघांसह चार जणांचा मृत्यू झाला.",
    "चांगले सुटलेला असावे वार्षिक चांगला सवय आणि दृश्यमान नुकसान न.",
    "फलंदाजांत रोहित शर्मा व शिखर धवन यांनी सराव केला.",
    "राष्ट्रवादीचे माजी मंत्री आणि आदिवासी नेते मधुकर पिचड यांनी आपल्या मुलासह भाजपत प्रवेश केला आहेच.",
    "शिवाजी महाराजांप्रमाणेच लोकमान्य टिळकांच्या कार्याविषयी, जनजागृतीसाठी महाराष्ट्रातील गणेशोत्सवांसाठी ५ कोटींची घोषणा केली.",
    "प्रणाम यांची बहीण नूतन या अपघातात गंभीर जखमी झाल्या असून त्यांच्यावर गोमेकॉत उपचार सुरू आहेत.",
    "प्रणाम यांच्या मोठ्या बंधूचेही",
    "यानंतर पोलिसांनी गीताचे समुपदेशन करण्याचा प्रयत्न केला.",
    "तेव्हा गीताने आम्ही समवयस्क आहोत.",
    "मला त्याच्यासोबतच विवाह करायचा आहे, असे सांगितल्याने पोलिसांसह कुटुंबीयांचाही नाईलाज झाला.",
    "दरम्यान, पोलिसांनी जखमी रमेशवर घाटीत उपचार केले.",
    "पुढे दोघांचे जवाब नोंदवण्यात आले.",
    "गीताचे आई-वडीलशहरात दाखल झाल्यानंतर पुढील कारवाई करण्यात येईल, असे पोलिसांनी सांगितले.",
    "खासदार शरदचंद्र पवार यांचा ‘महात्मा फुले समता’ पुरस्काराने गौरव",
    "त्यानंतर कंपनीने स्टीव्ह याचा फोटो प्रसिद्ध केला.",
    "घरचा अगर बाहेरील कसाहि पार गंगथडी येथील महाल सरकारांत",
    "काही कलाकारांच्या उपस्थितीमुळेच चित्रपटाभोवती एक अनोखं वलय निर्माण होत असतंण् प्रचंड मेहनतीने त्यांनी आजवर पडद्यावर सजीव केलेल्या व्यक्तिरेखांनी दिलेली ती जणू पोचपावतीच असते त्यामुळे अशा कलाकारांपुढे इतर सर्व गोष्टी दुय्यम मनात रसिक मायबापही त्यांचे चित्रपट पाहण्यासाठी चित्रपट ग्रहाकडे धाव घेतात हिंदीसोबतच मराठी तसंच इतर भाषिक चित्रपटसृष्टीमध्ये आघाडीवर असलेल्या या मराठी कलाकारांच्या यादीत संदीप कुलकर्णी हे नावही सामील आहे.",
    "रुडॉल्फविरोधात अधिक कागदपत्रे आपल्याला स्थानिकांकडून मिळाली असून ही कागदपत्रे आपण आठवड्याभरात एसआयटीकडे सुपूर्द करणार, अशी माहिती अ‍ॅड.",
    "शुक्रवार, 11 जानेवारी 2019",
    "धोनीने हिंदुस्थानकडून एक दिवसीय क्रिकेटमध्ये सर्वाधिक षटकार ठोकण्याचा विक्रम आपल्या."
  ],
  "mentions": [
    {
      "id": 0,
      "text": "इंजिन",
      "sentence": 0,
      "start": 10,
      "end": 14,
      "confidence": 1.0
    },
    {
      "id": 1,
      "text": "रेल्वे",
      "sentence": 0,
      "start": 23,
      "end": 27,
      "confidence": 1.0
    },
    {
      "id": 2,
      "text": "सातारा",
      "sentence": 1,
      "start": 51,
      "end": 56,
      "confidence": 1.0
    },
    {
      "id": 3,
      "text": "सातारा",
      "sentence": 1,
      "start": 74,
      "end": 79,
      "confidence": 1.0
    },
    {
      "id": 4,
      "text": "मोदी",
      "sentence": 2,
      "start": 81,
      "end": 87,
      "confidence": 1.0
    },
    {
      "id": 5,
      "text": "गर्दी",
      "sentence": 2,
      "start": 102,
      "end": 105,
      "confidence": 1.0
    },
    {
      "id": 6,
      "text": "वाहतूक",
      "sentence": 3,
      "start": 117,
      "end": 122,
      "confidence": 1.0
    },
    {
      "id": 7,
      "text": "विभाग",
      "sentence": 3,
      "start": 123,
      "end": 129,
      "confidence": 1.0
    },
    {
      "id": 8,
      "text": "डीसीपी",
      "sentence": 3,
      "start": 131,
      "end": 135,
      "confidence": 1.0
    },
    {
      "id": 9,
      "text": "यांनी",
      "sentence": 3,
      "start": 137,
      "end": 140,
      "confidence": 1.0
    },
    {
      "id": 10,
      "text": "निर्णय",
      "sentence": 3,
      "start": 147,
      "end": 151,
      "confidence": 1.0
    },
    {
      "id": 11,
      "text": "जमाव",
      "sentence": 3,
      "start": 160,
      "end": 165,
      "confidence": 1.0
    },
    {
      "id": 12,
      "text": "मागणी",
      "sentence": 3,
      "start": 167,
      "end": 170,
      "confidence": 1.0
    },
    {
      "id": 13,
      "text": "शब्द",
      "sentence": 4,
      "start": 190,
      "end": 194,
      "confidence": 1.0
    },
    {
      "id": 14,
      "text": "वस्तुमान",
      "sentence": 4,
      "start": 197,
      "end": 202,
      "confidence": 1.0
    },
    {
      "id": 15,
      "text": "purges",
      "sentence": 4,
      "start": 203,
      "end": 208,
      "confidence": 1.0
    },
    {
      "id": 16,
      "text": "शिक्षण",
      "sentence": 4,
      "start": 220,
      "end": 224,
      "confidence": 1.0
    },
    {
      "id": 17,
      "text": "सोन्या",
      "sentence": 5,
      "start": 240,
      "end": 244,
      "confidence": 1.0
    },
    {
      "id": 18,
      "text": "महेंद्र",
      "sentence": 5,
      "start": 248,
      "end": 252,
      "confidence": 1.0
    },
    {
      "id": 19,
      "text": "पत्ता",
      "sentence": 5,
      "start": 262,
      "end": 265,
      "confidence": 1.0
    },
    {
      "id": 20,
      "text": "माहिती",
      "sentence": 5,
      "start": 266,
      "end": 270,
      "confidence": 1.0
    },
    {
      "id": 21,
      "text": "गुन्हा",
      "sentence": 5,
      "start": 276,
      "end": 279,
      "confidence": 1.0
    },
    {
      "id": 22,
      "text": "आरोपी",
      "sentence": 5,
      "start": 290,
      "end": 295,
      "confidence": 1.0
    },
    {
      "id": 23,
      "text": "श्वानपथक",
      "sentence": 6,
      "start": 310,
      "end": 317,
      "confidence": 1.0
    },
    {
      "id": 24,
      "text": "विधेयक",
      "sentence": 7,
      "start": 328,
      "end": 332,
      "confidence": 1.0
    },
    {
      "id": 25,
      "text": "आरोप",
      "sentence": 7,
      "start": 340,
      "end": 343,
      "confidence": 1.0
    },
    {
      "id": 26,
      "text": "विरोधक",
      "sentence": 7,
      "start": 344,
      "end": 350,
      "confidence": 1.0
    },
    {
      "id": 27,
      "text": "कर्ज",
      "sentence": 7,
      "start": 363,
      "end": 365,
      "confidence": 1.0
    },
    {
      "id": 28,
      "text": "वाटप",
      "sentence": 7,
      "start": 367,
      "end": 371,
      "confidence": 1.0
    },
    {
      "id": 29,
      "text": "असमतोल",
      "sentence": 7,
      "start": 379,
      "end": 384,
      "confidence": 1.0
    },
    {
      "id": 30,
      "text": "शेतकरी",
      "sentence": 7,
      "start": 393,
      "end": 399,
      "confidence": 1.0
    },
    {
      "id": 31,
      "text": "सावकार",
      "sentence": 7,
      "start": 401,
      "end": 407,
      "confidence": 1.0
    },
    {
      "id": 32,
      "text": "वाहक",
      "sentence": 8,
      "start": 418,
      "end": 426,
      "confidence": 1.0
    },
    {
      "id": 33,
      "text": "मुलगी",
      "sentence": 8,
      "start": 430,
      "end": 434,
      "confidence": 1.0
    },
    {
      "id": 34,
      "text": "विनयभंग",
      "sentence": 8,
      "start": 435,
      "end": 440,
      "confidence": 1.0
    },
    {
      "id": 35,
      "text": "तक्रार",
      "sentence": 8,
      "start": 447,
      "end": 450,
      "confidence": 1.0
    },
    {
      "id": 36,
      "text": "तिच्या",
      "sentence": 8,
      "start": 453,
      "end": 456,
      "confidence": 1.0
    },
    {
      "id": 37,
      "text": "पोलीस",
      "sentence": 8,
      "start": 465,
      "end": 471,
      "confidence": 1.0
    },
    {
      "id": 38,
      "text": "दिवा",
      "sentence": 9,
      "start": 488,
      "end": 495,
      "confidence": 1.0
    },
    {
      "id": 39,
      "text": "तक्रार",
      "sentence": 9,
      "start": 495,
      "end": 498,
      "confidence": 1.0
    },
    {
      "id": 40,
      "text": "कार्यवाही",
      "sentence": 9,
      "start": 510,
      "end": 515,
      "confidence": 1.0
    },
    {
      "id": 41,
      "text": "व्यक्ती",
      "sentence": 9,
      "start": 541,
      "end": 544,
      "confidence": 1.0
    },
    {
      "id": 42,
      "text": "गॅरेज",
      "sentence": 9,
      "start": 546,
      "end": 552,
      "confidence": 1.0
    },
    {
      "id": 43,
      "text": "आरडाओरडा",
      "sentence": 9,
      "start": 552,
      "end": 559,
      "confidence": 1.0
    },
    {
      "id": 44,
      "text": "माळीवाडा",
      "sentence": 10,
      "start": 571,
      "end": 580,
      "confidence": 1.0
    },
    {
      "id": 45,
      "text": "महापालिका",
      "sentence": 10,
      "start": 579,
      "end": 587,
      "confidence": 1.0
    },
    {
      "id": 46,
      "text": "गॅरेज",
      "sentence": 10,
      "start": 592,
      "end": 599,
      "confidence": 1.0
    },
    {
      "id": 47,
      "text": "कार्यालय",
      "sentence": 10,
      "start": 599,
      "end": 606,
      "confidence": 1.0
    },
    {
      "id": 48,
      "text": "कर्मचारी",
      "sentence": 10,
      "start": 622,
      "end": 630,
      "confidence": 1.0
    },
    {
      "id": 49,
      "text": "कर्मचारी",
      "sentence": 11,
      "start": 640,
      "end": 645,
      "confidence": 1.0
    },
    {
      "id": 50,
      "text": "कार्यालय",
      "sentence": 11,
      "start": 646,
      "end": 652,
      "confidence": 1.0
    },
    {
      "id": 51,
      "text": "विभाग",
      "sentence": 11,
      "start": 667,
      "end": 674,
      "confidence": 1.0
    },
    {
      "id": 52,
      "text": "मजला",
      "sentence": 12,
      "start": 693,
      "end": 696,
      "confidence": 1.0
    },
    {
      "id": 53,
      "text": "तो",
      "sentence": 13,
      "start": 716,
      "end": 717,
      "confidence": 1.0
    },
    {
      "id": 54,
      "text": "वेतन",
      "sentence": 13,
      "start": 721,
      "end": 724,
      "confidence": 1.0
    },
    {
      "id": 55,
      "text": "आम्ही",
      "sentence": 14,
      "start": 740,
      "end": 743,
      "confidence": 1.0
    },
    {
      "id": 56,
      "text": "तो",
      "sentence": 14,
      "start": 744,
      "end": 745,
      "confidence": 1.0
    },
    {
      "id": 57,
      "text": "स्तुती",
      "sentence": 14,
      "start": 756,
      "end": 759,
      "confidence": 1.0
    },
    {
      "id": 58,
      "text": "पात्र",
      "sentence": 14,
      "start": 760,
      "end": 763,
      "confidence": 1.0
    },
    {
      "id": 59,
      "text": "स्नोमोबाइल",
      "sentence": 14,
      "start": 774,
      "end": 781,
      "confidence": 1.0
    },
    {
      "id": 60,
      "text": "देखावा",
      "sentence": 14,
      "start": 782,
      "end": 786,
      "confidence": 1.0
    },
    {
      "id": 61,
      "text": "लक्ष",
      "sentence": 14,
      "start": 787,
      "end": 789,
      "confidence": 1.0
    },
    {
      "id": 62,
      "text": "आवश्यकता",
      "sentence": 15,
      "start": 808,
      "end": 814,
      "confidence": 1.0
    },
    {
      "id": 63,
      "text": "आंध्र",
      "sentence": 15,
      "start": 826,
      "end": 830,
      "confidence": 1.0
    },
    {
      "id": 64,
      "text": "राज्य",
      "sentence": 15,
      "start": 831,
      "end": 836,
      "confidence": 1.0
    },
    {
      "id": 65,
      "text": "धर्ती",
      "sentence": 15,
      "start": 841,
      "end": 845,
      "confidence": 1.0
    },
    {
      "id": 66,
      "text": "महाराष्ट्र",
      "sentence": 15,
      "start": 847,
      "end": 853,
      "confidence": 1.0
    },
    {
      "id": 67,
      "text": "सरकार",
      "sentence": 15,
      "start": 854,
      "end": 858,
      "confidence": 1.0
    },
    {
      "id": 68,
      "text": "नोकरी",
      "sentence": 15,
      "start": 868,
      "end": 872,
      "confidence": 1.0
    },
    {
      "id": 69,
      "text": "कायदा",
      "sentence": 15,
      "start": 877,
      "end": 880,
      "confidence": 1.0
    },
    {
      "id": 70,
      "text": "देसाई",
      "sentence": 15,
      "start": 906,
      "end": 909,
      "confidence": 1.0
    },
    {
      "id": 71,
      "text": "ठाकरे",
      "sentence": 16,
      "start": 918,
      "end": 921,
      "confidence": 1.0
    },
    {
      "id": 72,
      "text": "माध्यम",
      "sentence": 16,
      "start": 922,
      "end": 928,
      "confidence": 1.0
    },
    {
      "id": 73,
      "text": "वातावरण",
      "sentence": 16,
      "start": 959,
      "end": 964,
      "confidence": 1.0
    },
    {
      "id": 74,
      "text": "अंदाज",
      "sentence": 16,
      "start": 977,
      "end": 981,
      "confidence": 1.0
    },
    {
      "id": 75,
      "text": "संस्था",
      "sentence": 17,
      "start": 989,
      "end": 996,
      "confidence": 1.0
    },
    {
      "id": 76,
      "text": "कामकाज",
      "sentence": 17,
      "start": 996,
      "end": 1003,
      "confidence": 1.0
    },
    {
      "id": 77,
      "text": "लक्ष",
      "sentence": 17,
      "start": 1010,
      "end": 1012,
      "confidence": 1.0
    },
    {
      "id": 78,
      "text": "सरकार",
      "sentence": 17,
      "start": 1027,
      "end": 1033,
      "confidence": 1.0
    },
    {
      "id": 79,
      "text": "भाषा",
      "sentence": 17,
      "start": 1033,
      "end": 1036,
      "confidence": 1.0
    },
    {
      "id": 80,
      "text": "साहित्य-संस्कृती",
      "sentence": 17,
      "start": 1043,
      "end": 1061,
      "confidence": 1.0
    },
    {
      "id": 81,
      "text": "धोरण",
      "sentence": 17,
      "start": 1062,
      "end": 1065,
      "confidence": 1.0
    },
    {
      "id": 82,
      "text": "स्वतः",
      "sentence": 18,
      "start": 1073,
      "end": 1077,
      "confidence": 1.0
    },
    {
      "id": 83,
      "text": "नवरा",
      "sentence": 18,
      "start": 1079,
      "end": 1085,
      "confidence": 1.0
    },
    {
      "id": 84,
      "text": "दोघं",
      "sentence": 19,
      "start": 1119,
      "end": 1122,
      "confidence": 1.0
    },
    {
      "id": 85,
      "text": "कारण",
      "sentence": 19,
      "start": 1148,
      "end": 1152,
      "confidence": 1.0
    },
    {
      "id": 86,
      "text": "तो",
      "sentence": 19,
      "start": 1157,
      "end": 1158,
      "confidence": 1.0
    },
    {
      "id": 87,
      "text": "दिल्ली",
      "sentence": 20,
      "start": 1166,
      "end": 1170,
      "confidence": 1.0
    },
    {
      "id": 88,
      "text": "भारत",
      "sentence": 20,
      "start": 1174,
      "end": 1178,
      "confidence": 1.0
    },
    {
      "id": 89,
      "text": "कंपनी",
      "sentence": 20,
      "start": 1202,
      "end": 1208,
      "confidence": 1.0
    },
    {
      "id": 90,
      "text": "प्लान",
      "sentence": 20,
      "start": 1214,
      "end": 1218,
      "confidence": 1.0
    },
    {
      "id": 91,
      "text": "सूर्यवंशी",
      "sentence": 21,
      "start": 1230,
      "end": 1236,
      "confidence": 1.0
    },
    {
      "id": 92,
      "text": "सिनेमा",
      "sentence": 21,
      "start": 1242,
      "end": 1250,
      "confidence": 1.0
    },
    {
      "id": 93,
      "text": "अक्षय",
      "sentence": 21,
      "start": 1251,
      "end": 1254,
      "confidence": 1.0
    },
    {
      "id": 94,
      "text": "सिंघम",
      "sentence": 21,
      "start": 1261,
      "end": 1265,
      "confidence": 1.0
    },
    {
      "id": 95,
      "text": "सिंबा",
      "sentence": 21,
      "start": 1268,
      "end": 1271,
      "confidence": 1.0
    },
    {
      "id": 96,
      "text": "रणवीर",
      "sentence": 21,
      "start": 1291,
      "end": 1295,
      "confidence": 1.0
    },
    {
      "id": 97,
      "text": "रत्नगिरी",
      "sentence": 22,
      "start": 1308,
      "end": 1316,
      "confidence": 1.0
    },
    {
      "id": 98,
      "text": "मि-या",
      "sentence": 22,
      "start": 1316,
      "end": 1319,
      "confidence": 1.0
    },
    {
      "id": 99,
      "text": "प्रकल्प",
      "sentence": 22,
      "start": 1324,
      "end": 1330,
      "confidence": 1.0
    },
    {
      "id": 100,
      "text": "कार्यवाही",
      "sentence": 22,
      "start": 1344,
      "end": 1349,
      "confidence": 1.0
    },
    {
      "id": 101,
      "text": "कनाशी",
      "sentence": 23,
      "start": 1373,
      "end": 1379,
      "confidence": 1.0
    },
    {
      "id": 102,
      "text": "स्वामी",
      "sentence": 23,
      "start": 1389,
      "end": 1396,
      "confidence": 1.0
    },
    {
      "id": 103,
      "text": "मंदिर",
      "sentence": 23,
      "start": 1396,
      "end": 1402,
      "confidence": 1.0
    },
    {
      "id": 104,
      "text": "भक्त",
      "sentence": 23,
      "start": 1410,
      "end": 1415,
      "confidence": 1.0
    },
    {
      "id": 105,
      "text": "मनोकामना",
      "sentence": 23,
      "start": 1415,
      "end": 1421,
      "confidence": 1.0
    },
    {
      "id": 106,
      "text": "भाव‌िक",
      "sentence": 23,
      "start": 1433,
      "end": 1440,
      "confidence": 1.0
    },
    {
      "id": 107,
      "text": "धारणा",
      "sentence": 23,
      "start": 1440,
      "end": 1443,
      "confidence": 1.0
    },
    {
      "id": 108,
      "text": "पॅनल",
      "sentence": 24,
      "start": 1464,
      "end": 1467,
      "confidence": 1.0
    },
    {
      "id": 109,
      "text": "अपक्ष",
      "sentence": 24,
      "start": 1498,
      "end": 1501,
      "confidence": 1.0
    },
    {
      "id": 110,
      "text": "उमेदवारी",
      "sentence": 24,
      "start": 1513,
      "end": 1518,
      "confidence": 1.0
    },
    {
      "id": 111,
      "text": "जागा",
      "sentence": 24,
      "start": 1530,
      "end": 1537,
      "confidence": 1.0
    },
    {
      "id": 112,
      "text": "रत्नागिरी",
      "sentence": 25,
      "start": 1549,
      "end": 1554,
      "confidence": 1.0
    },
    {
      "id": 113,
      "text": "अपघात",
      "sentence": 25,
      "start": 1558,
      "end": 1564,
      "confidence": 1.0
    },
    {
      "id": 114,
      "text": "मुलगी",
      "sentence": 25,
      "start": 1576,
      "end": 1580,
      "confidence": 1.0
    },
    {
      "id": 115,
      "text": "मृतदेह",
      "sentence": 25,
      "start": 1581,
      "end": 1585,
      "confidence": 1.0
    },
    {
      "id": 116,
      "text": "जेसीबी",
      "sentence": 25,
      "start": 1607,
      "end": 1610,
      "confidence": 1.0
    },
    {
      "id": 117,
      "text": "आई-वडील",
      "sentence": 25,
      "start": 1616,
      "end": 1626,
      "confidence": 1.0
    },
    {
      "id": 118,
      "text": "मृत्यू",
      "sentence": 25,
      "start": 1626,
      "end": 1629,
      "confidence": 1.0
    },
    {
      "id": 119,
      "text": "घटना",
      "sentence": 26,
      "start": 1647,
      "end": 1650,
      "confidence": 1.0
    },
    {
      "id": 120,
      "text": "हातखंबा",
      "sentence": 26,
      "start": 1658,
      "end": 1664,
      "confidence": 1.0
    },
    {
      "id": 121,
      "text": "अपघात",
      "sentence": 28,
      "start": 1686,
      "end": 1692,
      "confidence": 1.0
    },
    {
      "id": 122,
      "text": "कुटुंब",
      "sentence": 28,
      "start": 1697,
      "end": 1704,
      "confidence": 1.0
    },
    {
      "id": 123,
      "text": "तिघे",
      "sentence": 28,
      "start": 1704,
      "end": 1710,
      "confidence": 1.0
    },
    {
      "id": 124,
      "text": "मृत्यू",
      "sentence": 28,
      "start": 1718,
      "end": 1721,
      "confidence": 1.0
    },
    {
      "id": 125,
      "text": "नुकसान",
      "sentence": 29,
      "start": 1759,
      "end": 1763,
      "confidence": 1.0
    },
    {
      "id": 126,
      "text": "फलंदाज",
      "sentence": 30,
      "start": 1772,
      "end": 1779,
      "confidence": 1.0
    },
    {
      "id": 127,
      "text": "शिखर",
      "sentence": 30,
      "start": 1789,
      "end": 1792,
      "confidence": 1.0
    },
    {
      "id": 128,
      "text": "यांनी",
      "sentence": 30,
      "start": 1798,
      "end": 1801,
      "confidence": 1.0
    },
    {
      "id": 129,
      "text": "sराव",
      "sentence": 30,
      "start": 1802,
      "end": 1805,
      "confidence": 1.0
    },
    {
      "id": 130,
      "text": "राष्ट्रवादी",
      "sentence": 31,
      "start": 1811,
      "end": 1819,
      "confidence": 1.0
    },
    {
      "id": 131,
      "text": "मंत्री",
      "sentence": 31,
      "start": 1821,
      "end": 1824,
      "confidence": 1.0
    },
    {
      "id": 132,
      "text": "नेता",
      "sentence": 31,
      "start": 1833,
      "end": 1835,
      "confidence": 1.0
    },
    {
      "id": 133,
      "text": "मधुकर",
      "sentence": 31,
      "start": 1836,
      "end": 1840,
      "confidence": 1.0
    },
    {
      "id": 134,
      "text": "यांनी",
      "sentence": 31,
      "start": 1846,
      "end": 1849,
      "confidence": 1.0
    },
    {
      "id": 135,
      "text": "मुलगा",
      "sentence": 31,
      "start": 1853,
      "end": 1858,
      "confidence": 1.0
    },
    {
      "id": 136,
      "text": "भाजप",
      "sentence": 31,
      "start": 1859,
      "end": 1864,
      "confidence": 1.0
    },
    {
      "id": 137,
      "text": "प्रवेश",
      "sentence": 31,
      "start": 1863,
      "end": 1867,
      "confidence": 1.0
    },
    {
      "id": 138,
      "text": "शिवाजी",
      "sentence": 32,
      "start": 1878,
      "end": 1882,
      "confidence": 1.0
    },
    {
      "id": 139,
      "text": "महाराज",
      "sentence": 32,
      "start": 1883,
      "end": 1894,
      "confidence": 1.0
    },
    {
      "id": 140,
      "text": "लोकमान्य",
      "sentence": 32,
      "start": 1896,
      "end": 1902,
      "confidence": 1.0
    },
    {
      "id": 141,
      "text": "कार्य",
      "sentence": 32,
      "start": 1909,
      "end": 1915,
      "confidence": 1.0
    },
    {
      "id": 142,
      "text": "जनजागृती",
      "sentence": 32,
      "start": 1915,
      "end": 1925,
      "confidence": 1.0
    },
    {
      "id": 143,
      "text": "महाराष्ट्र",
      "sentence": 32,
      "start": 1926,
      "end": 1935,
      "confidence": 1.0
    },
    {
      "id": 144,
      "text": "गणेशोत्सव",
      "sentence": 32,
      "start": 1933,
      "end": 1944,
      "confidence": 1.0
    },
    {
      "id": 145,
      "text": "कोटी",
      "sentence": 32,
      "start": 1944,
      "end": 1950,
      "confidence": 1.0
    },
    {
      "id": 146,
      "text": "घोषणा",
      "sentence": 32,
      "start": 1950,
      "end": 1954,
      "confidence": 1.0
    },
    {
      "id": 147,
      "text": "प्रणाम",
      "sentence": 33,
      "start": 1960,
      "end": 1964,
      "confidence": 1.0
    },
    {
      "id": 148,
      "text": "बहीण",
      "sentence": 33,
      "start": 1971,
      "end": 1974,
      "confidence": 1.0
    },
    {
      "id": 149,
      "text": "नूतन",
      "sentence": 33,
      "start": 1975,
      "end": 1978,
      "confidence": 1.0
    },
    {
      "id": 150,
      "text": "अपघात",
      "sentence": 33,
      "start": 1982,
      "end": 1988,
      "confidence": 1.0
    },
    {
      "id": 151,
      "text": "त्यांच्यावर",
      "sentence": 33,
      "start": 2003,
      "end": 2009,
      "confidence": 1.0
    },
    {
      "id": 152,
      "text": "गोमेकॉ",
      "sentence": 33,
      "start": 2010,
      "end": 2016,
      "confidence": 1.0
    },
    {
      "id": 153,
      "text": "उपचार",
      "sentence": 33,
      "start": 2015,
      "end": 2018,
      "confidence": 1.0
    },
    {
      "id": 154,
      "text": "प्रणाम",
      "sentence": 34,
      "start": 2028,
      "end": 2032,
      "confidence": 1.0
    },
    {
      "id": 155,
      "text": "बंधू",
      "sentence": 34,
      "start": 2040,
      "end": 2046,
      "confidence": 1.0
    },
    {
      "id": 156,
      "text": "पोलीस",
      "sentence": 35,
      "start": 2053,
      "end": 2060,
      "confidence": 1.0
    },
    {
      "id": 157,
      "text": "गीता",
      "sentence": 35,
      "start": 2059,
      "end": 2063,
      "confidence": 1.0
    },
    {
      "id": 158,
      "text": "समुपदेशन",
      "sentence": 35,
      "start": 2064,
      "end": 2070,
      "confidence": 1.0
    },
    {
      "id": 159,
      "text": "प्रयत्न",
      "sentence": 35,
      "start": 2077,
      "end": 2080,
      "confidence": 1.0
    },
    {
      "id": 160,
      "text": "गीता",
      "sentence": 36,
      "start": 2088,
      "end": 2092,
      "confidence": 1.0
    },
    {
      "id": 161,
      "text": "आम्ही",
      "sentence": 36,
      "start": 2092,
      "end": 2095,
      "confidence": 1.0
    },
    {
      "id": 162,
      "text": "मी",
      "sentence": 37,
      "start": 2107,
      "end": 2109,
      "confidence": 1.0
    },
    {
      "id": 163,
      "text": "तो",
      "sentence": 37,
      "start": 2111,
      "end": 2120,
      "confidence": 1.0
    },
    {
      "id": 164,
      "text": "विवाह",
      "sentence": 37,
      "start": 2121,
      "end": 2124,
      "confidence": 1.0
    },
    {
      "id": 165,
      "text": "पोलीस",
      "sentence": 37,
      "start": 2140,
      "end": 2147,
      "confidence": 1.0
    },
    {
      "id": 166,
      "text": "कुटुंबीय",
      "sentence": 37,
      "start": 2146,
      "end": 2155,
      "confidence": 1.0
    },
    {
      "id": 167,
      "text": "नाईलाज",
      "sentence": 37,
      "start": 2156,
      "end": 2161,
      "confidence": 1.0
    },
    {
      "id": 168,
      "text": "पोलीस",
      "sentence": 38,
      "start": 2171,
      "end": 2178,
      "confidence": 1.0
    },
    {
      "id": 169,
      "text": "घाटी",
      "sentence": 38,
      "start": 2187,
      "end": 2191,
      "confidence": 1.0
    },
    {
      "id": 170,
      "text": "उपचार",
      "sentence": 38,
      "start": 2191,
      "end": 2194,
      "confidence": 1.0
    },
    {
      "id": 171,
      "text": "दोघे",
      "sentence": 39,
      "start": 2202,
      "end": 2207,
      "confidence": 1.0
    },
    {
      "id": 172,
      "text": "जवाब",
      "sentence": 39,
      "start": 2207,
      "end": 2210,
      "confidence": 1.0
    },
    {
      "id": 173,
      "text": "गीता",
      "sentence": 40,
      "start": 2221,
      "end": 2225,
      "confidence": 1.0
    },
    {
      "id": 174,
      "text": "आई-वडील",
      "sentence": 40,
      "start": 2225,
      "end": 2237,
      "confidence": 1.0
    },
    {
      "id": 175,
      "text": "पोलीस",
      "sentence": 40,
      "start": 2262,
      "end": 2269,
      "confidence": 1.0
    },
    {
      "id": 176,
      "text": "खासदार",
      "sentence": 41,
      "start": 2275,
      "end": 2280,
      "confidence": 1.0
    },
    {
      "id": 177,
      "text": "शरदचंद्र",
      "sentence": 41,
      "start": 2281,
      "end": 2287,
      "confidence": 1.0
    },
    {
      "id": 178,
      "text": "पुरस्कार",
      "sentence": 41,
      "start": 2303,
      "end": 2310,
      "confidence": 1.0
    },
    {
      "id": 179,
      "text": "गौरव",
      "sentence": 41,
      "start": 2309,
      "end": 2312,
      "confidence": 1.0
    },
    {
      "id": 180,
      "text": "कंपनी",
      "sentence": 42,
      "start": 2324,
      "end": 2331,
      "confidence": 1.0
    },
    {
      "id": 181,
      "text": "स्टीव्ह",
      "sentence": 42,
      "start": 2329,
      "end": 2333,
      "confidence": 1.0
    },
    {
      "id": 182,
      "text": "फोटो",
      "sentence": 42,
      "start": 2338,
      "end": 2341,
      "confidence": 1.0
    },
    {
      "id": 183,
      "text": "गंगथडी",
      "sentence": 43,
      "start": 2372,
      "end": 2377,
      "confidence": 1.0
    },
    {
      "id": 184,
      "text": "महाल",
      "sentence": 43,
      "start": 2384,
      "end": 2387,
      "confidence": 1.0
    },
    {
      "id": 185,
      "text": "सरकार",
      "sentence": 43,
      "start": 2388,
      "end": 2394,
      "confidence": 1.0
    },
    {
      "id": 186,
      "text": "कलाकार",
      "sentence": 44,
      "start": 2400,
      "end": 2409,
      "confidence": 1.0
    },
    {
      "id": 187,
      "text": "उपस्थिती",
      "sentence": 44,
      "start": 2408,
      "end": 2419,
      "confidence": 1.0
    },
    {
      "id": 188,
      "text": "चित्रपट",
      "sentence": 44,
      "start": 2418,
      "end": 2428,
      "confidence": 1.0
    },
    {
      "id": 189,
      "text": "मेहनत",
      "sentence": 44,
      "start": 2447,
      "end": 2454,
      "confidence": 1.0
    },
    {
      "id": 190,
      "text": "त्यांनी",
      "sentence": 44,
      "start": 2453,
      "end": 2456,
      "confidence": 1.0
    },
    {
      "id": 191,
      "text": "पडदा",
      "sentence": 44,
      "start": 2464,
      "end": 2471,
      "confidence": 1.0
    },
    {
      "id": 192,
      "text": "व्यक्तिरेखा",
      "sentence": 44,
      "start": 2475,
      "end": 2484,
      "confidence": 1.0
    },
    {
      "id": 193,
      "text": "कलाकार",
      "sentence": 44,
      "start": 2510,
      "end": 2519,
      "confidence": 1.0
    },
    {
      "id": 194,
      "text": "गोष्ट",
      "sentence": 44,
      "start": 2524,
      "end": 2527,
      "confidence": 1.0
    },
    {
      "id": 195,
      "text": "मायबाप",
      "sentence": 44,
      "start": 2540,
      "end": 2547,
      "confidence": 1.0
    },
    {
      "id": 196,
      "text": "त्यांचे",
      "sentence": 44,
      "start": 2548,
      "end": 2552,
      "confidence": 1.0
    },
    {
      "id": 197,
      "text": "चित्रपट",
      "sentence": 44,
      "start": 2553,
      "end": 2557,
      "confidence": 1.0
    },
    {
      "id": 198,
      "text": "चित्रपट",
      "sentence": 44,
      "start": 2567,
      "end": 2571,
      "confidence": 1.0
    },
    {
      "id": 199,
      "text": "चित्रपटसृष्टी",
      "sentence": 44,
      "start": 2596,
      "end": 2611,
      "confidence": 1.0
    },
    {
      "id": 200,
      "text": "कलाकार",
      "sentence": 44,
      "start": 2621,
      "end": 2630,
      "confidence": 1.0
    },
    {
      "id": 201,
      "text": "यादी",
      "sentence": 44,
      "start": 2631,
      "end": 2635,
      "confidence": 1.0
    },
    {
      "id": 202,
      "text": "संदीप",
      "sentence": 44,
      "start": 2636,
      "end": 2640,
      "confidence": 1.0
    },
    {
      "id": 203,
      "text": "रुडॉल्फ",
      "sentence": 45,
      "start": 2659,
      "end": 2670,
      "confidence": 1.0
    },
    {
      "id": 204,
      "text": "कागदपत्र",
      "sentence": 45,
      "start": 2673,
      "end": 2679,
      "confidence": 1.0
    },
    {
      "id": 205,
      "text": "मी",
      "sentence": 45,
      "start": 2680,
      "end": 2686,
      "confidence": 1.0
    },
    {
      "id": 206,
      "text": "कागदपत्र",
      "sentence": 45,
      "start": 2706,
      "end": 2712,
      "confidence": 1.0
    },
    {
      "id": 207,
      "text": "मी",
      "sentence": 45,
      "start": 2712,
      "end": 2715,
      "confidence": 1.0
    },
    {
      "id": 208,
      "text": "आठवडा",
      "sentence": 45,
      "start": 2716,
      "end": 2727,
      "confidence": 1.0
    },
    {
      "id": 209,
      "text": "एसआयटी",
      "sentence": 45,
      "start": 2725,
      "end": 2734,
      "confidence": 1.0
    },
    {
      "id": 210,
      "text": "माहिती",
      "sentence": 45,
      "start": 2742,
      "end": 2746,
      "confidence": 1.0
    },
    {
      "id": 211,
      "text": "अ‍ॅड",
      "sentence": 45,
      "start": 2748,
      "end": 2752,
      "confidence": 1.0
    },
    {
      "id": 212,
      "text": "शुक्रवार",
      "sentence": 46,
      "start": 2758,
      "end": 2764,
      "confidence": 1.0
    },
    {
      "id": 213,
      "text": "जानेवारी",
      "sentence": 46,
      "start": 2769,
      "end": 2775,
      "confidence": 1.0
    },
    {
      "id": 214,
      "text": "धोनी",
      "sentence": 47,
      "start": 2785,
      "end": 2790,
      "confidence": 1.0
    },
    {
      "id": 215,
      "text": "हिंदुस्थान",
      "sentence": 47,
      "start": 2790,
      "end": 2800,
      "confidence": 1.0
    },
    {
      "id": 216,
      "text": "क्रिकेट",
      "sentence": 47,
      "start": 2807,
      "end": 2816,
      "confidence": 1.0
    },
    {
      "id": 217,
      "text": "षटकार",
      "sentence": 47,
      "start": 2822,
      "end": 2826,
      "confidence": 1.0
    },
    {
      "id": 218,
      "text": "विक्रम",
      "sentence": 47,
      "start": 2835,
      "end": 2839,
      "confidence": 1.0
    }
  ],
  "clusters": [
    [
      4,
      6
    ],
    [
      11,
      63
    ],
    [
      12,
      13
    ],
    [
      16,
      43,
      49
    ],
    [
      25,
      30
    ],
    [
      41,
      44,
      142
    ],
    [
      46,
      192,
      201,
      204,
      213
    ],
    [
      50,
      121,
      212
    ],
    [
      53,
      57
    ],
    [
      58,
      62
    ],
    [
      60,
      61
    ],
    [
      74,
      93
    ],
    [
      79,
      179
    ],
    [
      80,
      94
    ],
    [
      102,
      104
    ],
    [
      107,
      218
    ],
    [
      116,
      140
    ],
    [
      132,
      136
    ],
    [
      141,
      154,
      186
    ],
    [
      148,
      158
    ],
    [
      162,
      163,
      164
    ],
    [
      169,
      170
    ],
    [
      174,
      175
    ],
    [
      183,
      190
    ],
    [
      185,
      187
    ],
    [
      189,
      207
    ],
    [
      193,
      196,
      198,
      210
    ]
  ]
}