{
  "document_id": "document_10",
  "sentences": [
    "तीन ग्रामपंचायतीसाठी आज मतदान",
    "यावेळी सुरेश प्रभुनी सुधीर सावंत व मधु दंडवते या दोघांचाही पराभव केला.",
    "त्यावेळी निकालादिवशी सुरेश प्रभुंना विजयी घोषित केल्यानंतर त्यांनी लगेचच शेजारी उभे असलेल्या मधु दंडवतेंची भेट घेत वाकुन त्यांच्या चरणांना स्पर्श केला.",
    "मतांच्या गोळाबेरजेत आपण विजयी झालेलो असलो तरी मधु दंडवतें या व्यक्तीचे कोकणप्रती असलेले योगदान प्रभुना चांगलेच ठाऊक होते.",
    "तसेच कर्नाटक, आंध्र प्रदेश, तेलंगणा मध्येही आरोपींनी अशाच प्रकारचे गुन्हे केल्याची शक्यता असून त्यादृष्टीने तपार करत आहोत अशी माहिती यावेळी त्यांनी दिली आहे.",
    "प्रेमप्रकरणामध्ये स्वत:हून यशस्वी होण्यासाठी एखाद्याला निर्देशन करा.",
    "सर्व प्रथम, हे सुट्टी जेथे साजरा करण्याचा निर्णय घेतला करण्यासाठी, अभ्यागतांची संख्या याचा विचार करा.",
    "चेन्नईचे जिल्हाध्यक्ष असलेल्या त्यागराज यांना पक्षविरोधी कारवाया केल्याबद्दल पक्षातून निलंबित केलं आहे.",
    "यावेळी गोवा फॉरवर्डप्रणित अन्य नगरसेवक उपस्थित होते.",
    "तुम्हीही राहा सावध",
    "जवाहरलाल नेहरु सौरउर्जा अभियानांतर्गत महाराष्ट्रातील __________हि शहरे \"सौर ऊर्जेवरील शहरे\" म्हणून जाहीर करण्यात आली आहेत.",
    "मुंबई मुंबई विद्यापीठाच्या बीएमएस आणि बॅफ अभ्यासक्रमाच्या विषयांचे पेपर लीक केल्याप्रकरणी अटक केलेल्या दहा जणांना न्यायालयाने शनिवारी एक दिवसाची पोलीस कोठडी सुनावली."
  ],
  "mentions": [
    {
      "id": 0,
      "text": "प्रभुनी",
      "sentence": 1,
      "start": 36,
      "end": 41,
      "confidence": 1.0
    },
    {
      "id": 1,
      "text": "सावंत",
      "sentence": 1,
      "start": 47,
      "end": 51,
      "confidence": 1.0
    },
    {
      "id": 2,
      "text": "दंडवते",
      "sentence": 1,
      "start": 57,
      "end": 62,
      "confidence": 1.0
    },
    {
      "id": 3,
      "text": "दोघांचाही",
      "sentence": 1,
      "start": 66,
      "end": 74,
      "confidence": 1.0
    },
    {
      "id": 4,
      "text": "प्रभुंना",
      "sentence": 2,
      "start": 98,
      "end": 103,
      "confidence": 1.0
    },
    {
      "id": 5,
      "text": "त्यांनी",
      "sentence": 2,
      "start": 124,
      "end": 129,
      "confidence": 1.0
    },
    {
      "id": 6,
      "text": "दंडवतेंची",
      "sentence": 2,
      "start": 151,
      "end": 159,
      "confidence": 1.0
    },
    {
      "id": 7,
      "text": "त्यांच्या",
      "sentence": 2,
      "start": 174,
      "end": 181,
      "confidence": 1.0
    },
    {
      "id": 8,
      "text": "आपण",
      "sentence": 3,
      "start": 209,
      "end": 212,
      "confidence": 1.0
    },
    {
      "id": 9,
      "text": "व्यक्तीचे",
      "sentence": 3,
      "start": 249,
      "end": 256,
      "confidence": 1.0
    },
    {
      "id": 10,
      "text": "प्रभुना",
      "sentence": 3,
      "start": 283,
      "end": 288,
      "confidence": 1.0
    },
    {
      "id": 11,
      "text": "कर्नाटक",
      "sentence": 4,
      "start": 304,
      "end": 310,
      "confidence": 1.0
    },
    {
      "id": 12,
      "text": "प्रदेश",
      "sentence": 4,
      "start": 317,
      "end": 322,
      "confidence": 1.0
    },
    {
      "id": 13,
      "text": "तेलंगणा",
      "sentence": 4,
      "start": 328,
      "end": 334,
      "confidence": 1.0
    },
    {
      "id": 14,
      "text": "आरोपींनी",
      "sentence": 4,
      "start": 341,
      "end": 348,
      "confidence": 1.0
    },
    {
      "id": 15,
      "text": "त्यांनी",
      "sentence": 4,
      "start": 419,
      "end": 424,
      "confidence": 1.0
    },
    {
      "id": 16,
      "text": "स्वत:हून",
      "sentence": 5,
      "start": 442,
      "end": 448,
      "confidence": 1.0
    },
    {
      "id": 17,
      "text": "एखाद्याला",
      "sentence": 5,
      "start": 461,
      "end": 469,
      "confidence": 1.0
    },
    {
      "id": 18,
      "text": "सुट्टी",
      "sentence": 6,
      "start": 491,
      "end": 496,
      "confidence": 1.0
    },
    {
      "id": 19,
      "text": "अभ्यागतांची",
      "sentence": 6,
      "start": 521,
      "end": 530,
      "confidence": 1.0
    },
    {
      "id": 20,
      "text": "संख्या",
      "sentence": 6,
      "start": 531,
      "end": 535,
      "confidence": 1.0
    },
    {
      "id": 21,
      "text": "चेन्नईचे",
      "sentence": 7,
      "start": 547,
      "end": 554,
      "confidence": 1.0
    },
    {
      "id": 22,
      "text": "जिल्हाध्यक्ष",
      "sentence": 7,
      "start": 555,
      "end": 565,
      "confidence": 1.0
    },
    {
      "id": 23,
      "text": "त्यागराज",
      "sentence": 7,
      "start": 574,
      "end": 581,
      "confidence": 1.0
    },
    {
      "id": 24,
      "text": "यांना",
      "sentence": 7,
      "start": 582,
      "end": 586,
      "confidence": 1.0
    },
    {
      "id": 25,
      "text": "पक्षातून",
      "sentence": 7,
      "start": 609,
      "end": 615,
      "confidence": 1.0
    },
    {
      "id": 26,
      "text": "नगरसेवक",
      "sentence": 8,
      "start": 642,
      "end": 648,
      "confidence": 1.0
    },
    {
      "id": 27,
      "text": "तुम्हीही",
      "sentence": 9,
      "start": 657,
      "end": 663,
      "confidence": 1.0
    },
    {
      "id": 28,
      "text": "नेहरु",
      "sentence": 10,
      "start": 677,
      "end": 681,
      "confidence": 1.0
    },
    {
      "id": 29,
      "text": "अभियानांतर्गत",
      "sentence": 10,
      "start": 690,
      "end": 700,
      "confidence": 1.0
    },
    {
      "id": 30,
      "text": "शहरे",
      "sentence": 10,
      "start": 724,
      "end": 727,
      "confidence": 1.0
    },
    {
      "id": 31,
      "text": "शहरे",
      "sentence": 10,
      "start": 742,
      "end": 745,
      "confidence": 1.0
    },
    {
      "id": 32,
      "text": "मुंबई",
      "sentence": 11,
      "start": 764,
      "end": 768,
      "confidence": 1.0
    },
    {
      "id": 33,
      "text": "मुंबई",
      "sentence": 11,
      "start": 770,
      "end": 774,
      "confidence": 1.0
    },
    {
      "id": 34,
      "text": "बीएमएस",
      "sentence": 11,
      "start": 785,
      "end": 790,
      "confidence": 1.0
    },
    {
      "id": 35,
      "text": "विषयांचे",
      "sentence": 11,
      "start": 810,
      "end": 815,
      "confidence": 1.0
    },
    {
      "id": 36,
      "text": "पेपर",
      "sentence": 11,
      "start": 816,
      "end": 820,
      "confidence": 1.0
    },
    {
      "id": 37,
      "text": "जणांना",
      "sentence": 11,
      "start": 848,
      "end": 852,
      "confidence": 1.0
    },
    {
      "id": 38,
      "text": "न्यायालयाने",
      "sentence": 11,
      "start": 854,
      "end": 862,
      "confidence": 1.0
    },
    {
      "id": 39,
      "text": "कोठडी",
      "sentence": 11,
      "start": 880,
      "end": 885,
      "confidence": 1.0
    }
  ],
  "clusters": [
    [
      0,
      4,
      5,
      8,
      11
    ],
    [
      2,
      6,
      7,
      9,
      10
    ],
    [
      19,
      20
    ],
    [
      24,
      25,
      26
    ],
    [
      31,
      32
    ],
    [
      35,
      36
    ],
    [
      37,
      38
    ]
  ]
}