{
  "document_id": "document_200",
  "sentences": [
    "तील सर्व कर्मचारी या हल्ल्याचा निषेध करीत असल्याचे संघटनेचे पदाधिकारी कृष्णा रेणोसे, अनंत जाधव, काशीनाथ राणे, भरत महामुणकर यांनी सांगितले.",
    "म्हणजे आपण वार घेऊन एक मोजण्याची पद्धती, म्हणजेच काऊंटींग सिस्टीम बनवलीये, असे दिसतेय.",
    "या सिस्टीम मध्ये सात आकडे आहेत ०, १, २,…६ असे.",
    "पण ही सिस्टीम परीपुर्ण दिसत नाही.",
    "कारण, ६+६ म्हणजे किती हे इथे सरळ सरळ दिसत नाहीये.",
    "बेरीज जर ६ हून जास्त असेन किंवा वजाबाकी ० हून कमी तर वरील पद्धतीने मोजणे शक्य होत नाही.",
    "कारण ६ हून मोठा आकडा आपल्याकडे नाही आणि शुन्याहून लहान अंक नाही.",
    "कारण काय तर आपल्या सिस्टिमला ०,१, २,…, ६ इतकेच अंक माहित आहेत.",
    "यावर काय करावे?",
    "यावर एक नैसर्गिक उपाय पुढील प्रमाणे आहे: यावर्षी (२०१४) गणपती सोमवारी बसले.",
    "ह्यावर्षी अधिक महिनाही नाही, तर अनंत चतुर्दशी कोणत्या वारी येईल?",
    "थोडी आकडेमोड केल की लक्षात येईल, की ती बुधवारी असेन.",
    "वरील प्रमाणे वारांना आकडे दिले तर सोमवारनंतर दहा दिवसांनी कोणता वार येईल, असा प्रश्न ईथे होता.",
    "म्हणजे आपल्या सिस्टीमच्या भाषेत १+ १० बरोबर किती असा प्रश्न होता आणि उत्तर आले सोमवार+ १० = १+१०= ३ = बुधवार.",
    "अशीच इतर उदाहरणे म्हणजे मंगळवारानंतर पाच दिवसांनी कोणता दिवस येईल, तर रविवार.",
    "म्हणजे २+५=०.",
    "मंगळवारनंतर सहा दिवसांनी कोणता दिवस येईल तर सोमवार म्हणजेच २+६=१.",
    "या सर्व बॆरजा केल्या, तर खालील तक्ता बनवता येईल:",
    "त्यामुळे मोठ्या प्रमाणावर शहरातील गुन्हेगारी टोळ्यांचे वर्चस्व मोडीत निघाले आहे.",
    "इचलकरंजीत केलेल्या या कारवाईत 1 लाख 1 हजार 720 रुपयांचा मुद्देमाल जप्त करण्यात आला आहे.",
    "संकष्टी किंवा अंगारकी संकष्टीला तर येथे दर्शनासाठी भाविकांच्या रांगा लागतात आणि गर्दीला आवरणे स्वयंसेवकांना जड जाते.",
    "त्यापैकी ९०० शेतकºयांच्या याद्यांची पडताळणी तलाठ्यांकडून करण्यात आली; मात्र १० हजार १०० शेतकºयांच्या याद्या पडताळणीसाठी अद्याप तलाठ्यांकडे प्रलंबित आहेत.",
    "या पथकाने बुधवारी पहाटेपर्यंत १०० कोटी रुपये खर्च झालेल्या कामांच्या फायली तपासणीसाठी घेतल्या.",
    "इथे एक शिवलिंग आहे, पण कुठे मंदिराचा मागमूसही नाही.",
    "कोकणातील पहिली महिला मेजर",
    "त्यामुळे कल्याण-डोंबिवलीत डेंग्यूचा फैलाव झालेला दिसून येत नाही.",
    "गोव्याहून मुंबईकडे येणारी महाकाली ट्रॅव्हल्सची खासगी आरामबस १९ मार्च रोजी पहाटे साडेतीन वाजता खेडजवळील भरणे जगबुडी पुलावरून दीडशे फूट खोल नदीपात्रात कोसळल्याने तब्बल ३८ प्रवाशांना प्राण गमवावे लागले, तर १५ जण गंभीर जखमी झाले.",
    "त्याच्या स्वत: च्या हातांनी बाग क्षेत्र अंधुक बाजूला असेल तर, गवत नियमितपणे मॉस आणि तण, जे आहे ते सक्रिय वाढ होणार नाही का होईल तुंबले आहे.",
    "मुंबई येथे झालेल्या प्रवेश सोहळ्यानंतर शनिवारी नाशिक शहरात त्यांचे आगमन होताच समर्थकांनी जंगी स्वागत करत पश्‍चिम मतदारसंघात महारॅली काढत शक्‍तिप्रदर्शन केले.",
    "या कामाचा आशीर्वाद म्हणून सभासदांनी आम्हास मागील पंचवार्षिक निवडणुकीत १५ जागेवर घसघशीत विजयी करून सत्ता आमच्या पॅनलच्या हातात दिली.",
    "फक्त नियम बीसीसीआयचे असणार आहेत.",
    "2 नोव्हेंबर, सटाणा : संजय राऊत यांनी माझी भेट घेतली, पण राजकारणाबद्दल चर्चा झाली नाही.",
    "हॉटेल LEXX मध्ये अॅनिमेशन संघ - ते खरे व्यावसायिक आहेत.",
    "श्री अंबाबाई मंदिरात पगारी पुजारी नेमण्याबाबत लवकरच पालकमंत्री चंद्रकांत पाटील यांच्या उपस्थितीत बैठक घेण्यात येईल, असे आश्‍वासन देवस्थान समितीचे अध्यक्ष महेश जाधव यांनी पुजारी हटाव कृती समितीच्या पदाधिकार्‍यांना दिले.",
    "या मालिकेत जो वाडा वापरण्यात आलाय त्याच्या आजुबाजूच्या रहिवाशांनी हा आरोप केलाय.",
    "नाशिक पदवीधरची निवडणूक उमेदवारांनी पैठणी, पैसे वाटल्याने वादग्रस्त ठरली.",
    "नाशिक जिल्ह्यात येवला इथं पैठणी तयार होते आणि याच जिल्ह्यात मालेगाव इथं नऊवारी लुगडे तयार होतात.",
    "पण उमेदवारांनी पैठणी वाटण्यास पसंती दिली.",
    "शिक्षकांसारख्या शिकलेल्या मतदारांनी पैठण्या, पैसे स्वीकारले म्हणून टीकाही झाली.",
    "निवडणूक आयोगाकडे तक्रारही केली गेली.",
    "माध्यमांत चर्चा, बातम्या झाल्या.",
    "पैठण्या मतदारांनी जाळण्याचेही प्रकार झाले.",
    "सर्वच उमेदवार श्रीमंत होते.",
    "त्यांनी पैठण्या, पैसे वाटले असं बोललं गेलं.",
    "आता मतदारांनीच अशा उमेदवारांना धडे शिकवावेत असं आवाहन सामाजिक कार्यकर्त्यांनी केलं.",
    "सामाजिक कार्यकर्ते व शिक्षक हेरंब कुलकर्णी यांनी त्यात पुढाकार घेतला होता.",
    "निवडणुकीत जसे गैरप्रकार झाले तसे त्याविरोधात आवाजही उठला.",
    "हे या निवडणुकीत शिक्षक जागृत असल्याचेच प्रतीक म्हणता येईल.",
    "या निवडणुकीत सेनेचे किशोर दराडे विजयी झाले, तर काँग्रेस, राष्ट्रवादीने पाठिंबा दिलेले संदीप बेडसे यांचा पराभव झाला.",
    "बेडसे यांना टीचर डेमोक्रेटिक फ्रंट (टीडीएफ) या शिक्षकांच्या संघटनेने पाठिंबा दिला होता.",
    "एकेकाळी महाराष्ट्रात या शिक्षक संघटनेचा दबदबा होता.",
    "आता या पुरोगामी विचाराच्या संघटनेची शकले झालीत.",
    "पैसेवाले उमेदवार या संघटनेच्या नेत्यांना विकत घेतात आणि त्यांना वापरतात, हे चित्र या निवडणुकीत जास्त दिसलं.",
    "ही संघटना आता विचारशून्यता आणि फाटाफुटीने शेवटच्या घटका मोजत आहे की काय, असा प्रश्न उभा राहिला आहे.",
    "स्पर्धेत सहभागी झालेल्यांना मिक्सर, गृहोपयोगी साहित्य अशा अनेक भेटवस्तू देण्यात आल्या."
  ],
  "mentions": [
    {
      "id": 0,
      "text": "कर्मचारी",
      "sentence": 0,
      "start": 9,
      "end": 16,
      "confidence": 1.0
    },
    {
      "id": 1,
      "text": "हल्ल्याचा",
      "sentence": 0,
      "start": 20,
      "end": 28,
      "confidence": 1.0
    },
    {
      "id": 2,
      "text": "संघटनेचे",
      "sentence": 0,
      "start": 39,
      "end": 47,
      "confidence": 1.0
    },
    {
      "id": 3,
      "text": "पदाधिकारी",
      "sentence": 0,
      "start": 48,
      "end": 57,
      "confidence": 1.0
    },
    {
      "id": 4,
      "text": "कृष्णा",
      "sentence": 0,
      "start": 58,
      "end": 63,
      "confidence": 1.0
    },
    {
      "id": 5,
      "text": "अनंत",
      "sentence": 0,
      "start": 70,
      "end": 74,
      "confidence": 1.0
    },
    {
      "id": 6,
      "text": "काशीनाथ",
      "sentence": 0,
      "start": 81,
      "end": 89,
      "confidence": 1.0
    },
    {
      "id": 7,
      "text": "यांनी",
      "sentence": 0,
      "start": 112,
      "end": 116,
      "confidence": 1.0
    },
    {
      "id": 8,
      "text": "आपण",
      "sentence": 1,
      "start": 124,
      "end": 128,
      "confidence": 1.0
    },
    {
      "id": 9,
      "text": "पद्धती",
      "sentence": 1,
      "start": 143,
      "end": 148,
      "confidence": 1.0
    },
    {
      "id": 10,
      "text": "सिस्टीम",
      "sentence": 1,
      "start": 160,
      "end": 166,
      "confidence": 1.0
    },
    {
      "id": 11,
      "text": "सिस्टीम",
      "sentence": 2,
      "start": 184,
      "end": 190,
      "confidence": 1.0
    },
    {
      "id": 12,
      "text": "आकडे",
      "sentence": 2,
      "start": 201,
      "end": 205,
      "confidence": 1.0
    },
    {
      "id": 13,
      "text": "सिस्टीम",
      "sentence": 3,
      "start": 230,
      "end": 236,
      "confidence": 1.0
    },
    {
      "id": 14,
      "text": "बेरीज",
      "sentence": 5,
      "start": 284,
      "end": 289,
      "confidence": 1.0
    },
    {
      "id": 15,
      "text": "वजाबाकी",
      "sentence": 5,
      "start": 308,
      "end": 315,
      "confidence": 1.0
    },
    {
      "id": 16,
      "text": "पद्धतीने",
      "sentence": 5,
      "start": 329,
      "end": 336,
      "confidence": 1.0
    },
    {
      "id": 17,
      "text": "आकडा",
      "sentence": 6,
      "start": 357,
      "end": 362,
      "confidence": 1.0
    },
    {
      "id": 18,
      "text": "आपल्याकडे",
      "sentence": 6,
      "start": 363,
      "end": 372,
      "confidence": 1.0
    },
    {
      "id": 19,
      "text": "उपाय",
      "sentence": 9,
      "start": 454,
      "end": 458,
      "confidence": 1.0
    },
    {
      "id": 20,
      "text": "गणपती",
      "sentence": 9,
      "start": 486,
      "end": 491,
      "confidence": 1.0
    },
    {
      "id": 21,
      "text": "ह्यावर्षी",
      "sentence": 10,
      "start": 500,
      "end": 507,
      "confidence": 1.0
    },
    {
      "id": 22,
      "text": "महिनाही",
      "sentence": 10,
      "start": 513,
      "end": 519,
      "confidence": 1.0
    },
    {
      "id": 23,
      "text": "अनंत",
      "sentence": 10,
      "start": 530,
      "end": 534,
      "confidence": 1.0
    },
    {
      "id": 24,
      "text": "वारी",
      "sentence": 10,
      "start": 543,
      "end": 546,
      "confidence": 1.0
    },
    {
      "id": 25,
      "text": "आकडेमोड",
      "sentence": 11,
      "start": 555,
      "end": 562,
      "confidence": 1.0
    },
    {
      "id": 26,
      "text": "ती",
      "sentence": 11,
      "start": 580,
      "end": 582,
      "confidence": 1.0
    },
    {
      "id": 27,
      "text": "वारांना",
      "sentence": 12,
      "start": 600,
      "end": 606,
      "confidence": 1.0
    },
    {
      "id": 28,
      "text": "आकडे",
      "sentence": 12,
      "start": 607,
      "end": 611,
      "confidence": 1.0
    },
    {
      "id": 29,
      "text": "दिवसांनी",
      "sentence": 12,
      "start": 630,
      "end": 637,
      "confidence": 1.0
    },
    {
      "id": 30,
      "text": "प्रश्न",
      "sentence": 12,
      "start": 651,
      "end": 656,
      "confidence": 1.0
    },
    {
      "id": 31,
      "text": "भाषेत",
      "sentence": 13,
      "start": 678,
      "end": 683,
      "confidence": 1.0
    },
    {
      "id": 32,
      "text": "प्रश्न",
      "sentence": 13,
      "start": 698,
      "end": 703,
      "confidence": 1.0
    },
    {
      "id": 33,
      "text": "उत्तर",
      "sentence": 13,
      "start": 708,
      "end": 712,
      "confidence": 1.0
    },
    {
      "id": 34,
      "text": "सोमवार",
      "sentence": 13,
      "start": 720,
      "end": 726,
      "confidence": 1.0
    },
    {
      "id": 35,
      "text": "बुधवार",
      "sentence": 13,
      "start": 758,
      "end": 764,
      "confidence": 1.0
    },
    {
      "id": 36,
      "text": "उदाहरणे",
      "sentence": 14,
      "start": 776,
      "end": 783,
      "confidence": 1.0
    },
    {
      "id": 37,
      "text": "दिवसांनी",
      "sentence": 14,
      "start": 802,
      "end": 809,
      "confidence": 1.0
    },
    {
      "id": 38,
      "text": "दिवस",
      "sentence": 14,
      "start": 815,
      "end": 819,
      "confidence": 1.0
    },
    {
      "id": 39,
      "text": "रविवार",
      "sentence": 14,
      "start": 824,
      "end": 829,
      "confidence": 1.0
    },
    {
      "id": 40,
      "text": "दिवसांनी",
      "sentence": 16,
      "start": 862,
      "end": 869,
      "confidence": 1.0
    },
    {
      "id": 41,
      "text": "दिवस",
      "sentence": 16,
      "start": 875,
      "end": 879,
      "confidence": 1.0
    },
    {
      "id": 42,
      "text": "सोमवार",
      "sentence": 16,
      "start": 885,
      "end": 891,
      "confidence": 1.0
    },
    {
      "id": 43,
      "text": "बॆरजा",
      "sentence": 17,
      "start": 913,
      "end": 918,
      "confidence": 1.0
    },
    {
      "id": 44,
      "text": "तक्ता",
      "sentence": 17,
      "start": 934,
      "end": 938,
      "confidence": 1.0
    },
    {
      "id": 45,
      "text": "टोळ्यांचे",
      "sentence": 18,
      "start": 977,
      "end": 984,
      "confidence": 1.0
    },
    {
      "id": 46,
      "text": "वर्चस्व",
      "sentence": 18,
      "start": 985,
      "end": 991,
      "confidence": 1.0
    },
    {
      "id": 47,
      "text": "कारवाईत",
      "sentence": 19,
      "start": 1030,
      "end": 1037,
      "confidence": 1.0
    },
    {
      "id": 48,
      "text": "मुद्देमाल",
      "sentence": 19,
      "start": 1056,
      "end": 1063,
      "confidence": 1.0
    },
    {
      "id": 49,
      "text": "संकष्टी",
      "sentence": 20,
      "start": 1081,
      "end": 1088,
      "confidence": 1.0
    },
    {
      "id": 50,
      "text": "अंगारकी",
      "sentence": 20,
      "start": 1092,
      "end": 1099,
      "confidence": 1.0
    },
    {
      "id": 51,
      "text": "संकष्टीला",
      "sentence": 20,
      "start": 1100,
      "end": 1108,
      "confidence": 1.0
    },
    {
      "id": 52,
      "text": "दर्शनासाठी",
      "sentence": 20,
      "start": 1116,
      "end": 1125,
      "confidence": 1.0
    },
    {
      "id": 53,
      "text": "रांगा",
      "sentence": 20,
      "start": 1136,
      "end": 1141,
      "confidence": 1.0
    },
    {
      "id": 54,
      "text": "गर्दीला",
      "sentence": 20,
      "start": 1147,
      "end": 1153,
      "confidence": 1.0
    },
    {
      "id": 55,
      "text": "स्वयंसेवकांना",
      "sentence": 20,
      "start": 1161,
      "end": 1172,
      "confidence": 1.0
    },
    {
      "id": 56,
      "text": "त्यापैकी",
      "sentence": 21,
      "start": 1178,
      "end": 1184,
      "confidence": 1.0
    },
    {
      "id": 57,
      "text": "याद्यांची",
      "sentence": 21,
      "start": 1202,
      "end": 1210,
      "confidence": 1.0
    },
    {
      "id": 58,
      "text": "पडताळणी",
      "sentence": 21,
      "start": 1211,
      "end": 1218,
      "confidence": 1.0
    },
    {
      "id": 59,
      "text": "तलाठ्यांकडून",
      "sentence": 21,
      "start": 1219,
      "end": 1229,
      "confidence": 1.0
    },
    {
      "id": 60,
      "text": "याद्या",
      "sentence": 21,
      "start": 1260,
      "end": 1265,
      "confidence": 1.0
    },
    {
      "id": 61,
      "text": "पडताळणीसाठी",
      "sentence": 21,
      "start": 1266,
      "end": 1276,
      "confidence": 1.0
    },
    {
      "id": 62,
      "text": "तलाठ्यांकडे",
      "sentence": 21,
      "start": 1282,
      "end": 1291,
      "confidence": 1.0
    },
    {
      "id": 63,
      "text": "पथकाने",
      "sentence": 22,
      "start": 1295,
      "end": 1301,
      "confidence": 1.0
    },
    {
      "id": 64,
      "text": "रुपये",
      "sentence": 22,
      "start": 1321,
      "end": 1326,
      "confidence": 1.0
    },
    {
      "id": 65,
      "text": "फायली",
      "sentence": 22,
      "start": 1343,
      "end": 1348,
      "confidence": 1.0
    },
    {
      "id": 66,
      "text": "तपासणीसाठी",
      "sentence": 22,
      "start": 1349,
      "end": 1359,
      "confidence": 1.0
    },
    {
      "id": 67,
      "text": "शिवलिंग",
      "sentence": 23,
      "start": 1369,
      "end": 1376,
      "confidence": 1.0
    },
    {
      "id": 68,
      "text": "मंदिराचा",
      "sentence": 23,
      "start": 1388,
      "end": 1395,
      "confidence": 1.0
    },
    {
      "id": 69,
      "text": "मागमूसही",
      "sentence": 23,
      "start": 1396,
      "end": 1403,
      "confidence": 1.0
    },
    {
      "id": 70,
      "text": "महिला",
      "sentence": 24,
      "start": 1421,
      "end": 1426,
      "confidence": 1.0
    },
    {
      "id": 71,
      "text": "मेजर",
      "sentence": 24,
      "start": 1427,
      "end": 1431,
      "confidence": 1.0
    },
    {
      "id": 72,
      "text": "कल्याण-डोंबिवलीत",
      "sentence": 25,
      "start": 1440,
      "end": 1454,
      "confidence": 1.0
    },
    {
      "id": 73,
      "text": "डेंग्यूचा",
      "sentence": 25,
      "start": 1455,
      "end": 1462,
      "confidence": 1.0
    },
    {
      "id": 74,
      "text": "फैलाव",
      "sentence": 25,
      "start": 1463,
      "end": 1468,
      "confidence": 1.0
    },
    {
      "id": 75,
      "text": "गोव्याहून",
      "sentence": 26,
      "start": 1482,
      "end": 1489,
      "confidence": 1.0
    },
    {
      "id": 76,
      "text": "मुंबईकडे",
      "sentence": 26,
      "start": 1490,
      "end": 1497,
      "confidence": 1.0
    },
    {
      "id": 77,
      "text": "महाकाली",
      "sentence": 26,
      "start": 1502,
      "end": 1509,
      "confidence": 1.0
    },
    {
      "id": 78,
      "text": "ट्रॅव्हल्सची",
      "sentence": 26,
      "start": 1510,
      "end": 1519,
      "confidence": 1.0
    },
    {
      "id": 79,
      "text": "आरामबस",
      "sentence": 26,
      "start": 1526,
      "end": 1532,
      "confidence": 1.0
    },
    {
      "id": 80,
      "text": "मार्च",
      "sentence": 26,
      "start": 1543,
      "end": 1547,
      "confidence": 1.0
    },
    {
      "id": 81,
      "text": "पहाटे",
      "sentence": 26,
      "start": 1552,
      "end": 1557,
      "confidence": 1.0
    },
    {
      "id": 82,
      "text": "पुलावरून",
      "sentence": 26,
      "start": 1590,
      "end": 1597,
      "confidence": 1.0
    },
    {
      "id": 83,
      "text": "प्रवाशांना",
      "sentence": 26,
      "start": 1630,
      "end": 1638,
      "confidence": 1.0
    },
    {
      "id": 84,
      "text": "प्राण",
      "sentence": 26,
      "start": 1639,
      "end": 1643,
      "confidence": 1.0
    },
    {
      "id": 85,
      "text": "त्याच्या",
      "sentence": 27,
      "start": 1662,
      "end": 1668,
      "confidence": 1.0
    },
    {
      "id": 86,
      "text": "हातांनी",
      "sentence": 27,
      "start": 1679,
      "end": 1685,
      "confidence": 1.0
    },
    {
      "id": 87,
      "text": "बाजूला",
      "sentence": 27,
      "start": 1703,
      "end": 1708,
      "confidence": 1.0
    },
    {
      "id": 88,
      "text": "ते",
      "sentence": 27,
      "start": 1754,
      "end": 1756,
      "confidence": 1.0
    },
    {
      "id": 89,
      "text": "मुंबई",
      "sentence": 28,
      "start": 1785,
      "end": 1789,
      "confidence": 1.0
    },
    {
      "id": 90,
      "text": "प्रवेश",
      "sentence": 28,
      "start": 1796,
      "end": 1801,
      "confidence": 1.0
    },
    {
      "id": 91,
      "text": "नाशिक",
      "sentence": 28,
      "start": 1820,
      "end": 1825,
      "confidence": 1.0
    },
    {
      "id": 92,
      "text": "शहरात",
      "sentence": 28,
      "start": 1826,
      "end": 1831,
      "confidence": 1.0
    },
    {
      "id": 93,
      "text": "त्यांचे",
      "sentence": 28,
      "start": 1832,
      "end": 1837,
      "confidence": 1.0
    },
    {
      "id": 94,
      "text": "आगमन",
      "sentence": 28,
      "start": 1838,
      "end": 1843,
      "confidence": 1.0
    },
    {
      "id": 95,
      "text": "समर्थकांनी",
      "sentence": 28,
      "start": 1850,
      "end": 1859,
      "confidence": 1.0
    },
    {
      "id": 96,
      "text": "मतदारसंघात",
      "sentence": 28,
      "start": 1879,
      "end": 1889,
      "confidence": 1.0
    },
    {
      "id": 97,
      "text": "महारॅली",
      "sentence": 28,
      "start": 1890,
      "end": 1897,
      "confidence": 1.0
    },
    {
      "id": 98,
      "text": "शक्‍तिप्रदर्शन",
      "sentence": 28,
      "start": 1904,
      "end": 1915,
      "confidence": 1.0
    },
    {
      "id": 99,
      "text": "कामाचा",
      "sentence": 29,
      "start": 1919,
      "end": 1924,
      "confidence": 1.0
    },
    {
      "id": 100,
      "text": "आशीर्वाद",
      "sentence": 29,
      "start": 1925,
      "end": 1932,
      "confidence": 1.0
    },
    {
      "id": 101,
      "text": "सभासदांनी",
      "sentence": 29,
      "start": 1939,
      "end": 1947,
      "confidence": 1.0
    },
    {
      "id": 102,
      "text": "आम्हास",
      "sentence": 29,
      "start": 1948,
      "end": 1953,
      "confidence": 1.0
    },
    {
      "id": 103,
      "text": "सत्ता",
      "sentence": 29,
      "start": 1995,
      "end": 1999,
      "confidence": 1.0
    },
    {
      "id": 104,
      "text": "आमच्या",
      "sentence": 29,
      "start": 2000,
      "end": 2005,
      "confidence": 1.0
    },
    {
      "id": 105,
      "text": "नियम",
      "sentence": 30,
      "start": 2026,
      "end": 2030,
      "confidence": 1.0
    },
    {
      "id": 106,
      "text": "नोव्हेंबर",
      "sentence": 31,
      "start": 2045,
      "end": 2052,
      "confidence": 1.0
    },
    {
      "id": 107,
      "text": "सटाणा",
      "sentence": 31,
      "start": 2054,
      "end": 2059,
      "confidence": 1.0
    },
    {
      "id": 108,
      "text": "यांनी",
      "sentence": 31,
      "start": 2075,
      "end": 2079,
      "confidence": 1.0
    },
    {
      "id": 109,
      "text": "माझी",
      "sentence": 31,
      "start": 2080,
      "end": 2084,
      "confidence": 1.0
    },
    {
      "id": 110,
      "text": "राजकारणाबद्दल",
      "sentence": 31,
      "start": 2098,
      "end": 2109,
      "confidence": 1.0
    },
    {
      "id": 111,
      "text": "चर्चा",
      "sentence": 31,
      "start": 2110,
      "end": 2114,
      "confidence": 1.0
    },
    {
      "id": 112,
      "text": "हॉटेल",
      "sentence": 32,
      "start": 2117,
      "end": 2122,
      "confidence": 1.0
    },
    {
      "id": 113,
      "text": "LEXX",
      "sentence": 32,
      "start": 2123,
      "end": 2127,
      "confidence": 1.0
    },
    {
      "id": 114,
      "text": "अॅनिमेशन",
      "sentence": 32,
      "start": 2130,
      "end": 2137,
      "confidence": 1.0
    },
    {
      "id": 115,
      "text": "ते",
      "sentence": 32,
      "start": 2145,
      "end": 2147,
      "confidence": 1.0
    },
    {
      "id": 116,
      "text": "व्यावसायिक",
      "sentence": 32,
      "start": 2153,
      "end": 2161,
      "confidence": 1.0
    },
    {
      "id": 117,
      "text": "अंबाबाई",
      "sentence": 33,
      "start": 2167,
      "end": 2173,
      "confidence": 1.0
    },
    {
      "id": 118,
      "text": "मंदिरात",
      "sentence": 33,
      "start": 2174,
      "end": 2180,
      "confidence": 1.0
    },
    {
      "id": 119,
      "text": "पुजारी",
      "sentence": 33,
      "start": 2186,
      "end": 2191,
      "confidence": 1.0
    },
    {
      "id": 120,
      "text": "पालकमंत्री",
      "sentence": 33,
      "start": 2202,
      "end": 2211,
      "confidence": 1.0
    },
    {
      "id": 121,
      "text": "चंद्रकांत",
      "sentence": 33,
      "start": 2212,
      "end": 2220,
      "confidence": 1.0
    },
    {
      "id": 122,
      "text": "उपस्थितीत",
      "sentence": 33,
      "start": 2233,
      "end": 2241,
      "confidence": 1.0
    },
    {
      "id": 123,
      "text": "बैठक",
      "sentence": 33,
      "start": 2242,
      "end": 2246,
      "confidence": 1.0
    },
    {
      "id": 124,
      "text": "आश्‍वासन",
      "sentence": 33,
      "start": 2260,
      "end": 2267,
      "confidence": 1.0
    },
    {
      "id": 125,
      "text": "देवस्थान",
      "sentence": 33,
      "start": 2268,
      "end": 2275,
      "confidence": 1.0
    },
    {
      "id": 126,
      "text": "समितीचे",
      "sentence": 33,
      "start": 2276,
      "end": 2283,
      "confidence": 1.0
    },
    {
      "id": 127,
      "text": "यांनी",
      "sentence": 33,
      "start": 2300,
      "end": 2304,
      "confidence": 1.0
    },
    {
      "id": 128,
      "text": "पुजारी",
      "sentence": 33,
      "start": 2305,
      "end": 2310,
      "confidence": 1.0
    },
    {
      "id": 129,
      "text": "हटाव",
      "sentence": 33,
      "start": 2311,
      "end": 2315,
      "confidence": 1.0
    },
    {
      "id": 130,
      "text": "कृती",
      "sentence": 33,
      "start": 2316,
      "end": 2320,
      "confidence": 1.0
    },
    {
      "id": 131,
      "text": "पदाधिकार्‍यांना",
      "sentence": 33,
      "start": 2330,
      "end": 2343,
      "confidence": 1.0
    },
    {
      "id": 132,
      "text": "मालिकेत",
      "sentence": 34,
      "start": 2347,
      "end": 2353,
      "confidence": 1.0
    },
    {
      "id": 133,
      "text": "वाडा",
      "sentence": 34,
      "start": 2360,
      "end": 2364,
      "confidence": 1.0
    },
    {
      "id": 134,
      "text": "त्याच्या",
      "sentence": 34,
      "start": 2374,
      "end": 2380,
      "confidence": 1.0
    },
    {
      "id": 135,
      "text": "रहिवाशांनी",
      "sentence": 34,
      "start": 2391,
      "end": 2400,
      "confidence": 1.0
    },
    {
      "id": 136,
      "text": "आरोप",
      "sentence": 34,
      "start": 2404,
      "end": 2408,
      "confidence": 1.0
    },
    {
      "id": 137,
      "text": "नाशिक",
      "sentence": 35,
      "start": 2410,
      "end": 2415,
      "confidence": 1.0
    },
    {
      "id": 138,
      "text": "पदवीधरची",
      "sentence": 35,
      "start": 2416,
      "end": 2424,
      "confidence": 1.0
    },
    {
      "id": 139,
      "text": "उमेदवारांनी",
      "sentence": 35,
      "start": 2433,
      "end": 2443,
      "confidence": 1.0
    },
    {
      "id": 140,
      "text": "पैठणी",
      "sentence": 35,
      "start": 2444,
      "end": 2449,
      "confidence": 1.0
    },
    {
      "id": 141,
      "text": "पैसे",
      "sentence": 35,
      "start": 2451,
      "end": 2455,
      "confidence": 1.0
    },
    {
      "id": 142,
      "text": "नाशिक",
      "sentence": 36,
      "start": 2470,
      "end": 2475,
      "confidence": 1.0
    },
    {
      "id": 143,
      "text": "जिल्ह्यात",
      "sentence": 36,
      "start": 2476,
      "end": 2483,
      "confidence": 1.0
    },
    {
      "id": 144,
      "text": "येवला",
      "sentence": 36,
      "start": 2484,
      "end": 2489,
      "confidence": 1.0
    },
    {
      "id": 145,
      "text": "पैठणी",
      "sentence": 36,
      "start": 2493,
      "end": 2498,
      "confidence": 1.0
    },
    {
      "id": 146,
      "text": "जिल्ह्यात",
      "sentence": 36,
      "start": 2516,
      "end": 2523,
      "confidence": 1.0
    },
    {
      "id": 147,
      "text": "मालेगाव",
      "sentence": 36,
      "start": 2524,
      "end": 2530,
      "confidence": 1.0
    },
    {
      "id": 148,
      "text": "लुगडे",
      "sentence": 36,
      "start": 2539,
      "end": 2543,
      "confidence": 1.0
    },
    {
      "id": 149,
      "text": "उमेदवारांनी",
      "sentence": 37,
      "start": 2550,
      "end": 2560,
      "confidence": 1.0
    },
    {
      "id": 150,
      "text": "पैठणी",
      "sentence": 37,
      "start": 2561,
      "end": 2566,
      "confidence": 1.0
    },
    {
      "id": 151,
      "text": "पसंती",
      "sentence": 37,
      "start": 2572,
      "end": 2577,
      "confidence": 1.0
    },
    {
      "id": 152,
      "text": "मतदारांनी",
      "sentence": 38,
      "start": 2598,
      "end": 2606,
      "confidence": 1.0
    },
    {
      "id": 153,
      "text": "पैठण्या",
      "sentence": 38,
      "start": 2607,
      "end": 2613,
      "confidence": 1.0
    },
    {
      "id": 154,
      "text": "पैसे",
      "sentence": 38,
      "start": 2615,
      "end": 2619,
      "confidence": 1.0
    },
    {
      "id": 155,
      "text": "टीकाही",
      "sentence": 38,
      "start": 2628,
      "end": 2633,
      "confidence": 1.0
    },
    {
      "id": 156,
      "text": "आयोगाकडे",
      "sentence": 39,
      "start": 2644,
      "end": 2652,
      "confidence": 1.0
    },
    {
      "id": 157,
      "text": "तक्रारही",
      "sentence": 39,
      "start": 2653,
      "end": 2660,
      "confidence": 1.0
    },
    {
      "id": 158,
      "text": "चर्चा",
      "sentence": 40,
      "start": 2672,
      "end": 2676,
      "confidence": 1.0
    },
    {
      "id": 159,
      "text": "बातम्या",
      "sentence": 40,
      "start": 2678,
      "end": 2684,
      "confidence": 1.0
    },
    {
      "id": 160,
      "text": "पैठण्या",
      "sentence": 41,
      "start": 2687,
      "end": 2693,
      "confidence": 1.0
    },
    {
      "id": 161,
      "text": "मतदारांनी",
      "sentence": 41,
      "start": 2694,
      "end": 2702,
      "confidence": 1.0
    },
    {
      "id": 162,
      "text": "प्रकार",
      "sentence": 41,
      "start": 2712,
      "end": 2717,
      "confidence": 1.0
    },
    {
      "id": 163,
      "text": "त्यांनी",
      "sentence": 43,
      "start": 2738,
      "end": 2743,
      "confidence": 1.0
    },
    {
      "id": 164,
      "text": "पैठण्या",
      "sentence": 43,
      "start": 2744,
      "end": 2750,
      "confidence": 1.0
    },
    {
      "id": 165,
      "text": "पैसे",
      "sentence": 43,
      "start": 2752,
      "end": 2756,
      "confidence": 1.0
    },
    {
      "id": 166,
      "text": "मतदारांनीच",
      "sentence": 44,
      "start": 2767,
      "end": 2776,
      "confidence": 1.0
    },
    {
      "id": 167,
      "text": "उमेदवारांना",
      "sentence": 44,
      "start": 2783,
      "end": 2792,
      "confidence": 1.0
    },
    {
      "id": 168,
      "text": "आवाहन",
      "sentence": 44,
      "start": 2802,
      "end": 2807,
      "confidence": 1.0
    },
    {
      "id": 169,
      "text": "कार्यकर्त्यांनी",
      "sentence": 44,
      "start": 2817,
      "end": 2828,
      "confidence": 1.0
    },
    {
      "id": 170,
      "text": "कार्यकर्ते",
      "sentence": 45,
      "start": 2837,
      "end": 2844,
      "confidence": 1.0
    },
    {
      "id": 171,
      "text": "शिक्षक",
      "sentence": 45,
      "start": 2847,
      "end": 2852,
      "confidence": 1.0
    },
    {
      "id": 172,
      "text": "हेरंब",
      "sentence": 45,
      "start": 2853,
      "end": 2858,
      "confidence": 1.0
    },
    {
      "id": 173,
      "text": "यांनी",
      "sentence": 45,
      "start": 2866,
      "end": 2870,
      "confidence": 1.0
    },
    {
      "id": 174,
      "text": "पुढाकार",
      "sentence": 45,
      "start": 2876,
      "end": 2882,
      "confidence": 1.0
    },
    {
      "id": 175,
      "text": "गैरप्रकार",
      "sentence": 46,
      "start": 2899,
      "end": 2906,
      "confidence": 1.0
    },
    {
      "id": 176,
      "text": "शिक्षक",
      "sentence": 47,
      "start": 2945,
      "end": 2950,
      "confidence": 1.0
    },
    {
      "id": 177,
      "text": "प्रतीक",
      "sentence": 47,
      "start": 2961,
      "end": 2966,
      "confidence": 1.0
    },
    {
      "id": 178,
      "text": "सेनेचे",
      "sentence": 48,
      "start": 2979,
      "end": 2984,
      "confidence": 1.0
    },
    {
      "id": 179,
      "text": "किशोर",
      "sentence": 48,
      "start": 2985,
      "end": 2990,
      "confidence": 1.0
    },
    {
      "id": 180,
      "text": "काँग्रेस",
      "sentence": 48,
      "start": 3001,
      "end": 3007,
      "confidence": 1.0
    },
    {
      "id": 181,
      "text": "राष्ट्रवादीने",
      "sentence": 48,
      "start": 3009,
      "end": 3018,
      "confidence": 1.0
    },
    {
      "id": 182,
      "text": "पाठिंबा",
      "sentence": 48,
      "start": 3019,
      "end": 3025,
      "confidence": 1.0
    },
    {
      "id": 183,
      "text": "संदीप",
      "sentence": 48,
      "start": 3032,
      "end": 3037,
      "confidence": 1.0
    },
    {
      "id": 184,
      "text": "पराभव",
      "sentence": 48,
      "start": 3049,
      "end": 3054,
      "confidence": 1.0
    },
    {
      "id": 185,
      "text": "यांना",
      "sentence": 49,
      "start": 3062,
      "end": 3066,
      "confidence": 1.0
    },
    {
      "id": 186,
      "text": "टीचर",
      "sentence": 49,
      "start": 3070,
      "end": 3075,
      "confidence": 1.0
    },
    {
      "id": 187,
      "text": "डेमोक्रेटिक",
      "sentence": 49,
      "start": 3076,
      "end": 3085,
      "confidence": 1.0
    },
    {
      "id": 188,
      "text": "फ्रंट",
      "sentence": 49,
      "start": 3086,
      "end": 3090,
      "confidence": 1.0
    },
    {
      "id": 189,
      "text": "टीडीएफ",
      "sentence": 49,
      "start": 3092,
      "end": 3097,
      "confidence": 1.0
    },
    {
      "id": 190,
      "text": "संघटनेने",
      "sentence": 49,
      "start": 3113,
      "end": 3120,
      "confidence": 1.0
    },
    {
      "id": 191,
      "text": "पाठिंबा",
      "sentence": 49,
      "start": 3121,
      "end": 3127,
      "confidence": 1.0
    },
    {
      "id": 192,
      "text": "महाराष्ट्रात",
      "sentence": 50,
      "start": 3136,
      "end": 3146,
      "confidence": 1.0
    },
    {
      "id": 193,
      "text": "शिक्षक",
      "sentence": 50,
      "start": 3150,
      "end": 3155,
      "confidence": 1.0
    },
    {
      "id": 194,
      "text": "संघटनेचा",
      "sentence": 50,
      "start": 3156,
      "end": 3163,
      "confidence": 1.0
    },
    {
      "id": 195,
      "text": "दबदबा",
      "sentence": 50,
      "start": 3164,
      "end": 3169,
      "confidence": 1.0
    },
    {
      "id": 196,
      "text": "संघटनेची",
      "sentence": 51,
      "start": 3191,
      "end": 3198,
      "confidence": 1.0
    },
    {
      "id": 197,
      "text": "नेत्यांना",
      "sentence": 52,
      "start": 3236,
      "end": 3243,
      "confidence": 1.0
    },
    {
      "id": 198,
      "text": "त्यांना",
      "sentence": 52,
      "start": 3255,
      "end": 3260,
      "confidence": 1.0
    },
    {
      "id": 199,
      "text": "चित्र",
      "sentence": 52,
      "start": 3265,
      "end": 3269,
      "confidence": 1.0
    },
    {
      "id": 200,
      "text": "संघटना",
      "sentence": 53,
      "start": 3287,
      "end": 3292,
      "confidence": 1.0
    },
    {
      "id": 201,
      "text": "विचारशून्यता",
      "sentence": 53,
      "start": 3298,
      "end": 3309,
      "confidence": 1.0
    },
    {
      "id": 202,
      "text": "फाटाफुटीने",
      "sentence": 53,
      "start": 3314,
      "end": 3322,
      "confidence": 1.0
    },
    {
      "id": 203,
      "text": "घटका",
      "sentence": 53,
      "start": 3329,
      "end": 3333,
      "confidence": 1.0
    },
    {
      "id": 204,
      "text": "प्रश्न",
      "sentence": 53,
      "start": 3345,
      "end": 3350,
      "confidence": 1.0
    },
    {
      "id": 205,
      "text": "स्पर्धेत",
      "sentence": 54,
      "start": 3367,
      "end": 3374,
      "confidence": 1.0
    },
    {
      "id": 206,
      "text": "मिक्सर",
      "sentence": 54,
      "start": 3390,
      "end": 3395,
      "confidence": 1.0
    },
    {
      "id": 207,
      "text": "साहित्य",
      "sentence": 54,
      "start": 3405,
      "end": 3410,
      "confidence": 1.0
    },
    {
      "id": 208,
      "text": "भेटवस्तू",
      "sentence": 54,
      "start": 3417,
      "end": 3424,
      "confidence": 1.0
    }
  ],
  "clusters": [
    [
      3,
      4,
      5,
      6,
      7,
      8
    ],
    [
      11,
      12,
      13,
      15,
      18,
      22,
      41
    ],
    [
      9,
      20
    ],
    [
      10,
      31,
      35,
      39
    ],
    [
      14,
      36
    ],
    [
      21,
      23
    ],
    [
      25,
      28
    ],
    [
      30,
      33
    ],
    [
      27,
      37,
      45,
      55
    ],
    [
      34,
      46,
      83
    ],
    [
      40,
      43
    ],
    [
      38,
      49,
      50,
      53,
      54
    ],
    [
      48,
      52
    ],
    [
      58,
      129
    ],
    [
      65,
      67
    ],
    [
      74,
      78
    ],
    [
      75,
      79
    ],
    [
      76,
      80
    ],
    [
      77,
      81
    ],
    [
      89,
      163
    ],
    [
      98,
      124
    ],
    [
      99,
      100
    ],
    [
      106,
      107,
      108
    ],
    [
      119,
      120,
      121,
      122
    ],
    [
      139,
      143
    ],
    [
      140,
      189,
      207
    ],
    [
      150,
      151
    ],
    [
      158,
      159,
      160
    ],
    [
      166,
      167
    ],
    [
      174,
      175
    ],
    [
      164,
      176
    ],
    [
      182,
      183,
      184
    ],
    [
      128,
      187,
      193
    ],
    [
      190,
      200
    ],
    [
      191,
      196,
      201,
      204
    ],
    [
      192,
      205
    ],
    [
      194,
      197
    ]
  ]
}