{
  "document_id": "document_421",
  "sentences": [
    "चित्रा पालेकर",
    "काहीच राहिलेलं नाहीय.",
    "197.82 कोटीची कर्जे देण्यात आली.",
    "समोर गोंधळ सुरू आहे.",
    "म्हणून तुम्ही त्याची काळजी घ्या, त्याला पाणी द्या, बरे करा, सुपिकता करा, कट करा.",
    "आणि कारणे का लोक टीका तो म्हणजे फक्त दोन:",
    "काही वेळात सर्व काही सुरळीत झालं.",
    "त्यात अजित पवार म्हणतायेत- ईव्हीएममध्ये कसलाच घोटाळा होत नाही….",
    "चिदंबरम, मोहम्मद अझरुद्दीन, टी आर बालू, ए.",
    "राजा यांचे निकाल मतपेटीत बंद होणार आहेत.",
    "त्यांची सामग्री खूप सोपे आहे.",
    "यावेळी युवराजनं मस्करी करत, या मुलाखतीत घुसला आणि \"तुम्ही सराव करत नाहीत का?",
    "गूगल न्यूज अपडेट 127 देशांत दिलं जाईल.",
    "संत्रा तेल सर्वात शक्तिमान विरोधी आयसीसीनं यावर शिक्कामोर्तब लोक एक आहे.",
    "अखेर या प्रकरणाचा निकाल लागला आहे.",
    "आपल्या भक्त असणाऱ्या एका कुटुंबावर दबाव टाकून त्यांना सुनेला हुंड्यासाठी छळण्याचा आदेश देणाऱ्या राधे माँबद्दल आता गायक सोनू निगमनं एक वादग्रस्त ट्विट केलंय.",
    "वसई – रविवारी होणा-या ग्रामपंचायत निवडणुकांसाठी वसई तालुक्यात ११ ग्रामपंचायतींच्या ११५ जागांसाठी २६८ उमेदवार रिंगणात आहेत.",
    "यश जोहर यांच्या आईने त्यांना खूप साथ दिली आणि म्हणाले की, ‘तु मुंबईमध्ये जा कारण तुझा जन्म दुकान सांभाळण्यासाठी झाला नाही.",
    "पुढे कबीर मोठा झाल्यावर विणकाम करू लागला.",
    "या उद्यानात लोकांना तासनतास फिरावसं वाटतं.",
    "असा प्रश्न प्रत्येकाला पडला आहे.",
    "निदान माझ्यापुरता.",
    "एखाद्या दुर्दैवी परिस्थितीत अडकलेल्या व्यक्तींना पाहण्याचं अंतर फार कमी झालं आहे.",
    "विरोधी आमदारांच्या मतदारसंघात सुमारे 25 कोटी रूपयांची विकासकामे राबवण्याचे  आश्‍वासन मुख्यमंत्री पर्रीकर यांनी दिले होते.",
    "दरम्यान, राष्ट्रवादीचे प्रवक्ते नवाब मलिक यांनीही काँग्रेस नेत्यांवर पुन्हा एकदा टीका केलीय.",
    "गुरुग्राम (हरियाणा) : हिंदु जनजागृती समितीच्या वतीने येथील दौलताबाद पुलाजवळील पंचमुखी हनुमान मंदिरामध्ये सायंकाळी ६ ते ७ या वेळेत पाक्षिक धर्मशिक्षणवर्गाला प्रारंभ करण्यात आला.",
    "त्यावर क्षणाचाही विलंब न लावता राणे यांनी शिवसेनेचे नाव घेतले.",
    "टीम महाराष्ट्र देशा : महाराष्ट्राचे सुपुत्र तथा राष्ट्रीय ललित कला अकादमीचे अध्यक्ष डॉ.",
    "उत्तम पाचारणे यांच्या पुढाने राष्ट्रपती भवनात प्रथमच देशातील ज्येष्ठ व नामवंत आणि तरूण चित्रकारांचे निवासी शिबीर आयोजित करण्यात आले आहे.",
    "लोकांचा अनुभव घ्याल.",
    "सहसा मुलांना झोपायला जात किंवा शिथील असताना आधी त्यांची आई आजी किंवा आया वाचन.",
    "याचा तरी विचार राजेशने करायला हवा होता.",
    "तसेच आरक्षणाचा मुद्दा सोडविण्यास सरकार सर्वोतोपरी प्रयत्न करत असल्याचे मुख्यमंत्र्यांनी म्हटले, असे वक्तव्य महाराष्ट्राचे माजी मुख्यमंत्री आणि खासदार नारायण राणे यांनी पत्रकार परिषदेत केले आहे.",
    "पण काय एक सर्वसाधारण अर्थ अर्ज ओवरनंतर मागे येतो आहे.",
    "लंडनमध्ये द अ‍ॅक्सिडेंटल प्राईम मिनिस्टर या चित्रपटाचे शूटिंग झाले असून बोहरा ब्रदर्स निर्मित आणि विजय रत्नाकर दिग्दर्शित या चित्रपटाबाबत खूप उत्सुकता होती.",
    "कदाचित तुमच्या मते दुःखं कमी झालेली नाहीयेत.",
    "जागोजागी कचर्‍याचे ढीग साचून होते.",
    "२४ (पीसीबी) – पुण्यातील नामांकित फर्ग्युसन महाविद्यालयात सत्यनारायणाची महापूजा घातल्याने एक नवा वाद निर्माण झाला आहे.",
    "त्यामुळे कोल्हापूर जिह्यात 5 हजार 442 तर सांगलीमध्ये 10 हजार 175 शेतकरी वीज जोडणीच्या प्रतिक्षेत आहेत.",
    "शिवाय, ते मोठ्या मानाने मानसिक क्रियाकलाप सुधारण्यासाठी.",
    "ते राजींदरला डेव्हिड म्हणून हाक मारायचे, हळूहळू सगळ्या वस्तीसहीत राजींदरचे घरचेसुद्धा त्याला डेव्हिड म्हणूनच बोलवायला लागले आणि इथून पुढे त्याच नावचं डेव्हिड होऊन गेलं… ‘डेव्हिड धवन’…",
    "माझ्या मैत्रिणीच्या डोळय़ाचे ऑपरेशन झाल्यावर तिला शिकवणी करणे जमेना, म्हणून तिने इंग्रजी माध्यमाच्या दक्षिणात्य विद्यार्थ्यांना इंग्रजीतून हिंदी व मराठी विषय शिकवण्याची विनंती केली ती मी मान्य केली.",
    "फॉलोऑन घेऊन फलंदाजी करणारा सौराष्ट्राचा दुसरा डाव १९८ धावांत आटोपला.",
    "स्तनदा मातांच्या बदलीचे अधिकार मुख्य कार्यकारी अधिकार्‍यांना देण्यात आले आहेत.",
    "नैसर्गिक वस्तू किंवा गोष्ट वापरून त्यांच्या स्वत: च्या यात जा सुरवात म्हणून.",
    "त्यानंतर हिंदुस्थानने बालाकोटवर एअरस्ट्राईक करून दहशतवादी तळ उध्वस्त केले होते.",
    "विकास कामे, शेतकऱ्यांची कर्जमाफी करण्याबाबत फक्त आश्वासन दिले.",
    "जे निर्णय काळजीवाहू सरकार घेऊ शकते ते सर्व निर्णय घेण्यात येत आहेत.",
    "चप्पल आणि सँडल घालून दुचाकी चालविल्यास बसणार भुर्दंड; दुस-यांदा पकडले गेल्यास सरळ तुरुंगात रवानगी",
    "ती गोष्ट अशी : एका शेतकऱ्याकडे अतिथी येतो.",
    "पण कोकणी जनतेवर होणारा अन्याय खपवून घेणार नाही.",
    "हिंदुस्थानच्या स्वातंत्र्य दिनापासून सिंगल यूज प्लॅस्टीकचा वापर रोखण्यासाठी आंदोलन सुरू करण्यात आले आहे.",
    "जसं 'इको टूरिझम' असतं, 'फार्म टुरिझम' असतं तसंच राहुल गांधींसाठी हे 'पोवर्टी टूरिझम' असल्याची घाणाघाती टीका मोदी यांनी केली होती.",
    "यासाठी सभागृहाची बंद असलेली प्रेक्षक गॅलरी खुली करण्यात यावी, अशी मागणी संजय फंड, मुजफ्फर शेख, श्रीनिवास बिहाणी, भारती कांबळे यांनी करीत गॅलरी उघडी केल्याशिवाय सभा सुरू न करण्याच्या निर्णयावर येवून ठेपले.",
    "त्यावर नगराध्यक्षा आदिक यांनी पुढील सभेपासून गॅलरी उघडी ठेवण्यात येईल, असे सांगितले.",
    "पालिकेच्या चिंचेच्या झाडाच्या चिंचा चोरी प्रकरणाबाबत नगरसेवक प्रकाश ढोकणे यांनी मुद्दा उपस्थित केला.",
    "आर्थिक दृष्टया दुर्बल असणार्या कुटुंबाला ती परवडण्यासारखी नसायची.",
    "त्याव्यतिरिक्त कोणी येणार असेल तर कळवावे."
  ],
  "mentions": [
    {
      "id": 0,
      "text": "चित्रा",
      "sentence": 0,
      "start": 0,
      "end": 5,
      "confidence": 1.0
    },
    {
      "id": 1,
      "text": "पालेकर",
      "sentence": 0,
      "start": 6,
      "end": 12,
      "confidence": 1.0
    },
    {
      "id": 2,
      "text": "कर्जे",
      "sentence": 2,
      "start": 29,
      "end": 33,
      "confidence": 1.0
    },
    {
      "id": 3,
      "text": "गोंधळ",
      "sentence": 3,
      "start": 40,
      "end": 45,
      "confidence": 1.0
    },
    {
      "id": 4,
      "text": "तुम्ही",
      "sentence": 4,
      "start": 52,
      "end": 56,
      "confidence": 1.0
    },
    {
      "id": 5,
      "text": "त्याची",
      "sentence": 4,
      "start": 58,
      "end": 62,
      "confidence": 1.0
    },
    {
      "id": 6,
      "text": "काळजी",
      "sentence": 4,
      "start": 63,
      "end": 67,
      "confidence": 1.0
    },
    {
      "id": 7,
      "text": "त्याला",
      "sentence": 4,
      "start": 72,
      "end": 76,
      "confidence": 1.0
    },
    {
      "id": 8,
      "text": "पाणी",
      "sentence": 4,
      "start": 77,
      "end": 81,
      "confidence": 1.0
    },
    {
      "id": 9,
      "text": "कट",
      "sentence": 4,
      "start": 97,
      "end": 100,
      "confidence": 1.0
    },
    {
      "id": 10,
      "text": "कारणे",
      "sentence": 5,
      "start": 104,
      "end": 108,
      "confidence": 1.0
    },
    {
      "id": 11,
      "text": "टीका",
      "sentence": 5,
      "start": 117,
      "end": 121,
      "confidence": 1.0
    },
    {
      "id": 12,
      "text": "तो",
      "sentence": 5,
      "start": 122,
      "end": 124,
      "confidence": 1.0
    },
    {
      "id": 13,
      "text": "वेळात",
      "sentence": 6,
      "start": 130,
      "end": 134,
      "confidence": 1.0
    },
    {
      "id": 14,
      "text": "अजित",
      "sentence": 7,
      "start": 155,
      "end": 159,
      "confidence": 1.0
    },
    {
      "id": 15,
      "text": "पवार",
      "sentence": 7,
      "start": 160,
      "end": 164,
      "confidence": 1.0
    },
    {
      "id": 16,
      "text": "ईव्हीएममध्ये",
      "sentence": 7,
      "start": 175,
      "end": 183,
      "confidence": 1.0
    },
    {
      "id": 17,
      "text": "घोटाळा",
      "sentence": 7,
      "start": 190,
      "end": 195,
      "confidence": 1.0
    },
    {
      "id": 18,
      "text": "चिदंबरम",
      "sentence": 8,
      "start": 201,
      "end": 209,
      "confidence": 1.0
    },
    {
      "id": 19,
      "text": "मोहम्मद",
      "sentence": 8,
      "start": 211,
      "end": 217,
      "confidence": 1.0
    },
    {
      "id": 20,
      "text": "अझरुद्दीन",
      "sentence": 8,
      "start": 218,
      "end": 226,
      "confidence": 1.0
    },
    {
      "id": 21,
      "text": "बालू",
      "sentence": 8,
      "start": 235,
      "end": 239,
      "confidence": 1.0
    },
    {
      "id": 22,
      "text": "राजा",
      "sentence": 9,
      "start": 246,
      "end": 250,
      "confidence": 1.0
    },
    {
      "id": 23,
      "text": "यांचे",
      "sentence": 9,
      "start": 252,
      "end": 256,
      "confidence": 1.0
    },
    {
      "id": 24,
      "text": "निकाल",
      "sentence": 9,
      "start": 258,
      "end": 262,
      "confidence": 1.0
    },
    {
      "id": 25,
      "text": "मतपेटीत",
      "sentence": 9,
      "start": 264,
      "end": 270,
      "confidence": 1.0
    },
    {
      "id": 26,
      "text": "त्यांची",
      "sentence": 10,
      "start": 277,
      "end": 282,
      "confidence": 1.0
    },
    {
      "id": 27,
      "text": "सामग्री",
      "sentence": 10,
      "start": 284,
      "end": 289,
      "confidence": 1.0
    },
    {
      "id": 28,
      "text": "युवराजनं",
      "sentence": 11,
      "start": 295,
      "end": 302,
      "confidence": 1.0
    },
    {
      "id": 29,
      "text": "मस्करी",
      "sentence": 11,
      "start": 304,
      "end": 308,
      "confidence": 1.0
    },
    {
      "id": 30,
      "text": "मुलाखतीत",
      "sentence": 11,
      "start": 319,
      "end": 326,
      "confidence": 1.0
    },
    {
      "id": 31,
      "text": "तुम्ही",
      "sentence": 11,
      "start": 337,
      "end": 341,
      "confidence": 1.0
    },
    {
      "id": 32,
      "text": "सराव",
      "sentence": 11,
      "start": 342,
      "end": 346,
      "confidence": 1.0
    },
    {
      "id": 33,
      "text": "गूगल",
      "sentence": 12,
      "start": 354,
      "end": 359,
      "confidence": 1.0
    },
    {
      "id": 34,
      "text": "न्यूज",
      "sentence": 12,
      "start": 361,
      "end": 365,
      "confidence": 1.0
    },
    {
      "id": 35,
      "text": "अपडेट",
      "sentence": 12,
      "start": 367,
      "end": 372,
      "confidence": 1.0
    },
    {
      "id": 36,
      "text": "देशांत",
      "sentence": 12,
      "start": 381,
      "end": 386,
      "confidence": 1.0
    },
    {
      "id": 37,
      "text": "संत्रा",
      "sentence": 13,
      "start": 392,
      "end": 396,
      "confidence": 1.0
    },
    {
      "id": 38,
      "text": "आयसीसीनं",
      "sentence": 13,
      "start": 413,
      "end": 420,
      "confidence": 1.0
    },
    {
      "id": 39,
      "text": "शिंकामोर्तब",
      "sentence": 13,
      "start": 428,
      "end": 437,
      "confidence": 1.0
    },
    {
      "id": 40,
      "text": "निकाल",
      "sentence": 14,
      "start": 461,
      "end": 465,
      "confidence": 1.0
    },
    {
      "id": 41,
      "text": "कुटुंबावर",
      "sentence": 15,
      "start": 478,
      "end": 484,
      "confidence": 1.0
    },
    {
      "id": 42,
      "text": "दबाव",
      "sentence": 15,
      "start": 486,
      "end": 490,
      "confidence": 1.0
    },
    {
      "id": 43,
      "text": "त्यांना",
      "sentence": 15,
      "start": 497,
      "end": 501,
      "confidence": 1.0
    },
    {
      "id": 44,
      "text": "सुनेला",
      "sentence": 15,
      "start": 503,
      "end": 508,
      "confidence": 1.0
    },
    {
      "id": 45,
      "text": "हुंड्यासाठी",
      "sentence": 15,
      "start": 510,
      "end": 517,
      "confidence": 1.0
    },
    {
      "id": 46,
      "text": "राधे",
      "sentence": 15,
      "start": 539,
      "end": 542,
      "confidence": 1.0
    },
    {
      "id": 47,
      "text": "गायक",
      "sentence": 15,
      "start": 557,
      "end": 561,
      "confidence": 1.0
    },
    {
      "id": 48,
      "text": "सोनू",
      "sentence": 15,
      "start": 562,
      "end": 566,
      "confidence": 1.0
    },
    {
      "id": 49,
      "text": "निगमनं",
      "sentence": 15,
      "start": 568,
      "end": 573,
      "confidence": 1.0
    },
    {
      "id": 50,
      "text": "ट्विट",
      "sentence": 15,
      "start": 580,
      "end": 584,
      "confidence": 1.0
    },
    {
      "id": 51,
      "text": "ग्रामपंचायत",
      "sentence": 16,
      "start": 605,
      "end": 614,
      "confidence": 1.0
    },
    {
      "id": 52,
      "text": "निवडणुकांसाठी",
      "sentence": 16,
      "start": 616,
      "end": 626,
      "confidence": 1.0
    },
    {
      "id": 53,
      "text": "जागांसाठी",
      "sentence": 16,
      "start": 661,
      "end": 668,
      "confidence": 1.0
    },
    {
      "id": 54,
      "text": "जोहर",
      "sentence": 17,
      "start": 692,
      "end": 696,
      "confidence": 1.0
    },
    {
      "id": 55,
      "text": "आईने",
      "sentence": 17,
      "start": 703,
      "end": 707,
      "confidence": 1.0
    },
    {
      "id": 56,
      "text": "त्यांना",
      "sentence": 17,
      "start": 709,
      "end": 713,
      "confidence": 1.0
    },
    {
      "id": 57,
      "text": "तु",
      "sentence": 17,
      "start": 737,
      "end": 739,
      "confidence": 1.0
    },
    {
      "id": 58,
      "text": "तुझा",
      "sentence": 17,
      "start": 753,
      "end": 757,
      "confidence": 1.0
    },
    {
      "id": 59,
      "text": "जन्म",
      "sentence": 17,
      "start": 758,
      "end": 762,
      "confidence": 1.0
    },
    {
      "id": 60,
      "text": "दुकान",
      "sentence": 17,
      "start": 764,
      "end": 768,
      "confidence": 1.0
    },
    {
      "id": 61,
      "text": "कबीर",
      "sentence": 18,
      "start": 779,
      "end": 783,
      "confidence": 1.0
    },
    {
      "id": 62,
      "text": "विणकाम",
      "sentence": 18,
      "start": 792,
      "end": 797,
      "confidence": 1.0
    },
    {
      "id": 63,
      "text": "उद्यानात",
      "sentence": 19,
      "start": 803,
      "end": 809,
      "confidence": 1.0
    },
    {
      "id": 64,
      "text": "लोकांना",
      "sentence": 19,
      "start": 812,
      "end": 817,
      "confidence": 1.0
    },
    {
      "id": 65,
      "text": "प्रश्न",
      "sentence": 20,
      "start": 828,
      "end": 831,
      "confidence": 1.0
    },
    {
      "id": 66,
      "text": "प्रत्येकाला",
      "sentence": 20,
      "start": 833,
      "end": 840,
      "confidence": 1.0
    },
    {
      "id": 67,
      "text": "परिस्थितीत",
      "sentence": 22,
      "start": 869,
      "end": 876,
      "confidence": 1.0
    },
    {
      "id": 68,
      "text": "व्यक्तींना",
      "sentence": 22,
      "start": 886,
      "end": 891,
      "confidence": 1.0
    },
    {
      "id": 69,
      "text": "अंतर",
      "sentence": 22,
      "start": 898,
      "end": 901,
      "confidence": 1.0
    },
    {
      "id": 70,
      "text": "मतदारसंघात",
      "sentence": 23,
      "start": 922,
      "end": 930,
      "confidence": 1.0
    },
    {
      "id": 71,
      "text": "कोटी",
      "sentence": 23,
      "start": 940,
      "end": 944,
      "confidence": 1.0
    },
    {
      "id": 72,
      "text": "रूपयांची",
      "sentence": 23,
      "start": 946,
      "end": 952,
      "confidence": 1.0
    },
    {
      "id": 73,
      "text": "विकासकामे",
      "sentence": 23,
      "start": 954,
      "end": 962,
      "confidence": 1.0
    },
    {
      "id": 74,
      "text": "आश्‍वासन",
      "sentence": 23,
      "start": 974,
      "end": 981,
      "confidence": 1.0
    },
    {
      "id": 75,
      "text": "मुख्यमंत्री",
      "sentence": 23,
      "start": 983,
      "end": 990,
      "confidence": 1.0
    },
    {
      "id": 76,
      "text": "पर्रीकर",
      "sentence": 23,
      "start": 992,
      "end": 998,
      "confidence": 1.0
    },
    {
      "id": 77,
      "text": "यांनी",
      "sentence": 23,
      "start": 1000,
      "end": 1003,
      "confidence": 1.0
    },
    {
      "id": 78,
      "text": "राष्ट्रवादीचे",
      "sentence": 24,
      "start": 1014,
      "end": 1022,
      "confidence": 1.0
    },
    {
      "id": 79,
      "text": "प्रवक्ते",
      "sentence": 24,
      "start": 1024,
      "end": 1029,
      "confidence": 1.0
    },
    {
      "id": 80,
      "text": "नवाब",
      "sentence": 24,
      "start": 1031,
      "end": 1035,
      "confidence": 1.0
    },
    {
      "id": 81,
      "text": "मलिक",
      "sentence": 24,
      "start": 1037,
      "end": 1041,
      "confidence": 1.0
    },
    {
      "id": 82,
      "text": "यांनीही",
      "sentence": 24,
      "start": 1043,
      "end": 1048,
      "confidence": 1.0
    },
    {
      "id": 83,
      "text": "काँग्रेस",
      "sentence": 24,
      "start": 1050,
      "end": 1056,
      "confidence": 1.0
    },
    {
      "id": 84,
      "text": "नेत्यांवर",
      "sentence": 24,
      "start": 1058,
      "end": 1064,
      "confidence": 1.0
    },
    {
      "id": 85,
      "text": "टीका",
      "sentence": 24,
      "start": 1072,
      "end": 1076,
      "confidence": 1.0
    },
    {
      "id": 86,
      "text": "गुरुग्राम",
      "sentence": 25,
      "start": 1086,
      "end": 1092,
      "confidence": 1.0
    },
    {
      "id": 87,
      "text": "हरियाणा",
      "sentence": 25,
      "start": 1095,
      "end": 1100,
      "confidence": 1.0
    },
    {
      "id": 88,
      "text": "हिंदु",
      "sentence": 25,
      "start": 1104,
      "end": 1108,
      "confidence": 1.0
    },
    {
      "id": 89,
      "text": "जनजागृती",
      "sentence": 25,
      "start": 1110,
      "end": 1118,
      "confidence": 1.0
    },
    {
      "id": 90,
      "text": "वतीने",
      "sentence": 25,
      "start": 1128,
      "end": 1132,
      "confidence": 1.0
    },
    {
      "id": 91,
      "text": "दौलताबाद",
      "sentence": 25,
      "start": 1139,
      "end": 1146,
      "confidence": 1.0
    },
    {
      "id": 92,
      "text": "पंचमुखी",
      "sentence": 25,
      "start": 1157,
      "end": 1164,
      "confidence": 1.0
    },
    {
      "id": 93,
      "text": "हनुमान",
      "sentence": 25,
      "start": 1166,
      "end": 1171,
      "confidence": 1.0
    },
    {
      "id": 94,
      "text": "मंदिरामध्ये",
      "sentence": 25,
      "start": 1173,
      "end": 1181,
      "confidence": 1.0
    },
    {
      "id": 95,
      "text": "वेळेत",
      "sentence": 25,
      "start": 1199,
      "end": 1203,
      "confidence": 1.0
    },
    {
      "id": 96,
      "text": "पाक्षिक",
      "sentence": 25,
      "start": 1205,
      "end": 1210,
      "confidence": 1.0
    },
    {
      "id": 97,
      "text": "धर्मशिक्षणवर्गाला",
      "sentence": 25,
      "start": 1212,
      "end": 1224,
      "confidence": 1.0
    },
    {
      "id": 98,
      "text": "प्रारंभ",
      "sentence": 25,
      "start": 1226,
      "end": 1231,
      "confidence": 1.0
    },
    {
      "id": 99,
      "text": "त्यावर",
      "sentence": 26,
      "start": 1238,
      "end": 1242,
      "confidence": 1.0
    },
    {
      "id": 100,
      "text": "क्षणाचाही",
      "sentence": 26,
      "start": 1244,
      "end": 1251,
      "confidence": 1.0
    },
    {
      "id": 101,
      "text": "विलंब",
      "sentence": 26,
      "start": 1253,
      "end": 1257,
      "confidence": 1.0
    },
    {
      "id": 102,
      "text": "राणे",
      "sentence": 26,
      "start": 1266,
      "end": 1269,
      "confidence": 1.0
    },
    {
      "id": 103,
      "text": "यांनी",
      "sentence": 26,
      "start": 1271,
      "end": 1274,
      "confidence": 1.0
    },
    {
      "id": 104,
      "text": "शिवसेनेचे",
      "sentence": 26,
      "start": 1276,
      "end": 1283,
      "confidence": 1.0
    },
    {
      "id": 105,
      "text": "महाराष्ट्र",
      "sentence": 27,
      "start": 1298,
      "end": 1304,
      "confidence": 1.0
    },
    {
      "id": 106,
      "text": "देशा",
      "sentence": 27,
      "start": 1306,
      "end": 1309,
      "confidence": 1.0
    },
    {
      "id": 107,
      "text": "महाराष्ट्राचे",
      "sentence": 27,
      "start": 1313,
      "end": 1321,
      "confidence": 1.0
    },
    {
      "id": 108,
      "text": "सुपुत्र",
      "sentence": 27,
      "start": 1323,
      "end": 1328,
      "confidence": 1.0
    },
    {
      "id": 109,
      "text": "ललित",
      "sentence": 27,
      "start": 1340,
      "end": 1344,
      "confidence": 1.0
    },
    {
      "id": 110,
      "text": "अकादमीचे",
      "sentence": 27,
      "start": 1351,
      "end": 1358,
      "confidence": 1.0
    },
    {
      "id": 111,
      "text": "पुढाने",
      "sentence": 28,
      "start": 1391,
      "end": 1396,
      "confidence": 1.0
    },
    {
      "id": 112,
      "text": "राष्ट्रपती",
      "sentence": 28,
      "start": 1398,
      "end": 1404,
      "confidence": 1.0
    },
    {
      "id": 113,
      "text": "भवनात",
      "sentence": 28,
      "start": 1406,
      "end": 1411,
      "confidence": 1.0
    },
    {
      "id": 114,
      "text": "देशातील",
      "sentence": 28,
      "start": 1420,
      "end": 1426,
      "confidence": 1.0
    },
    {
      "id": 115,
      "text": "तरूण",
      "sentence": 28,
      "start": 1446,
      "end": 1450,
      "confidence": 1.0
    },
    {
      "id": 116,
      "text": "चित्रकारांचे",
      "sentence": 28,
      "start": 1452,
      "end": 1460,
      "confidence": 1.0
    },
    {
      "id": 117,
      "text": "निवासी",
      "sentence": 28,
      "start": 1462,
      "end": 1467,
      "confidence": 1.0
    },
    {
      "id": 118,
      "text": "शिबीर",
      "sentence": 28,
      "start": 1469,
      "end": 1473,
      "confidence": 1.0
    },
    {
      "id": 119,
      "text": "लोकांचा",
      "sentence": 29,
      "start": 1488,
      "end": 1494,
      "confidence": 1.0
    },
    {
      "id": 120,
      "text": "अनुभव",
      "sentence": 29,
      "start": 1496,
      "end": 1500,
      "confidence": 1.0
    },
    {
      "id": 121,
      "text": "मुलांना",
      "sentence": 30,
      "start": 1510,
      "end": 1515,
      "confidence": 1.0
    },
    {
      "id": 122,
      "text": "त्यांची",
      "sentence": 30,
      "start": 1533,
      "end": 1537,
      "confidence": 1.0
    },
    {
      "id": 123,
      "text": "वाचन",
      "sentence": 30,
      "start": 1555,
      "end": 1560,
      "confidence": 1.0
    },
    {
      "id": 124,
      "text": "विचार",
      "sentence": 31,
      "start": 1573,
      "end": 1577,
      "confidence": 1.0
    },
    {
      "id": 125,
      "text": "राजेशने",
      "sentence": 31,
      "start": 1579,
      "end": 1585,
      "confidence": 1.0
    },
    {
      "id": 126,
      "text": "आरक्षणाचा",
      "sentence": 32,
      "start": 1595,
      "end": 1603,
      "confidence": 1.0
    },
    {
      "id": 127,
      "text": "मुद्दा",
      "sentence": 32,
      "start": 1605,
      "end": 1608,
      "confidence": 1.0
    },
    {
      "id": 128,
      "text": "सरकार",
      "sentence": 32,
      "start": 1617,
      "end": 1621,
      "confidence": 1.0
    },
    {
      "id": 129,
      "text": "प्रयत्न",
      "sentence": 32,
      "start": 1628,
      "end": 1632,
      "confidence": 1.0
    },
    {
      "id": 130,
      "text": "मुख्यमंत्र्यांनी",
      "sentence": 32,
      "start": 1644,
      "end": 1653,
      "confidence": 1.0
    },
    {
      "id": 131,
      "text": "वक्तव्य",
      "sentence": 32,
      "start": 1662,
      "end": 1667,
      "confidence": 1.0
    },
    {
      "id": 132,
      "text": "महाराष्ट्राचे",
      "sentence": 32,
      "start": 1669,
      "end": 1677,
      "confidence": 1.0
    },
    {
      "id": 133,
      "text": "मुख्यमंत्री",
      "sentence": 32,
      "start": 1681,
      "end": 1687,
      "confidence": 1.0
    },
    {
      "id": 134,
      "text": "खासदार",
      "sentence": 32,
      "start": 1692,
      "end": 1697,
      "confidence": 1.0
    },
    {
      "id": 135,
      "text": "नारायण",
      "sentence": 32,
      "start": 1699,
      "end": 1704,
      "confidence": 1.0
    },
    {
      "id": 136,
      "text": "राणे",
      "sentence": 32,
      "start": 1706,
      "end": 1709,
      "confidence": 1.0
    },
    {
      "id": 137,
      "text": "यांनी",
      "sentence": 32,
      "start": 1711,
      "end": 1714,
      "confidence": 1.0
    },
    {
      "id": 138,
      "text": "पत्रकार",
      "sentence": 32,
      "start": 1716,
      "end": 1721,
      "confidence": 1.0
    },
    {
      "id": 139,
      "text": "परिषदेत",
      "sentence": 32,
      "start": 1723,
      "end": 1729,
      "confidence": 1.0
    },
    {
      "id": 140,
      "text": "अर्थ",
      "sentence": 33,
      "start": 1744,
      "end": 1747,
      "confidence": 1.0
    },
    {
      "id": 141,
      "text": "अर्ज",
      "sentence": 33,
      "start": 1749,
      "end": 1752,
      "confidence": 1.0
    },
    {
      "id": 142,
      "text": "अ‍ॅक्सिडेंटल",
      "sentence": 34,
      "start": 1779,
      "end": 1789,
      "confidence": 1.0
    },
    {
      "id": 143,
      "text": "प्राईम",
      "sentence": 34,
      "start": 1791,
      "end": 1796,
      "confidence": 1.0
    },
    {
      "id": 144,
      "text": "मिनिस्टर",
      "sentence": 34,
      "start": 1798,
      "end": 1805,
      "confidence": 1.0
    },
    {
      "id": 145,
      "text": "चित्रपटाचे",
      "sentence": 34,
      "start": 1809,
      "end": 1816,
      "confidence": 1.0
    },
    {
      "id": 146,
      "text": "शूटिंग",
      "sentence": 34,
      "start": 1818,
      "end": 1824,
      "confidence": 1.0
    },
    {
      "id": 147,
      "text": "बोहरा",
      "sentence": 34,
      "start": 1835,
      "end": 1839,
      "confidence": 1.0
    },
    {
      "id": 148,
      "text": "ब्रदर्स",
      "sentence": 34,
      "start": 1841,
      "end": 1847,
      "confidence": 1.0
    },
    {
      "id": 149,
      "text": "रत्नाकर",
      "sentence": 34,
      "start": 1858,
      "end": 1864,
      "confidence": 1.0
    },
    {
      "id": 150,
      "text": "चित्रपटाबाबत",
      "sentence": 34,
      "start": 1871,
      "end": 1880,
      "confidence": 1.0
    },
    {
      "id": 151,
      "text": "उत्सुकता",
      "sentence": 34,
      "start": 1886,
      "end": 1892,
      "confidence": 1.0
    },
    {
      "id": 152,
      "text": "दुःखं",
      "sentence": 35,
      "start": 1911,
      "end": 1915,
      "confidence": 1.0
    },
    {
      "id": 153,
      "text": "कचर्‍याचे",
      "sentence": 36,
      "start": 1929,
      "end": 1935,
      "confidence": 1.0
    },
    {
      "id": 154,
      "text": "पीसीबी",
      "sentence": 37,
      "start": 1948,
      "end": 1952,
      "confidence": 1.0
    },
    {
      "id": 155,
      "text": "फर्ग्युसन",
      "sentence": 37,
      "start": 1971,
      "end": 1978,
      "confidence": 1.0
    },
    {
      "id": 156,
      "text": "महाविद्यालयात",
      "sentence": 37,
      "start": 1980,
      "end": 1990,
      "confidence": 1.0
    },
    {
      "id": 157,
      "text": "सत्यनारायणाची",
      "sentence": 37,
      "start": 1992,
      "end": 2002,
      "confidence": 1.0
    },
    {
      "id": 158,
      "text": "महापूजा",
      "sentence": 37,
      "start": 2004,
      "end": 2011,
      "confidence": 1.0
    },
    {
      "id": 159,
      "text": "कोल्हापूर",
      "sentence": 38,
      "start": 2034,
      "end": 2041,
      "confidence": 1.0
    },
    {
      "id": 160,
      "text": "शेतकरी",
      "sentence": 38,
      "start": 2088,
      "end": 2094,
      "confidence": 1.0
    },
    {
      "id": 161,
      "text": "ते",
      "sentence": 39,
      "start": 2124,
      "end": 2126,
      "confidence": 1.0
    },
    {
      "id": 162,
      "text": "मानाने",
      "sentence": 39,
      "start": 2133,
      "end": 2138,
      "confidence": 1.0
    },
    {
      "id": 163,
      "text": "क्रियाकलाप",
      "sentence": 39,
      "start": 2144,
      "end": 2151,
      "confidence": 1.0
    },
    {
      "id": 164,
      "text": "ते",
      "sentence": 40,
      "start": 2158,
      "end": 2160,
      "confidence": 1.0
    },
    {
      "id": 165,
      "text": "राजींदरला",
      "sentence": 40,
      "start": 2162,
      "end": 2169,
      "confidence": 1.0
    },
    {
      "id": 166,
      "text": "डेव्हिड",
      "sentence": 40,
      "start": 2171,
      "end": 2177,
      "confidence": 1.0
    },
    {
      "id": 167,
      "text": "वस्तीसहीत",
      "sentence": 40,
      "start": 2194,
      "end": 2202,
      "confidence": 1.0
    },
    {
      "id": 168,
      "text": "घरचेसुद्धा",
      "sentence": 40,
      "start": 2213,
      "end": 2221,
      "confidence": 1.0
    },
    {
      "id": 169,
      "text": "त्याला",
      "sentence": 40,
      "start": 2223,
      "end": 2227,
      "confidence": 1.0
    },
    {
      "id": 170,
      "text": "डेव्हिड",
      "sentence": 40,
      "start": 2229,
      "end": 2235,
      "confidence": 1.0
    },
    {
      "id": 171,
      "text": "डेव्हिड",
      "sentence": 40,
      "start": 2259,
      "end": 2265,
      "confidence": 1.0
    },
    {
      "id": 172,
      "text": "डेव्हिड",
      "sentence": 40,
      "start": 2272,
      "end": 2278,
      "confidence": 1.0
    },
    {
      "id": 173,
      "text": "माझ्या",
      "sentence": 41,
      "start": 2290,
      "end": 2294,
      "confidence": 1.0
    },
    {
      "id": 174,
      "text": "मैत्रिणीच्या",
      "sentence": 41,
      "start": 2296,
      "end": 2303,
      "confidence": 1.0
    },
    {
      "id": 175,
      "text": "डोळय़ाचे",
      "sentence": 41,
      "start": 2305,
      "end": 2311,
      "confidence": 1.0
    },
    {
      "id": 176,
      "text": "तिला",
      "sentence": 41,
      "start": 2327,
      "end": 2330,
      "confidence": 1.0
    },
    {
      "id": 177,
      "text": "शिकवणी",
      "sentence": 41,
      "start": 2332,
      "end": 2338,
      "confidence": 1.0
    },
    {
      "id": 178,
      "text": "तिने",
      "sentence": 41,
      "start": 2347,
      "end": 2350,
      "confidence": 1.0
    },
    {
      "id": 179,
      "text": "माध्यमाच्या",
      "sentence": 41,
      "start": 2359,
      "end": 2366,
      "confidence": 1.0
    },
    {
      "id": 180,
      "text": "विद्यार्थ्यांना",
      "sentence": 41,
      "start": 2377,
      "end": 2386,
      "confidence": 1.0
    },
    {
      "id": 181,
      "text": "इंग्रजीतून",
      "sentence": 41,
      "start": 2387,
      "end": 2394,
      "confidence": 1.0
    },
    {
      "id": 182,
      "text": "मराठी",
      "sentence": 41,
      "start": 2403,
      "end": 2407,
      "confidence": 1.0
    },
    {
      "id": 183,
      "text": "विषय",
      "sentence": 41,
      "start": 2409,
      "end": 2413,
      "confidence": 1.0
    },
    {
      "id": 184,
      "text": "विनंती",
      "sentence": 41,
      "start": 2421,
      "end": 2426,
      "confidence": 1.0
    },
    {
      "id": 185,
      "text": "ती",
      "sentence": 41,
      "start": 2433,
      "end": 2435,
      "confidence": 1.0
    },
    {
      "id": 186,
      "text": "मी",
      "sentence": 41,
      "start": 2436,
      "end": 2438,
      "confidence": 1.0
    },
    {
      "id": 187,
      "text": "फॉलोऑन",
      "sentence": 42,
      "start": 2443,
      "end": 2450,
      "confidence": 1.0
    },
    {
      "id": 188,
      "text": "फलंदाजी",
      "sentence": 42,
      "start": 2455,
      "end": 2461,
      "confidence": 1.0
    },
    {
      "id": 189,
      "text": "धावांत",
      "sentence": 42,
      "start": 2491,
      "end": 2496,
      "confidence": 1.0
    },
    {
      "id": 190,
      "text": "स्तनदा",
      "sentence": 43,
      "start": 2501,
      "end": 2506,
      "confidence": 1.0
    },
    {
      "id": 191,
      "text": "बदलीचे",
      "sentence": 43,
      "start": 2516,
      "end": 2521,
      "confidence": 1.0
    },
    {
      "id": 192,
      "text": "अधिकार",
      "sentence": 43,
      "start": 2523,
      "end": 2528,
      "confidence": 1.0
    },
    {
      "id": 193,
      "text": "मुख्य",
      "sentence": 43,
      "start": 2530,
      "end": 2534,
      "confidence": 1.0
    },
    {
      "id": 194,
      "text": "कार्यकारी",
      "sentence": 43,
      "start": 2536,
      "end": 2542,
      "confidence": 1.0
    },
    {
      "id": 195,
      "text": "अधिकार्‍यांना",
      "sentence": 43,
      "start": 2544,
      "end": 2552,
      "confidence": 1.0
    },
    {
      "id": 196,
      "text": "वस्तू",
      "sentence": 44,
      "start": 2570,
      "end": 2574,
      "confidence": 1.0
    },
    {
      "id": 197,
      "text": "गोष्ट",
      "sentence": 44,
      "start": 2579,
      "end": 2583,
      "confidence": 1.0
    },
    {
      "id": 198,
      "text": "त्यांच्या",
      "sentence": 44,
      "start": 2589,
      "end": 2594,
      "confidence": 1.0
    },
    {
      "id": 199,
      "text": "स्वत",
      "sentence": 44,
      "start": 2596,
      "end": 2600,
      "confidence": 1.0
    },
    {
      "id": 200,
      "text": "हिंदुस्थानने",
      "sentence": 45,
      "start": 2626,
      "end": 2635,
      "confidence": 1.0
    },
    {
      "id": 201,
      "text": "बालाकोटवर",
      "sentence": 45,
      "start": 2637,
      "end": 2645,
      "confidence": 1.0
    },
    {
      "id": 202,
      "text": "एअरस्ट्राईक",
      "sentence": 45,
      "start": 2647,
      "end": 2656,
      "confidence": 1.0
    },
    {
      "id": 203,
      "text": "दहशतवादी",
      "sentence": 45,
      "start": 2662,
      "end": 2670,
      "confidence": 1.0
    },
    {
      "id": 204,
      "text": "विकास",
      "sentence": 46,
      "start": 2686,
      "end": 2691,
      "confidence": 1.0
    },
    {
      "id": 205,
      "text": "कामे",
      "sentence": 46,
      "start": 2693,
      "end": 2696,
      "confidence": 1.0
    },
    {
      "id": 206,
      "text": "शेतकऱ्यांची",
      "sentence": 46,
      "start": 2699,
      "end": 2707,
      "confidence": 1.0
    },
    {
      "id": 207,
      "text": "कर्जमाफी",
      "sentence": 46,
      "start": 2709,
      "end": 2715,
      "confidence": 1.0
    },
    {
      "id": 208,
      "text": "आश्वासन",
      "sentence": 46,
      "start": 2726,
      "end": 2732,
      "confidence": 1.0
    },
    {
      "id": 209,
      "text": "निर्णय",
      "sentence": 47,
      "start": 2739,
      "end": 2743,
      "confidence": 1.0
    },
    {
      "id": 210,
      "text": "सरकार",
      "sentence": 47,
      "start": 2752,
      "end": 2756,
      "confidence": 1.0
    },
    {
      "id": 211,
      "text": "ते",
      "sentence": 47,
      "start": 2761,
      "end": 2763,
      "confidence": 1.0
    },
    {
      "id": 212,
      "text": "निर्णय",
      "sentence": 47,
      "start": 2767,
      "end": 2771,
      "confidence": 1.0
    },
    {
      "id": 213,
      "text": "चप्पल",
      "sentence": 48,
      "start": 2779,
      "end": 2784,
      "confidence": 1.0
    },
    {
      "id": 214,
      "text": "सँडल",
      "sentence": 48,
      "start": 2790,
      "end": 2795,
      "confidence": 1.0
    },
    {
      "id": 215,
      "text": "दुचाकी",
      "sentence": 48,
      "start": 2803,
      "end": 2808,
      "confidence": 1.0
    },
    {
      "id": 216,
      "text": "भुर्दंड",
      "sentence": 48,
      "start": 2817,
      "end": 2823,
      "confidence": 1.0
    },
    {
      "id": 217,
      "text": "तुरुंगात",
      "sentence": 48,
      "start": 2841,
      "end": 2847,
      "confidence": 1.0
    },
    {
      "id": 218,
      "text": "रवानगी",
      "sentence": 48,
      "start": 2849,
      "end": 2855,
      "confidence": 1.0
    },
    {
      "id": 219,
      "text": "ती",
      "sentence": 49,
      "start": 2860,
      "end": 2862,
      "confidence": 1.0
    },
    {
      "id": 220,
      "text": "गोष्ट",
      "sentence": 49,
      "start": 2864,
      "end": 2868,
      "confidence": 1.0
    },
    {
      "id": 221,
      "text": "शेतकऱ्याकडे",
      "sentence": 49,
      "start": 2880,
      "end": 2887,
      "confidence": 1.0
    },
    {
      "id": 222,
      "text": "अतिथी",
      "sentence": 49,
      "start": 2889,
      "end": 2894,
      "confidence": 1.0
    },
    {
      "id": 223,
      "text": "कोकणी",
      "sentence": 50,
      "start": 2899,
      "end": 2904,
      "confidence": 1.0
    },
    {
      "id": 224,
      "text": "जनतेवर",
      "sentence": 50,
      "start": 2906,
      "end": 2912,
      "confidence": 1.0
    },
    {
      "id": 225,
      "text": "अन्याय",
      "sentence": 50,
      "start": 2918,
      "end": 2922,
      "confidence": 1.0
    },
    {
      "id": 226,
      "text": "हिंदुस्थानच्या",
      "sentence": 51,
      "start": 2929,
      "end": 2938,
      "confidence": 1.0
    },
    {
      "id": 227,
      "text": "स्वातंत्र्य",
      "sentence": 51,
      "start": 2940,
      "end": 2946,
      "confidence": 1.0
    },
    {
      "id": 228,
      "text": "दिनापासून",
      "sentence": 51,
      "start": 2948,
      "end": 2956,
      "confidence": 1.0
    },
    {
      "id": 229,
      "text": "सिंगल",
      "sentence": 51,
      "start": 2958,
      "end": 2963,
      "confidence": 1.0
    },
    {
      "id": 230,
      "text": "वापर",
      "sentence": 51,
      "start": 2980,
      "end": 2984,
      "confidence": 1.0
    },
    {
      "id": 231,
      "text": "आंदोलन",
      "sentence": 51,
      "start": 2993,
      "end": 2999,
      "confidence": 1.0
    },
    {
      "id": 232,
      "text": "टूरिझम",
      "sentence": 52,
      "start": 3015,
      "end": 3021,
      "confidence": 1.0
    },
    {
      "id": 233,
      "text": "फार्म",
      "sentence": 52,
      "start": 3030,
      "end": 3034,
      "confidence": 1.0
    },
    {
      "id": 234,
      "text": "टुरिझम",
      "sentence": 52,
      "start": 3036,
      "end": 3042,
      "confidence": 1.0
    },
    {
      "id": 235,
      "text": "गांधींसाठी",
      "sentence": 52,
      "start": 3058,
      "end": 3065,
      "confidence": 1.0
    },
    {
      "id": 236,
      "text": "पोवर्टी",
      "sentence": 52,
      "start": 3073,
      "end": 3079,
      "confidence": 1.0
    },
    {
      "id": 237,
      "text": "टूरिझम",
      "sentence": 52,
      "start": 3081,
      "end": 3087,
      "confidence": 1.0
    },
    {
      "id": 238,
      "text": "टीका",
      "sentence": 52,
      "start": 3096,
      "end": 3100,
      "confidence": 1.0
    },
    {
      "id": 239,
      "text": "मोदी",
      "sentence": 52,
      "start": 3102,
      "end": 3106,
      "confidence": 1.0
    },
    {
      "id": 240,
      "text": "यांनी",
      "sentence": 52,
      "start": 3108,
      "end": 3111,
      "confidence": 1.0
    },
    {
      "id": 241,
      "text": "सभागृहाची",
      "sentence": 53,
      "start": 3120,
      "end": 3128,
      "confidence": 1.0
    },
    {
      "id": 242,
      "text": "प्रेक्षक",
      "sentence": 53,
      "start": 3135,
      "end": 3140,
      "confidence": 1.0
    },
    {
      "id": 243,
      "text": "गॅलरी",
      "sentence": 53,
      "start": 3142,
      "end": 3147,
      "confidence": 1.0
    },
    {
      "id": 244,
      "text": "मागणी",
      "sentence": 53,
      "start": 3160,
      "end": 3165,
      "confidence": 1.0
    },
    {
      "id": 245,
      "text": "मुजफ्फर",
      "sentence": 53,
      "start": 3178,
      "end": 3184,
      "confidence": 1.0
    },
    {
      "id": 246,
      "text": "शेख",
      "sentence": 53,
      "start": 3186,
      "end": 3190,
      "confidence": 1.0
    },
    {
      "id": 247,
      "text": "श्रीनिवास",
      "sentence": 53,
      "start": 3192,
      "end": 3198,
      "confidence": 1.0
    },
    {
      "id": 248,
      "text": "बिहाणी",
      "sentence": 53,
      "start": 3200,
      "end": 3205,
      "confidence": 1.0
    },
    {
      "id": 249,
      "text": "भारती",
      "sentence": 53,
      "start": 3207,
      "end": 3211,
      "confidence": 1.0
    },
    {
      "id": 250,
      "text": "कांबळे",
      "sentence": 53,
      "start": 3213,
      "end": 3218,
      "confidence": 1.0
    },
    {
      "id": 251,
      "text": "यांनी",
      "sentence": 53,
      "start": 3220,
      "end": 3223,
      "confidence": 1.0
    },
    {
      "id": 252,
      "text": "गॅलरी",
      "sentence": 53,
      "start": 3230,
      "end": 3235,
      "confidence": 1.0
    },
    {
      "id": 253,
      "text": "निर्णयावर",
      "sentence": 53,
      "start": 3258,
      "end": 3265,
      "confidence": 1.0
    },
    {
      "id": 254,
      "text": "त्यावर",
      "sentence": 54,
      "start": 3272,
      "end": 3276,
      "confidence": 1.0
    },
    {
      "id": 255,
      "text": "नगराध्यक्षा",
      "sentence": 54,
      "start": 3278,
      "end": 3285,
      "confidence": 1.0
    },
    {
      "id": 256,
      "text": "आदिक",
      "sentence": 54,
      "start": 3287,
      "end": 3291,
      "confidence": 1.0
    },
    {
      "id": 257,
      "text": "यांनी",
      "sentence": 54,
      "start": 3293,
      "end": 3296,
      "confidence": 1.0
    },
    {
      "id": 258,
      "text": "सभेपासून",
      "sentence": 54,
      "start": 3302,
      "end": 3309,
      "confidence": 1.0
    },
    {
      "id": 259,
      "text": "गॅलरी",
      "sentence": 54,
      "start": 3311,
      "end": 3316,
      "confidence": 1.0
    },
    {
      "id": 260,
      "text": "झाडाच्या",
      "sentence": 55,
      "start": 3344,
      "end": 3349,
      "confidence": 1.0
    },
    {
      "id": 261,
      "text": "चोरी",
      "sentence": 55,
      "start": 3358,
      "end": 3362,
      "confidence": 1.0
    },
    {
      "id": 262,
      "text": "प्रकरणाबाबत",
      "sentence": 55,
      "start": 3364,
      "end": 3372,
      "confidence": 1.0
    },
    {
      "id": 263,
      "text": "नगरसेवक",
      "sentence": 55,
      "start": 3374,
      "end": 3381,
      "confidence": 1.0
    },
    {
      "id": 264,
      "text": "प्रकाश",
      "sentence": 55,
      "start": 3383,
      "end": 3388,
      "confidence": 1.0
    },
    {
      "id": 265,
      "text": "यांनी",
      "sentence": 55,
      "start": 3397,
      "end": 3400,
      "confidence": 1.0
    },
    {
      "id": 266,
      "text": "मुद्दा",
      "sentence": 55,
      "start": 3402,
      "end": 3406,
      "confidence": 1.0
    },
    {
      "id": 267,
      "text": "कुटुंबाला",
      "sentence": 56,
      "start": 3417,
      "end": 3423,
      "confidence": 1.0
    },
    {
      "id": 268,
      "text": "ती",
      "sentence": 56,
      "start": 3425,
      "end": 3427,
      "confidence": 1.0
    },
    {
      "id": 269,
      "text": "कोणी",
      "sentence": 57,
      "start": 3440,
      "end": 3444,
      "confidence": 1.0
    }
  ],
  "clusters": [
    [
      0,
      1
    ],
    [
      5,
      7
    ],
    [
      17,
      18
    ],
    [
      21,
      22,
      23,
      24,
      25,
      26,
      27,
      28
    ],
    [
      57,
      58
    ],
    [
      59,
      60,
      61
    ],
    [
      63,
      66
    ],
    [
      64,
      68
    ],
    [
      71,
      72
    ],
    [
      76,
      78
    ],
    [
      87,
      231,
      247
    ],
    [
      97,
      98,
      99
    ],
    [
      102,
      103,
      104
    ],
    [
      110,
      111,
      112
    ],
    [
      114,
      115
    ],
    [
      116,
      117,
      118
    ],
    [
      121,
      122
    ],
    [
      127,
      128,
      173,
      174,
      175,
      176,
      177
    ],
    [
      132,
      133,
      134
    ],
    [
      136,
      137,
      138,
      139
    ],
    [
      141,
      142,
      143,
      144
    ],
    [
      146,
      147
    ],
    [
      149,
      150,
      151,
      152
    ],
    [
      157,
      158
    ],
    [
      178,
      179
    ],
    [
      184,
      185,
      186,
      187,
      193,
      246
    ],
    [
      189,
      190
    ],
    [
      191,
      192
    ],
    [
      202,
      203
    ],
    [
      204,
      205
    ],
    [
      207,
      208
    ],
    [
      213,
      214,
      215
    ],
    [
      220,
      223,
      225
    ],
    [
      221,
      226,
      228,
      229,
      230
    ],
    [
      232,
      235,
      237
    ],
    [
      239,
      240
    ],
    [
      253,
      254
    ],
    [
      257,
      258,
      259
    ],
    [
      263,
      264
    ]
  ]
}