{
  "document_id": "document_84",
  "sentences": [
    "जिल्हा प्रशासनही निवडणुकीच्या तयारीला लागले आहे.",
    "विष्णूने पुढे मुंबई गाठली आणि गोविंदराव पोतदार यांच्या ‘पायोनियर अल्कली वर्क्स’ या कंपनीत माहीमला नोकरी करू लागला.",
    "इथेही श्रीयुत पोतदार हे राष्ट्रीय विचारांचे होते आणि स्फोटकांच्या बाबतीतले तज्ञ होते.",
    "त्यांनी आपल्या सहकाऱ्यांशी विष्णूची ओळख करून दिली.",
    "त्यातल्या हरी लक्ष्मण पाटील या वसईला राहणाऱ्या वकिलांशी विष्णूची खास मैत्री झाली.",
    "पुढे स्वदेशी चळवळ ऐन भरात असताना जपानी हातमाग उद्योगांपासून प्रेरणा घेऊन पिंगळे यांनी लातूरजवळ स्वतःचा स्वदेशी हातमाग सुरु केला.",
    "पण त्यांची मनिषा ही नेहमीच एक अभियंता बनावं अशी होती.",
    "अग्रगण्य शाळा गप्पाटप्पा ब्लॉग - हे मिस्टरीज लेडी बद्दल उल्लेख आहे.",
    "तोवर ती झंडूबाम झाल्याची वार्ता येतेय.",
    "परिणामी वस्तुमान मशरूम जोडा आणि कमी गॅस वर 15 मिनिटे सर्व एकत्र बाहेर ठेवले.",
    "त्यानंतर चौघांनी  ही चारचाकी गाडी पेटवून दिली.",
    "महापालिकेच्या माध्यमातून शहरातील स्मशानभूमीत राबविण्यात येत असलेल्या मोफत अंत्यसंस्कार योजनेसाठी आता लाकडाऐवजी गोवऱ्या वापरल्या जाणार आहेत.",
    "तर बंगळुरु शहराची उभारणी करणारे केम्पे गौडा यांच्या नावे बंगळुरुचं आंतरराष्ट्रीय विमानतळ आहे.",
    "अवकाळी पावसाने झालेल्या नुकसानीचे पंचनामे करण्याचे आदेश राज्य शासनाने दिले होते.",
    "यामध्ये अभिनेता आयुष शर्मा, अतुल अग्निहोत्री, अर्पिता खान शर्मा, सोहेल खान, अरबाज खान, लूलिया वंतूर, रेनेज बेक सेल आणि इसाबेल कैफ यांचा समावेश आहे.",
    "काल सकाळी ७ वाजता त्याचा मृतदेह ट्रॉलरवर गळफास लावलेल्या अवस्थेत सापडून आला.",
    "मुक्तांगणला गेल्यावर जर डेटा गोळा करताना मध्येच वेळ मिळाला तर मी वायंगणकरसरांसमोर जाऊन बसतो.",
    "काहीही न बोलता नुसतं पाहुनच बरंच काही दिसत असतं, उमगत असतं.",
    "मला वाटतं तेथेच मी वस्ताद हे नाव सर्वप्रथम ऐकलं.",
    "उत्सुकता वाटली कि सर्वजण \"वस्ताद\" म्हणुन उल्लेख करतात ती व्यक्ती आहे तरी कोण?",
    "नंतर राजेश रजपुत सरांची ओळख माधव सरांनी करुन दिली.",
    "तेव्हा लक्षात आलं अरे आपण तर यांना अनेकदा पाहिलं आहे.",
    "त्यांच्या या टोपण नावाची मात्र माहिती नव्हती.",
    "मध्यम उंची, सडपातळ अंगकाठी, गोरापान चेहरा, प्रसन्न हसु, चालण्याची विशिष्ट ढब, खणखणीत आवाज आणि अत्यंत नीटनेटकी राहणी ही रजपुत सरांची वैशिष्ट्ये.",
    "जगप्रसिध्द असलेल्या लंडन ब्रिजवर स्थानिक वेळेनुसार दुपारी 1 वाजून 58 मिनिटांनी एका अज्ञाताने पादचार्‍यांवर चाकुने हल्ला केल्याची घटना घडली.",
    "या आंदोलनास दुपारी 12 वाजता शिवसेना शहर कार्यालयापासून सुरूवात झाली."
  ],
  "mentions": [
    {
      "id": 0,
      "text": "प्रशासन",
      "sentence": 0,
      "start": 7,
      "end": 13,
      "confidence": 1.0
    },
    {
      "id": 1,
      "text": "विष्णू",
      "sentence": 1,
      "start": 40,
      "end": 45,
      "confidence": 1.0
    },
    {
      "id": 2,
      "text": "मुंबई",
      "sentence": 1,
      "start": 50,
      "end": 54,
      "confidence": 1.0
    },
    {
      "id": 3,
      "text": "गोविंदराव",
      "sentence": 1,
      "start": 67,
      "end": 75,
      "confidence": 1.0
    },
    {
      "id": 4,
      "text": "पोतदार",
      "sentence": 1,
      "start": 76,
      "end": 81,
      "confidence": 1.0
    },
    {
      "id": 5,
      "text": "वर्क्स",
      "sentence": 1,
      "start": 105,
      "end": 110,
      "confidence": 1.0
    },
    {
      "id": 6,
      "text": "कंपनी",
      "sentence": 1,
      "start": 112,
      "end": 117,
      "confidence": 1.0
    },
    {
      "id": 7,
      "text": "नोकरी",
      "sentence": 1,
      "start": 128,
      "end": 132,
      "confidence": 1.0
    },
    {
      "id": 8,
      "text": "पोतदार",
      "sentence": 2,
      "start": 154,
      "end": 159,
      "confidence": 1.0
    },
    {
      "id": 9,
      "text": "विचार",
      "sentence": 2,
      "start": 170,
      "end": 177,
      "confidence": 1.0
    },
    {
      "id": 10,
      "text": "स्फोटक",
      "sentence": 2,
      "start": 189,
      "end": 197,
      "confidence": 1.0
    },
    {
      "id": 11,
      "text": "तज्ञ",
      "sentence": 2,
      "start": 208,
      "end": 211,
      "confidence": 1.0
    },
    {
      "id": 12,
      "text": "त्यांनी",
      "sentence": 3,
      "start": 216,
      "end": 221,
      "confidence": 1.0
    },
    {
      "id": 13,
      "text": "आपल्या",
      "sentence": 3,
      "start": 222,
      "end": 227,
      "confidence": 1.0
    },
    {
      "id": 14,
      "text": "सहकारी",
      "sentence": 3,
      "start": 228,
      "end": 235,
      "confidence": 1.0
    },
    {
      "id": 15,
      "text": "विष्णू",
      "sentence": 3,
      "start": 238,
      "end": 243,
      "confidence": 1.0
    },
    {
      "id": 16,
      "text": "त्यातल्या",
      "sentence": 4,
      "start": 257,
      "end": 263,
      "confidence": 1.0
    },
    {
      "id": 17,
      "text": "लक्ष्मण",
      "sentence": 4,
      "start": 268,
      "end": 273,
      "confidence": 1.0
    },
    {
      "id": 18,
      "text": "पाटील",
      "sentence": 4,
      "start": 274,
      "end": 278,
      "confidence": 1.0
    },
    {
      "id": 19,
      "text": "वकील",
      "sentence": 4,
      "start": 295,
      "end": 300,
      "confidence": 1.0
    },
    {
      "id": 20,
      "text": "विष्णू",
      "sentence": 4,
      "start": 303,
      "end": 308,
      "confidence": 1.0
    },
    {
      "id": 21,
      "text": "मैत्री",
      "sentence": 4,
      "start": 314,
      "end": 317,
      "confidence": 1.0
    },
    {
      "id": 22,
      "text": "चळवळ",
      "sentence": 5,
      "start": 329,
      "end": 333,
      "confidence": 1.0
    },
    {
      "id": 23,
      "text": "हातमाग",
      "sentence": 5,
      "start": 353,
      "end": 358,
      "confidence": 1.0
    },
    {
      "id": 24,
      "text": "उद्योग",
      "sentence": 5,
      "start": 359,
      "end": 367,
      "confidence": 1.0
    },
    {
      "id": 25,
      "text": "प्रेरणा",
      "sentence": 5,
      "start": 370,
      "end": 374,
      "confidence": 1.0
    },
    {
      "id": 26,
      "text": "पिंगळे",
      "sentence": 5,
      "start": 382,
      "end": 387,
      "confidence": 1.0
    },
    {
      "id": 27,
      "text": "त्यांनी",
      "sentence": 5,
      "start": 388,
      "end": 393,
      "confidence": 1.0
    },
    {
      "id": 28,
      "text": "लातूर",
      "sentence": 5,
      "start": 395,
      "end": 401,
      "confidence": 1.0
    },
    {
      "id": 29,
      "text": "स्वतः",
      "sentence": 5,
      "start": 405,
      "end": 410,
      "confidence": 1.0
    },
    {
      "id": 30,
      "text": "हातमाग",
      "sentence": 5,
      "start": 414,
      "end": 419,
      "confidence": 1.0
    },
    {
      "id": 31,
      "text": "त्यांची",
      "sentence": 6,
      "start": 429,
      "end": 433,
      "confidence": 1.0
    },
    {
      "id": 32,
      "text": "मनिषा",
      "sentence": 6,
      "start": 434,
      "end": 438,
      "confidence": 1.0
    },
    {
      "id": 33,
      "text": "अभियंता",
      "sentence": 6,
      "start": 454,
      "end": 459,
      "confidence": 1.0
    },
    {
      "id": 34,
      "text": "शाळा",
      "sentence": 7,
      "start": 473,
      "end": 476,
      "confidence": 1.0
    },
    {
      "id": 35,
      "text": "गप्पाटप्पा",
      "sentence": 7,
      "start": 477,
      "end": 483,
      "confidence": 1.0
    },
    {
      "id": 36,
      "text": "ब्लॉग",
      "sentence": 7,
      "start": 484,
      "end": 487,
      "confidence": 1.0
    },
    {
      "id": 37,
      "text": "मिस्टरीज",
      "sentence": 7,
      "start": 494,
      "end": 500,
      "confidence": 1.0
    },
    {
      "id": 38,
      "text": "लेडी",
      "sentence": 7,
      "start": 501,
      "end": 504,
      "confidence": 1.0
    },
    {
      "id": 39,
      "text": "उल्लेख",
      "sentence": 7,
      "start": 512,
      "end": 516,
      "confidence": 1.0
    },
    {
      "id": 40,
      "text": "ती",
      "sentence": 8,
      "start": 523,
      "end": 524,
      "confidence": 1.0
    },
    {
      "id": 41,
      "text": "झंडूबाम",
      "sentence": 8,
      "start": 526,
      "end": 532,
      "confidence": 1.0
    },
    {
      "id": 42,
      "text": "वार्ता",
      "sentence": 8,
      "start": 541,
      "end": 544,
      "confidence": 1.0
    },
    {
      "id": 43,
      "text": "वस्तुमान",
      "sentence": 9,
      "start": 554,
      "end": 559,
      "confidence": 1.0
    },
    {
      "id": 44,
      "text": "मशरूम",
      "sentence": 9,
      "start": 560,
      "end": 564,
      "confidence": 1.0
    },
    {
      "id": 45,
      "text": "मिनिटे",
      "sentence": 9,
      "start": 586,
      "end": 590,
      "confidence": 1.0
    },
    {
      "id": 46,
      "text": "चौघे",
      "sentence": 10,
      "start": 605,
      "end": 610,
      "confidence": 1.0
    },
    {
      "id": 47,
      "text": "गाडी",
      "sentence": 10,
      "start": 621,
      "end": 624,
      "confidence": 1.0
    },
    {
      "id": 48,
      "text": "महापालिका",
      "sentence": 11,
      "start": 627,
      "end": 637,
      "confidence": 1.0
    },
    {
      "id": 49,
      "text": "स्मशानभूमी",
      "sentence": 11,
      "start": 658,
      "end": 667,
      "confidence": 1.0
    },
    {
      "id": 50,
      "text": "अंत्यसंस्कार",
      "sentence": 11,
      "start": 690,
      "end": 699,
      "confidence": 1.0
    },
    {
      "id": 51,
      "text": "योजना",
      "sentence": 11,
      "start": 700,
      "end": 707,
      "confidence": 1.0
    },
    {
      "id": 52,
      "text": "लाकूड",
      "sentence": 11,
      "start": 716,
      "end": 724,
      "confidence": 1.0
    },
    {
      "id": 53,
      "text": "गोवऱ्या",
      "sentence": 11,
      "start": 727,
      "end": 732,
      "confidence": 1.0
    },
    {
      "id": 54,
      "text": "बंगळुरु",
      "sentence": 12,
      "start": 737,
      "end": 743,
      "confidence": 1.0
    },
    {
      "id": 55,
      "text": "उभारणी",
      "sentence": 12,
      "start": 754,
      "end": 759,
      "confidence": 1.0
    },
    {
      "id": 56,
      "text": "गौडा",
      "sentence": 12,
      "start": 770,
      "end": 774,
      "confidence": 1.0
    },
    {
      "id": 57,
      "text": "नावे",
      "sentence": 12,
      "start": 782,
      "end": 785,
      "confidence": 1.0
    },
    {
      "id": 58,
      "text": "बंगळुरु",
      "sentence": 12,
      "start": 786,
      "end": 792,
      "confidence": 1.0
    },
    {
      "id": 59,
      "text": "विमानतळ",
      "sentence": 12,
      "start": 802,
      "end": 807,
      "confidence": 1.0
    },
    {
      "id": 60,
      "text": "पाऊस",
      "sentence": 13,
      "start": 816,
      "end": 821,
      "confidence": 1.0
    },
    {
      "id": 61,
      "text": "नुकसान",
      "sentence": 13,
      "start": 829,
      "end": 836,
      "confidence": 1.0
    },
    {
      "id": 62,
      "text": "पंचनामे",
      "sentence": 13,
      "start": 837,
      "end": 842,
      "confidence": 1.0
    },
    {
      "id": 63,
      "text": "राज्य",
      "sentence": 13,
      "start": 856,
      "end": 859,
      "confidence": 1.0
    },
    {
      "id": 64,
      "text": "शासन",
      "sentence": 13,
      "start": 860,
      "end": 865,
      "confidence": 1.0
    },
    {
      "id": 65,
      "text": "अभिनेता",
      "sentence": 14,
      "start": 876,
      "end": 880,
      "confidence": 1.0
    },
    {
      "id": 66,
      "text": "आयुष",
      "sentence": 14,
      "start": 881,
      "end": 884,
      "confidence": 1.0
    },
    {
      "id": 67,
      "text": "शर्मा",
      "sentence": 14,
      "start": 885,
      "end": 889,
      "confidence": 1.0
    },
    {
      "id": 68,
      "text": "अतुल",
      "sentence": 14,
      "start": 891,
      "end": 894,
      "confidence": 1.0
    },
    {
      "id": 69,
      "text": "अग्निहोत्री",
      "sentence": 14,
      "start": 895,
      "end": 902,
      "confidence": 1.0
    },
    {
      "id": 70,
      "text": "अर्पिता",
      "sentence": 14,
      "start": 904,
      "end": 908,
      "confidence": 1.0
    },
    {
      "id": 71,
      "text": "शर्मा",
      "sentence": 14,
      "start": 913,
      "end": 917,
      "confidence": 1.0
    },
    {
      "id": 72,
      "text": "अरबाज",
      "sentence": 14,
      "start": 929,
      "end": 933,
      "confidence": 1.0
    },
    {
      "id": 73,
      "text": "लूलिया",
      "sentence": 14,
      "start": 939,
      "end": 943,
      "confidence": 1.0
    },
    {
      "id": 74,
      "text": "वंतूर",
      "sentence": 14,
      "start": 944,
      "end": 947,
      "confidence": 1.0
    },
    {
      "id": 75,
      "text": "रेनेज",
      "sentence": 14,
      "start": 949,
      "end": 953,
      "confidence": 1.0
    },
    {
      "id": 76,
      "text": "त्याचा",
      "sentence": 15,
      "start": 1003,
      "end": 1006,
      "confidence": 1.0
    },
    {
      "id": 77,
      "text": "मृतदेह",
      "sentence": 15,
      "start": 1007,
      "end": 1012,
      "confidence": 1.0
    },
    {
      "id": 78,
      "text": "ट्रॉलर",
      "sentence": 15,
      "start": 1013,
      "end": 1019,
      "confidence": 1.0
    },
    {
      "id": 79,
      "text": "गळफास",
      "sentence": 15,
      "start": 1022,
      "end": 1027,
      "confidence": 1.0
    },
    {
      "id": 80,
      "text": "अवस्था",
      "sentence": 15,
      "start": 1036,
      "end": 1042,
      "confidence": 1.0
    },
    {
      "id": 81,
      "text": "मुक्तांगण",
      "sentence": 16,
      "start": 1048,
      "end": 1056,
      "confidence": 1.0
    },
    {
      "id": 82,
      "text": "डेटा",
      "sentence": 16,
      "start": 1068,
      "end": 1071,
      "confidence": 1.0
    },
    {
      "id": 83,
      "text": "मी",
      "sentence": 16,
      "start": 1100,
      "end": 1101,
      "confidence": 1.0
    },
    {
      "id": 84,
      "text": "वायंगणकरसर",
      "sentence": 16,
      "start": 1102,
      "end": 1114,
      "confidence": 1.0
    },
    {
      "id": 85,
      "text": "मी",
      "sentence": 18,
      "start": 1162,
      "end": 1164,
      "confidence": 1.0
    },
    {
      "id": 86,
      "text": "मी",
      "sentence": 18,
      "start": 1172,
      "end": 1173,
      "confidence": 1.0
    },
    {
      "id": 87,
      "text": "वस्ताद",
      "sentence": 18,
      "start": 1174,
      "end": 1178,
      "confidence": 1.0
    },
    {
      "id": 88,
      "text": "उत्सुकता",
      "sentence": 19,
      "start": 1198,
      "end": 1203,
      "confidence": 1.0
    },
    {
      "id": 89,
      "text": "वस्ताद",
      "sentence": 19,
      "start": 1223,
      "end": 1227,
      "confidence": 1.0
    },
    {
      "id": 90,
      "text": "उल्लेख",
      "sentence": 19,
      "start": 1237,
      "end": 1241,
      "confidence": 1.0
    },
    {
      "id": 91,
      "text": "ती",
      "sentence": 19,
      "start": 1246,
      "end": 1247,
      "confidence": 1.0
    },
    {
      "id": 92,
      "text": "व्यक्ती",
      "sentence": 19,
      "start": 1248,
      "end": 1251,
      "confidence": 1.0
    },
    {
      "id": 93,
      "text": "कोण",
      "sentence": 19,
      "start": 1258,
      "end": 1260,
      "confidence": 1.0
    },
    {
      "id": 94,
      "text": "राजेश",
      "sentence": 20,
      "start": 1272,
      "end": 1276,
      "confidence": 1.0
    },
    {
      "id": 95,
      "text": "रजपुत",
      "sentence": 20,
      "start": 1277,
      "end": 1281,
      "confidence": 1.0
    },
    {
      "id": 96,
      "text": "माधव",
      "sentence": 20,
      "start": 1293,
      "end": 1297,
      "confidence": 1.0
    },
    {
      "id": 97,
      "text": "आपण",
      "sentence": 21,
      "start": 1315,
      "end": 1318,
      "confidence": 1.0
    },
    {
      "id": 98,
      "text": "यांना",
      "sentence": 21,
      "start": 1323,
      "end": 1326,
      "confidence": 1.0
    },
    {
      "id": 99,
      "text": "त्यांच्या",
      "sentence": 22,
      "start": 1342,
      "end": 1347,
      "confidence": 1.0
    },
    {
      "id": 100,
      "text": "टोपण",
      "sentence": 22,
      "start": 1351,
      "end": 1354,
      "confidence": 1.0
    },
    {
      "id": 101,
      "text": "माहिती",
      "sentence": 22,
      "start": 1364,
      "end": 1368,
      "confidence": 1.0
    },
    {
      "id": 102,
      "text": "उंची",
      "sentence": 23,
      "start": 1381,
      "end": 1384,
      "confidence": 1.0
    },
    {
      "id": 103,
      "text": "चेहरा",
      "sentence": 23,
      "start": 1409,
      "end": 1412,
      "confidence": 1.0
    },
    {
      "id": 104,
      "text": "आवाज",
      "sentence": 23,
      "start": 1449,
      "end": 1452,
      "confidence": 1.0
    },
    {
      "id": 105,
      "text": "राहणी",
      "sentence": 23,
      "start": 1469,
      "end": 1472,
      "confidence": 1.0
    },
    {
      "id": 106,
      "text": "रजपुत",
      "sentence": 23,
      "start": 1478,
      "end": 1482,
      "confidence": 1.0
    },
    {
      "id": 107,
      "text": "वैशिष्ट्ये",
      "sentence": 23,
      "start": 1489,
      "end": 1494,
      "confidence": 1.0
    },
    {
      "id": 108,
      "text": "लंडन",
      "sentence": 24,
      "start": 1512,
      "end": 1515,
      "confidence": 1.0
    },
    {
      "id": 109,
      "text": "ब्रिज",
      "sentence": 24,
      "start": 1516,
      "end": 1521,
      "confidence": 1.0
    },
    {
      "id": 110,
      "text": "मिनिट",
      "sentence": 24,
      "start": 1554,
      "end": 1559,
      "confidence": 1.0
    },
    {
      "id": 111,
      "text": "अज्ञात",
      "sentence": 24,
      "start": 1565,
      "end": 1571,
      "confidence": 1.0
    },
    {
      "id": 112,
      "text": "चाकु",
      "sentence": 24,
      "start": 1581,
      "end": 1586,
      "confidence": 1.0
    },
    {
      "id": 113,
      "text": "हल्ला",
      "sentence": 24,
      "start": 1591,
      "end": 1594,
      "confidence": 1.0
    },
    {
      "id": 114,
      "text": "घटना",
      "sentence": 24,
      "start": 1603,
      "end": 1606,
      "confidence": 1.0
    },
    {
      "id": 115,
      "text": "आंदोलन",
      "sentence": 25,
      "start": 1611,
      "end": 1617,
      "confidence": 1.0
    },
    {
      "id": 116,
      "text": "शिवसेना",
      "sentence": 25,
      "start": 1631,
      "end": 1637,
      "confidence": 1.0
    },
    {
      "id": 117,
      "text": "कार्यालय",
      "sentence": 25,
      "start": 1642,
      "end": 1651,
      "confidence": 1.0
    }
  ],
  "clusters": [
    [
      2,
      17,
      25
    ],
    [
      4,
      5,
      10,
      14,
      15
    ],
    [
      6,
      7
    ],
    [
      16,
      19
    ],
    [
      20,
      21,
      22,
      24
    ],
    [
      31,
      32,
      36
    ],
    [
      28,
      35
    ],
    [
      43,
      44,
      46
    ],
    [
      39,
      40,
      41,
      42
    ],
    [
      62,
      63,
      68
    ],
    [
      65,
      66
    ],
    [
      74,
      75
    ],
    [
      78,
      79
    ],
    [
      80,
      81
    ],
    [
      82,
      83,
      84
    ],
    [
      85,
      86
    ],
    [
      87,
      88
    ],
    [
      89,
      90
    ],
    [
      91,
      92,
      93
    ],
    [
      94,
      95
    ],
    [
      106,
      110,
      111
    ],
    [
      112,
      116
    ]
  ]
}