{
  "document_id": "document_251",
  "sentences": [
    "शेकापला खिंडार, कार्यकर्त्यांचा शिवसेनेत प्रवेश",
    "विधी अधिकारविषयक जनजागृती व प्रभावी विधी सेवा पुरविल्याबद्दल महाराष्ट्रातून रत्नागिरी विधी सेवा प्राधिकरण राज्यात अव्वल ठरले आहे.",
    "काडीचं विरुद्ध दिशांनी गोलाकार भ्रमण हा प्रकार यदृच्छा किंवा स्वैर रीतीनं होत नसून त्याला शास्त्रीय पार्श्‍वभूमी आहे हे महत्त्वाचं.",
    "Loading."
  ],
  "mentions": [
    {
      "id": 0,
      "text": "शेकापला",
      "sentence": 0,
      "start": 0,
      "end": 6,
      "confidence": 1.0
    },
    {
      "id": 1,
      "text": "खिंडार",
      "sentence": 0,
      "start": 7,
      "end": 13,
      "confidence": 1.0
    },
    {
      "id": 2,
      "text": "कार्यकर्त्यांचा",
      "sentence": 0,
      "start": 15,
      "end": 26,
      "confidence": 1.0
    },
    {
      "id": 3,
      "text": "शिवसेनेत",
      "sentence": 0,
      "start": 27,
      "end": 35,
      "confidence": 1.0
    },
    {
      "id": 4,
      "text": "प्रवेश",
      "sentence": 0,
      "start": 36,
      "end": 41,
      "confidence": 1.0
    },
    {
      "id": 5,
      "text": "जनजागृती",
      "sentence": 1,
      "start": 60,
      "end": 69,
      "confidence": 1.0
    },
    {
      "id": 6,
      "text": "सेवा",
      "sentence": 1,
      "start": 81,
      "end": 85,
      "confidence": 1.0
    },
    {
      "id": 7,
      "text": "महाराष्ट्रातून",
      "sentence": 1,
      "start": 99,
      "end": 109,
      "confidence": 1.0
    },
    {
      "id": 8,
      "text": "प्राधिकरण",
      "sentence": 1,
      "start": 127,
      "end": 135,
      "confidence": 1.0
    },
    {
      "id": 9,
      "text": "राज्यात",
      "sentence": 1,
      "start": 135,
      "end": 141,
      "confidence": 1.0
    },
    {
      "id": 10,
      "text": "दिशांनी",
      "sentence": 2,
      "start": 172,
      "end": 178,
      "confidence": 1.0
    },
    {
      "id": 11,
      "text": "भ्रमण",
      "sentence": 2,
      "start": 185,
      "end": 190,
      "confidence": 1.0
    },
    {
      "id": 12,
      "text": "प्रकार",
      "sentence": 2,
      "start": 193,
      "end": 198,
      "confidence": 1.0
    },
    {
      "id": 13,
      "text": "यदृच्छा",
      "sentence": 2,
      "start": 198,
      "end": 204,
      "confidence": 1.0
    },
    {
      "id": 14,
      "text": "रीतीनं",
      "sentence": 2,
      "start": 215,
      "end": 220,
      "confidence": 1.0
    },
    {
      "id": 15,
      "text": "त्याला",
      "sentence": 2,
      "start": 227,
      "end": 231,
      "confidence": 1.0
    },
    {
      "id": 16,
      "text": "पार्श्‍वभूमी",
      "sentence": 2,
      "start": 239,
      "end": 248,
      "confidence": 1.0
    }
  ],
  "clusters": [
    [
      13,
      16
    ]
  ]
}