{
  "document_id": "document_40",
  "sentences": [
    "कर्मचारी सहकारी सोसायटीच्यावतीने सभासदांच्या गुणवंत मुला-मुलींच्या सत्कार करण्यात आला.",
    "दापोलीतील ब्राह्मण हितवर्धिनी पतसंस्थेचे विद्यमान अध्यक्ष, कोकणातील सहकारातील ज्येष्ठ व तज्ञ सहकार महर्षी, दापोलीतील ज्येष्ठ व्यापारी, दापोली शिक्षण संस्थेचे माजी कार्यवाह अनिल सदाशिव जोशी यांचे हृदयविकाराच्या तीव्र झटक्याने शनिवारी सायंकाळी निधन झाले.",
    "औरंगाबाद : पोलीसनामा ऑनलाइन – हिंगणघाट, नांदेड येथील प्रकरणे ताजी असतानाच औरंगाबादमधील सिडकोत असलेल्या मुकुल मंदिर शाळेतील सातवीच्या विद्यार्थिनींना शाळेतीलच शिक्षकांनी अश्लिल व्हिडिओ दाखविल्याचा गंभीर प्रकार समोर आला आहे.",
    "तसंच मग तुम्हाला पुढचा सीन सांगून त्यातलं आश्चर्य का कमी करायचं?",
    "आयुष्यभर सतीचं वाण समजून ज्यांनी पत्रकारिता केली असे शंभर पत्रकार तरी आज अत्यंत हलाखीच्या स्थितीत जीवन जगत आहेत.",
    "आणि पाश्चात्य लोक अनेकदा म्हणून पूर्व युरोप पासून बायका निवडा आहे.",
    "5-10 दिवसांनंतर, आपण आधीपासूनच प्रथम शूट पाहू शकता उष्णता आणि पाणी पिण्याची उत्कृष्ट गुणोत्तराने, लॉन साइट 2-3 आठवड्यात कव्हर करेल.",
    "परंतु त्याची दुरुस्ती केलेली नाही.",
    "हाती आलेल्या माहीतीनुसार, परभणी येथे ‘सय्यद शाह तुराबूल हक रहे’ दर्ग्याचा उर्स सुरु आहे.",
    "इंग्लंडचा माजी सलामीवीर ट्रेस्कोथिक एक लोकप्रिय खेळाडू होता.",
    "आता एजाज शेख हे नवे नाव पुढे आले आहे.",
    "योजनेचे स्वागत केले, त्याचे समाधान असल्याचे मुख्यमंत्री म्हणाले.",
    "पोलीस त्याचा शोध घेत असून त्याने हे कृत्य का केले हा प्रश्‍न पोलिसांसह त्याच्या आईवडिलांनाही पडला आहे.",
    "पावसानं दडी मारल्यामुळे धरणांचा पाणीसाठा घटला",
    "2011 च्या जनगणनेप्रमाणे 1 कोटी 70 लाख लोकसंख्या असलेल्या बुर्किना फॅसोमध्ये मोस्सी, फुलani, मांडे, बोबो, सेनुफो आणि हौसा या वंश समूहांचे लोक राहतात, मुस्लीम व ख्रिस्ती धर्मियांबरोबरच पारंपरिक धार्मिक विचारांवर श्रद्धा असणाऱयांमध्ये हे समूह विभागले गेले आहेत.",
    "रोमांचक सामन्यात भारतीय संघाने कट्टर प्रतिस्पर्धी पाकिस्तानला (Pakistan) 5 धावांनी पराभूत केले.",
    "गोड मका वाण अनेक आहेत.",
    "या विनंतीला क्षणाचाही विलंब न करता उद्धव ठाकरे यांनी मान्यता दिली असून लवकरच या संदर्भातला जीआर निघणार आहे.",
    "प्राकृत भाषांचा कित्येक दुरभिमानी विद्वान् ब्राह्मण पूर्वी केवढा धि:कार करीत असत हे खाली लिहिलेल्या संस्कृत वचनांवरून दिसून येईल.",
    "या भोंग्यांच्या आवाजामुळे परीक्षेच्या काळात विद्यार्थ्यांचे नकुसान होऊ नये म्हणून कार्यकर्त्यांनी ही मागणी केली आहे.",
    "राजा मूळ आवृत्ती",
    "दिमित्री युसूफ व्यस्त फक्त थिएटर मध्ये कार्य करणार नाही.",
    "त्यानंतर दाभोलकरांवर गोळ्या झाडणारे दुसरे तिसरे कोणी नाही तर अंदुरे आणि कळसकर हेच दोघे असल्याची कबुली खुद्द आरोपींनी दिल्याची माहिती समोर आली होती.",
    "अकृषी विद्यापीठे, शासकीय, अशासकीय अनुदानित, अंशतः अनुदानित महाविद्यालये, तसेच कायम विनाअनुदानित महाविद्यालयांतील या विषयांच्या विद्यार्थ्यांना शिक्षण शुल्कात पूर्ण सूट आहे.",
    "बंदिस्त पाईपलाईनमधून शेतकऱयांच्या बांधापर्यंत पाणी देण्याचे आमचे धोरण आहे.",
    "धावत्या रेल्वेतील चोर्‍यांमध्ये मोठ्या प्रमाणात वाढ झाली आहे.",
    "चालणे सरासरी दर - प्रति तास 5 किमी आहे.",
    "आम्ही तिघं त्या औषध कंपनीच्या दिशेने जाऊ लागलो.",
    "त्याच्या इच्छेने तिचा भोग घ्यायला प्रत्येकजण स्वतंत्र होता.",
    "उन्हाळ्याचे दिवस सुरू झाले की सुट्ट्या, मज्जा मस्तीचे दिवस सुरू होतात.",
    "सध्या राज्यात सर्वच कोरडे हवामान असून, उत्तरेकडून थंड वार्‍याचा प्रवाह सुरू आहे.",
    "पृथक् निवड गृहनिर्माण, पर्यावरणीय परिस्थिती, storeys आणि लोड त्यांची संख्या तयार करण्यासाठी जे साहित्य अवलंबून असते.",
    "प्रत्येक गोष्ट ती अगदी निगुतीनं करते.",
    "लोकांची सेवा करणे, त्यांचे प्रश्‍न सोडविणे हेच आपले ध्येय असून आगामी विधानसभा निवडणुकीत आपल्या पक्षाचे किमान 4 ते 5 आमदार निवडून येतील, असा विश्‍वासही त्यांनी यावेळी व्यक्‍त केला.",
    "हे नियमबाहय़ होते.",
    "या प्रकरणी उपप्रमुख अधिकारी (चौकशी) यांच्या नेतृत्वाखाली समिती नेमली.",
    "12 वी विज्ञान आणि एमएचटी-सीईटी, जेईई, एआयईईए-युजी (भारतीय कृषी अनुसंधान परिषदेकडून घेण्यात येणारी सामायिक प्रवेश परिक्षा) या सामायिक प्रवेश परिक्षांमध्ये विद्यार्थ्यांनी घेतलेल्या गटानुसार पात्रता."
  ],
  "mentions": [
    {
      "id": 0,
      "text": "कर्मचारी",
      "sentence": 0,
      "start": 0,
      "end": 8,
      "confidence": 1.0
    },
    {
      "id": 1,
      "text": "सोसायटी",
      "sentence": 0,
      "start": 9,
      "end": 15,
      "confidence": 1.0
    },
    {
      "id": 2,
      "text": "मुला",
      "sentence": 0,
      "start": 40,
      "end": 43,
      "confidence": 1.0
    },
    {
      "id": 3,
      "text": "सत्कार",
      "sentence": 0,
      "start": 53,
      "end": 59,
      "confidence": 1.0
    },
    {
      "id": 4,
      "text": "ब्राह्मण",
      "sentence": 1,
      "start": 71,
      "end": 77,
      "confidence": 1.0
    },
    {
      "id": 5,
      "text": "हितवर्धिनी",
      "sentence": 1,
      "start": 78,
      "end": 87,
      "confidence": 1.0
    },
    {
      "id": 6,
      "text": "पतसंस्थेचे",
      "sentence": 1,
      "start": 88,
      "end": 96,
      "confidence": 1.0
    },
    {
      "id": 7,
      "text": "महर्षी",
      "sentence": 1,
      "start": 150,
      "end": 155,
      "confidence": 1.0
    },
    {
      "id": 8,
      "text": "व्यापारी",
      "sentence": 1,
      "start": 171,
      "end": 177,
      "confidence": 1.0
    },
    {
      "id": 9,
      "text": "शिक्षण",
      "sentence": 1,
      "start": 187,
      "end": 192,
      "confidence": 1.0
    },
    {
      "id": 10,
      "text": "संस्थेचे",
      "sentence": 1,
      "start": 193,
      "end": 199,
      "confidence": 1.0
    },
    {
      "id": 11,
      "text": "कार्यवाह",
      "sentence": 1,
      "start": 206,
      "end": 212,
      "confidence": 1.0
    },
    {
      "id": 12,
      "text": "सदाशिव",
      "sentence": 1,
      "start": 218,
      "end": 224,
      "confidence": 1.0
    },
    {
      "id": 13,
      "text": "जोशी",
      "sentence": 1,
      "start": 225,
      "end": 229,
      "confidence": 1.0
    },
    {
      "id": 14,
      "text": "यांचे",
      "sentence": 1,
      "start": 230,
      "end": 234,
      "confidence": 1.0
    },
    {
      "id": 15,
      "text": "हृदयविकाराच्या",
      "sentence": 1,
      "start": 235,
      "end": 247,
      "confidence": 1.0
    },
    {
      "id": 16,
      "text": "झटक्याने",
      "sentence": 1,
      "start": 253,
      "end": 259,
      "confidence": 1.0
    },
    {
      "id": 17,
      "text": "निधन",
      "sentence": 1,
      "start": 270,
      "end": 274,
      "confidence": 1.0
    },
    {
      "id": 18,
      "text": "औरंगाबाद",
      "sentence": 2,
      "start": 280,
      "end": 288,
      "confidence": 1.0
    },
    {
      "id": 19,
      "text": "हिंगणघाट",
      "sentence": 2,
      "start": 303,
      "end": 311,
      "confidence": 1.0
    },
    {
      "id": 20,
      "text": "नांदेड",
      "sentence": 2,
      "start": 313,
      "end": 318,
      "confidence": 1.0
    },
    {
      "id": 21,
      "text": "प्रकरणे",
      "sentence": 2,
      "start": 325,
      "end": 330,
      "confidence": 1.0
    },
    {
      "id": 22,
      "text": "सिडकोत",
      "sentence": 2,
      "start": 345,
      "end": 351,
      "confidence": 1.0
    },
    {
      "id": 23,
      "text": "मुकुल",
      "sentence": 2,
      "start": 361,
      "end": 365,
      "confidence": 1.0
    },
    {
      "id": 24,
      "text": "मंदिर",
      "sentence": 2,
      "start": 366,
      "end": 370,
      "confidence": 1.0
    },
    {
      "id": 25,
      "text": "विद्यार्थिनींना",
      "sentence": 2,
      "start": 386,
      "end": 396,
      "confidence": 1.0
    },
    {
      "id": 26,
      "text": "शिक्षकांनी",
      "sentence": 2,
      "start": 406,
      "end": 413,
      "confidence": 1.0
    },
    {
      "id": 27,
      "text": "प्रकार",
      "sentence": 2,
      "start": 438,
      "end": 442,
      "confidence": 1.0
    },
    {
      "id": 28,
      "text": "तुम्हाला",
      "sentence": 3,
      "start": 458,
      "end": 464,
      "confidence": 1.0
    },
    {
      "id": 29,
      "text": "त्यातलं",
      "sentence": 3,
      "start": 481,
      "end": 486,
      "confidence": 1.0
    },
    {
      "id": 30,
      "text": "आश्चर्य",
      "sentence": 3,
      "start": 487,
      "end": 493,
      "confidence": 1.0
    },
    {
      "id": 31,
      "text": "ज्यांनी",
      "sentence": 4,
      "start": 527,
      "end": 532,
      "confidence": 1.0
    },
    {
      "id": 32,
      "text": "पत्रकारिता",
      "sentence": 4,
      "start": 533,
      "end": 541,
      "confidence": 1.0
    },
    {
      "id": 33,
      "text": "पत्रकार",
      "sentence": 4,
      "start": 556,
      "end": 562,
      "confidence": 1.0
    },
    {
      "id": 34,
      "text": "स्थितीत",
      "sentence": 4,
      "start": 578,
      "end": 583,
      "confidence": 1.0
    },
    {
      "id": 35,
      "text": "जीवन",
      "sentence": 4,
      "start": 584,
      "end": 588,
      "confidence": 1.0
    },
    {
      "id": 36,
      "text": "युरोप",
      "sentence": 5,
      "start": 626,
      "end": 630,
      "confidence": 1.0
    },
    {
      "id": 37,
      "text": "बायका",
      "sentence": 5,
      "start": 640,
      "end": 644,
      "confidence": 1.0
    },
    {
      "id": 38,
      "text": "आपण",
      "sentence": 6,
      "start": 661,
      "end": 665,
      "confidence": 1.0
    },
    {
      "id": 39,
      "text": "उष्णता",
      "sentence": 6,
      "start": 691,
      "end": 696,
      "confidence": 1.0
    },
    {
      "id": 40,
      "text": "पाणी",
      "sentence": 6,
      "start": 700,
      "end": 703,
      "confidence": 1.0
    },
    {
      "id": 41,
      "text": "पिण्याची",
      "sentence": 6,
      "start": 704,
      "end": 710,
      "confidence": 1.0
    },
    {
      "id": 42,
      "text": "गुणोत्तराने",
      "sentence": 6,
      "start": 718,
      "end": 725,
      "confidence": 1.0
    },
    {
      "id": 43,
      "text": "साइट",
      "sentence": 6,
      "start": 731,
      "end": 735,
      "confidence": 1.0
    },
    {
      "id": 44,
      "text": "आठवड्यात",
      "sentence": 6,
      "start": 741,
      "end": 748,
      "confidence": 1.0
    },
    {
      "id": 45,
      "text": "त्याची",
      "sentence": 7,
      "start": 755,
      "end": 759,
      "confidence": 1.0
    },
    {
      "id": 46,
      "text": "दुरुस्ती",
      "sentence": 7,
      "start": 760,
      "end": 766,
      "confidence": 1.0
    },
    {
      "id": 47,
      "text": "सय्यद",
      "sentence": 8,
      "start": 796,
      "end": 800,
      "confidence": 1.0
    },
    {
      "id": 48,
      "text": "दर्ग्याचा",
      "sentence": 8,
      "start": 821,
      "end": 827,
      "confidence": 1.0
    },
    {
      "id": 49,
      "text": "उर्स",
      "sentence": 8,
      "start": 828,
      "end": 831,
      "confidence": 1.0
    },
    {
      "id": 50,
      "text": "इंग्लंड",
      "sentence": 9,
      "start": 837,
      "end": 842,
      "confidence": 1.0
    },
    {
      "id": 51,
      "text": "सलामीवीर",
      "sentence": 9,
      "start": 849,
      "end": 855,
      "confidence": 1.0
    },
    {
      "id": 52,
      "text": "ट्रेस्कोथिक",
      "sentence": 9,
      "start": 856,
      "end": 865,
      "confidence": 1.0
    },
    {
      "id": 53,
      "text": "खेळाडू",
      "sentence": 9,
      "start": 873,
      "end": 878,
      "confidence": 1.0
    },
    {
      "id": 54,
      "text": "एजाज",
      "sentence": 10,
      "start": 885,
      "end": 889,
      "confidence": 1.0
    },
    {
      "id": 55,
      "text": "शेख",
      "sentence": 10,
      "start": 890,
      "end": 894,
      "confidence": 1.0
    },
    {
      "id": 56,
      "text": "योजनेचे",
      "sentence": 11,
      "start": 914,
      "end": 920,
      "confidence": 1.0
    },
    {
      "id": 57,
      "text": "त्याचे",
      "sentence": 11,
      "start": 930,
      "end": 934,
      "confidence": 1.0
    },
    {
      "id": 58,
      "text": "समाधान",
      "sentence": 11,
      "start": 935,
      "end": 940,
      "confidence": 1.0
    },
    {
      "id": 59,
      "text": "मुख्यमंत्री",
      "sentence": 11,
      "start": 948,
      "end": 954,
      "confidence": 1.0
    },
    {
      "id": 60,
      "text": "पोलीस",
      "sentence": 12,
      "start": 958,
      "end": 962,
      "confidence": 1.0
    },
    {
      "id": 61,
      "text": "त्याचा",
      "sentence": 12,
      "start": 963,
      "end": 968,
      "confidence": 1.0
    },
    {
      "id": 62,
      "text": "त्याने",
      "sentence": 12,
      "start": 980,
      "end": 984,
      "confidence": 1.0
    },
    {
      "id": 63,
      "text": "कृत्य",
      "sentence": 12,
      "start": 988,
      "end": 992,
      "confidence": 1.0
    },
    {
      "id": 64,
      "text": "प्रश्‍न",
      "sentence": 12,
      "start": 999,
      "end": 1003,
      "confidence": 1.0
    },
    {
      "id": 65,
      "text": "त्याच्या",
      "sentence": 12,
      "start": 1012,
      "end": 1017,
      "confidence": 1.0
    },
    {
      "id": 66,
      "text": "आईवडिलांनाही",
      "sentence": 12,
      "start": 1018,
      "end": 1029,
      "confidence": 1.0
    },
    {
      "id": 67,
      "text": "पावसानं",
      "sentence": 13,
      "start": 1034,
      "end": 1040,
      "confidence": 1.0
    },
    {
      "id": 68,
      "text": "धरणांचा",
      "sentence": 13,
      "start": 1054,
      "end": 1060,
      "confidence": 1.0
    },
    {
      "id": 69,
      "text": "पाणीसाठा",
      "sentence": 13,
      "start": 1061,
      "end": 1068,
      "confidence": 1.0
    },
    {
      "id": 70,
      "text": "जनगणनेप्रमाणे",
      "sentence": 14,
      "start": 1079,
      "end": 1090,
      "confidence": 1.0
    },
    {
      "id": 71,
      "text": "लोकसंख्या",
      "sentence": 14,
      "start": 1106,
      "end": 1113,
      "confidence": 1.0
    },
    {
      "id": 72,
      "text": "बुर्किना",
      "sentence": 14,
      "start": 1120,
      "end": 1126,
      "confidence": 1.0
    },
    {
      "id": 73,
      "text": "फॅसोमध्ये",
      "sentence": 14,
      "start": 1127,
      "end": 1134,
      "confidence": 1.0
    },
    {
      "id": 74,
      "text": "मोस्सी",
      "sentence": 14,
      "start": 1136,
      "end": 1141,
      "confidence": 1.0
    },
    {
      "id": 75,
      "text": "फुलानी",
      "sentence": 14,
      "start": 1143,
      "end": 1149,
      "confidence": 1.0
    },
    {
      "id": 76,
      "text": "मांडे",
      "sentence": 14,
      "start": 1151,
      "end": 1155,
      "confidence": 1.0
    },
    {
      "id": 77,
      "text": "हौसा",
      "sentence": 14,
      "start": 1173,
      "end": 1177,
      "confidence": 1.0
    },
    {
      "id": 78,
      "text": "समूहांचे",
      "sentence": 14,
      "start": 1186,
      "end": 1192,
      "confidence": 1.0
    },
    {
      "id": 79,
      "text": "मुस्लीम",
      "sentence": 14,
      "start": 1205,
      "end": 1210,
      "confidence": 1.0
    },
    {
      "id": 80,
      "text": "ख्रिस्ती",
      "sentence": 14,
      "start": 1213,
      "end": 1218,
      "confidence": 1.0
    },
    {
      "id": 81,
      "text": "धर्मियांबरोबरच",
      "sentence": 14,
      "start": 1219,
      "end": 1230,
      "confidence": 1.0
    },
    {
      "id": 82,
      "text": "विचारांवर",
      "sentence": 14,
      "start": 1242,
      "end": 1249,
      "confidence": 1.0
    },
    {
      "id": 83,
      "text": "श्रद्धा",
      "sentence": 14,
      "start": 1250,
      "end": 1254,
      "confidence": 1.0
    },
    {
      "id": 84,
      "text": "समूह",
      "sentence": 14,
      "start": 1271,
      "end": 1275,
      "confidence": 1.0
    },
    {
      "id": 85,
      "text": "सामन्यात",
      "sentence": 15,
      "start": 1285,
      "end": 1291,
      "confidence": 1.0
    },
    {
      "id": 86,
      "text": "संघाने",
      "sentence": 15,
      "start": 1298,
      "end": 1303,
      "confidence": 1.0
    },
    {
      "id": 87,
      "text": "प्रतिस्पर्धी",
      "sentence": 15,
      "start": 1310,
      "end": 1317,
      "confidence": 1.0
    },
    {
      "id": 88,
      "text": "पाकिस्तानला",
      "sentence": 15,
      "start": 1318,
      "end": 1327,
      "confidence": 1.0
    },
    {
      "id": 89,
      "text": "धावांनी",
      "sentence": 15,
      "start": 1340,
      "end": 1345,
      "confidence": 1.0
    },
    {
      "id": 90,
      "text": "विनंतीला",
      "sentence": 17,
      "start": 1367,
      "end": 1373,
      "confidence": 1.0
    },
    {
      "id": 91,
      "text": "क्षणाचाही",
      "sentence": 17,
      "start": 1374,
      "end": 1380,
      "confidence": 1.0
    },
    {
      "id": 92,
      "text": "विलंब",
      "sentence": 17,
      "start": 1381,
      "end": 1385,
      "confidence": 1.0
    },
    {
      "id": 93,
      "text": "उद्धव",
      "sentence": 17,
      "start": 1395,
      "end": 1399,
      "confidence": 1.0
    },
    {
      "id": 94,
      "text": "ठाकरे",
      "sentence": 17,
      "start": 1400,
      "end": 1405,
      "confidence": 1.0
    },
    {
      "id": 95,
      "text": "मान्यता",
      "sentence": 17,
      "start": 1412,
      "end": 1417,
      "confidence": 1.0
    },
    {
      "id": 96,
      "text": "भाषांचा",
      "sentence": 18,
      "start": 1455,
      "end": 1460,
      "confidence": 1.0
    },
    {
      "id": 97,
      "text": "विद्वान्",
      "sentence": 18,
      "start": 1475,
      "end": 1480,
      "confidence": 1.0
    },
    {
      "id": 98,
      "text": "ब्राह्मण",
      "sentence": 18,
      "start": 1481,
      "end": 1487,
      "confidence": 1.0
    },
    {
      "id": 99,
      "text": "धि:कार",
      "sentence": 18,
      "start": 1500,
      "end": 1506,
      "confidence": 1.0
    },
    {
      "id": 100,
      "text": "वचनांवरून",
      "sentence": 18,
      "start": 1528,
      "end": 1536,
      "confidence": 1.0
    },
    {
      "id": 101,
      "text": "भोंग्यांच्या",
      "sentence": 19,
      "start": 1544,
      "end": 1551,
      "confidence": 1.0
    },
    {
      "id": 102,
      "text": "आवाजामुळे",
      "sentence": 19,
      "start": 1552,
      "end": 1559,
      "confidence": 1.0
    },
    {
      "id": 103,
      "text": "काळात",
      "sentence": 19,
      "start": 1569,
      "end": 1573,
      "confidence": 1.0
    },
    {
      "id": 104,
      "text": "विद्यार्थ्यांचे",
      "sentence": 19,
      "start": 1574,
      "end": 1582,
      "confidence": 1.0
    },
    {
      "id": 105,
      "text": "कार्यकर्त्यांनी",
      "sentence": 19,
      "start": 1601,
      "end": 1610,
      "confidence": 1.0
    },
    {
      "id": 106,
      "text": "मागणी",
      "sentence": 19,
      "start": 1614,
      "end": 1618,
      "confidence": 1.0
    },
    {
      "id": 107,
      "text": "राजा",
      "sentence": 20,
      "start": 1626,
      "end": 1629,
      "confidence": 1.0
    },
    {
      "id": 108,
      "text": "आवृत्ती",
      "sentence": 20,
      "start": 1634,
      "end": 1638,
      "confidence": 1.0
    },
    {
      "id": 109,
      "text": "दिमित्री",
      "sentence": 21,
      "start": 1642,
      "end": 1647,
      "confidence": 1.0
    },
    {
      "id": 110,
      "text": "युसूफ",
      "sentence": 21,
      "start": 1648,
      "end": 1652,
      "confidence": 1.0
    },
    {
      "id": 111,
      "text": "थिएटर",
      "sentence": 21,
      "start": 1664,
      "end": 1670,
      "confidence": 1.0
    },
    {
      "id": 112,
      "text": "दाभोलकर",
      "sentence": 22,
      "start": 1681,
      "end": 1689,
      "confidence": 1.0
    },
    {
      "id": 113,
      "text": "गोळ्या",
      "sentence": 22,
      "start": 1692,
      "end": 1696,
      "confidence": 1.0
    },
    {
      "id": 114,
      "text": "दोघे",
      "sentence": 22,
      "start": 1738,
      "end": 1742,
      "confidence": 1.0
    },
    {
      "id": 115,
      "text": "आरोपींनी",
      "sentence": 22,
      "start": 1761,
      "end": 1768,
      "confidence": 1.0
    },
    {
      "id": 116,
      "text": "माहिती",
      "sentence": 22,
      "start": 1777,
      "end": 1781,
      "confidence": 1.0
    },
    {
      "id": 117,
      "text": "विद्यापीठे",
      "sentence": 23,
      "start": 1793,
      "end": 1799,
      "confidence": 1.0
    },
    {
      "id": 118,
      "text": "महाविद्यालये",
      "sentence": 23,
      "start": 1836,
      "end": 1844,
      "confidence": 1.0
    },
    {
      "id": 119,
      "text": "महाविद्यालयांतील",
      "sentence": 23,
      "start": 1859,
      "end": 1871,
      "confidence": 1.0
    },
    {
      "id": 120,
      "text": "विषयांच्या",
      "sentence": 23,
      "start": 1875,
      "end": 1882,
      "confidence": 1.0
    },
    {
      "id": 121,
      "text": "विद्यार्थ्यांना",
      "sentence": 23,
      "start": 1883,
      "end": 1892,
      "confidence": 1.0
    },
    {
      "id": 122,
      "text": "शिक्षण",
      "sentence": 23,
      "start": 1893,
      "end": 1898,
      "confidence": 1.0
    },
    {
      "id": 123,
      "text": "शुल्कात",
      "sentence": 23,
      "start": 1899,
      "end": 1904,
      "confidence": 1.0
    },
    {
      "id": 124,
      "text": "पाईपलाईनमधून",
      "sentence": 24,
      "start": 1923,
      "end": 1934,
      "confidence": 1.0
    },
    {
      "id": 125,
      "text": "बांधापर्यंत",
      "sentence": 24,
      "start": 1945,
      "end": 1952,
      "confidence": 1.0
    },
    {
      "id": 126,
      "text": "पाणी",
      "sentence": 24,
      "start": 1953,
      "end": 1956,
      "confidence": 1.0
    },
    {
      "id": 127,
      "text": "धोरण",
      "sentence": 24,
      "start": 1968,
      "end": 1972,
      "confidence": 1.0
    },
    {
      "id": 128,
      "text": "चोर्‍यांमध्ये",
      "sentence": 25,
      "start": 1988,
      "end": 1996,
      "confidence": 1.0
    },
    {
      "id": 129,
      "text": "आम्ही",
      "sentence": 27,
      "start": 2055,
      "end": 2058,
      "confidence": 1.0
    },
    {
      "id": 130,
      "text": "तिघं",
      "sentence": 27,
      "start": 2059,
      "end": 2063,
      "confidence": 1.0
    },
    {
      "id": 131,
      "text": "दिशेने",
      "sentence": 27,
      "start": 2080,
      "end": 2085,
      "confidence": 1.0
    },
    {
      "id": 132,
      "text": "त्याच्या",
      "sentence": 28,
      "start": 2095,
      "end": 2100,
      "confidence": 1.0
    },
    {
      "id": 133,
      "text": "इच्छेने",
      "sentence": 28,
      "start": 2101,
      "end": 2105,
      "confidence": 1.0
    },
    {
      "id": 134,
      "text": "दिवस",
      "sentence": 29,
      "start": 2146,
      "end": 2149,
      "confidence": 1.0
    },
    {
      "id": 135,
      "text": "मज्जा",
      "sentence": 29,
      "start": 2166,
      "end": 2169,
      "confidence": 1.0
    },
    {
      "id": 136,
      "text": "मस्तीचे",
      "sentence": 29,
      "start": 2170,
      "end": 2175,
      "confidence": 1.0
    },
    {
      "id": 137,
      "text": "दिवस",
      "sentence": 29,
      "start": 2176,
      "end": 2179,
      "confidence": 1.0
    },
    {
      "id": 138,
      "text": "राज्यात",
      "sentence": 30,
      "start": 2189,
      "end": 2194,
      "confidence": 1.0
    },
    {
      "id": 139,
      "text": "हवामान",
      "sentence": 30,
      "start": 2205,
      "end": 2210,
      "confidence": 1.0
    },
    {
      "id": 140,
      "text": "उत्तरेकडून",
      "sentence": 30,
      "start": 2217,
      "end": 2224,
      "confidence": 1.0
    },
    {
      "id": 141,
      "text": "वार्‍याचा",
      "sentence": 30,
      "start": 2231,
      "end": 2236,
      "confidence": 1.0
    },
    {
      "id": 142,
      "text": "प्रवाह",
      "sentence": 30,
      "start": 2237,
      "end": 2241,
      "confidence": 1.0
    },
    {
      "id": 143,
      "text": "गृहनिर्माण",
      "sentence": 31,
      "start": 2257,
      "end": 2264,
      "confidence": 1.0
    },
    {
      "id": 144,
      "text": "परिस्थिती",
      "sentence": 31,
      "start": 2277,
      "end": 2283,
      "confidence": 1.0
    },
    {
      "id": 145,
      "text": "storeys",
      "sentence": 31,
      "start": 2285,
      "end": 2292,
      "confidence": 1.0
    },
    {
      "id": 146,
      "text": "संख्या",
      "sentence": 31,
      "start": 2309,
      "end": 2313,
      "confidence": 1.0
    },
    {
      "id": 147,
      "text": "साहित्य",
      "sentence": 31,
      "start": 2327,
      "end": 2332,
      "confidence": 1.0
    },
    {
      "id": 148,
      "text": "गोष्ट",
      "sentence": 32,
      "start": 2339,
      "end": 2342,
      "confidence": 1.0
    },
    {
      "id": 149,
      "text": "ती",
      "sentence": 32,
      "start": 2343,
      "end": 2344,
      "confidence": 1.0
    },
    {
      "id": 150,
      "text": "निगुतीनं",
      "sentence": 32,
      "start": 2351,
      "end": 2357,
      "confidence": 1.0
    },
    {
      "id": 151,
      "text": "लोकांची",
      "sentence": 33,
      "start": 2362,
      "end": 2367,
      "confidence": 1.0
    },
    {
      "id": 152,
      "text": "सेवा",
      "sentence": 33,
      "start": 2368,
      "end": 2371,
      "confidence": 1.0
    },
    {
      "id": 153,
      "text": "त्यांचे",
      "sentence": 33,
      "start": 2379,
      "end": 2383,
      "confidence": 1.0
    },
    {
      "id": 154,
      "text": "प्रश्‍न",
      "sentence": 33,
      "start": 2384,
      "end": 2388,
      "confidence": 1.0
    },
    {
      "id": 155,
      "text": "आपले",
      "sentence": 33,
      "start": 2397,
      "end": 2400,
      "confidence": 1.0
    },
    {
      "id": 156,
      "text": "ध्येय",
      "sentence": 33,
      "start": 2401,
      "end": 2404,
      "confidence": 1.0
    },
    {
      "id": 157,
      "text": "आपल्या",
      "sentence": 33,
      "start": 2436,
      "end": 2441,
      "confidence": 1.0
    },
    {
      "id": 158,
      "text": "पक्षाचे",
      "sentence": 33,
      "start": 2442,
      "end": 2447,
      "confidence": 1.0
    },
    {
      "id": 159,
      "text": "आमदार",
      "sentence": 33,
      "start": 2458,
      "end": 2462,
      "confidence": 1.0
    },
    {
      "id": 160,
      "text": "विश्‍वासही",
      "sentence": 33,
      "start": 2470,
      "end": 2477,
      "confidence": 1.0
    },
    {
      "id": 161,
      "text": "त्यांनी",
      "sentence": 33,
      "start": 2478,
      "end": 2483,
      "confidence": 1.0
    },
    {
      "id": 162,
      "text": "नियमबाहय़",
      "sentence": 34,
      "start": 2492,
      "end": 2499,
      "confidence": 1.0
    },
    {
      "id": 163,
      "text": "उपप्रमुख",
      "sentence": 35,
      "start": 2511,
      "end": 2517,
      "confidence": 1.0
    },
    {
      "id": 164,
      "text": "अधिकारी",
      "sentence": 35,
      "start": 2518,
      "end": 2524,
      "confidence": 1.0
    },
    {
      "id": 165,
      "text": "चौकशी",
      "sentence": 35,
      "start": 2526,
      "end": 2531,
      "confidence": 1.0
    },
    {
      "id": 166,
      "text": "नेतृत्वाखाली",
      "sentence": 35,
      "start": 2539,
      "end": 2548,
      "confidence": 1.0
    },
    {
      "id": 167,
      "text": "विज्ञान",
      "sentence": 36,
      "start": 2562,
      "end": 2567,
      "confidence": 1.0
    },
    {
      "id": 168,
      "text": "एमएचटी-सीईटी",
      "sentence": 36,
      "start": 2575,
      "end": 2586,
      "confidence": 1.0
    },
    {
      "id": 169,
      "text": "एआयईईए-युजी",
      "sentence": 36,
      "start": 2593,
      "end": 2603,
      "confidence": 1.0
    },
    {
      "id": 170,
      "text": "कृषी",
      "sentence": 36,
      "start": 2611,
      "end": 2614,
      "confidence": 1.0
    },
    {
      "id": 171,
      "text": "अनुसंधान",
      "sentence": 36,
      "start": 2615,
      "end": 2621,
      "confidence": 1.0
    },
    {
      "id": 172,
      "text": "परिषदेकडून",
      "sentence": 36,
      "start": 2622,
      "end": 2630,
      "confidence": 1.0
    },
    {
      "id": 173,
      "text": "प्रवेश",
      "sentence": 36,
      "start": 2645,
      "end": 2649,
      "confidence": 1.0
    },
    {
      "id": 174,
      "text": "परिक्षा",
      "sentence": 36,
      "start": 2650,
      "end": 2655,
      "confidence": 1.0
    },
    {
      "id": 175,
      "text": "परिक्षांमध्ये",
      "sentence": 36,
      "start": 2673,
      "end": 2682,
      "confidence": 1.0
    },
    {
      "id": 176,
      "text": "विद्यार्थ्यांनी",
      "sentence": 36,
      "start": 2683,
      "end": 2691,
      "confidence": 1.0
    },
    {
      "id": 177,
      "text": "गटानुसार",
      "sentence": 36,
      "start": 2700,
      "end": 2706,
      "confidence": 1.0
    },
    {
      "id": 178,
      "text": "पात्रता",
      "sentence": 36,
      "start": 2707,
      "end": 2712,
      "confidence": 1.0
    }
  ],
  "clusters": [
    [
      8,
      10,
      11,
      15,
      16,
      17,
      18,
      19
    ],
    [
      29,
      30,
      31,
      33
    ],
    [
      43,
      45
    ],
    [
      72,
      73
    ],
    [
      74,
      75
    ],
    [
      81,
      86
    ],
    [
      82,
      83,
      87
    ],
    [
      115,
      116
    ],
    [
      123,
      124
    ],
    [
      142,
      143
    ],
    [
      147,
      148,
      149,
      151
    ],
    [
      136,
      157
    ],
    [
      173,
      174
    ],
    [
      48,
      104
    ]
  ]
}