{
  "document_id": "document_354",
  "sentences": [
    "२५ जून रोजी रात्री ९.३० वाजता सचिन खाद्यपदार्थ घेऊन गेला.",
    "ते खाल्ल्यानंतर रोशन कधी येणार आहे, मला इथे रहायचे नाही, असे पीडितेने सांगितल्यावर यापुढे रोशन येथे येणार नाही, त्याचा नाद सोडून दे, मी तुला तुझ्या घराजवळ सोडतो, असे सचिन म्हणाला.",
    "अपयश म्हणजे काही तरी भयंकर गोष्ट आहे हा समाजात प्रचलित झालेला विचार आपल्या मुलांच्या मुळावर घाव घातलो आहे.",
    "या खात्यावर मदतीचे धनादेश पाठवावेत.",
    "घरी उपचार पद्धती",
    "ते म्हणाले की, नदीपात्रातील मंदिराच्या अनधिकृत बांधकामाकडे महापालिका प्रशासनाकडून अक्षम्य दुर्लक्ष झाले आहे.",
    "अल्बम \"मेसेंजर\"",
    "सर्व घाण काढून टाकण्यात आले आहेत याची खात्री करा.",
    "याप्रकरणी एका ३२ वर्षीय महिलेने फिर्याद दिली आहे.",
    "आयआयटी मद्रास : १७१ ते १८०"
  ],
  "mentions": [
    {
      "id": 0,
      "text": "सचिन",
      "sentence": 0,
      "start": 26,
      "end": 30,
      "confidence": 1.0
    },
    {
      "id": 1,
      "text": "खाद्यपदार्थ",
      "sentence": 0,
      "start": 32,
      "end": 40,
      "confidence": 1.0
    },
    {
      "id": 2,
      "text": "ते",
      "sentence": 1,
      "start": 53,
      "end": 54,
      "confidence": 1.0
    },
    {
      "id": 3,
      "text": "रोशन",
      "sentence": 1,
      "start": 66,
      "end": 70,
      "confidence": 1.0
    },
    {
      "id": 4,
      "text": "मला",
      "sentence": 1,
      "start": 84,
      "end": 86,
      "confidence": 1.0
    },
    {
      "id": 5,
      "text": "पीडितेने",
      "sentence": 1,
      "start": 109,
      "end": 116,
      "confidence": 1.0
    },
    {
      "id": 6,
      "text": "रोशन",
      "sentence": 1,
      "start": 134,
      "end": 138,
      "confidence": 1.0
    },
    {
      "id": 7,
      "text": "त्याचा",
      "sentence": 1,
      "start": 153,
      "end": 157,
      "confidence": 1.0
    },
    {
      "id": 8,
      "text": "मी",
      "sentence": 1,
      "start": 173,
      "end": 174,
      "confidence": 1.0
    },
    {
      "id": 9,
      "text": "तुला",
      "sentence": 1,
      "start": 177,
      "end": 179,
      "confidence": 1.0
    },
    {
      "id": 10,
      "text": "सचिन",
      "sentence": 1,
      "start": 205,
      "end": 209,
      "confidence": 1.0
    },
    {
      "id": 11,
      "text": "अपयश",
      "sentence": 2,
      "start": 217,
      "end": 221,
      "confidence": 1.0
    },
    {
      "id": 12,
      "text": "विचार",
      "sentence": 2,
      "start": 272,
      "end": 276,
      "confidence": 1.0
    },
    {
      "id": 13,
      "text": "आपल्या",
      "sentence": 2,
      "start": 278,
      "end": 283,
      "confidence": 1.0
    },
    {
      "id": 14,
      "text": "मुलांच्या",
      "sentence": 2,
      "start": 284,
      "end": 290,
      "confidence": 1.0
    },
    {
      "id": 15,
      "text": "धनादेश",
      "sentence": 3,
      "start": 315,
      "end": 321,
      "confidence": 1.0
    },
    {
      "id": 16,
      "text": "पद्धती",
      "sentence": 4,
      "start": 341,
      "end": 346,
      "confidence": 1.0
    },
    {
      "id": 17,
      "text": "ते",
      "sentence": 5,
      "start": 350,
      "end": 351,
      "confidence": 1.0
    },
    {
      "id": 18,
      "text": "महापालिका",
      "sentence": 5,
      "start": 393,
      "end": 401,
      "confidence": 1.0
    },
    {
      "id": 19,
      "text": "दुर्लक्ष",
      "sentence": 5,
      "start": 420,
      "end": 425,
      "confidence": 1.0
    },
    {
      "id": 20,
      "text": "अल्बम",
      "sentence": 6,
      "start": 439,
      "end": 443,
      "confidence": 1.0
    },
    {
      "id": 21,
      "text": "मेसेंजर",
      "sentence": 6,
      "start": 446,
      "end": 452,
      "confidence": 1.0
    },
    {
      "id": 22,
      "text": "महिलेने",
      "sentence": 8,
      "start": 492,
      "end": 498,
      "confidence": 1.0
    },
    {
      "id": 23,
      "text": "फिर्याद",
      "sentence": 8,
      "start": 500,
      "end": 505,
      "confidence": 1.0
    },
    {
      "id": 24,
      "text": "आयआयटी",
      "sentence": 9,
      "start": 518,
      "end": 523,
      "confidence": 1.0
    },
    {
      "id": 25,
      "text": "मद्रास",
      "sentence": 9,
      "start": 525,
      "end": 530,
      "confidence": 1.0
    }
  ],
  "clusters": [
    [
      0,
      8,
      10
    ],
    [
      1,
      2
    ],
    [
      3,
      6,
      7
    ],
    [
      4,
      5,
      9
    ],
    [
      12,
      13
    ]
  ]
}