{
  "document_id": "document_306",
  "sentences": [
    "मोठ्या प्रमाणावर वापरले पाचरीच्या आकाराचे लेखन करताना.",
    "दीपक आणि गौरव या दोघांच्याही मते, त्यांच्यासमोरच सर्वात मोठं आव्हान आहे ते म्हणजे , ध्येयाने झपाटलेली अशी माणसे मिळवणं ज्यांच्याकडे योग्य कुशलता आहे आणि ते 'हेल्पिझला भव्य यश मिळवून देतील.",
    "आता त्याच्याकडे अनेकदा बघूनही प्रत्येकवेळी नवेच काहीतरी दिसत होते.",
    "साधन recharges की खूप दूर असू शकत नाही दिले, एक एकूण अर्थ प्राप्त होतो ज्या काही घटनांमध्ये एक आहे.",
    "पुढील लढती ‘अवे’ असल्याने कामगिरी उंचावण्याचे मोठे आव्हान आमच्यासमोर आहे.",
    "सायबर गुन्हे विश्‍वात सक्रिय झालेले अनेक गुन्हेगार पारंपरिक पद्धत सोडून नवे चक्रावणारे कार्यक्रम तयार करत आहेत.",
    "काही काळानंतर तुम्हाला माहीत आहे का करेल.",
    "मुले या घटकाचा सर्व धोक्यात दर्शविण्यासाठी त्याचे काम प्रयत्न लेखकाला.",
    "त्यामुळे सदर ट्रेनमधील इतर प्रवाशांनी याबाबतची माहिती ट्रेनमधील टीसीला दिली.",
    "शेवगा वनस्पतीतील गुणांविषयी लोकांमध्ये मोठे अज्ञान आहे.",
    "पर्यायाने प्राधिकरणासमोर आलेल्या प्रत्येक प्रस्तावावर सर्वंकष",
    "क्रीडा कारकीर्द मुलगी भव्य होते: शीर्षके एक अनेकत्व अव्वल 100 जगातील सर्वोत्तम टेनिसपटू असल्याने, जिंकले."
  ],
  "mentions": [
    {
      "id": 0,
      "text": "गौरव",
      "sentence": 1,
      "start": 58,
      "end": 62,
      "confidence": 1.0
    },
    {
      "id": 1,
      "text": "दोघांच्याही",
      "sentence": 1,
      "start": 67,
      "end": 77,
      "confidence": 1.0
    },
    {
      "id": 2,
      "text": "त्यांच्यासमोरच",
      "sentence": 1,
      "start": 82,
      "end": 94,
      "confidence": 1.0
    },
    {
      "id": 3,
      "text": "आव्हान",
      "sentence": 1,
      "start": 104,
      "end": 109,
      "confidence": 1.0
    },
    {
      "id": 4,
      "text": "ते",
      "sentence": 1,
      "start": 114,
      "end": 115,
      "confidence": 1.0
    },
    {
      "id": 5,
      "text": "ध्येयाने",
      "sentence": 1,
      "start": 128,
      "end": 133,
      "confidence": 1.0
    },
    {
      "id": 6,
      "text": "माणसे",
      "sentence": 1,
      "start": 147,
      "end": 151,
      "confidence": 1.0
    },
    {
      "id": 7,
      "text": "ज्यांच्याकडे",
      "sentence": 1,
      "start": 159,
      "end": 168,
      "confidence": 1.0
    },
    {
      "id": 8,
      "text": "कुशलता",
      "sentence": 1,
      "start": 174,
      "end": 179,
      "confidence": 1.0
    },
    {
      "id": 9,
      "text": "ते",
      "sentence": 1,
      "start": 189,
      "end": 190,
      "confidence": 1.0
    },
    {
      "id": 10,
      "text": "त्याच्याकडे",
      "sentence": 2,
      "start": 231,
      "end": 239,
      "confidence": 1.0
    },
    {
      "id": 11,
      "text": "साधन",
      "sentence": 3,
      "start": 280,
      "end": 284,
      "confidence": 1.0
    },
    {
      "id": 12,
      "text": "अर्थ",
      "sentence": 3,
      "start": 326,
      "end": 328,
      "confidence": 1.0
    },
    {
      "id": 13,
      "text": "घटनांमध्ये",
      "sentence": 3,
      "start": 345,
      "end": 353,
      "confidence": 1.0
    },
    {
      "id": 14,
      "text": "कामगिरी",
      "sentence": 4,
      "start": 382,
      "end": 388,
      "confidence": 1.0
    },
    {
      "id": 15,
      "text": "आव्हान",
      "sentence": 4,
      "start": 401,
      "end": 406,
      "confidence": 1.0
    },
    {
      "id": 16,
      "text": "गुन्हे",
      "sentence": 5,
      "start": 426,
      "end": 429,
      "confidence": 1.0
    },
    {
      "id": 17,
      "text": "गुन्हेगार",
      "sentence": 5,
      "start": 457,
      "end": 463,
      "confidence": 1.0
    },
    {
      "id": 18,
      "text": "पद्धत",
      "sentence": 5,
      "start": 474,
      "end": 478,
      "confidence": 1.0
    },
    {
      "id": 19,
      "text": "कार्यक्रम",
      "sentence": 5,
      "start": 498,
      "end": 503,
      "confidence": 1.0
    },
    {
      "id": 20,
      "text": "काळानंतर",
      "sentence": 6,
      "start": 516,
      "end": 523,
      "confidence": 1.0
    },
    {
      "id": 21,
      "text": "तुम्हाला",
      "sentence": 6,
      "start": 524,
      "end": 530,
      "confidence": 1.0
    },
    {
      "id": 22,
      "text": "मुले",
      "sentence": 7,
      "start": 546,
      "end": 549,
      "confidence": 1.0
    },
    {
      "id": 23,
      "text": "त्याचे",
      "sentence": 7,
      "start": 579,
      "end": 582,
      "confidence": 1.0
    },
    {
      "id": 24,
      "text": "प्रयत्न",
      "sentence": 7,
      "start": 587,
      "end": 591,
      "confidence": 1.0
    },
    {
      "id": 25,
      "text": "लेखकाला",
      "sentence": 7,
      "start": 592,
      "end": 597,
      "confidence": 1.0
    },
    {
      "id": 26,
      "text": "प्रवाशांनी",
      "sentence": 8,
      "start": 614,
      "end": 621,
      "confidence": 1.0
    },
    {
      "id": 27,
      "text": "माहिती",
      "sentence": 8,
      "start": 631,
      "end": 635,
      "confidence": 1.0
    },
    {
      "id": 28,
      "text": "टीसीला",
      "sentence": 8,
      "start": 645,
      "end": 649,
      "confidence": 1.0
    },
    {
      "id": 29,
      "text": "शेवगा",
      "sentence": 9,
      "start": 658,
      "end": 663,
      "confidence": 1.0
    },
    {
      "id": 30,
      "text": "गुणांविषयी",
      "sentence": 9,
      "start": 673,
      "end": 680,
      "confidence": 1.0
    },
    {
      "id": 31,
      "text": "अज्ञान",
      "sentence": 9,
      "start": 694,
      "end": 698,
      "confidence": 1.0
    },
    {
      "id": 32,
      "text": "प्राधिकरणासमोर",
      "sentence": 10,
      "start": 708,
      "end": 720,
      "confidence": 1.0
    },
    {
      "id": 33,
      "text": "प्रस्तावावर",
      "sentence": 10,
      "start": 733,
      "end": 740,
      "confidence": 1.0
    },
    {
      "id": 34,
      "text": "क्रीडा",
      "sentence": 11,
      "start": 749,
      "end": 752,
      "confidence": 1.0
    },
    {
      "id": 35,
      "text": "कारकीर्द",
      "sentence": 11,
      "start": 753,
      "end": 758,
      "confidence": 1.0
    },
    {
      "id": 36,
      "text": "मुलगी",
      "sentence": 11,
      "start": 759,
      "end": 763,
      "confidence": 1.0
    },
    {
      "id": 37,
      "text": "शीर्षके",
      "sentence": 11,
      "start": 770,
      "end": 775,
      "confidence": 1.0
    },
    {
      "id": 38,
      "text": "अनेकत्व",
      "sentence": 11,
      "start": 780,
      "end": 785,
      "confidence": 1.0
    },
    {
      "id": 39,
      "text": "टेनिसपटू",
      "sentence": 11,
      "start": 800,
      "end": 806,
      "confidence": 1.0
    }
  ],
  "clusters": [
    [
      1,
      2,
      3,
      4
    ],
    [
      5,
      6,
      21
    ],
    [
      8,
      9,
      11
    ],
    [
      33,
      36
    ]
  ]
}