{
  "document_id": "document_44",
  "sentences": [
    "आपण पक्षाप्रमाणे आकाशात उडायला शिकलो, माशाप्रमाणे समुद्रात पोहायला शिकलो पण जमिनीवर माणसासारखे वागायला शिकलो का?",
    "त्याची जबाबदारी कोणाकडे असेल?",
    "मात्र, तुच्याकडे एक रुपया पुन्हा कर्जरूपी निघत असून ते भरा, नंतर तुम्हाला एका महिन्याने ना हरकत प्रमाणपत्र देऊ, असे फायनान्स कंपनीच्या अधिकार्‍याने शेतकर्‍याला सांगितले.",
    "त्याची राजधानी एकाच वेळी तरुण म्हणून दर्शविले जाऊ शकते, आणि प्राचीन शहर आहे.",
    "त्याचा समाचार घेताना ते म्हणाले की, तुम्ही रात्रीच्या अंधारात शपथविधी केला, पण आम्ही दिवसा शिवतीर्थावर शिवरायांच्या साक्षीने शपथविधी केला.",
    "एकूण सात जागा आहेत रिक्त",
    "सर्व मुलींना सेल्फ डिफेन्सचे प्रशिक्षण दिले पाहिजे.",
    "तिथला भ्रष्टाचार ते संपवू शकले का?",
    "पण हॅकर्सना तुमच्या संगणकात घुसून घराची गुपितं चोरणं सोपं जाईल, अशी भीती तज्ज्ञांना वाटते आहे.",
    "मालमत्ता, खात्यांचा तपशील बँकांना उपलब्ध होणार",
    "मंडी, 13 जुलै: हिमाचल प्रदेशातील मंडी बस स्थानक परिसरात एका महिलेने दोन तरुणांची धुलाई केल्याचा व्हिडिओ सोशल मीडियावर व्हायरल होत आहे.",
    "बराच वेळाने एकमेकांची ख्यालीखुशाली विचारून झाली.",
    "बँक कर्मचाऱ्यांना मागील पगार वाढीत १५ टक्के वाढ करण्यात आली होती, ही पगार समिक्षा १ नोव्हेंबर २०१२ ते ३१ ऑक्टोबर २०१७ साठी होती.",
    "पूरग्रस्त भागातील एक हेक्टरपर्यंत पिक घेतलेल्या शेतकऱ्यांना कर्जमाफी",
    "होमाई व्यारावाल यांनी स्वतंत्र भारतातील पहिल्या तीन दशकांतील अनेक घटना घडमोडींची छायाचित्रे आपल्या कॅमेऱ्यात कैद केली होती.",
    "आपला देश कृषी प्रधान देश म्हणून ओळखला जातो.",
    "बाहुबली- 511.30 कोटी रुपये",
    "शाहरूखच्या या पार्टीमध्ये बॉलिवूडचे अनेक कलाकार उपस्थित होते.",
    "हे नोंद घ्यावे की धनुष कांदा बनवणे फार वास्तववादी आहे, परंतु ते बनविण्याच्या प्रक्रियेत अधिक रस आहे.",
    "कार पाण्यात बुडाल्याने व दोघांना बाहेर वेळीच न आता आल्याने त्यांचा मृत्यू झाला.",
    "इको-उत्सव आपण अगोदर विचार करणे आवश्यक आहे की गुणधर्म भरपूर सह ने भरलेला.",
    "या फार्ममध्ये असलेल्या 640 जनावरांचा प्रश्‍न ऐरणीवर आला होता.",
    "गणेशोत्सव अवघ्या पाच दिवसांवर आल्याने बाजारपेठेत माहोल तयार झाला आहे.",
    "लाल तिखट मालवणी मसाला घाला आणि मॅरीनेट केलेले चिकन घालून परता.",
    "पाणी, रस्ते, वीज पुरवण्याबाबत बोंब असते."
  ],
  "mentions": [
    {
      "id": 0,
      "text": "आपण",
      "sentence": 0,
      "start": 0,
      "end": 3,
      "confidence": 1.0
    },
    {
      "id": 1,
      "text": "पक्ष",
      "sentence": 0,
      "start": 5,
      "end": 6,
      "confidence": 1.0
    },
    {
      "id": 2,
      "text": "मासा",
      "sentence": 0,
      "start": 32,
      "end": 35,
      "confidence": 1.0
    },
    {
      "id": 3,
      "text": "समुद्र",
      "sentence": 0,
      "start": 43,
      "end": 46,
      "confidence": 1.0
    },
    {
      "id": 4,
      "text": "जमीन",
      "sentence": 0,
      "start": 63,
      "end": 66,
      "confidence": 1.0
    },
    {
      "id": 5,
      "text": "माणूस",
      "sentence": 0,
      "start": 70,
      "end": 73,
      "confidence": 1.0
    },
    {
      "id": 6,
      "text": "त्याची",
      "sentence": 1,
      "start": 90,
      "end": 93,
      "confidence": 1.0
    },
    {
      "id": 7,
      "text": "जबाबदारी",
      "sentence": 1,
      "start": 95,
      "end": 102,
      "confidence": 1.0
    },
    {
      "id": 8,
      "text": "कोण",
      "sentence": 1,
      "start": 104,
      "end": 107,
      "confidence": 1.0
    },
    {
      "id": 9,
      "text": "तू",
      "sentence": 2,
      "start": 118,
      "end": 120,
      "confidence": 1.0
    },
    {
      "id": 10,
      "text": "रुपया",
      "sentence": 2,
      "start": 125,
      "end": 128,
      "confidence": 1.0
    },
    {
      "id": 11,
      "text": "कर्ज",
      "sentence": 2,
      "start": 135,
      "end": 137,
      "confidence": 1.0
    },
    {
      "id": 12,
      "text": "ते",
      "sentence": 2,
      "start": 149,
      "end": 150,
      "confidence": 1.0
    },
    {
      "id": 13,
      "text": "तुम्हाला",
      "sentence": 2,
      "start": 160,
      "end": 164,
      "confidence": 1.0
    },
    {
      "id": 14,
      "text": "महिना",
      "sentence": 2,
      "start": 169,
      "end": 172,
      "confidence": 1.0
    },
    {
      "id": 15,
      "text": "प्रमाणपत्र",
      "sentence": 2,
      "start": 181,
      "end": 187,
      "confidence": 1.0
    },
    {
      "id": 16,
      "text": "फायनान्स",
      "sentence": 2,
      "start": 195,
      "end": 201,
      "confidence": 1.0
    },
    {
      "id": 17,
      "text": "कंपनी",
      "sentence": 2,
      "start": 203,
      "end": 206,
      "confidence": 1.0
    },
    {
      "id": 18,
      "text": "अधिकारी",
      "sentence": 2,
      "start": 210,
      "end": 215,
      "confidence": 1.0
    },
    {
      "id": 19,
      "text": "शेतकरी",
      "sentence": 2,
      "start": 218,
      "end": 223,
      "confidence": 1.0
    },
    {
      "id": 20,
      "text": "त्याची",
      "sentence": 3,
      "start": 232,
      "end": 235,
      "confidence": 1.0
    },
    {
      "id": 21,
      "text": "राजधानी",
      "sentence": 3,
      "start": 237,
      "end": 242,
      "confidence": 1.0
    },
    {
      "id": 22,
      "text": "तरुण",
      "sentence": 3,
      "start": 252,
      "end": 255,
      "confidence": 1.0
    },
    {
      "id": 23,
      "text": "त्याचा",
      "sentence": 4,
      "start": 286,
      "end": 289,
      "confidence": 1.0
    },
    {
      "id": 24,
      "text": "समाचार",
      "sentence": 4,
      "start": 291,
      "end": 295,
      "confidence": 1.0
    },
    {
      "id": 25,
      "text": "ते",
      "sentence": 4,
      "start": 302,
      "end": 303,
      "confidence": 1.0
    },
    {
      "id": 26,
      "text": "तुम्ही",
      "sentence": 4,
      "start": 315,
      "end": 318,
      "confidence": 1.0
    },
    {
      "id": 27,
      "text": "रात्र",
      "sentence": 4,
      "start": 320,
      "end": 322,
      "confidence": 1.0
    },
    {
      "id": 28,
      "text": "अंधार",
      "sentence": 4,
      "start": 327,
      "end": 330,
      "confidence": 1.0
    },
    {
      "id": 29,
      "text": "शपथविधी",
      "sentence": 4,
      "start": 332,
      "end": 338,
      "confidence": 1.0
    },
    {
      "id": 30,
      "text": "आम्ही",
      "sentence": 4,
      "start": 349,
      "end": 352,
      "confidence": 1.0
    },
    {
      "id": 31,
      "text": "दिवस",
      "sentence": 4,
      "start": 354,
      "end": 356,
      "confidence": 1.0
    },
    {
      "id": 32,
      "text": "शिवतीर्थ",
      "sentence": 4,
      "start": 358,
      "end": 364,
      "confidence": 1.0
    },
    {
      "id": 33,
      "text": "शिवराय",
      "sentence": 4,
      "start": 366,
      "end": 370,
      "confidence": 1.0
    },
    {
      "id": 34,
      "text": "साक्ष",
      "sentence": 4,
      "start": 374,
      "end": 376,
      "confidence": 1.0
    },
    {
      "id": 35,
      "text": "शपथविधी",
      "sentence": 4,
      "start": 378,
      "end": 384,
      "confidence": 1.0
    },
    {
      "id": 36,
      "text": "जागा",
      "sentence": 5,
      "start": 398,
      "end": 400,
      "confidence": 1.0
    },
    {
      "id": 37,
      "text": "मुलगी",
      "sentence": 6,
      "start": 414,
      "end": 417,
      "confidence": 1.0
    },
    {
      "id": 38,
      "text": "डिफेन्स",
      "sentence": 6,
      "start": 424,
      "end": 429,
      "confidence": 1.0
    },
    {
      "id": 39,
      "text": "प्रशिक्षण",
      "sentence": 6,
      "start": 431,
      "end": 436,
      "confidence": 1.0
    },
    {
      "id": 40,
      "text": "भ्रष्टाचार",
      "sentence": 7,
      "start": 449,
      "end": 455,
      "confidence": 1.0
    },
    {
      "id": 41,
      "text": "ते",
      "sentence": 7,
      "start": 457,
      "end": 458,
      "confidence": 1.0
    },
    {
      "id": 42,
      "text": "हॅकर्स",
      "sentence": 8,
      "start": 468,
      "end": 472,
      "confidence": 1.0
    },
    {
      "id": 43,
      "text": "संगणक",
      "sentence": 8,
      "start": 480,
      "end": 484,
      "confidence": 1.0
    },
    {
      "id": 44,
      "text": "गुपितं",
      "sentence": 8,
      "start": 496,
      "end": 500,
      "confidence": 1.0
    },
    {
      "id": 45,
      "text": "भीती",
      "sentence": 8,
      "start": 519,
      "end": 521,
      "confidence": 1.0
    },
    {
      "id": 46,
      "text": "तज्ञ",
      "sentence": 8,
      "start": 523,
      "end": 527,
      "confidence": 1.0
    },
    {
      "id": 47,
      "text": "मालमत्ता",
      "sentence": 9,
      "start": 539,
      "end": 544,
      "confidence": 1.0
    },
    {
      "id": 48,
      "text": "खाते",
      "sentence": 9,
      "start": 546,
      "end": 549,
      "confidence": 1.0
    },
    {
      "id": 49,
      "text": "तपशील",
      "sentence": 9,
      "start": 551,
      "end": 555,
      "confidence": 1.0
    },
    {
      "id": 50,
      "text": "मंडी",
      "sentence": 10,
      "start": 570,
      "end": 572,
      "confidence": 1.0
    },
    {
      "id": 51,
      "text": "जुलै",
      "sentence": 10,
      "start": 578,
      "end": 580,
      "confidence": 1.0
    },
    {
      "id": 52,
      "text": "हिमाचल",
      "sentence": 10,
      "start": 583,
      "end": 588,
      "confidence": 1.0
    },
    {
      "id": 53,
      "text": "प्रदेश",
      "sentence": 10,
      "start": 590,
      "end": 593,
      "confidence": 1.0
    },
    {
      "id": 54,
      "text": "मंडी",
      "sentence": 10,
      "start": 595,
      "end": 597,
      "confidence": 1.0
    },
    {
      "id": 55,
      "text": "स्थानक",
      "sentence": 10,
      "start": 602,
      "end": 605,
      "confidence": 1.0
    },
    {
      "id": 56,
      "text": "परिसर",
      "sentence": 10,
      "start": 608,
      "end": 611,
      "confidence": 1.0
    },
    {
      "id": 57,
      "text": "महिला",
      "sentence": 10,
      "start": 618,
      "end": 621,
      "confidence": 1.0
    },
    {
      "id": 58,
      "text": "तरुण",
      "sentence": 10,
      "start": 626,
      "end": 629,
      "confidence": 1.0
    },
    {
      "id": 59,
      "text": "धुलाई",
      "sentence": 10,
      "start": 631,
      "end": 635,
      "confidence": 1.0
    },
    {
      "id": 60,
      "text": "मीडिया",
      "sentence": 10,
      "start": 652,
      "end": 655,
      "confidence": 1.0
    },
    {
      "id": 61,
      "text": "कर्मचारी",
      "sentence": 12,
      "start": 697,
      "end": 702,
      "confidence": 1.0
    },
    {
      "id": 62,
      "text": "पगार",
      "sentence": 12,
      "start": 708,
      "end": 710,
      "confidence": 1.0
    },
    {
      "id": 63,
      "text": "पगार",
      "sentence": 12,
      "start": 742,
      "end": 744,
      "confidence": 1.0
    },
    {
      "id": 64,
      "text": "समिक्षा",
      "sentence": 12,
      "start": 746,
      "end": 750,
      "confidence": 1.0
    },
    {
      "id": 65,
      "text": "नोव्हेंबर",
      "sentence": 12,
      "start": 757,
      "end": 762,
      "confidence": 1.0
    },
    {
      "id": 66,
      "text": "शेतकरी",
      "sentence": 13,
      "start": 819,
      "end": 824,
      "confidence": 1.0
    },
    {
      "id": 67,
      "text": "कर्जमाफी",
      "sentence": 13,
      "start": 826,
      "end": 831,
      "confidence": 1.0
    },
    {
      "id": 68,
      "text": "व्यारावाल",
      "sentence": 14,
      "start": 842,
      "end": 847,
      "confidence": 1.0
    },
    {
      "id": 69,
      "text": "भारत",
      "sentence": 14,
      "start": 857,
      "end": 860,
      "confidence": 1.0
    },
    {
      "id": 70,
      "text": "घटना",
      "sentence": 14,
      "start": 879,
      "end": 881,
      "confidence": 1.0
    },
    {
      "id": 71,
      "text": "घडमोडी",
      "sentence": 14,
      "start": 883,
      "end": 887,
      "confidence": 1.0
    },
    {
      "id": 72,
      "text": "छायाचित्रे",
      "sentence": 14,
      "start": 889,
      "end": 894,
      "confidence": 1.0
    },
    {
      "id": 73,
      "text": "कॅमेरा",
      "sentence": 14,
      "start": 900,
      "end": 904,
      "confidence": 1.0
    },
    {
      "id": 74,
      "text": "आपला",
      "sentence": 15,
      "start": 917,
      "end": 920,
      "confidence": 1.0
    },
    {
      "id": 75,
      "text": "कृषी",
      "sentence": 15,
      "start": 926,
      "end": 928,
      "confidence": 1.0
    },
    {
      "id": 76,
      "text": "प्रधान",
      "sentence": 15,
      "start": 930,
      "end": 933,
      "confidence": 1.0
    },
    {
      "id": 77,
      "text": "बाहुबली",
      "sentence": 16,
      "start": 950,
      "end": 954,
      "confidence": 1.0
    },
    {
      "id": 78,
      "text": "कोटी",
      "sentence": 16,
      "start": 964,
      "end": 966,
      "confidence": 1.0
    },
    {
      "id": 79,
      "text": "रुपये",
      "sentence": 16,
      "start": 968,
      "end": 970,
      "confidence": 1.0
    },
    {
      "id": 80,
      "text": "शाहरूख",
      "sentence": 17,
      "start": 975,
      "end": 980,
      "confidence": 1.0
    },
    {
      "id": 81,
      "text": "पार्टी",
      "sentence": 17,
      "start": 985,
      "end": 988,
      "confidence": 1.0
    },
    {
      "id": 82,
      "text": "बॉलिवूड",
      "sentence": 17,
      "start": 992,
      "end": 997,
      "confidence": 1.0
    },
    {
      "id": 83,
      "text": "कलाकार",
      "sentence": 17,
      "start": 1004,
      "end": 1007,
      "confidence": 1.0
    },
    {
      "id": 84,
      "text": "नोंद",
      "sentence": 18,
      "start": 1021,
      "end": 1023,
      "confidence": 1.0
    },
    {
      "id": 85,
      "text": "धनुष",
      "sentence": 18,
      "start": 1031,
      "end": 1034,
      "confidence": 1.0
    },
    {
      "id": 86,
      "text": "कांदा",
      "sentence": 18,
      "start": 1036,
      "end": 1038,
      "confidence": 1.0
    },
    {
      "id": 87,
      "text": "प्रक्रिया",
      "sentence": 18,
      "start": 1069,
      "end": 1072,
      "confidence": 1.0
    },
    {
      "id": 88,
      "text": "पाणी",
      "sentence": 19,
      "start": 1092,
      "end": 1094,
      "confidence": 1.0
    },
    {
      "id": 89,
      "text": "दोघांना",
      "sentence": 19,
      "start": 1104,
      "end": 1107,
      "confidence": 1.0
    },
    {
      "id": 90,
      "text": "त्यांचा",
      "sentence": 19,
      "start": 1128,
      "end": 1131,
      "confidence": 1.0
    },
    {
      "id": 91,
      "text": "मृत्यू",
      "sentence": 19,
      "start": 1133,
      "end": 1135,
      "confidence": 1.0
    },
    {
      "id": 92,
      "text": "उत्सव",
      "sentence": 20,
      "start": 1144,
      "end": 1148,
      "confidence": 1.0
    },
    {
      "id": 93,
      "text": "आपण",
      "sentence": 20,
      "start": 1150,
      "end": 1153,
      "confidence": 1.0
    },
    {
      "id": 94,
      "text": "विचार",
      "sentence": 20,
      "start": 1160,
      "end": 1162,
      "confidence": 1.0
    },
    {
      "id": 95,
      "text": "गुणधर्म",
      "sentence": 20,
      "start": 1177,
      "end": 1181,
      "confidence": 1.0
    },
    {
      "id": 96,
      "text": "फार्म",
      "sentence": 21,
      "start": 1195,
      "end": 1197,
      "confidence": 1.0
    },
    {
      "id": 97,
      "text": "जनावर",
      "sentence": 21,
      "start": 1210,
      "end": 1214,
      "confidence": 1.0
    },
    {
      "id": 98,
      "text": "प्रश्‍न",
      "sentence": 21,
      "start": 1216,
      "end": 1218,
      "confidence": 1.0
    },
    {
      "id": 99,
      "text": "गणेशोत्सव",
      "sentence": 22,
      "start": 1234,
      "end": 1241,
      "confidence": 1.0
    },
    {
      "id": 100,
      "text": "दिवस",
      "sentence": 22,
      "start": 1249,
      "end": 1252,
      "confidence": 1.0
    },
    {
      "id": 101,
      "text": "बाजारपेठ",
      "sentence": 22,
      "start": 1259,
      "end": 1264,
      "confidence": 1.0
    },
    {
      "id": 102,
      "text": "माहोल",
      "sentence": 22,
      "start": 1266,
      "end": 1269,
      "confidence": 1.0
    },
    {
      "id": 103,
      "text": "मसाला",
      "sentence": 23,
      "start": 1290,
      "end": 1293,
      "confidence": 1.0
    },
    {
      "id": 104,
      "text": "चिकन",
      "sentence": 23,
      "start": 1310,
      "end": 1313,
      "confidence": 1.0
    },
    {
      "id": 105,
      "text": "पाणी",
      "sentence": 24,
      "start": 1322,
      "end": 1324,
      "confidence": 1.0
    },
    {
      "id": 106,
      "text": "रस्ते",
      "sentence": 24,
      "start": 1327,
      "end": 1329,
      "confidence": 1.0
    },
    {
      "id": 107,
      "text": "बोंब",
      "sentence": 24,
      "start": 1347,
      "end": 1349,
      "confidence": 1.0
    }
  ],
  "clusters": [
    [
      0,
      6
    ],
    [
      11,
      12,
      13
    ],
    [
      14,
      20
    ],
    [
      17,
      18
    ],
    [
      31,
      37
    ],
    [
      55,
      59
    ],
    [
      57,
      58
    ],
    [
      74,
      78
    ],
    [
      75,
      77
    ],
    [
      86,
      87
    ],
    [
      94,
      95,
      98
    ]
  ]
}