{
  "document_id": "document_449",
  "sentences": [
    "बापू जाधव, सचिन कदम, बाबासाहेब पाटील, उपसभापती अरुण पवार, छायादेवी पवार, प्रमिला लाड, अलका लाड, सुनंदा लाड, सरपंच प्रमिला पुजारी आणि परिसरातील अनेक सामाजिक, राजकीय क्षेत्रातील मान्यवर नागरिक मोठ्या संख्येने उपस्थित होते.",
    "अर्थात मुख्यमंत्रीपद आणि महत्त्वाची खाती याबाबत शिवसेना ठाम आहे.",
    "वयाच्या 91 व्या वर्षी चंद्रशेखर धर्माधिकारी यांनी शेवटचा श्वास घेतला.",
    "त्यानंतर त्यांच्यातून हंगामी तालिका अध्यक्षांची नेमणूक केली जाईल.",
    "प्राध्यापकांना सातवा वेतन आयोग लागू करण्यासाठी विविध संघटनांकडून आंदोलन करण्यात येत आहे.",
    "शिवाय आपल्या वापरानुसार देय बिल येणार असल्यामुळे नागरिकांची LPG सिलेंडर वापरताना होणाऱ्या गैरसोयीपासून सुटका होणार आहे आणि यामुळे रत्नागिरीकरांचे जीवनमान उंचावण्यास मदत होईल.",
    "त्यासाठी आज काम सुरू करण्यात आले.",
    "नोटबंदीमुळे असंघटित क्षेत्रातल्या चार कोटी लोकांचे रोजगार गेल्याचा अंदाज आहे.",
    "‘एमजी’ मोटर्स 5 हजार कोटीची गुंतवणूक करणार",
    "त्यामुळे पक्षात गंभीर वातावरण आहे.",
    "म्हणजेच त्यात १५ टक्क्यांनी वाढ झाली.",
    "जेणेकरून मुलांना पाळणाघरातून घरी ने-आण करणे सोपे जाईल.",
    "शिंदगी सरांच्या मार्गदर्शनाखाली बालवयात अभिनयाचे धडे घेतलेले अनेकजण पुढे दिग्गज अभिनेते आणि दिग्दर्शक झाले.",
    "योग्य विंडो मध्ये, फक्त सेटिंग वगळता पर्याय निश्चित केले जाते आणि नंतर संरचना बदल जतन विभाग OneDrive, संबंधित डेटा समक्रमण घटक निवडा.",
    "– त्या काळात पतंगराव कदम, आर आर पाटील, जयंत पाटील, गोपीनाथ मुंडे, विजयसिंह मोहिते पाटील यासारखे तगडे नेते राज्यात सर्वाधिक मताधिक्य घेण्याचा प्रयत्न करून आपण कसे मोठे नेते आहोत हे दाखवून देण्याचा प्रयत्न करत असतं.",
    "तुझिच आस नेहमि असते",
    "• संगणक आणि वाचन पुस्तके समोर एक लांब मुक्काम दरम्यान डोळा स्नायू भार.",
    "मोठा गाजावाजा करीत सावंतवाडीत आले.",
    "यावेळी एसीपी वसंत ढोबळे यांच्या बदलीवर राज यांनी आपली भूमिका स्पष्ट केली.",
    "माधव भंडारी यांची विभागीय आयुक्त कार्यालयात पाच जिल्ह्याच्या धरणग्रस्त संघटनांबरोबर बैठक झाली.",
    "‘लपाछपी’ फेम विशाल फुरिया यांनी केले आहे.",
    "त्यातूनच मग कला, क्रीडा, आरोग्य, साहित्य, अध्यात्म, धर्म यांसह शेती, नवतंत्र, साहित्य-मनोरंजन यासाठी प्रोत्साहन देणारे उपक्रम चालवले गेले वा त्यांना भक्कम आर्थिक पायावर उभे केले.",
    "झी न्यूजचे संपादक सुधीर चौधरी आणि झी बिझनेसचे संपादक समीर अहलुवालिया यांना काल अटक करण्यात आली होती.",
    "यापुढील सर्व निवडणुकाही ताकदीने लढवल्या जाणार आहेत, अशी माहिती शेतकरी संघटनेचे अध्यक्ष रघुनाथदादा पाटील यांनी दिली.",
    "माहिती पोर्टलवर सामग्री सतत सुधारित केले आहे.",
    "मात्र तरीही समाजात फारसा मान मिळत नाही अशी खंत त्यांना सतावतीय.",
    "लासलगाव बाजार समितीजवळ हायवेवर असलेल्या पाटील पेट्रोल पंपावरची ही दृश्यं.",
    "त्यामुळे, भिंती डिझाइन मध्ये वॉलपेपर मलम किंवा पेंट नावे सोडून पाहिजे.",
    "पोस्ट खात्यातील जनरल ‘पोस्ट मास्तर या पदावरून त्या निवृत्त झाल्यानंतर त्यांनी समाजकार्यास स्वत:स झोकून दिले.",
    "सिमेंटचा एक मोठा पाया असलेला टॉवर आल्यावर तेथून थोडे पुढे गेल्यावर एक मोठा धबधबा लागतो.",
    "त्यापाठोपाठ बजरंगी भाईजान हा चित्रपटही बॉक्स ऑफिसवर झळकला.",
    "पन्हाळगडातून विशाळगडाकडे जाताना शत्रुसैन्य थोपवण्यासाठी राजांनी घोडखिंडी अरूंद वाटेचा अचूक उपयोग करून घेतला.",
    "> चिनी उदबत्त्या आरोग्यास घातक : बॉम्बे टेक्सटाइल रिसर्च असोसिएशन व हिंदुस्थान इनसेक्ट कंट्रोल असोसिएशन",
    "दरम्यान प्रवाशांची गैरसोय होऊ नये यासाठी केडीएमटीच्या 20 विशेष बस सोडल्या जाणार आहेत."
  ],
  "mentions": [
    {
      "id": 0,
      "text": "बापू",
      "sentence": 0,
      "start": 0,
      "end": 4,
      "confidence": 1.0
    },
    {
      "id": 1,
      "text": "जाधव",
      "sentence": 0,
      "start": 5,
      "end": 10,
      "confidence": 1.0
    },
    {
      "id": 2,
      "text": "सचिन",
      "sentence": 0,
      "start": 12,
      "end": 17,
      "confidence": 1.0
    },
    {
      "id": 3,
      "text": "बाबासाहेब",
      "sentence": 0,
      "start": 23,
      "end": 30,
      "confidence": 1.0
    },
    {
      "id": 4,
      "text": "पाटील",
      "sentence": 0,
      "start": 31,
      "end": 36,
      "confidence": 1.0
    },
    {
      "id": 5,
      "text": "उपसभापती",
      "sentence": 0,
      "start": 38,
      "end": 46,
      "confidence": 1.0
    },
    {
      "id": 6,
      "text": "अरुण",
      "sentence": 0,
      "start": 47,
      "end": 51,
      "confidence": 1.0
    },
    {
      "id": 7,
      "text": "पवार",
      "sentence": 0,
      "start": 52,
      "end": 56,
      "confidence": 1.0
    },
    {
      "id": 8,
      "text": "छायादेवी",
      "sentence": 0,
      "start": 58,
      "end": 65,
      "confidence": 1.0
    },
    {
      "id": 9,
      "text": "पवार",
      "sentence": 0,
      "start": 66,
      "end": 70,
      "confidence": 1.0
    },
    {
      "id": 10,
      "text": "प्रमिला",
      "sentence": 0,
      "start": 72,
      "end": 78,
      "confidence": 1.0
    },
    {
      "id": 11,
      "text": "अलका",
      "sentence": 0,
      "start": 84,
      "end": 88,
      "confidence": 1.0
    },
    {
      "id": 12,
      "text": "सुनंदा",
      "sentence": 0,
      "start": 94,
      "end": 99,
      "confidence": 1.0
    },
    {
      "id": 13,
      "text": "सरपंच",
      "sentence": 0,
      "start": 105,
      "end": 110,
      "confidence": 1.0
    },
    {
      "id": 14,
      "text": "प्रमिला",
      "sentence": 0,
      "start": 111,
      "end": 117,
      "confidence": 1.0
    },
    {
      "id": 15,
      "text": "पुजारी",
      "sentence": 0,
      "start": 118,
      "end": 123,
      "confidence": 1.0
    },
    {
      "id": 16,
      "text": "नागरिक",
      "sentence": 0,
      "start": 154,
      "end": 159,
      "confidence": 1.0
    },
    {
      "id": 17,
      "text": "मुख्यमंत्रीपद",
      "sentence": 1,
      "start": 180,
      "end": 191,
      "confidence": 1.0
    },
    {
      "id": 18,
      "text": "खाती",
      "sentence": 1,
      "start": 202,
      "end": 206,
      "confidence": 1.0
    },
    {
      "id": 19,
      "text": "शिवसेना",
      "sentence": 1,
      "start": 213,
      "end": 219,
      "confidence": 1.0
    },
    {
      "id": 20,
      "text": "वर्षी",
      "sentence": 2,
      "start": 234,
      "end": 238,
      "confidence": 1.0
    },
    {
      "id": 21,
      "text": "चंद्रशेखर",
      "sentence": 2,
      "start": 240,
      "end": 248,
      "confidence": 1.0
    },
    {
      "id": 22,
      "text": "धर्माधिकारी",
      "sentence": 2,
      "start": 249,
      "end": 258,
      "confidence": 1.0
    },
    {
      "id": 23,
      "text": "यांनी",
      "sentence": 2,
      "start": 259,
      "end": 263,
      "confidence": 1.0
    },
    {
      "id": 24,
      "text": "श्वास",
      "sentence": 2,
      "start": 269,
      "end": 273,
      "confidence": 1.0
    },
    {
      "id": 25,
      "text": "त्यांच्यातून",
      "sentence": 3,
      "start": 286,
      "end": 296,
      "confidence": 1.0
    },
    {
      "id": 26,
      "text": "अध्यक्षांची",
      "sentence": 3,
      "start": 309,
      "end": 318,
      "confidence": 1.0
    },
    {
      "id": 27,
      "text": "प्राध्यापकांना",
      "sentence": 4,
      "start": 331,
      "end": 343,
      "confidence": 1.0
    },
    {
      "id": 28,
      "text": "वेतन",
      "sentence": 4,
      "start": 349,
      "end": 353,
      "confidence": 1.0
    },
    {
      "id": 29,
      "text": "आयोग",
      "sentence": 4,
      "start": 354,
      "end": 358,
      "confidence": 1.0
    },
    {
      "id": 30,
      "text": "संघटनांकडून",
      "sentence": 4,
      "start": 372,
      "end": 381,
      "confidence": 1.0
    },
    {
      "id": 31,
      "text": "आंदोलन",
      "sentence": 4,
      "start": 382,
      "end": 388,
      "confidence": 1.0
    },
    {
      "id": 32,
      "text": "आपल्या",
      "sentence": 5,
      "start": 412,
      "end": 418,
      "confidence": 1.0
    },
    {
      "id": 33,
      "text": "नागरिकांची",
      "sentence": 5,
      "start": 445,
      "end": 454,
      "confidence": 1.0
    },
    {
      "id": 34,
      "text": "सिलेंडर",
      "sentence": 5,
      "start": 459,
      "end": 465,
      "confidence": 1.0
    },
    {
      "id": 35,
      "text": "गैरसोयीपासून",
      "sentence": 5,
      "start": 476,
      "end": 487,
      "confidence": 1.0
    },
    {
      "id": 36,
      "text": "सुटका",
      "sentence": 5,
      "start": 488,
      "end": 493,
      "confidence": 1.0
    },
    {
      "id": 37,
      "text": "जीवनमान",
      "sentence": 5,
      "start": 528,
      "end": 534,
      "confidence": 1.0
    },
    {
      "id": 38,
      "text": "नोटबंदीमुळे",
      "sentence": 7,
      "start": 579,
      "end": 588,
      "confidence": 1.0
    },
    {
      "id": 39,
      "text": "क्षेत्रातल्या",
      "sentence": 7,
      "start": 600,
      "end": 609,
      "confidence": 1.0
    },
    {
      "id": 40,
      "text": "लोकांचे",
      "sentence": 7,
      "start": 617,
      "end": 623,
      "confidence": 1.0
    },
    {
      "id": 41,
      "text": "रोजगार",
      "sentence": 7,
      "start": 624,
      "end": 629,
      "confidence": 1.0
    },
    {
      "id": 42,
      "text": "अंदाज",
      "sentence": 7,
      "start": 637,
      "end": 641,
      "confidence": 1.0
    },
    {
      "id": 43,
      "text": "मोटर्स",
      "sentence": 8,
      "start": 652,
      "end": 657,
      "confidence": 1.0
    },
    {
      "id": 44,
      "text": "गुंतवणूक",
      "sentence": 8,
      "start": 670,
      "end": 677,
      "confidence": 1.0
    },
    {
      "id": 45,
      "text": "पक्षात",
      "sentence": 9,
      "start": 689,
      "end": 694,
      "confidence": 1.0
    },
    {
      "id": 46,
      "text": "वातावरण",
      "sentence": 9,
      "start": 701,
      "end": 707,
      "confidence": 1.0
    },
    {
      "id": 47,
      "text": "मुलांना",
      "sentence": 11,
      "start": 749,
      "end": 754,
      "confidence": 1.0
    },
    {
      "id": 48,
      "text": "पाळणाघरातून",
      "sentence": 11,
      "start": 755,
      "end": 764,
      "confidence": 1.0
    },
    {
      "id": 49,
      "text": "शिंदगी",
      "sentence": 12,
      "start": 780,
      "end": 786,
      "confidence": 1.0
    },
    {
      "id": 50,
      "text": "मार्गदर्शनाखाली",
      "sentence": 12,
      "start": 795,
      "end": 809,
      "confidence": 1.0
    },
    {
      "id": 51,
      "text": "बालवयात",
      "sentence": 12,
      "start": 810,
      "end": 816,
      "confidence": 1.0
    },
    {
      "id": 52,
      "text": "अभिनयाचे",
      "sentence": 12,
      "start": 817,
      "end": 824,
      "confidence": 1.0
    },
    {
      "id": 53,
      "text": "अनेकजण",
      "sentence": 12,
      "start": 837,
      "end": 842,
      "confidence": 1.0
    },
    {
      "id": 54,
      "text": "अभिनेते",
      "sentence": 12,
      "start": 851,
      "end": 857,
      "confidence": 1.0
    },
    {
      "id": 55,
      "text": "दिग्दर्शक",
      "sentence": 12,
      "start": 862,
      "end": 869,
      "confidence": 1.0
    },
    {
      "id": 56,
      "text": "विंडो",
      "sentence": 13,
      "start": 878,
      "end": 883,
      "confidence": 1.0
    },
    {
      "id": 57,
      "text": "सेटिंग",
      "sentence": 13,
      "start": 894,
      "end": 899,
      "confidence": 1.0
    },
    {
      "id": 58,
      "text": "पर्याय",
      "sentence": 13,
      "start": 907,
      "end": 912,
      "confidence": 1.0
    },
    {
      "id": 59,
      "text": "संरचना",
      "sentence": 13,
      "start": 927,
      "end": 933,
      "confidence": 1.0
    },
    {
      "id": 60,
      "text": "विभाग",
      "sentence": 13,
      "start": 942,
      "end": 947,
      "confidence": 1.0
    },
    {
      "id": 61,
      "text": "OneDrive",
      "sentence": 13,
      "start": 948,
      "end": 956,
      "confidence": 1.0
    },
    {
      "id": 62,
      "text": "डेटा",
      "sentence": 13,
      "start": 969,
      "end": 973,
      "confidence": 1.0
    },
    {
      "id": 63,
      "text": "समक्रमण",
      "sentence": 13,
      "start": 974,
      "end": 980,
      "confidence": 1.0
    },
    {
      "id": 64,
      "text": "काळात",
      "sentence": 14,
      "start": 993,
      "end": 998,
      "confidence": 1.0
    },
    {
      "id": 65,
      "text": "पतंगराव",
      "sentence": 14,
      "start": 1000,
      "end": 1006,
      "confidence": 1.0
    },
    {
      "id": 66,
      "text": "पाटील",
      "sentence": 14,
      "start": 1018,
      "end": 1023,
      "confidence": 1.0
    },
    {
      "id": 67,
      "text": "जयंत",
      "sentence": 14,
      "start": 1025,
      "end": 1029,
      "confidence": 1.0
    },
    {
      "id": 68,
      "text": "पाटील",
      "sentence": 14,
      "start": 1030,
      "end": 1035,
      "confidence": 1.0
    },
    {
      "id": 69,
      "text": "गोपीनाथ",
      "sentence": 14,
      "start": 1037,
      "end": 1043,
      "confidence": 1.0
    },
    {
      "id": 70,
      "text": "मुंडे",
      "sentence": 14,
      "start": 1044,
      "end": 1048,
      "confidence": 1.0
    },
    {
      "id": 71,
      "text": "विजयसिंह",
      "sentence": 14,
      "start": 1050,
      "end": 1057,
      "confidence": 1.0
    },
    {
      "id": 72,
      "text": "मोहिते",
      "sentence": 14,
      "start": 1058,
      "end": 1063,
      "confidence": 1.0
    },
    {
      "id": 73,
      "text": "पाटील",
      "sentence": 14,
      "start": 1064,
      "end": 1069,
      "confidence": 1.0
    },
    {
      "id": 74,
      "text": "नेते",
      "sentence": 14,
      "start": 1076,
      "end": 1079,
      "confidence": 1.0
    },
    {
      "id": 75,
      "text": "राज्यात",
      "sentence": 14,
      "start": 1080,
      "end": 1085,
      "confidence": 1.0
    },
    {
      "id": 76,
      "text": "मताधिक्य",
      "sentence": 14,
      "start": 1093,
      "end": 1099,
      "confidence": 1.0
    },
    {
      "id": 77,
      "text": "प्रयत्न",
      "sentence": 14,
      "start": 1106,
      "end": 1111,
      "confidence": 1.0
    },
    {
      "id": 78,
      "text": "आपण",
      "sentence": 14,
      "start": 1120,
      "end": 1123,
      "confidence": 1.0
    },
    {
      "id": 79,
      "text": "नेते",
      "sentence": 14,
      "start": 1130,
      "end": 1133,
      "confidence": 1.0
    },
    {
      "id": 80,
      "text": "प्रयत्न",
      "sentence": 14,
      "start": 1146,
      "end": 1151,
      "confidence": 1.0
    },
    {
      "id": 81,
      "text": "संगणक",
      "sentence": 16,
      "start": 1172,
      "end": 1177,
      "confidence": 1.0
    },
    {
      "id": 82,
      "text": "वाचन",
      "sentence": 16,
      "start": 1181,
      "end": 1185,
      "confidence": 1.0
    },
    {
      "id": 83,
      "text": "पुस्तके",
      "sentence": 16,
      "start": 1186,
      "end": 1191,
      "confidence": 1.0
    },
    {
      "id": 84,
      "text": "मुक्काम",
      "sentence": 16,
      "start": 1200,
      "end": 1205,
      "confidence": 1.0
    },
    {
      "id": 85,
      "text": "डोळा",
      "sentence": 16,
      "start": 1213,
      "end": 1217,
      "confidence": 1.0
    },
    {
      "id": 86,
      "text": "स्नायू",
      "sentence": 16,
      "start": 1218,
      "end": 1223,
      "confidence": 1.0
    },
    {
      "id": 87,
      "text": "गाजावाजा",
      "sentence": 17,
      "start": 1234,
      "end": 1241,
      "confidence": 1.0
    },
    {
      "id": 88,
      "text": "सावंतवाडीत",
      "sentence": 17,
      "start": 1249,
      "end": 1258,
      "confidence": 1.0
    },
    {
      "id": 89,
      "text": "एसीपी",
      "sentence": 18,
      "start": 1269,
      "end": 1273,
      "confidence": 1.0
    },
    {
      "id": 90,
      "text": "वसंत",
      "sentence": 18,
      "start": 1274,
      "end": 1278,
      "confidence": 1.0
    },
    {
      "id": 91,
      "text": "ढोबळे",
      "sentence": 18,
      "start": 1279,
      "end": 1284,
      "confidence": 1.0
    },
    {
      "id": 92,
      "text": "बदलीवर",
      "sentence": 18,
      "start": 1292,
      "end": 1298,
      "confidence": 1.0
    },
    {
      "id": 93,
      "text": "यांनी",
      "sentence": 18,
      "start": 1304,
      "end": 1308,
      "confidence": 1.0
    },
    {
      "id": 94,
      "text": "भूमिका",
      "sentence": 18,
      "start": 1314,
      "end": 1319,
      "confidence": 1.0
    },
    {
      "id": 95,
      "text": "माधव",
      "sentence": 19,
      "start": 1329,
      "end": 1333,
      "confidence": 1.0
    },
    {
      "id": 96,
      "text": "भंडारी",
      "sentence": 19,
      "start": 1334,
      "end": 1339,
      "confidence": 1.0
    },
    {
      "id": 97,
      "text": "कार्यालयात",
      "sentence": 19,
      "start": 1354,
      "end": 1363,
      "confidence": 1.0
    },
    {
      "id": 98,
      "text": "जिल्ह्याच्या",
      "sentence": 19,
      "start": 1369,
      "end": 1378,
      "confidence": 1.0
    },
    {
      "id": 99,
      "text": "संघटनांबरोबर",
      "sentence": 19,
      "start": 1388,
      "end": 1399,
      "confidence": 1.0
    },
    {
      "id": 100,
      "text": "बैठक",
      "sentence": 19,
      "start": 1400,
      "end": 1404,
      "confidence": 1.0
    },
    {
      "id": 101,
      "text": "विशाल",
      "sentence": 20,
      "start": 1423,
      "end": 1428,
      "confidence": 1.0
    },
    {
      "id": 102,
      "text": "फुरिया",
      "sentence": 20,
      "start": 1429,
      "end": 1434,
      "confidence": 1.0
    },
    {
      "id": 103,
      "text": "यांनी",
      "sentence": 20,
      "start": 1435,
      "end": 1439,
      "confidence": 1.0
    },
    {
      "id": 104,
      "text": "क्रीडा",
      "sentence": 21,
      "start": 1455,
      "end": 1459,
      "confidence": 1.0
    },
    {
      "id": 105,
      "text": "आरोग्य",
      "sentence": 21,
      "start": 1461,
      "end": 1466,
      "confidence": 1.0
    },
    {
      "id": 106,
      "text": "साहित्य",
      "sentence": 21,
      "start": 1468,
      "end": 1473,
      "confidence": 1.0
    },
    {
      "id": 107,
      "text": "अध्यात्म",
      "sentence": 21,
      "start": 1475,
      "end": 1482,
      "confidence": 1.0
    },
    {
      "id": 108,
      "text": "धर्म",
      "sentence": 21,
      "start": 1484,
      "end": 1487,
      "confidence": 1.0
    },
    {
      "id": 109,
      "text": "शेती",
      "sentence": 21,
      "start": 1493,
      "end": 1497,
      "confidence": 1.0
    },
    {
      "id": 110,
      "text": "नवतंत्र",
      "sentence": 21,
      "start": 1499,
      "end": 1505,
      "confidence": 1.0
    },
    {
      "id": 111,
      "text": "साहित्य-मनोरंजन",
      "sentence": 21,
      "start": 1507,
      "end": 1519,
      "confidence": 1.0
    },
    {
      "id": 112,
      "text": "प्रोत्साहन",
      "sentence": 21,
      "start": 1528,
      "end": 1536,
      "confidence": 1.0
    },
    {
      "id": 113,
      "text": "उपक्रम",
      "sentence": 21,
      "start": 1543,
      "end": 1548,
      "confidence": 1.0
    },
    {
      "id": 114,
      "text": "त्यांना",
      "sentence": 21,
      "start": 1561,
      "end": 1566,
      "confidence": 1.0
    },
    {
      "id": 115,
      "text": "न्यूजचे",
      "sentence": 22,
      "start": 1586,
      "end": 1591,
      "confidence": 1.0
    },
    {
      "id": 116,
      "text": "संपादक",
      "sentence": 22,
      "start": 1592,
      "end": 1597,
      "confidence": 1.0
    },
    {
      "id": 117,
      "text": "सुधीर",
      "sentence": 22,
      "start": 1598,
      "end": 1603,
      "confidence": 1.0
    },
    {
      "id": 118,
      "text": "चौधरी",
      "sentence": 22,
      "start": 1604,
      "end": 1609,
      "confidence": 1.0
    },
    {
      "id": 119,
      "text": "बिझनेसचे",
      "sentence": 22,
      "start": 1616,
      "end": 1623,
      "confidence": 1.0
    },
    {
      "id": 120,
      "text": "संपादक",
      "sentence": 22,
      "start": 1624,
      "end": 1629,
      "confidence": 1.0
    },
    {
      "id": 121,
      "text": "यांना",
      "sentence": 22,
      "start": 1645,
      "end": 1649,
      "confidence": 1.0
    },
    {
      "id": 122,
      "text": "माहिती",
      "sentence": 23,
      "start": 1696,
      "end": 1701,
      "confidence": 1.0
    },
    {
      "id": 123,
      "text": "शेतकरी",
      "sentence": 23,
      "start": 1702,
      "end": 1707,
      "confidence": 1.0
    },
    {
      "id": 124,
      "text": "संघटनेचे",
      "sentence": 23,
      "start": 1708,
      "end": 1714,
      "confidence": 1.0
    },
    {
      "id": 125,
      "text": "रघुनाथदादा",
      "sentence": 23,
      "start": 1721,
      "end": 1730,
      "confidence": 1.0
    },
    {
      "id": 126,
      "text": "पाटील",
      "sentence": 23,
      "start": 1731,
      "end": 1736,
      "confidence": 1.0
    },
    {
      "id": 127,
      "text": "यांनी",
      "sentence": 23,
      "start": 1737,
      "end": 1741,
      "confidence": 1.0
    },
    {
      "id": 128,
      "text": "माहिती",
      "sentence": 24,
      "start": 1749,
      "end": 1754,
      "confidence": 1.0
    },
    {
      "id": 129,
      "text": "पोर्टलवर",
      "sentence": 24,
      "start": 1755,
      "end": 1761,
      "confidence": 1.0
    },
    {
      "id": 130,
      "text": "सामग्री",
      "sentence": 24,
      "start": 1762,
      "end": 1767,
      "confidence": 1.0
    },
    {
      "id": 131,
      "text": "समाजात",
      "sentence": 25,
      "start": 1782,
      "end": 1788,
      "confidence": 1.0
    },
    {
      "id": 132,
      "text": "त्यांना",
      "sentence": 25,
      "start": 1810,
      "end": 1815,
      "confidence": 1.0
    },
    {
      "id": 133,
      "text": "बाजार",
      "sentence": 26,
      "start": 1832,
      "end": 1836,
      "confidence": 1.0
    },
    {
      "id": 134,
      "text": "समितीजवळ",
      "sentence": 26,
      "start": 1837,
      "end": 1845,
      "confidence": 1.0
    },
    {
      "id": 135,
      "text": "हायवेवर",
      "sentence": 26,
      "start": 1846,
      "end": 1852,
      "confidence": 1.0
    },
    {
      "id": 136,
      "text": "पाटील",
      "sentence": 26,
      "start": 1862,
      "end": 1867,
      "confidence": 1.0
    },
    {
      "id": 137,
      "text": "पेट्रोल",
      "sentence": 26,
      "start": 1868,
      "end": 1874,
      "confidence": 1.0
    },
    {
      "id": 138,
      "text": "पंपावरची",
      "sentence": 26,
      "start": 1875,
      "end": 1882,
      "confidence": 1.0
    },
    {
      "id": 139,
      "text": "दृश्यं",
      "sentence": 26,
      "start": 1887,
      "end": 1891,
      "confidence": 1.0
    },
    {
      "id": 140,
      "text": "भिंती",
      "sentence": 27,
      "start": 1901,
      "end": 1905,
      "confidence": 1.0
    },
    {
      "id": 141,
      "text": "डिझाइन",
      "sentence": 27,
      "start": 1906,
      "end": 1912,
      "confidence": 1.0
    },
    {
      "id": 142,
      "text": "वॉलपेपर",
      "sentence": 27,
      "start": 1917,
      "end": 1923,
      "confidence": 1.0
    },
    {
      "id": 143,
      "text": "पेंट",
      "sentence": 27,
      "start": 1931,
      "end": 1935,
      "confidence": 1.0
    },
    {
      "id": 144,
      "text": "नावे",
      "sentence": 27,
      "start": 1936,
      "end": 1939,
      "confidence": 1.0
    },
    {
      "id": 145,
      "text": "पोस्ट",
      "sentence": 28,
      "start": 1950,
      "end": 1954,
      "confidence": 1.0
    },
    {
      "id": 146,
      "text": "जनरल",
      "sentence": 28,
      "start": 1963,
      "end": 1968,
      "confidence": 1.0
    },
    {
      "id": 147,
      "text": "पोस्ट",
      "sentence": 28,
      "start": 1970,
      "end": 1974,
      "confidence": 1.0
    },
    {
      "id": 148,
      "text": "मास्तर",
      "sentence": 28,
      "start": 1975,
      "end": 1980,
      "confidence": 1.0
    },
    {
      "id": 149,
      "text": "पदावरून",
      "sentence": 28,
      "start": 1984,
      "end": 1990,
      "confidence": 1.0
    },
    {
      "id": 150,
      "text": "त्या",
      "sentence": 28,
      "start": 1991,
      "end": 1994,
      "confidence": 1.0
    },
    {
      "id": 151,
      "text": "त्यांनी",
      "sentence": 28,
      "start": 2005,
      "end": 2010,
      "confidence": 1.0
    },
    {
      "id": 152,
      "text": "समाजकार्यास",
      "sentence": 28,
      "start": 2011,
      "end": 2020,
      "confidence": 1.0
    },
    {
      "id": 153,
      "text": "पाया",
      "sentence": 29,
      "start": 2048,
      "end": 2051,
      "confidence": 1.0
    },
    {
      "id": 154,
      "text": "टॉवर",
      "sentence": 29,
      "start": 2060,
      "end": 2064,
      "confidence": 1.0
    },
    {
      "id": 155,
      "text": "धबधबा",
      "sentence": 29,
      "start": 2089,
      "end": 2094,
      "confidence": 1.0
    },
    {
      "id": 156,
      "text": "बजरंगी",
      "sentence": 30,
      "start": 2108,
      "end": 2114,
      "confidence": 1.0
    },
    {
      "id": 157,
      "text": "भाईजान",
      "sentence": 30,
      "start": 2115,
      "end": 2120,
      "confidence": 1.0
    },
    {
      "id": 158,
      "text": "चित्रपटही",
      "sentence": 30,
      "start": 2124,
      "end": 2131,
      "confidence": 1.0
    },
    {
      "id": 159,
      "text": "बॉक्स",
      "sentence": 30,
      "start": 2132,
      "end": 2136,
      "confidence": 1.0
    },
    {
      "id": 160,
      "text": "ऑफिसवर",
      "sentence": 30,
      "start": 2137,
      "end": 2143,
      "confidence": 1.0
    },
    {
      "id": 161,
      "text": "पन्हाळगडातून",
      "sentence": 31,
      "start": 2152,
      "end": 2162,
      "confidence": 1.0
    },
    {
      "id": 162,
      "text": "विशाळगडाकडे",
      "sentence": 31,
      "start": 2163,
      "end": 2172,
      "confidence": 1.0
    },
    {
      "id": 163,
      "text": "शत्रुसैन्य",
      "sentence": 31,
      "start": 2179,
      "end": 2187,
      "confidence": 1.0
    },
    {
      "id": 164,
      "text": "राजांनी",
      "sentence": 31,
      "start": 2197,
      "end": 2203,
      "confidence": 1.0
    },
    {
      "id": 165,
      "text": "घोडखिंडी",
      "sentence": 31,
      "start": 2204,
      "end": 2211,
      "confidence": 1.0
    },
    {
      "id": 166,
      "text": "उपयोग",
      "sentence": 31,
      "start": 2224,
      "end": 2229,
      "confidence": 1.0
    },
    {
      "id": 167,
      "text": "उदबत्त्या",
      "sentence": 32,
      "start": 2243,
      "end": 2250,
      "confidence": 1.0
    },
    {
      "id": 168,
      "text": "आरोग्यास",
      "sentence": 32,
      "start": 2251,
      "end": 2258,
      "confidence": 1.0
    },
    {
      "id": 169,
      "text": "बॉम्बे",
      "sentence": 32,
      "start": 2266,
      "end": 2271,
      "confidence": 1.0
    },
    {
      "id": 170,
      "text": "टेक्सटाइल",
      "sentence": 32,
      "start": 2272,
      "end": 2279,
      "confidence": 1.0
    },
    {
      "id": 171,
      "text": "रिसर्च",
      "sentence": 32,
      "start": 2280,
      "end": 2285,
      "confidence": 1.0
    },
    {
      "id": 172,
      "text": "असोसिएशन",
      "sentence": 32,
      "start": 2286,
      "end": 2294,
      "confidence": 1.0
    },
    {
      "id": 173,
      "text": "हिंदुस्थान",
      "sentence": 32,
      "start": 2297,
      "end": 2305,
      "confidence": 1.0
    },
    {
      "id": 174,
      "text": "इन्सेक्ट",
      "sentence": 32,
      "start": 2306,
      "end": 2312,
      "confidence": 1.0
    },
    {
      "id": 175,
      "text": "कंट्रोल",
      "sentence": 32,
      "start": 2313,
      "end": 2319,
      "confidence": 1.0
    },
    {
      "id": 176,
      "text": "असोसिएशन",
      "sentence": 32,
      "start": 2320,
      "end": 2328,
      "confidence": 1.0
    },
    {
      "id": 177,
      "text": "प्रवाशांची",
      "sentence": 33,
      "start": 2341,
      "end": 2349,
      "confidence": 1.0
    },
    {
      "id": 178,
      "text": "गैरसोय",
      "sentence": 33,
      "start": 2350,
      "end": 2355,
      "confidence": 1.0
    }
  ],
  "clusters": [
    [
      0,
      1
    ],
    [
      2,
      3
    ],
    [
      4,
      5
    ],
    [
      6,
      7,
      8
    ],
    [
      9,
      10
    ],
    [
      11,
      12
    ],
    [
      13,
      14
    ],
    [
      15,
      16
    ],
    [
      17,
      18,
      19
    ],
    [
      25,
      26,
      27
    ],
    [
      36,
      38
    ],
    [
      52,
      53
    ],
    [
      54,
      57
    ],
    [
      62,
      63
    ],
    [
      82,
      83
    ],
    [
      84,
      85,
      86
    ],
    [
      87,
      88
    ],
    [
      89,
      90
    ],
    [
      91,
      92,
      93
    ],
    [
      82,
      83,
      84,
      85,
      86,
      87,
      88,
      89,
      90,
      91,
      92,
      93,
      94,
      98,
      99
    ],
    [
      112,
      113,
      114
    ],
    [
      116,
      117,
      118
    ],
    [
      120,
      121
    ],
    [
      128,
      129,
      130
    ],
    [
      141,
      142
    ],
    [
      143,
      144,
      145
    ],
    [
      148,
      149,
      150
    ],
    [
      146,
      147,
      151,
      152,
      153
    ],
    [
      156,
      157,
      158,
      159,
      160,
      161
    ],
    [
      31,
      168
    ],
    [
      173,
      174,
      175
    ]
  ]
}