{
  "document_id": "document_46",
  "sentences": [
    "ह्या घरातून मी कुठेही जाणार नाही म्हणुन\"",
    "भारत सम्राज्ञी आणि ब्रिटिश राणी",
    "त्यामुळे नैराश्याने नितीनने आत्महत्या केल्याचे सांगण्यात आले.",
    "रम्या आता अभिनेत्री तमन्ना भाटिया आणि राकुल प्रीतपेक्षा अधिक मानधन आकारत आहे.",
    "गुगलच्या या डुडलला फुटबॉलच्या मैदानाची पार्श्वभूमी असून जगातील वेगवेगळ्या देशांतील महिला फुटबॉलपटू खेळताना दिसत आहेत.",
    "कान्हय़ाचे सवंगडी असलेल्या बालमंडळींना दु:ख झाले, वाईट वाटले.",
    "मुंबई – आशिया खंडातील सर्वात मोठे पशुवधगृह असा लौकिक असणारे व 64 एकरांच्या विस्तीर्ण परिसरात असलेले मुंबई महानगरपालिकेचे देवनार पशुवधगृह बकरी ईदसाठी सुसज्ज झाले आहे.",
    "वार्ताहर/ भुईंज पुस्तक प्रदर्शनातून थेट वाचकाच्या हातात जाण्याची संकल्पना तिरंगा एज्युकेशन सोसायटी तसेच भुईंज प्रेस क्लब यांचा संय्क्तु उपक्रम तालुक्यातील पहिला उपक्रम असून त्याचे अनुकरण गाव निहाय झाल्यास र्खया ."
  ],
  "mentions": [
    {
      "id": 0,
      "text": "मी",
      "sentence": 0,
      "start": 11,
      "end": 13,
      "confidence": 1.0
    },
    {
      "id": 1,
      "text": "भारत",
      "sentence": 1,
      "start": 32,
      "end": 36,
      "confidence": 1.0
    },
    {
      "id": 2,
      "text": "सम्राज्ञी",
      "sentence": 1,
      "start": 37,
      "end": 44,
      "confidence": 1.0
    },
    {
      "id": 3,
      "text": "ब्रिटिश",
      "sentence": 1,
      "start": 49,
      "end": 55,
      "confidence": 1.0
    },
    {
      "id": 4,
      "text": "राणी",
      "sentence": 1,
      "start": 56,
      "end": 60,
      "confidence": 1.0
    },
    {
      "id": 5,
      "text": "नैराश्याने",
      "sentence": 2,
      "start": 70,
      "end": 80,
      "confidence": 1.0
    },
    {
      "id": 6,
      "text": "नितीनने",
      "sentence": 2,
      "start": 81,
      "end": 88,
      "confidence": 1.0
    },
    {
      "id": 7,
      "text": "आत्महत्या",
      "sentence": 2,
      "start": 89,
      "end": 97,
      "confidence": 1.0
    },
    {
      "id": 8,
      "text": "भाटिया",
      "sentence": 3,
      "start": 130,
      "end": 136,
      "confidence": 1.0
    },
    {
      "id": 9,
      "text": "मानधन",
      "sentence": 3,
      "start": 162,
      "end": 167,
      "confidence": 1.0
    },
    {
      "id": 10,
      "text": "मैदानाची",
      "sentence": 4,
      "start": 200,
      "end": 208,
      "confidence": 1.0
    },
    {
      "id": 11,
      "text": "पार्श्वभूमी",
      "sentence": 4,
      "start": 209,
      "end": 218,
      "confidence": 1.0
    },
    {
      "id": 12,
      "text": "महिला",
      "sentence": 4,
      "start": 250,
      "end": 255,
      "confidence": 1.0
    },
    {
      "id": 13,
      "text": "फुटबॉलपटू",
      "sentence": 4,
      "start": 256,
      "end": 265,
      "confidence": 1.0
    },
    {
      "id": 14,
      "text": "कान्हय़ाचे",
      "sentence": 5,
      "start": 275,
      "end": 284,
      "confidence": 1.0
    },
    {
      "id": 15,
      "text": "बालमंडळींना",
      "sentence": 5,
      "start": 300,
      "end": 310,
      "confidence": 1.0
    },
    {
      "id": 16,
      "text": "दु:ख",
      "sentence": 5,
      "start": 312,
      "end": 316,
      "confidence": 1.0
    },
    {
      "id": 17,
      "text": "मुंबई",
      "sentence": 6,
      "start": 332,
      "end": 337,
      "confidence": 1.0
    },
    {
      "id": 18,
      "text": "आशिया",
      "sentence": 6,
      "start": 339,
      "end": 344,
      "confidence": 1.0
    },
    {
      "id": 19,
      "text": "पशुवधगृह",
      "sentence": 6,
      "start": 360,
      "end": 368,
      "confidence": 1.0
    },
    {
      "id": 20,
      "text": "लौकिक",
      "sentence": 6,
      "start": 369,
      "end": 374,
      "confidence": 1.0
    },
    {
      "id": 21,
      "text": "मुंबई",
      "sentence": 6,
      "start": 415,
      "end": 420,
      "confidence": 1.0
    },
    {
      "id": 22,
      "text": "महानगरपालिकेचे",
      "sentence": 6,
      "start": 421,
      "end": 434,
      "confidence": 1.0
    },
    {
      "id": 23,
      "text": "देवनार",
      "sentence": 6,
      "start": 435,
      "end": 441,
      "confidence": 1.0
    },
    {
      "id": 24,
      "text": "पशुवधगृह",
      "sentence": 6,
      "start": 442,
      "end": 450,
      "confidence": 1.0
    },
    {
      "id": 25,
      "text": "बकरी",
      "sentence": 6,
      "start": 451,
      "end": 455,
      "confidence": 1.0
    },
    {
      "id": 26,
      "text": "ईदसाठी",
      "sentence": 6,
      "start": 456,
      "end": 462,
      "confidence": 1.0
    },
    {
      "id": 27,
      "text": "वार्ताहर",
      "sentence": 7,
      "start": 478,
      "end": 485,
      "confidence": 1.0
    },
    {
      "id": 28,
      "text": "भुईंज",
      "sentence": 7,
      "start": 486,
      "end": 491,
      "confidence": 1.0
    },
    {
      "id": 29,
      "text": "पुस्तक",
      "sentence": 7,
      "start": 492,
      "end": 497,
      "confidence": 1.0
    },
    {
      "id": 30,
      "text": "प्रदर्शनातून",
      "sentence": 7,
      "start": 498,
      "end": 509,
      "confidence": 1.0
    },
    {
      "id": 31,
      "text": "संकल्पना",
      "sentence": 7,
      "start": 536,
      "end": 544,
      "confidence": 1.0
    },
    {
      "id": 32,
      "text": "तिरंगा",
      "sentence": 7,
      "start": 545,
      "end": 551,
      "confidence": 1.0
    },
    {
      "id": 33,
      "text": "एज्युकेशन",
      "sentence": 7,
      "start": 552,
      "end": 561,
      "confidence": 1.0
    },
    {
      "id": 34,
      "text": "सोसायटी",
      "sentence": 7,
      "start": 562,
      "end": 569,
      "confidence": 1.0
    },
    {
      "id": 35,
      "text": "भुईंज",
      "sentence": 7,
      "start": 575,
      "end": 580,
      "confidence": 1.0
    },
    {
      "id": 36,
      "text": "प्रेस",
      "sentence": 7,
      "start": 581,
      "end": 585,
      "confidence": 1.0
    },
    {
      "id": 37,
      "text": "क्लब",
      "sentence": 7,
      "start": 586,
      "end": 590,
      "confidence": 1.0
    },
    {
      "id": 38,
      "text": "उपक्रम",
      "sentence": 7,
      "start": 597,
      "end": 602,
      "confidence": 1.0
    },
    {
      "id": 39,
      "text": "उपक्रम",
      "sentence": 7,
      "start": 618,
      "end": 623,
      "confidence": 1.0
    },
    {
      "id": 40,
      "text": "अनुकरण",
      "sentence": 7,
      "start": 632,
      "end": 638,
      "confidence": 1.0
    }
  ],
  "clusters": [
    [
      28,
      35
    ],
    [
      31,
      38
    ],
    [
      2,
      4
    ]
  ]
}