{
  "document_id": "document_131",
  "sentences": [
    "बालिकेवर बलात्कार करणाऱ्या नराधमांना सश्रम कारावास",
    "त्याचे काम सर्वात लोकप्रिय \"गर्व आणि अहंकार\" आहे, पण पुस्तक \"संवेदना आणि संवेदनशीलता\" देखील चाहते भरपूर आहे.",
    "त्यांनी भाविकांचे लक्ष वेधले होते.",
    "त्यामुळे त्यांच्या ब्रह्यआळीमधील घरी लोक आवडीने मूर्ती पाहण्यासाठी येतात.",
    "पाकिस्तान आतंकवाद्यांचा कारखाना आहे.",
    "या फ्रंटने सर्व विरोधी पक्षांच्या नेत्यांना एकत्र आणून पश्चिम बंगालमध्ये जोरदार शक्तीप्रदर्शन घडवून आणले होते.",
    "शिरसाट यांच्या वरील नाराजगीचा फायदा घेत शिंदे प्रचार करत आहे .",
    "राष्ट्रवादीने देखील आपले यश असल्याचे स्पष्ट केले आहे.",
    "14 नोव्हेंबर रोजी 0.2 अंशाने किमान तापमान वाढले होते.",
    "इंदिरानगर जॉगिंग ट्रॅकजवळील अन्नपूर्णा लॉन्ड्रीसमोर कार झाडावर आदळून झालेल्या अपघातात एक ठार तर तीन गंभीर जखमी झाले आहेत.",
    "भारतीय जनता पक्षाचे आमदार शिवाजी कर्डिले यांचे पुतणे व त्यांच्या आजवरच्या निवडणुकांमध्ये मोलाची भूमिका बजावणारे बाणेश्वर दूध संघाचे अध्यक्ष रोहिदास कर्डिले राष्ट्रवादीच्या वाटेवर असून पक्षाच्या वरिष्ठ नेत्यांबरोबर प्रवेशाबाबत त्यांच्या बैठका झाल्या आहेत.",
    "मनात घर करणारी पाहुणी",
    "तुझा प्रतिशोध पूर्ण झाल्यावर तुला मुक्ती मिळेल.",
    "वेलिंग्टन –न्यूझीलंड विरुध्द इंग्लंड लढतीत न्यूझीलंडने सामन्यावर एकहाती वर्चस्व गाजवत विश्वचषक स्पर्धेतील सलग तिस-या विजयाची नोंद केली.",
    "त्यातून काकूंनी पेटी माझ्या एव्हढी तोंडासमोर धरलेली की आणखी उशीर केला तर एखादा पेढा टुण्णकन उडी मारून आपणच माझ्या तोंडात जातो की काय असं वाटायला लागलं.",
    "माझ्या डोळ्यासमोर धूर ओकणार्‍या गाड्यांच्या भर ट्रॅफिकमधून पेढ्यांची उघडी थाळी नाचवत जाणारे देवाचे सेवक आले.",
    "'बाप रे!",
    "ह्याच्या हातातून ही थाळी पडली तर रे' ह्या माझ्या प्रश्नाला 'मग काय?",
    "उचलून परत ठेवत असेल थाळीत' हे बंधुराजांचं उत्तरही आठवलं.",
    "मग 'दूषित खव्याने बनवलेल्या पेढयातून विषबाधा' आणि 'पेढयातून गुंगीचं औषध देऊन प्रवाशांना लुबाडले' ह्या दोन्ही हेडलाईन्स सोबतीने डोळ्यांसमोर झळकल्या.",
    "'प्रसादाला नाही म्हणू नये' हे आज्जीचे शब्द आठवले.",
    "सेकंदभरात माझं 'वढाळ' मन एव्हढ फिरून आलं तरी समोर पेढा तसाच.",
    "एसटी बसमध्ये झाले कन्यारत्न",
    "लोकमान्य शिवजयंती चित्ररथ स्पर्धा जाहीर",
    "तर काय तीन बीन वाजता निघणार होतो की काय?",
    "यासाठी स्थानिक स्वराज्य संस्थांसह खासगी शैक्षणिक संस्थांना रोस्टर तपासणी करुन घेण्याची सक्‍ती करण्यात आली आहे.",
    "यात जोडीदाराशी संबंध, नवरा व मूल यांमधले संबंध, सासरच्या व्यक्तींशी असलेले संबंध यांचाही समावेश आहे.",
    "कोल्हापूर | जिल्ह्यातील श्री.",
    "क्षेत्र जोतिबा डोंगर येथे प्रत्येक वर्षी श्रावण महिन्यातील तिसऱ्या सोमवारी नगरप्रदक्षिणा दिंडी आयोजित करण्यात येते.",
    "कार्यकारी अधिकार विकास आणि राज्य धोरण आणि सामाजिक सेवा क्षेत्रात नमुना घालून देणारा कायदेशीर नियम तरतुदी अंमलबजावणी लढाई आहे फेडरल स्तरावर येथे;",
    "ट्विटरच्या 'या' निर्णयामुळे मोदींपासून ते बराक ओबामापर्यंत सगळ्याचे फॉलोअर्स झाले कमी",
    "सबब त्याचें वर्तमान गेलें नाहीं.",
    "पुणे-नाशिक महामार्ग यमराजाचे दार",
    "तसेच कोणत्याही परिस्थितीत गणेश नाईकांच्या मागे उभे राहायचे आहे असे आवाहन सुतार यांनी केले.",
    "हर्षवर्धन पाटील यांनी अखेर भाजपात प्रवेश केला आहे.",
    "वरील कंट्री मध्ये ledkarta स्थानिक क्लब आधारित Holm जिल्ह्यातील स्नोमोबाइल खुणा एक क्लिपिंग आहे.",
    "Holmsjön आणि लहान तलाव नेहमीच्या शिपिंग लेन, नक्कीच आहे बर्फ पत्रके च्या स्थितीवर अवलंबून.",
    "पूर्ण नकाशा पहा.",
    "Parle कंपनीने 10 हजार कर्मचाऱ्यांच्या कपातीचा निर्णय जाहीर केला.",
    "एक अद्वितीय रचना मागून येऊन गाठणे, किंवा अंमलबजावणी चित्रात एक योग्य सोपे निवडा.",
    "पण वाहतूक पोलिसाला किंवा मुंबई पालिकेचे कर्मचारी आले की, त्यांना फणस दिले की कारवाई होत नाही.",
    "ते बोलतात उत्तम इंग्रजी, मराठी, हिंदी, कानडी, तमीळ, तेलुगू आणि यासगळ्याची मिळून अशी बनलेली त्यांची अशी खास धारावीची भाषा.",
    "\" भारताचे पुढील तीन सामने अफगानिस्तान(22 जून), वेस्टइंडीज(27 जून) आणि इंग्लंड(30 जून)सोबत आहेत.",
    "परंतु खरा आक्षेप या अर्थसंकल्पावर हा घेता येईल की, देशात सर्वात ज्वलंत प्रश्न आहे तो बेरोजगारीचा.",
    "इरेन बहीण मृत्यू साठी आणि एक वास्तविक शोकांतिका होते.",
    "म्हणजे चांगल्या दर्जाचे फूटवेअर घेता येतील.",
    "त्यानं पुन्हा कधीही गौतमचं नाव घेतलं नाही.",
    "शिक्षण तज्ज्ञ,समाजसुधारक,स्त्री शिक्षणाचे अग्रदुत म्हणूनही त्यांची ओळख होती.",
    "फोटोग्राफीसाठी येथे 48 एमपी प्राथमिक आहे.",
    "गर्भधारणेदरम्यान, कापूर वापर सहज नाळेची आणि रक्त-मेंदू अडथळा पार करू शकता, अनिष्ट अशी व्यक्ती आहे.",
    "त्याचबरोबर रुग्णालय परिसरात आजच्या बंदचे फलक लावण्यात आले होते.",
    "मुंबई, बुधवार – पंजाब नॅशनल बँकेला (पीएनबी) तब्बल 11,300 कोटींचा गंडा घालून पसार झालेल्या नीरव मोदी याचे लंडनमधील एका बँकेत गुप्त खाते असल्याची माहिती समोर आले आहे.",
    "तो नक्की समान तत्व त्यांचे काम वेब इंजिन उपकरणे, कपडे, अन्य साधने यांचा संच उघडा वापर सर्व ब्राउझर प्रारंभ पृष्ठ सेट चालते की नोंद करावी.",
    "यावेळी प्रकरणातील आरोपी विकास यादव याला सोमवारी सर्वोच्च."
  ],
  "mentions": [
    {
      "id": 0,
      "text": "बालिके",
      "sentence": 0,
      "start": 0,
      "end": 6,
      "confidence": 1.0
    },
    {
      "id": 1,
      "text": "नराधमांना",
      "sentence": 0,
      "start": 13,
      "end": 22,
      "confidence": 1.0
    },
    {
      "id": 2,
      "text": "त्याचे",
      "sentence": 1,
      "start": 25,
      "end": 30,
      "confidence": 1.0
    },
    {
      "id": 3,
      "text": "पुस्तक",
      "sentence": 1,
      "start": 69,
      "end": 74,
      "confidence": 1.0
    },
    {
      "id": 4,
      "text": "चाहते",
      "sentence": 1,
      "start": 96,
      "end": 101,
      "confidence": 1.0
    },
    {
      "id": 5,
      "text": "त्यांनी",
      "sentence": 2,
      "start": 112,
      "end": 117,
      "confidence": 1.0
    },
    {
      "id": 6,
      "text": "भाविकांचे",
      "sentence": 2,
      "start": 118,
      "end": 125,
      "confidence": 1.0
    },
    {
      "id": 7,
      "text": "त्यांच्या",
      "sentence": 3,
      "start": 138,
      "end": 144,
      "confidence": 1.0
    },
    {
      "id": 8,
      "text": "मूर्ती",
      "sentence": 3,
      "start": 166,
      "end": 170,
      "confidence": 1.0
    },
    {
      "id": 9,
      "text": "पाकिस्तान",
      "sentence": 4,
      "start": 186,
      "end": 193,
      "confidence": 1.0
    },
    {
      "id": 10,
      "text": "कारखाना",
      "sentence": 4,
      "start": 201,
      "end": 208,
      "confidence": 1.0
    },
    {
      "id": 11,
      "text": "फ्रंटने",
      "sentence": 5,
      "start": 215,
      "end": 221,
      "confidence": 1.0
    },
    {
      "id": 12,
      "text": "नेत्यांना",
      "sentence": 5,
      "start": 237,
      "end": 243,
      "confidence": 1.0
    },
    {
      "id": 13,
      "text": "बंगालमध्ये",
      "sentence": 5,
      "start": 253,
      "end": 261,
      "confidence": 1.0
    },
    {
      "id": 14,
      "text": "शक्तीप्रदर्शन",
      "sentence": 5,
      "start": 263,
      "end": 273,
      "confidence": 1.0
    },
    {
      "id": 15,
      "text": "शिरसाट",
      "sentence": 6,
      "start": 281,
      "end": 287,
      "confidence": 1.0
    },
    {
      "id": 16,
      "text": "शिंदे",
      "sentence": 6,
      "start": 308,
      "end": 313,
      "confidence": 1.0
    },
    {
      "id": 17,
      "text": "राष्ट्रवादीने",
      "sentence": 7,
      "start": 323,
      "end": 331,
      "confidence": 1.0
    },
    {
      "id": 18,
      "text": "नोव्हेंबर",
      "sentence": 8,
      "start": 361,
      "end": 368,
      "confidence": 1.0
    },
    {
      "id": 19,
      "text": "तापमान",
      "sentence": 8,
      "start": 381,
      "end": 386,
      "confidence": 1.0
    },
    {
      "id": 20,
      "text": "इंदिरानगर",
      "sentence": 9,
      "start": 398,
      "end": 406,
      "confidence": 1.0
    },
    {
      "id": 21,
      "text": "झाडावर",
      "sentence": 9,
      "start": 444,
      "end": 450,
      "confidence": 1.0
    },
    {
      "id": 22,
      "text": "अपघातात",
      "sentence": 9,
      "start": 461,
      "end": 468,
      "confidence": 1.0
    },
    {
      "id": 23,
      "text": "जनता",
      "sentence": 10,
      "start": 504,
      "end": 508,
      "confidence": 1.0
    },
    {
      "id": 24,
      "text": "पक्षाचे",
      "sentence": 10,
      "start": 510,
      "end": 515,
      "confidence": 1.0
    },
    {
      "id": 25,
      "text": "आमदार",
      "sentence": 10,
      "start": 516,
      "end": 521,
      "confidence": 1.0
    },
    {
      "id": 26,
      "text": "शिवाजी",
      "sentence": 10,
      "start": 523,
      "end": 528,
      "confidence": 1.0
    },
    {
      "id": 27,
      "text": "पुतणे",
      "sentence": 10,
      "start": 539,
      "end": 543,
      "confidence": 1.0
    },
    {
      "id": 28,
      "text": "त्यांच्या",
      "sentence": 10,
      "start": 547,
      "end": 552,
      "confidence": 1.0
    },
    {
      "id": 29,
      "text": "भूमिका",
      "sentence": 10,
      "start": 570,
      "end": 575,
      "confidence": 1.0
    },
    {
      "id": 30,
      "text": "बाणेश्वर",
      "sentence": 10,
      "start": 579,
      "end": 585,
      "confidence": 1.0
    },
    {
      "id": 31,
      "text": "संघाचे",
      "sentence": 10,
      "start": 591,
      "end": 596,
      "confidence": 1.0
    },
    {
      "id": 32,
      "text": "रोहिदास",
      "sentence": 10,
      "start": 605,
      "end": 611,
      "confidence": 1.0
    },
    {
      "id": 33,
      "text": "राष्ट्रवादीच्या",
      "sentence": 10,
      "start": 621,
      "end": 631,
      "confidence": 1.0
    },
    {
      "id": 34,
      "text": "वाटेवर",
      "sentence": 10,
      "start": 633,
      "end": 638,
      "confidence": 1.0
    },
    {
      "id": 35,
      "text": "नेत्यांबरोबर",
      "sentence": 10,
      "start": 654,
      "end": 663,
      "confidence": 1.0
    },
    {
      "id": 36,
      "text": "प्रवेशाबाबत",
      "sentence": 10,
      "start": 665,
      "end": 672,
      "confidence": 1.0
    },
    {
      "id": 37,
      "text": "त्यांच्या",
      "sentence": 10,
      "start": 674,
      "end": 679,
      "confidence": 1.0
    },
    {
      "id": 38,
      "text": "बैठका",
      "sentence": 10,
      "start": 680,
      "end": 685,
      "confidence": 1.0
    },
    {
      "id": 39,
      "text": "मनात",
      "sentence": 11,
      "start": 696,
      "end": 700,
      "confidence": 1.0
    },
    {
      "id": 40,
      "text": "पाहुणी",
      "sentence": 11,
      "start": 710,
      "end": 715,
      "confidence": 1.0
    },
    {
      "id": 41,
      "text": "तुझा",
      "sentence": 12,
      "start": 717,
      "end": 721,
      "confidence": 1.0
    },
    {
      "id": 42,
      "text": "प्रतिशोध",
      "sentence": 12,
      "start": 722,
      "end": 729,
      "confidence": 1.0
    },
    {
      "id": 43,
      "text": "तुला",
      "sentence": 12,
      "start": 739,
      "end": 742,
      "confidence": 1.0
    },
    {
      "id": 44,
      "text": "मुक्ती",
      "sentence": 12,
      "start": 743,
      "end": 747,
      "confidence": 1.0
    },
    {
      "id": 45,
      "text": "न्यूझीलंड",
      "sentence": 13,
      "start": 762,
      "end": 769,
      "confidence": 1.0
    },
    {
      "id": 46,
      "text": "इंग्लंड",
      "sentence": 13,
      "start": 773,
      "end": 778,
      "confidence": 1.0
    },
    {
      "id": 47,
      "text": "लढतीत",
      "sentence": 13,
      "start": 780,
      "end": 786,
      "confidence": 1.0
    },
    {
      "id": 48,
      "text": "न्यूझीलंडने",
      "sentence": 13,
      "start": 789,
      "end": 797,
      "confidence": 1.0
    },
    {
      "id": 49,
      "text": "सामन्यावर",
      "sentence": 13,
      "start": 800,
      "end": 806,
      "confidence": 1.0
    },
    {
      "id": 50,
      "text": "विश्वचषक",
      "sentence": 13,
      "start": 816,
      "end": 823,
      "confidence": 1.0
    },
    {
      "id": 51,
      "text": "विजयाची",
      "sentence": 13,
      "start": 840,
      "end": 846,
      "confidence": 1.0
    },
    {
      "id": 52,
      "text": "नोंद",
      "sentence": 13,
      "start": 847,
      "end": 850,
      "confidence": 1.0
    },
    {
      "id": 53,
      "text": "काकूंनी",
      "sentence": 14,
      "start": 865,
      "end": 871,
      "confidence": 1.0
    },
    {
      "id": 54,
      "text": "पेटी",
      "sentence": 14,
      "start": 873,
      "end": 876,
      "confidence": 1.0
    },
    {
      "id": 55,
      "text": "माझ्या",
      "sentence": 14,
      "start": 878,
      "end": 882,
      "confidence": 1.0
    },
    {
      "id": 56,
      "text": "तोंडासमोर",
      "sentence": 14,
      "start": 884,
      "end": 891,
      "confidence": 1.0
    },
    {
      "id": 57,
      "text": "उशीर",
      "sentence": 14,
      "start": 902,
      "end": 906,
      "confidence": 1.0
    },
    {
      "id": 58,
      "text": "पेढा",
      "sentence": 14,
      "start": 919,
      "end": 923,
      "confidence": 1.0
    },
    {
      "id": 59,
      "text": "आपणच",
      "sentence": 14,
      "start": 937,
      "end": 941,
      "confidence": 1.0
    },
    {
      "id": 60,
      "text": "माझ्या",
      "sentence": 14,
      "start": 942,
      "end": 946,
      "confidence": 1.0
    },
    {
      "id": 61,
      "text": "तोंडात",
      "sentence": 14,
      "start": 948,
      "end": 953,
      "confidence": 1.0
    },
    {
      "id": 62,
      "text": "माझ्या",
      "sentence": 15,
      "start": 970,
      "end": 974,
      "confidence": 1.0
    },
    {
      "id": 63,
      "text": "गाड्यांच्या",
      "sentence": 15,
      "start": 998,
      "end": 1005,
      "confidence": 1.0
    },
    {
      "id": 64,
      "text": "ट्रॅफिकमधून",
      "sentence": 15,
      "start": 1007,
      "end": 1016,
      "confidence": 1.0
    },
    {
      "id": 65,
      "text": "पेढ्यांची",
      "sentence": 15,
      "start": 1019,
      "end": 1026,
      "confidence": 1.0
    },
    {
      "id": 66,
      "text": "थाळी",
      "sentence": 15,
      "start": 1028,
      "end": 1032,
      "confidence": 1.0
    },
    {
      "id": 67,
      "text": "देवाचे",
      "sentence": 15,
      "start": 1043,
      "end": 1047,
      "confidence": 1.0
    },
    {
      "id": 68,
      "text": "सेवक",
      "sentence": 15,
      "start": 1049,
      "end": 1053,
      "confidence": 1.0
    },
    {
      "id": 69,
      "text": "ह्याच्या",
      "sentence": 17,
      "start": 1067,
      "end": 1071,
      "confidence": 1.0
    },
    {
      "id": 70,
      "text": "हातातून",
      "sentence": 17,
      "start": 1073,
      "end": 1079,
      "confidence": 1.0
    },
    {
      "id": 71,
      "text": "थाळी",
      "sentence": 17,
      "start": 1084,
      "end": 1088,
      "confidence": 1.0
    },
    {
      "id": 72,
      "text": "माझ्या",
      "sentence": 17,
      "start": 1098,
      "end": 1102,
      "confidence": 1.0
    },
    {
      "id": 73,
      "text": "प्रश्नाला",
      "sentence": 17,
      "start": 1104,
      "end": 1109,
      "confidence": 1.0
    },
    {
      "id": 74,
      "text": "थाळीत",
      "sentence": 18,
      "start": 1124,
      "end": 1129,
      "confidence": 1.0
    },
    {
      "id": 75,
      "text": "उत्तरही",
      "sentence": 18,
      "start": 1144,
      "end": 1149,
      "confidence": 1.0
    },
    {
      "id": 76,
      "text": "खव्याने",
      "sentence": 19,
      "start": 1166,
      "end": 1171,
      "confidence": 1.0
    },
    {
      "id": 77,
      "text": "पेढयातून",
      "sentence": 19,
      "start": 1175,
      "end": 1182,
      "confidence": 1.0
    },
    {
      "id": 78,
      "text": "विषबाधा",
      "sentence": 19,
      "start": 1184,
      "end": 1190,
      "confidence": 1.0
    },
    {
      "id": 79,
      "text": "पेढयातून",
      "sentence": 19,
      "start": 1198,
      "end": 1205,
      "confidence": 1.0
    },
    {
      "id": 80,
      "text": "प्रवाशांना",
      "sentence": 19,
      "start": 1220,
      "end": 1227,
      "confidence": 1.0
    },
    {
      "id": 81,
      "text": "हेडलाईन्स",
      "sentence": 19,
      "start": 1234,
      "end": 1243,
      "confidence": 1.0
    },
    {
      "id": 82,
      "text": "प्रसादाला",
      "sentence": 20,
      "start": 1264,
      "end": 1271,
      "confidence": 1.0
    },
    {
      "id": 83,
      "text": "आज्जीचे",
      "sentence": 20,
      "start": 1282,
      "end": 1287,
      "confidence": 1.0
    },
    {
      "id": 84,
      "text": "शब्द",
      "sentence": 20,
      "start": 1288,
      "end": 1291,
      "confidence": 1.0
    },
    {
      "id": 85,
      "text": "पेढा",
      "sentence": 21,
      "start": 1337,
      "end": 1341,
      "confidence": 1.0
    },
    {
      "id": 86,
      "text": "कन्यारत्न",
      "sentence": 22,
      "start": 1360,
      "end": 1366,
      "confidence": 1.0
    },
    {
      "id": 87,
      "text": "लोकमान्य",
      "sentence": 23,
      "start": 1369,
      "end": 1375,
      "confidence": 1.0
    },
    {
      "id": 88,
      "text": "शिवजयंती",
      "sentence": 23,
      "start": 1377,
      "end": 1384,
      "confidence": 1.0
    },
    {
      "id": 89,
      "text": "चित्ररथ",
      "sentence": 23,
      "start": 1386,
      "end": 1391,
      "confidence": 1.0
    },
    {
      "id": 90,
      "text": "स्पर्धा",
      "sentence": 23,
      "start": 1392,
      "end": 1396,
      "confidence": 1.0
    },
    {
      "id": 91,
      "text": "स्वराज्य",
      "sentence": 25,
      "start": 1421,
      "end": 1426,
      "confidence": 1.0
    },
    {
      "id": 92,
      "text": "संस्थांसह",
      "sentence": 25,
      "start": 1428,
      "end": 1435,
      "confidence": 1.0
    },
    {
      "id": 93,
      "text": "शैक्षणिक",
      "sentence": 25,
      "start": 1440,
      "end": 1446,
      "confidence": 1.0
    },
    {
      "id": 94,
      "text": "संस्थांना",
      "sentence": 25,
      "start": 1447,
      "end": 1453,
      "confidence": 1.0
    },
    {
      "id": 95,
      "text": "रोस्टर",
      "sentence": 25,
      "start": 1456,
      "end": 1461,
      "confidence": 1.0
    },
    {
      "id": 96,
      "text": "तपासणी",
      "sentence": 25,
      "start": 1463,
      "end": 1469,
      "confidence": 1.0
    },
    {
      "id": 97,
      "text": "सक्‍ती",
      "sentence": 25,
      "start": 1479,
      "end": 1483,
      "confidence": 1.0
    },
    {
      "id": 98,
      "text": "जोडीदाराशी",
      "sentence": 26,
      "start": 1492,
      "end": 1500,
      "confidence": 1.0
    },
    {
      "id": 99,
      "text": "संबंध",
      "sentence": 26,
      "start": 1501,
      "end": 1506,
      "confidence": 1.0
    },
    {
      "id": 100,
      "text": "नवरा",
      "sentence": 26,
      "start": 1509,
      "end": 1513,
      "confidence": 1.0
    },
    {
      "id": 101,
      "text": "संबंध",
      "sentence": 26,
      "start": 1530,
      "end": 1535,
      "confidence": 1.0
    },
    {
      "id": 102,
      "text": "व्यक्तींशी",
      "sentence": 26,
      "start": 1546,
      "end": 1552,
      "confidence": 1.0
    },
    {
      "id": 103,
      "text": "संबंध",
      "sentence": 26,
      "start": 1555,
      "end": 1560,
      "confidence": 1.0
    },
    {
      "id": 104,
      "text": "कोल्हापूर",
      "sentence": 27,
      "start": 1579,
      "end": 1586,
      "confidence": 1.0
    },
    {
      "id": 105,
      "text": "जोतिबा",
      "sentence": 28,
      "start": 1610,
      "end": 1615,
      "confidence": 1.0
    },
    {
      "id": 106,
      "text": "डोंगर",
      "sentence": 28,
      "start": 1617,
      "end": 1621,
      "confidence": 1.0
    },
    {
      "id": 107,
      "text": "वर्षी",
      "sentence": 28,
      "start": 1631,
      "end": 1634,
      "confidence": 1.0
    },
    {
      "id": 108,
      "text": "श्रावण",
      "sentence": 28,
      "start": 1638,
      "end": 1643,
      "confidence": 1.0
    },
    {
      "id": 109,
      "text": "नगरप्रदक्षिणा",
      "sentence": 28,
      "start": 1667,
      "end": 1677,
      "confidence": 1.0
    },
    {
      "id": 110,
      "text": "दिंडी",
      "sentence": 28,
      "start": 1679,
      "end": 1683,
      "confidence": 1.0
    },
    {
      "id": 111,
      "text": "अधिकार",
      "sentence": 29,
      "start": 1697,
      "end": 1702,
      "confidence": 1.0
    },
    {
      "id": 112,
      "text": "विकास",
      "sentence": 29,
      "start": 1704,
      "end": 1708,
      "confidence": 1.0
    },
    {
      "id": 113,
      "text": "राज्य",
      "sentence": 29,
      "start": 1713,
      "end": 1716,
      "confidence": 1.0
    },
    {
      "id": 114,
      "text": "धोरण",
      "sentence": 29,
      "start": 1718,
      "end": 1722,
      "confidence": 1.0
    },
    {
      "id": 115,
      "text": "सेवा",
      "sentence": 29,
      "start": 1734,
      "end": 1737,
      "confidence": 1.0
    },
    {
      "id": 116,
      "text": "क्षेत्रात",
      "sentence": 29,
      "start": 1739,
      "end": 1744,
      "confidence": 1.0
    },
    {
      "id": 117,
      "text": "नमुना",
      "sentence": 29,
      "start": 1749,
      "end": 1753,
      "confidence": 1.0
    },
    {
      "id": 118,
      "text": "नियम",
      "sentence": 29,
      "start": 1772,
      "end": 1775,
      "confidence": 1.0
    },
    {
      "id": 119,
      "text": "अंमलबजावणी",
      "sentence": 29,
      "start": 1787,
      "end": 1795,
      "confidence": 1.0
    },
    {
      "id": 120,
      "text": "लढाई",
      "sentence": 29,
      "start": 1797,
      "end": 1801,
      "confidence": 1.0
    },
    {
      "id": 121,
      "text": "स्तरावर",
      "sentence": 29,
      "start": 1812,
      "end": 1817,
      "confidence": 1.0
    },
    {
      "id": 122,
      "text": "निर्णयामुळे",
      "sentence": 30,
      "start": 1832,
      "end": 1839,
      "confidence": 1.0
    },
    {
      "id": 123,
      "text": "मोदींपासून",
      "sentence": 30,
      "start": 1840,
      "end": 1849,
      "confidence": 1.0
    },
    {
      "id": 124,
      "text": "फॉलोअर्स",
      "sentence": 30,
      "start": 1875,
      "end": 1883,
      "confidence": 1.0
    },
    {
      "id": 125,
      "text": "पुणे-नाशिक",
      "sentence": 32,
      "start": 1907,
      "end": 1916,
      "confidence": 1.0
    },
    {
      "id": 126,
      "text": "महामार्ग",
      "sentence": 32,
      "start": 1918,
      "end": 1924,
      "confidence": 1.0
    },
    {
      "id": 127,
      "text": "यमराजाचे",
      "sentence": 32,
      "start": 1927,
      "end": 1933,
      "confidence": 1.0
    },
    {
      "id": 128,
      "text": "परिस्थितीत",
      "sentence": 33,
      "start": 1950,
      "end": 1957,
      "confidence": 1.0
    },
    {
      "id": 129,
      "text": "गणेश",
      "sentence": 33,
      "start": 1960,
      "end": 1964,
      "confidence": 1.0
    },
    {
      "id": 130,
      "text": "आवाहन",
      "sentence": 33,
      "start": 1985,
      "end": 1990,
      "confidence": 1.0
    },
    {
      "id": 131,
      "text": "सुतार",
      "sentence": 33,
      "start": 1992,
      "end": 1997,
      "confidence": 1.0
    },
    {
      "id": 132,
      "text": "हर्षवर्धन",
      "sentence": 34,
      "start": 2002,
      "end": 2009,
      "confidence": 1.0
    },
    {
      "id": 133,
      "text": "पाटील",
      "sentence": 34,
      "start": 2012,
      "end": 2016,
      "confidence": 1.0
    },
    {
      "id": 134,
      "text": "भाजपात",
      "sentence": 34,
      "start": 2024,
      "end": 2029,
      "confidence": 1.0
    },
    {
      "id": 135,
      "text": "प्रवेश",
      "sentence": 34,
      "start": 2031,
      "end": 2035,
      "confidence": 1.0
    },
    {
      "id": 136,
      "text": "कंट्री",
      "sentence": 35,
      "start": 2046,
      "end": 2050,
      "confidence": 1.0
    },
    {
      "id": 137,
      "text": "ledkarta",
      "sentence": 35,
      "start": 2055,
      "end": 2062,
      "confidence": 1.0
    },
    {
      "id": 138,
      "text": "क्लब",
      "sentence": 35,
      "start": 2072,
      "end": 2075,
      "confidence": 1.0
    },
    {
      "id": 139,
      "text": "Holm",
      "sentence": 35,
      "start": 2083,
      "end": 2087,
      "confidence": 1.0
    },
    {
      "id": 140,
      "text": "स्नोमोबाइल",
      "sentence": 35,
      "start": 2098,
      "end": 2106,
      "confidence": 1.0
    },
    {
      "id": 141,
      "text": "क्लिपिंग",
      "sentence": 35,
      "start": 2116,
      "end": 2122,
      "confidence": 1.0
    },
    {
      "id": 142,
      "text": "तलाव",
      "sentence": 36,
      "start": 2140,
      "end": 2144,
      "confidence": 1.0
    },
    {
      "id": 143,
      "text": "बर्फ",
      "sentence": 36,
      "start": 2172,
      "end": 2175,
      "confidence": 1.0
    },
    {
      "id": 144,
      "text": "पत्रके",
      "sentence": 36,
      "start": 2177,
      "end": 2181,
      "confidence": 1.0
    },
    {
      "id": 145,
      "text": "Parle",
      "sentence": 38,
      "start": 2209,
      "end": 2213,
      "confidence": 1.0
    },
    {
      "id": 146,
      "text": "कंपनीने",
      "sentence": 38,
      "start": 2215,
      "end": 2220,
      "confidence": 1.0
    },
    {
      "id": 147,
      "text": "कर्मचाऱ्यांच्या",
      "sentence": 38,
      "start": 2229,
      "end": 2239,
      "confidence": 1.0
    },
    {
      "id": 148,
      "text": "कपातीचा",
      "sentence": 38,
      "start": 2242,
      "end": 2248,
      "confidence": 1.0
    },
    {
      "id": 149,
      "text": "निर्णय",
      "sentence": 38,
      "start": 2249,
      "end": 2253,
      "confidence": 1.0
    },
    {
      "id": 150,
      "text": "रचना",
      "sentence": 39,
      "start": 2270,
      "end": 2273,
      "confidence": 1.0
    },
    {
      "id": 151,
      "text": "अंमलबजावणी",
      "sentence": 39,
      "start": 2294,
      "end": 2302,
      "confidence": 1.0
    },
    {
      "id": 152,
      "text": "चित्रात",
      "sentence": 39,
      "start": 2303,
      "end": 2308,
      "confidence": 1.0
    },
    {
      "id": 153,
      "text": "पोलिसाला",
      "sentence": 40,
      "start": 2328,
      "end": 2335,
      "confidence": 1.0
    },
    {
      "id": 154,
      "text": "मुंबई",
      "sentence": 40,
      "start": 2339,
      "end": 2343,
      "confidence": 1.0
    },
    {
      "id": 155,
      "text": "पालिकेचे",
      "sentence": 40,
      "start": 2345,
      "end": 2351,
      "confidence": 1.0
    },
    {
      "id": 156,
      "text": "कर्मचारी",
      "sentence": 40,
      "start": 2352,
      "end": 2358,
      "confidence": 1.0
    },
    {
      "id": 157,
      "text": "त्यांना",
      "sentence": 40,
      "start": 2366,
      "end": 2370,
      "confidence": 1.0
    },
    {
      "id": 158,
      "text": "ते",
      "sentence": 41,
      "start": 2397,
      "end": 2399,
      "confidence": 1.0
    },
    {
      "id": 159,
      "text": "इंग्रजी",
      "sentence": 41,
      "start": 2407,
      "end": 2412,
      "confidence": 1.0
    },
    {
      "id": 160,
      "text": "मराठी",
      "sentence": 41,
      "start": 2415,
      "end": 2420,
      "confidence": 1.0
    },
    {
      "id": 161,
      "text": "कानडी",
      "sentence": 41,
      "start": 2428,
      "end": 2433,
      "confidence": 1.0
    },
    {
      "id": 162,
      "text": "तेलुगू",
      "sentence": 41,
      "start": 2442,
      "end": 2447,
      "confidence": 1.0
    },
    {
      "id": 163,
      "text": "यासगळ्याची",
      "sentence": 41,
      "start": 2449,
      "end": 2457,
      "confidence": 1.0
    },
    {
      "id": 164,
      "text": "त्यांची",
      "sentence": 41,
      "start": 2469,
      "end": 2474,
      "confidence": 1.0
    },
    {
      "id": 165,
      "text": "धारावीची",
      "sentence": 41,
      "start": 2477,
      "end": 2483,
      "confidence": 1.0
    },
    {
      "id": 166,
      "text": "भाषा",
      "sentence": 41,
      "start": 2485,
      "end": 2488,
      "confidence": 1.0
    },
    {
      "id": 167,
      "text": "भारताचे",
      "sentence": 42,
      "start": 2490,
      "end": 2495,
      "confidence": 1.0
    },
    {
      "id": 168,
      "text": "सामने",
      "sentence": 42,
      "start": 2503,
      "end": 2507,
      "confidence": 1.0
    },
    {
      "id": 169,
      "text": "अफगानिस्तान",
      "sentence": 42,
      "start": 2509,
      "end": 2519,
      "confidence": 1.0
    },
    {
      "id": 170,
      "text": "वेस्टइंडीज",
      "sentence": 42,
      "start": 2531,
      "end": 2540,
      "confidence": 1.0
    },
    {
      "id": 171,
      "text": "इंग्लंड",
      "sentence": 42,
      "start": 2548,
      "end": 2553,
      "confidence": 1.0
    },
    {
      "id": 172,
      "text": "आक्षेप",
      "sentence": 43,
      "start": 2565,
      "end": 2569,
      "confidence": 1.0
    },
    {
      "id": 173,
      "text": "अर्थसंकल्पावर",
      "sentence": 43,
      "start": 2577,
      "end": 2587,
      "confidence": 1.0
    },
    {
      "id": 174,
      "text": "देशात",
      "sentence": 43,
      "start": 2596,
      "end": 2600,
      "confidence": 1.0
    },
    {
      "id": 175,
      "text": "प्रश्न",
      "sentence": 43,
      "start": 2608,
      "end": 2611,
      "confidence": 1.0
    },
    {
      "id": 176,
      "text": "बहीण",
      "sentence": 44,
      "start": 2632,
      "end": 2636,
      "confidence": 1.0
    },
    {
      "id": 177,
      "text": "मृत्यू",
      "sentence": 44,
      "start": 2638,
      "end": 2642,
      "confidence": 1.0
    },
    {
      "id": 178,
      "text": "शोकांतिका",
      "sentence": 44,
      "start": 2652,
      "end": 2659,
      "confidence": 1.0
    },
    {
      "id": 179,
      "text": "फूटवेअर",
      "sentence": 45,
      "start": 2674,
      "end": 2680,
      "confidence": 1.0
    },
    {
      "id": 180,
      "text": "त्यानं",
      "sentence": 46,
      "start": 2688,
      "end": 2692,
      "confidence": 1.0
    },
    {
      "id": 181,
      "text": "शिक्षण",
      "sentence": 47,
      "start": 2717,
      "end": 2721,
      "confidence": 1.0
    },
    {
      "id": 182,
      "text": "तज्ज्ञ",
      "sentence": 47,
      "start": 2724,
      "end": 2728,
      "confidence": 1.0
    },
    {
      "id": 183,
      "text": "समाजसुधारक",
      "sentence": 47,
      "start": 2730,
      "end": 2739,
      "confidence": 1.0
    },
    {
      "id": 184,
      "text": "स्त्री",
      "sentence": 47,
      "start": 2742,
      "end": 2744,
      "confidence": 1.0
    },
    {
      "id": 185,
      "text": "शिक्षणाचे",
      "sentence": 47,
      "start": 2746,
      "end": 2752,
      "confidence": 1.0
    },
    {
      "id": 186,
      "text": "अग्रदुत",
      "sentence": 47,
      "start": 2755,
      "end": 2760,
      "confidence": 1.0
    },
    {
      "id": 187,
      "text": "त्यांची",
      "sentence": 47,
      "start": 2771,
      "end": 2776,
      "confidence": 1.0
    },
    {
      "id": 188,
      "text": "एमपी",
      "sentence": 48,
      "start": 2804,
      "end": 2806,
      "confidence": 1.0
    },
    {
      "id": 189,
      "text": "गर्भधारणेदरम्यान",
      "sentence": 49,
      "start": 2818,
      "end": 2829,
      "confidence": 1.0
    },
    {
      "id": 190,
      "text": "कापूर",
      "sentence": 49,
      "start": 2831,
      "end": 2835,
      "confidence": 1.0
    },
    {
      "id": 191,
      "text": "वापर",
      "sentence": 49,
      "start": 2837,
      "end": 2840,
      "confidence": 1.0
    },
    {
      "id": 192,
      "text": "नाळेची",
      "sentence": 49,
      "start": 2846,
      "end": 2851,
      "confidence": 1.0
    },
    {
      "id": 193,
      "text": "रक्त-मेंदू",
      "sentence": 49,
      "start": 2858,
      "end": 2865,
      "confidence": 1.0
    },
    {
      "id": 194,
      "text": "अडथळा",
      "sentence": 49,
      "start": 2866,
      "end": 2871,
      "confidence": 1.0
    },
    {
      "id": 195,
      "text": "व्यक्ती",
      "sentence": 49,
      "start": 2885,
      "end": 2888,
      "confidence": 1.0
    },
    {
      "id": 196,
      "text": "रुग्णालय",
      "sentence": 50,
      "start": 2898,
      "end": 2904,
      "confidence": 1.0
    },
    {
      "id": 197,
      "text": "मुंबई",
      "sentence": 51,
      "start": 2937,
      "end": 2941,
      "confidence": 1.0
    },
    {
      "id": 198,
      "text": "बुधवार",
      "sentence": 51,
      "start": 2944,
      "end": 2949,
      "confidence": 1.0
    },
    {
      "id": 199,
      "text": "पंजाब",
      "sentence": 51,
      "start": 2955,
      "end": 2959,
      "confidence": 1.0
    },
    {
      "id": 200,
      "text": "नॅशनल",
      "sentence": 51,
      "start": 2961,
      "end": 2966,
      "confidence": 1.0
    },
    {
      "id": 201,
      "text": "बँकेला",
      "sentence": 51,
      "start": 2968,
      "end": 2973,
      "confidence": 1.0
    },
    {
      "id": 202,
      "text": "पीएनबी",
      "sentence": 51,
      "start": 2978,
      "end": 2983,
      "confidence": 1.0
    },
    {
      "id": 203,
      "text": "गंडा",
      "sentence": 51,
      "start": 3000,
      "end": 3003,
      "confidence": 1.0
    },
    {
      "id": 204,
      "text": "नीरव",
      "sentence": 51,
      "start": 3020,
      "end": 3024,
      "confidence": 1.0
    },
    {
      "id": 205,
      "text": "मोदी",
      "sentence": 51,
      "start": 3026,
      "end": 3029,
      "confidence": 1.0
    },
    {
      "id": 206,
      "text": "याचे",
      "sentence": 51,
      "start": 3031,
      "end": 3034,
      "confidence": 1.0
    },
    {
      "id": 207,
      "text": "बँकेत",
      "sentence": 51,
      "start": 3050,
      "end": 3054,
      "confidence": 1.0
    },
    {
      "id": 208,
      "text": "खाते",
      "sentence": 51,
      "start": 3056,
      "end": 3059,
      "confidence": 1.0
    },
    {
      "id": 209,
      "text": "माहिती",
      "sentence": 51,
      "start": 3065,
      "end": 3069,
      "confidence": 1.0
    },
    {
      "id": 210,
      "text": "तो",
      "sentence": 52,
      "start": 3079,
      "end": 3081,
      "confidence": 1.0
    },
    {
      "id": 211,
      "text": "तत्व",
      "sentence": 52,
      "start": 3090,
      "end": 3092,
      "confidence": 1.0
    },
    {
      "id": 212,
      "text": "त्यांचे",
      "sentence": 52,
      "start": 3095,
      "end": 3099,
      "confidence": 1.0
    },
    {
      "id": 213,
      "text": "इंजिन",
      "sentence": 52,
      "start": 3109,
      "end": 3113,
      "confidence": 1.0
    },
    {
      "id": 214,
      "text": "उपकरणे",
      "sentence": 52,
      "start": 3116,
      "end": 3121,
      "confidence": 1.0
    },
    {
      "id": 215,
      "text": "कपडे",
      "sentence": 52,
      "start": 3123,
      "end": 3126,
      "confidence": 1.0
    },
    {
      "id": 216,
      "text": "साधने",
      "sentence": 52,
      "start": 3134,
      "end": 3138,
      "confidence": 1.0
    },
    {
      "id": 217,
      "text": "वापर",
      "sentence": 52,
      "start": 3151,
      "end": 3154,
      "confidence": 1.0
    },
    {
      "id": 218,
      "text": "ब्राउझर",
      "sentence": 52,
      "start": 3160,
      "end": 3165,
      "confidence": 1.0
    },
    {
      "id": 219,
      "text": "प्रारंभ",
      "sentence": 52,
      "start": 3167,
      "end": 3171,
      "confidence": 1.0
    },
    {
      "id": 220,
      "text": "पृष्ठ",
      "sentence": 52,
      "start": 3172,
      "end": 3175,
      "confidence": 1.0
    },
    {
      "id": 221,
      "text": "नोंद",
      "sentence": 52,
      "start": 3187,
      "end": 3190,
      "confidence": 1.0
    },
    {
      "id": 222,
      "text": "आरोपी",
      "sentence": 53,
      "start": 3210,
      "end": 3214,
      "confidence": 1.0
    },
    {
      "id": 223,
      "text": "विकास",
      "sentence": 53,
      "start": 3216,
      "end": 3220,
      "confidence": 1.0
    },
    {
      "id": 224,
      "text": "यादव",
      "sentence": 53,
      "start": 3222,
      "end": 3226,
      "confidence": 1.0
    }
  ],
  "clusters": [
    [
      2,
      6,
      8
    ],
    [
      35,
      36,
      38
    ],
    [
      45,
      46,
      52
    ],
    [
      57,
      59
    ],
    [
      62,
      65
    ],
    [
      73,
      79,
      80,
      82,
      95,
      111
    ],
    [
      77,
      87,
      101,
      103,
      114
    ],
    [
      88,
      94,
      97
    ],
    [
      90,
      92
    ],
    [
      166,
      167
    ],
    [
      208,
      211,
      212
    ],
    [
      215,
      223
    ]
  ]
}