{
  "document_id": "document_56",
  "sentences": [
    "दुकानाचे शटर उचकटून चोरी",
    "मुंबई | तब्बल 168 किलो कांद्याची चोरी",
    "निवडणुकांपूर्वीही मोदींनी त्यांच्या आईचे …",
    "त्यानंतर त्यांचा भाऊ व इतरांनी कारमध्ये पाहिले असता चंद्रशेखर मृतावस्थेत आढळले.",
    "त्यानंतर मग शरीराची ओढ कशी तोडायची?",
    "नगरसेवक मोदी यांनी या चर्चेचा सूर पकडत डिझेल विषयावर एवढ्या गांभीर्याने चर्चा झाली व कारवाईचे संकेत दिले तर बाजार पुलासाठी 1 कोटी 80 लाख रुपये जादा दिलेल्या विषयावर नगराध्यक्ष कोणता निर्णय घेणार यावरून खडाजंगी झाली.",
    "बहुमत मिळवण्यासाठी भाजपची धावाधाव सुरू असतानाच, आता काँग्रेस आणि जेडीएसचे चार आमदार तसेच भाजपचा एक आमदार ‘गायब’ झाले आहेत.",
    "घर ब्लॉक, गोल नोंदी नक्कल जे समोर पृष्ठभाग - विशेषज्ञ रेघा, चंदेरी रेषा विविध लक्ष द्या सूचित.",
    "\" परत आगाऊ स्त्री सदस्य.",
    "दक्षिण सोलापूर मतदारसंघातून महिला काँग्रेसच्या जिल्हाध्यक्षा इंदुमती अलगोंडा-पाटील या इच्छुक होत्या.",
    "मुलायम रिबन;",
    "हा घोटाळा २५ हजार कोटींचा असल्याचे ईडीने म्हटले आहे.",
    "हे प्रकरण कॅनडामधील आहे.",
    "एक सामान्य प्रसूतीपूर्व काळात पहिल्या सहामाहीत TTG (अंदाजे 20-30% आणि singletons असलेल्या रुग्णांना अनेक गर्भधारणा सर्व प्रकरणांची) कमी म्हणून चिन्हांकित केली.",
    "भीमसेन जोशींचा कार्यक्रम ते शक्यतो चुकवत नसत.",
    "मुंबईला तो चक्क आमच्या दोन खोल्यांत राहिला.",
    "बेळगाव | बेळगावात काळा दिवस",
    "तसेच वाकुर्डेचे पाणी विभागाला दिले जाईल असे आश्‍वासन दिले.",
    "स्वत:शी निगडित अनेक सिक्रेट जगापुढे आली तर?",
    "त्या पार्श्वभूमीवर शेतकऱ्यांची गरज लक्षात घेऊन सुमारे चारशे-पाचशे कोटी रुपयांचा शेतकऱ्यांना थेट कर्जपुरवठा करण्याची तयारी बँकेने केली आहे.",
    "परासरन् म्हणाले की, हिंदूंची श्रद्धा आहे की, भगवान श्रीरामाचा येथे जन्म झाला होता.",
    "सीसीटीव्ही कॅमेरात चड्डी बनियान घातलेले दोन चोरटे कैद झाले आहेत.",
    "एचएसबीसीने हवामानबदल विषयक 67 विकसित, विकसनशील देशांच्या संभाव्य हानीचे अध्ययन केले.",
    "याचे भान मोदींना राहिले नाही.",
    "प्रारंभीक पातळीवरचा लेख दुसऱ्या पातळीवरचे 5 आणि त्यापेक्षा जास्त लेख केलेल्या एका व्यक्तीकडून तपासून मान्यता देऊ शकतील.",
    "मात्र, कुटुंबीयांना याचा पत्ता नसतो.",
    "साडेचार फूट लांबीचे कासव असून वजन सुमारे 90 किलो आहे.",
    "मंत्रालयात कृषी विभागात सहाय्यक सचिव या पदावर आर."
  ],
  "mentions": [
    {
      "id": 0,
      "text": "चोरी",
      "sentence": 0,
      "start": 20,
      "end": 24,
      "confidence": 1.0
    },
    {
      "id": 1,
      "text": "मुंबई",
      "sentence": 1,
      "start": 26,
      "end": 31,
      "confidence": 1.0
    },
    {
      "id": 2,
      "text": "किलो",
      "sentence": 1,
      "start": 44,
      "end": 48,
      "confidence": 1.0
    },
    {
      "id": 3,
      "text": "चोरी",
      "sentence": 1,
      "start": 59,
      "end": 63,
      "confidence": 1.0
    },
    {
      "id": 4,
      "text": "मोदींनी",
      "sentence": 2,
      "start": 81,
      "end": 88,
      "confidence": 1.0
    },
    {
      "id": 5,
      "text": "त्यांच्या",
      "sentence": 2,
      "start": 89,
      "end": 96,
      "confidence": 1.0
    },
    {
      "id": 6,
      "text": "आईचे",
      "sentence": 2,
      "start": 97,
      "end": 101,
      "confidence": 1.0
    },
    {
      "id": 7,
      "text": "त्यांचा",
      "sentence": 3,
      "start": 115,
      "end": 121,
      "confidence": 1.0
    },
    {
      "id": 8,
      "text": "इतरांनी",
      "sentence": 3,
      "start": 128,
      "end": 134,
      "confidence": 1.0
    },
    {
      "id": 9,
      "text": "कारमध्ये",
      "sentence": 3,
      "start": 135,
      "end": 142,
      "confidence": 1.0
    },
    {
      "id": 10,
      "text": "चंद्रशेखर",
      "sentence": 3,
      "start": 155,
      "end": 164,
      "confidence": 1.0
    },
    {
      "id": 11,
      "text": "शरीराची",
      "sentence": 4,
      "start": 185,
      "end": 192,
      "confidence": 1.0
    },
    {
      "id": 12,
      "text": "नगरसेवक",
      "sentence": 5,
      "start": 214,
      "end": 222,
      "confidence": 1.0
    },
    {
      "id": 13,
      "text": "मोदी",
      "sentence": 5,
      "start": 223,
      "end": 227,
      "confidence": 1.0
    },
    {
      "id": 14,
      "text": "डिझेल",
      "sentence": 5,
      "start": 251,
      "end": 256,
      "confidence": 1.0
    },
    {
      "id": 15,
      "text": "विषयावर",
      "sentence": 5,
      "start": 257,
      "end": 264,
      "confidence": 1.0
    },
    {
      "id": 16,
      "text": "चर्चा",
      "sentence": 5,
      "start": 276,
      "end": 280,
      "confidence": 1.0
    },
    {
      "id": 17,
      "text": "कारवाईचे",
      "sentence": 5,
      "start": 286,
      "end": 293,
      "confidence": 1.0
    },
    {
      "id": 18,
      "text": "संकेत",
      "sentence": 5,
      "start": 294,
      "end": 299,
      "confidence": 1.0
    },
    {
      "id": 19,
      "text": "बाजार",
      "sentence": 5,
      "start": 311,
      "end": 315,
      "confidence": 1.0
    },
    {
      "id": 20,
      "text": "पुलासाठी",
      "sentence": 5,
      "start": 316,
      "end": 323,
      "confidence": 1.0
    },
    {
      "id": 21,
      "text": "कोटी",
      "sentence": 5,
      "start": 327,
      "end": 331,
      "confidence": 1.0
    },
    {
      "id": 22,
      "text": "रुपये",
      "sentence": 5,
      "start": 340,
      "end": 344,
      "confidence": 1.0
    },
    {
      "id": 23,
      "text": "विषयावर",
      "sentence": 5,
      "start": 359,
      "end": 366,
      "confidence": 1.0
    },
    {
      "id": 24,
      "text": "नगराध्यक्ष",
      "sentence": 5,
      "start": 367,
      "end": 376,
      "confidence": 1.0
    },
    {
      "id": 25,
      "text": "निर्णय",
      "sentence": 5,
      "start": 383,
      "end": 388,
      "confidence": 1.0
    },
    {
      "id": 26,
      "text": "खडाजंगी",
      "sentence": 5,
      "start": 396,
      "end": 403,
      "confidence": 1.0
    },
    {
      "id": 27,
      "text": "बहुमत",
      "sentence": 6,
      "start": 405,
      "end": 410,
      "confidence": 1.0
    },
    {
      "id": 28,
      "text": "भाजपची",
      "sentence": 6,
      "start": 420,
      "end": 426,
      "confidence": 1.0
    },
    {
      "id": 29,
      "text": "धावाधाव",
      "sentence": 6,
      "start": 427,
      "end": 434,
      "confidence": 1.0
    },
    {
      "id": 30,
      "text": "काँग्रेस",
      "sentence": 6,
      "start": 456,
      "end": 462,
      "confidence": 1.0
    },
    {
      "id": 31,
      "text": "जेडीएसचे",
      "sentence": 6,
      "start": 467,
      "end": 474,
      "confidence": 1.0
    },
    {
      "id": 32,
      "text": "आमदार",
      "sentence": 6,
      "start": 480,
      "end": 485,
      "confidence": 1.0
    },
    {
      "id": 33,
      "text": "आमदार",
      "sentence": 6,
      "start": 503,
      "end": 508,
      "confidence": 1.0
    },
    {
      "id": 34,
      "text": "ब्लॉक",
      "sentence": 7,
      "start": 520,
      "end": 524,
      "confidence": 1.0
    },
    {
      "id": 35,
      "text": "नोंदी",
      "sentence": 7,
      "start": 530,
      "end": 534,
      "confidence": 1.0
    },
    {
      "id": 36,
      "text": "नक्कल",
      "sentence": 7,
      "start": 535,
      "end": 540,
      "confidence": 1.0
    },
    {
      "id": 37,
      "text": "पृष्ठभाग",
      "sentence": 7,
      "start": 548,
      "end": 555,
      "confidence": 1.0
    },
    {
      "id": 38,
      "text": "विशेषज्ञ",
      "sentence": 7,
      "start": 558,
      "end": 566,
      "confidence": 1.0
    },
    {
      "id": 39,
      "text": "रेघा",
      "sentence": 7,
      "start": 567,
      "end": 571,
      "confidence": 1.0
    },
    {
      "id": 40,
      "text": "रेषा",
      "sentence": 7,
      "start": 579,
      "end": 582,
      "confidence": 1.0
    },
    {
      "id": 41,
      "text": "लक्ष",
      "sentence": 7,
      "start": 588,
      "end": 591,
      "confidence": 1.0
    },
    {
      "id": 42,
      "text": "स्त्री",
      "sentence": 8,
      "start": 598,
      "end": 601,
      "confidence": 1.0
    },
    {
      "id": 43,
      "text": "सदस्य",
      "sentence": 8,
      "start": 602,
      "end": 606,
      "confidence": 1.0
    },
    {
      "id": 44,
      "text": "सोलापूर",
      "sentence": 9,
      "start": 614,
      "end": 620,
      "confidence": 1.0
    },
    {
      "id": 45,
      "text": "मतदारसंघातून",
      "sentence": 9,
      "start": 621,
      "end": 632,
      "confidence": 1.0
    },
    {
      "id": 46,
      "text": "महिला",
      "sentence": 9,
      "start": 633,
      "end": 637,
      "confidence": 1.0
    },
    {
      "id": 47,
      "text": "जिल्हाध्यक्षा",
      "sentence": 9,
      "start": 647,
      "end": 658,
      "confidence": 1.0
    },
    {
      "id": 48,
      "text": "इंदुमती",
      "sentence": 9,
      "start": 659,
      "end": 665,
      "confidence": 1.0
    },
    {
      "id": 49,
      "text": "अलगोंडा-पाटील",
      "sentence": 9,
      "start": 666,
      "end": 680,
      "confidence": 1.0
    },
    {
      "id": 50,
      "text": "रिबन",
      "sentence": 10,
      "start": 686,
      "end": 690,
      "confidence": 1.0
    },
    {
      "id": 51,
      "text": "घोटाळा",
      "sentence": 11,
      "start": 695,
      "end": 700,
      "confidence": 1.0
    },
    {
      "id": 52,
      "text": "ईडीने",
      "sentence": 11,
      "start": 726,
      "end": 730,
      "confidence": 1.0
    },
    {
      "id": 53,
      "text": "प्रकरण",
      "sentence": 12,
      "start": 737,
      "end": 742,
      "confidence": 1.0
    },
    {
      "id": 54,
      "text": "काळात",
      "sentence": 13,
      "start": 768,
      "end": 773,
      "confidence": 1.0
    },
    {
      "id": 55,
      "text": "रुग्णांना",
      "sentence": 13,
      "start": 822,
      "end": 829,
      "confidence": 1.0
    },
    {
      "id": 56,
      "text": "गर्भधारणा",
      "sentence": 13,
      "start": 834,
      "end": 842,
      "confidence": 1.0
    },
    {
      "id": 57,
      "text": "प्रकरणांची",
      "sentence": 13,
      "start": 847,
      "end": 856,
      "confidence": 1.0
    },
    {
      "id": 58,
      "text": "कार्यक्रम",
      "sentence": 14,
      "start": 872,
      "end": 879,
      "confidence": 1.0
    },
    {
      "id": 59,
      "text": "ते",
      "sentence": 14,
      "start": 880,
      "end": 882,
      "confidence": 1.0
    },
    {
      "id": 60,
      "text": "मुंबईला",
      "sentence": 15,
      "start": 888,
      "end": 894,
      "confidence": 1.0
    },
    {
      "id": 61,
      "text": "तो",
      "sentence": 15,
      "start": 895,
      "end": 897,
      "confidence": 1.0
    },
    {
      "id": 62,
      "text": "खोल्यांत",
      "sentence": 15,
      "start": 910,
      "end": 916,
      "confidence": 1.0
    },
    {
      "id": 63,
      "text": "बेळगाव",
      "sentence": 16,
      "start": 921,
      "end": 926,
      "confidence": 1.0
    },
    {
      "id": 64,
      "text": "बेळगावात",
      "sentence": 16,
      "start": 929,
      "end": 936,
      "confidence": 1.0
    },
    {
      "id": 65,
      "text": "दिवस",
      "sentence": 16,
      "start": 941,
      "end": 945,
      "confidence": 1.0
    },
    {
      "id": 66,
      "text": "वाकुर्डेचे",
      "sentence": 17,
      "start": 951,
      "end": 959,
      "confidence": 1.0
    },
    {
      "id": 67,
      "text": "पाणी",
      "sentence": 17,
      "start": 960,
      "end": 964,
      "confidence": 1.0
    },
    {
      "id": 68,
      "text": "विभागाला",
      "sentence": 17,
      "start": 965,
      "end": 972,
      "confidence": 1.0
    },
    {
      "id": 69,
      "text": "आश्‍वासन",
      "sentence": 17,
      "start": 981,
      "end": 989,
      "confidence": 1.0
    },
    {
      "id": 70,
      "text": "सिक्रेट",
      "sentence": 18,
      "start": 1007,
      "end": 1013,
      "confidence": 1.0
    },
    {
      "id": 71,
      "text": "पार्श्वभूमीवर",
      "sentence": 19,
      "start": 1027,
      "end": 1037,
      "confidence": 1.0
    },
    {
      "id": 72,
      "text": "शेतकऱ्यांची",
      "sentence": 19,
      "start": 1038,
      "end": 1048,
      "confidence": 1.0
    },
    {
      "id": 73,
      "text": "कोटी",
      "sentence": 19,
      "start": 1073,
      "end": 1077,
      "confidence": 1.0
    },
    {
      "id": 74,
      "text": "शेतकऱ्यांना",
      "sentence": 19,
      "start": 1085,
      "end": 1094,
      "confidence": 1.0
    },
    {
      "id": 75,
      "text": "कर्जपुरवठा",
      "sentence": 19,
      "start": 1099,
      "end": 1109,
      "confidence": 1.0
    },
    {
      "id": 76,
      "text": "तयारी",
      "sentence": 19,
      "start": 1116,
      "end": 1121,
      "confidence": 1.0
    },
    {
      "id": 77,
      "text": "बँकेने",
      "sentence": 19,
      "start": 1122,
      "end": 1127,
      "confidence": 1.0
    },
    {
      "id": 78,
      "text": "परासरन्",
      "sentence": 20,
      "start": 1131,
      "end": 1137,
      "confidence": 1.0
    },
    {
      "id": 79,
      "text": "हिंदूंची",
      "sentence": 20,
      "start": 1152,
      "end": 1159,
      "confidence": 1.0
    },
    {
      "id": 80,
      "text": "श्रद्धा",
      "sentence": 20,
      "start": 1160,
      "end": 1165,
      "confidence": 1.0
    },
    {
      "id": 81,
      "text": "श्रीरामाचा",
      "sentence": 20,
      "start": 1178,
      "end": 1186,
      "confidence": 1.0
    },
    {
      "id": 82,
      "text": "जन्म",
      "sentence": 20,
      "start": 1192,
      "end": 1195,
      "confidence": 1.0
    },
    {
      "id": 83,
      "text": "कॅमेरात",
      "sentence": 21,
      "start": 1205,
      "end": 1211,
      "confidence": 1.0
    },
    {
      "id": 84,
      "text": "चड्डी",
      "sentence": 21,
      "start": 1212,
      "end": 1217,
      "confidence": 1.0
    },
    {
      "id": 85,
      "text": "बनियान",
      "sentence": 21,
      "start": 1218,
      "end": 1224,
      "confidence": 1.0
    },
    {
      "id": 86,
      "text": "चोरटे",
      "sentence": 21,
      "start": 1236,
      "end": 1241,
      "confidence": 1.0
    },
    {
      "id": 87,
      "text": "एचएसबीसीने",
      "sentence": 22,
      "start": 1251,
      "end": 1260,
      "confidence": 1.0
    },
    {
      "id": 88,
      "text": "हवामानबदल",
      "sentence": 22,
      "start": 1261,
      "end": 1270,
      "confidence": 1.0
    },
    {
      "id": 89,
      "text": "देशांच्या",
      "sentence": 22,
      "start": 1292,
      "end": 1298,
      "confidence": 1.0
    },
    {
      "id": 90,
      "text": "हानीचे",
      "sentence": 22,
      "start": 1305,
      "end": 1310,
      "confidence": 1.0
    },
    {
      "id": 91,
      "text": "अध्ययन",
      "sentence": 22,
      "start": 1311,
      "end": 1316,
      "confidence": 1.0
    },
    {
      "id": 92,
      "text": "मोदींना",
      "sentence": 23,
      "start": 1328,
      "end": 1334,
      "confidence": 1.0
    },
    {
      "id": 93,
      "text": "पातळीवरचा",
      "sentence": 24,
      "start": 1345,
      "end": 1353,
      "confidence": 1.0
    },
    {
      "id": 94,
      "text": "पातळीवरचे",
      "sentence": 24,
      "start": 1365,
      "end": 1373,
      "confidence": 1.0
    },
    {
      "id": 95,
      "text": "व्यक्तीकडून",
      "sentence": 24,
      "start": 1400,
      "end": 1409,
      "confidence": 1.0
    },
    {
      "id": 96,
      "text": "मान्यता",
      "sentence": 24,
      "start": 1416,
      "end": 1422,
      "confidence": 1.0
    },
    {
      "id": 97,
      "text": "कुटुंबीयांना",
      "sentence": 25,
      "start": 1430,
      "end": 1440,
      "confidence": 1.0
    },
    {
      "id": 98,
      "text": "पत्ता",
      "sentence": 25,
      "start": 1448,
      "end": 1452,
      "confidence": 1.0
    },
    {
      "id": 99,
      "text": "लांबीचे",
      "sentence": 26,
      "start": 1463,
      "end": 1469,
      "confidence": 1.0
    },
    {
      "id": 100,
      "text": "कासव",
      "sentence": 26,
      "start": 1470,
      "end": 1474,
      "confidence": 1.0
    },
    {
      "id": 101,
      "text": "किलो",
      "sentence": 26,
      "start": 1493,
      "end": 1497,
      "confidence": 1.0
    },
    {
      "id": 102,
      "text": "मंत्रालयात",
      "sentence": 27,
      "start": 1502,
      "end": 1510,
      "confidence": 1.0
    },
    {
      "id": 103,
      "text": "कृषी",
      "sentence": 27,
      "start": 1511,
      "end": 1515,
      "confidence": 1.0
    },
    {
      "id": 104,
      "text": "विभागात",
      "sentence": 27,
      "start": 1516,
      "end": 1522,
      "confidence": 1.0
    },
    {
      "id": 105,
      "text": "सचिव",
      "sentence": 27,
      "start": 1530,
      "end": 1534,
      "confidence": 1.0
    },
    {
      "id": 106,
      "text": "पदावर",
      "sentence": 27,
      "start": 1539,
      "end": 1544,
      "confidence": 1.0
    }
  ],
  "clusters": [
    [
      1,
      4
    ],
    [
      5,
      6,
      16
    ],
    [
      8,
      12
    ],
    [
      38,
      40
    ],
    [
      56,
      57,
      58,
      59
    ],
    [
      73,
      75
    ],
    [
      79,
      80
    ],
    [
      89,
      93
    ]
  ]
}