{
  "document_id": "document_444",
  "sentences": [
    "खेल खेल मे.",
    "कुसुमाग्रज स्मारकात आदिताल तबला अकादमीच्या वतीने सुरू झालेल्या तबला चिल्लाचे उद्घाटन ज्येष्ठ तबलावादक अनिश प्रधान, पं.",
    "दरम्यान फोटोग्राफर्स@पुणेच्या प्रदर्शनाला जोरदार प्रतिसाद मिळाला.",
    "तीनही दिवस पुणेकरांनी फोटोग्राफ्सना भरभरुन दाद दिली.",
    "आणि आम्ही केलेल्या कामाचे चीज झालेले पाहून एक वेगळे समाधान पण मिळाले.",
    "त्यानंतर प्रचंड वेदना होऊन नजर कमजोर होते.",
    "तेथे नवी इमारत होताना अतिक्रमण करणाऱ्या काहींना न्यायालयाच्या आदेशाने जागा देण्यात आली.",
    "वडिलांच्या पावलावर पाऊल ठेवून  डॉ.",
    "हे व्यावसायिक मानसशास्त्रज्ञ हे पद वापरू नका हे आवर्जून दखल घेण्यासारखे आहे.",
    "त्यामुळे उबदार आणि आरामदायक प्रत्येक घरात होत नाही, ती एक कुटुंब, घर, नाही फक्त तिच्या पती, पण फक्त मित्र खेचणे सुरू राहील जे तयार करण्यासाठी सक्षम आहे.",
    "पाड्यापासून काही अंतरावर बोअरिंग खोदण्यात आली.",
    "राजेंद्र मेनन आणि न्या.",
    "अखेर संशयिताने घटना घडल्यापासूनची माहिती सांगितल्यानंतर पोलिसही हादरुन गेले.",
    "संबंधामध्ये सुधार होण्याचा योग आहे.",
    "त्यास पायबंद घालण्यासाठी १९४२च्या अखेरिस  दोस्तांनी ऑपरेशन टॉर्च सुरु केले.",
    "त्यास सलग चार वर्षे बारा हजार रुपये शिष्यवृत्ती मिळणार असल्याची माहिती मुख्याध्यापक यांनी दिली आहे.",
    "प्रशासनानं प्रत्येक शेतकऱ्याच्या नुकसानीचा पंचनामा व्हावा, याची दक्षता घेण्याच्या सूचनाही निलंगेकर यांनी केल्या.",
    "माकड - एक ढोंगी एक.",
    "तेव्हा या विभागाने खुलासा केला होता आणि पुस्तके छापून तयार असून ती राज्यभरात पहिल्या दिवशी मुलांना मिळतील, अशी खात्री दिली होती.",
    "तेव्हा शरद पवार हे महाराष्ट्राचे मुख्यमंत्री होते.",
    "तू संध्याकाळी प्रेम एक स्वारस्यपूर्ण चित्रपट निवडण्यासाठी काय माहित नसेल तर, आमच्या यादी तपासून पहा.",
    "तू मला कसे त्यांच्या प्रिय प्रेम दाखवून दिले आहे.",
    "जिल्हा बँकांवरचेही सदस्य हटवणार",
    "शीव येथील ज्या रस्त्यांवर जैन धर्मियांची नावे देण्यात आली आहे, त्याच रस्त्यांवरील चौकात आता एकेकाळी मराठी चित्रपट सृष्टी गाजवणार्‍या थोरतांच्या कमळेचे नाव दिले जाणार आहे.",
    "करिअर, नवनवीन जबाबदाऱयांखाली दबलेल्या आजच्या पिढीची अवस्था एखाद्या यंत्रासारखी झाली असून, त्यांना स्वत:चा म्हणून अवकाश नाही.",
    "मात्र, काल दक्षिण गोवा जिल्हाधिकारी डॉ.",
    "तारीख थॉमस यांनी .",
    "पण पालकांसमोर व्यक्त होताना दिसत नाहीत.",
    "विशेष म्हणजे यावेळी वयोगटही काहीसा हटके आहे.",
    "त्यामुळे ड्रोनद्वारे देखील कोणी रेकी केली का हा प्रश्‍न उपस्थित झाला आहे.",
    "पुणे शहरातील पहिला बंदीस्थ पदपथ असुन तो पादचाऱ्यांचे ऊन, वारा, पावसापासून संरक्षण व्हावे.",
    "कुठ्ठाळीत आश्रयाला असलेल्या केरळच्या खलाशांची आरोग्य तपासणी",
    "पैसा कोण लावणार?",
    "त्याचे प्रभाव अंतर्गत नर-मादी संयोगाशिवाय प्रजोत्पादन ठराविक पैदास एक घडून आहे.",
    "धोनी युवा खेळाडूंचा संघात येण्याचा मार्ग कधीही बंद होऊ देणार नाही.",
    "कारकिर्दीच्या सुरुवातीच्या काळापासूनच धोनीच्या वाट्याला आलेली प्रत्येक जबाबदारी त्याने लिलया पेलली.",
    "अधूनमधून त्यांचे लेख वाचायला मिळायचे.",
    "पुण्यात 14 मांजरी, सात कुत्र्यांची विष पाजून हत्या",
    "परंतू, म्हणून काही हा सामना दुरंगी होईल असे नाही."
  ],
  "mentions": [
    {
      "id": 0,
      "text": "कुसुमाग्रज",
      "sentence": 1,
      "start": 12,
      "end": 21,
      "confidence": 1.0
    },
    {
      "id": 1,
      "text": "स्मारकात",
      "sentence": 1,
      "start": 22,
      "end": 30,
      "confidence": 1.0
    },
    {
      "id": 2,
      "text": "तबला",
      "sentence": 1,
      "start": 39,
      "end": 44,
      "confidence": 1.0
    },
    {
      "id": 3,
      "text": "अकादमीच्या",
      "sentence": 1,
      "start": 45,
      "end": 54,
      "confidence": 1.0
    },
    {
      "id": 4,
      "text": "वतीने",
      "sentence": 1,
      "start": 55,
      "end": 60,
      "confidence": 1.0
    },
    {
      "id": 5,
      "text": "तबला",
      "sentence": 1,
      "start": 70,
      "end": 75,
      "confidence": 1.0
    },
    {
      "id": 6,
      "text": "चिल्लाचे",
      "sentence": 1,
      "start": 76,
      "end": 83,
      "confidence": 1.0
    },
    {
      "id": 7,
      "text": "उद्घाटन",
      "sentence": 1,
      "start": 84,
      "end": 90,
      "confidence": 1.0
    },
    {
      "id": 8,
      "text": "तबलावादक",
      "sentence": 1,
      "start": 97,
      "end": 106,
      "confidence": 1.0
    },
    {
      "id": 9,
      "text": "प्रधान",
      "sentence": 1,
      "start": 112,
      "end": 118,
      "confidence": 1.0
    },
    {
      "id": 10,
      "text": "फोटोग्राफर्स@पुणेच्या",
      "sentence": 2,
      "start": 135,
      "end": 154,
      "confidence": 1.0
    },
    {
      "id": 11,
      "text": "प्रदर्शनाला",
      "sentence": 2,
      "start": 155,
      "end": 164,
      "confidence": 1.0
    },
    {
      "id": 12,
      "text": "प्रतिसाद",
      "sentence": 2,
      "start": 173,
      "end": 180,
      "confidence": 1.0
    },
    {
      "id": 13,
      "text": "दिवस",
      "sentence": 3,
      "start": 188,
      "end": 192,
      "confidence": 1.0
    },
    {
      "id": 14,
      "text": "पुणेकरांनी",
      "sentence": 3,
      "start": 193,
      "end": 202,
      "confidence": 1.0
    },
    {
      "id": 15,
      "text": "फोटोग्राफ्सना",
      "sentence": 3,
      "start": 203,
      "end": 214,
      "confidence": 1.0
    },
    {
      "id": 16,
      "text": "आम्ही",
      "sentence": 4,
      "start": 230,
      "end": 234,
      "confidence": 1.0
    },
    {
      "id": 17,
      "text": "कामाचे",
      "sentence": 4,
      "start": 243,
      "end": 248,
      "confidence": 1.0
    },
    {
      "id": 18,
      "text": "समाधान",
      "sentence": 4,
      "start": 269,
      "end": 275,
      "confidence": 1.0
    },
    {
      "id": 19,
      "text": "वेदना",
      "sentence": 5,
      "start": 288,
      "end": 292,
      "confidence": 1.0
    },
    {
      "id": 20,
      "text": "इमारत",
      "sentence": 6,
      "start": 316,
      "end": 321,
      "confidence": 1.0
    },
    {
      "id": 21,
      "text": "काहींना",
      "sentence": 6,
      "start": 343,
      "end": 349,
      "confidence": 1.0
    },
    {
      "id": 22,
      "text": "आदेशाने",
      "sentence": 6,
      "start": 361,
      "end": 367,
      "confidence": 1.0
    },
    {
      "id": 23,
      "text": "जागा",
      "sentence": 6,
      "start": 368,
      "end": 372,
      "confidence": 1.0
    },
    {
      "id": 24,
      "text": "वडिलांच्या",
      "sentence": 7,
      "start": 383,
      "end": 391,
      "confidence": 1.0
    },
    {
      "id": 25,
      "text": "पावलावर",
      "sentence": 7,
      "start": 392,
      "end": 398,
      "confidence": 1.0
    },
    {
      "id": 26,
      "text": "पाऊल",
      "sentence": 7,
      "start": 399,
      "end": 404,
      "confidence": 1.0
    },
    {
      "id": 27,
      "text": "व्यावसायिक",
      "sentence": 8,
      "start": 416,
      "end": 425,
      "confidence": 1.0
    },
    {
      "id": 28,
      "text": "मानसशास्त्रज्ञ",
      "sentence": 8,
      "start": 426,
      "end": 437,
      "confidence": 1.0
    },
    {
      "id": 29,
      "text": "घरात",
      "sentence": 9,
      "start": 500,
      "end": 504,
      "confidence": 1.0
    },
    {
      "id": 30,
      "text": "ती",
      "sentence": 9,
      "start": 516,
      "end": 518,
      "confidence": 1.0
    },
    {
      "id": 31,
      "text": "कुटुंब",
      "sentence": 9,
      "start": 522,
      "end": 527,
      "confidence": 1.0
    },
    {
      "id": 32,
      "text": "तिच्या",
      "sentence": 9,
      "start": 543,
      "end": 547,
      "confidence": 1.0
    },
    {
      "id": 33,
      "text": "मित्र",
      "sentence": 9,
      "start": 561,
      "end": 564,
      "confidence": 1.0
    },
    {
      "id": 34,
      "text": "पाड्यापासून",
      "sentence": 10,
      "start": 600,
      "end": 608,
      "confidence": 1.0
    },
    {
      "id": 35,
      "text": "अंतरावर",
      "sentence": 10,
      "start": 613,
      "end": 619,
      "confidence": 1.0
    },
    {
      "id": 36,
      "text": "बोअरिंग",
      "sentence": 10,
      "start": 620,
      "end": 626,
      "confidence": 1.0
    },
    {
      "id": 37,
      "text": "राजेंद्र",
      "sentence": 11,
      "start": 639,
      "end": 645,
      "confidence": 1.0
    },
    {
      "id": 38,
      "text": "मेनन",
      "sentence": 11,
      "start": 646,
      "end": 650,
      "confidence": 1.0
    },
    {
      "id": 39,
      "text": "न्या",
      "sentence": 11,
      "start": 654,
      "end": 657,
      "confidence": 1.0
    },
    {
      "id": 40,
      "text": "संशयिताने",
      "sentence": 12,
      "start": 663,
      "end": 671,
      "confidence": 1.0
    },
    {
      "id": 41,
      "text": "घटना",
      "sentence": 12,
      "start": 672,
      "end": 676,
      "confidence": 1.0
    },
    {
      "id": 42,
      "text": "माहिती",
      "sentence": 12,
      "start": 691,
      "end": 696,
      "confidence": 1.0
    },
    {
      "id": 43,
      "text": "पोलिसही",
      "sentence": 12,
      "start": 705,
      "end": 712,
      "confidence": 1.0
    },
    {
      "id": 44,
      "text": "संबंधामध्ये",
      "sentence": 13,
      "start": 721,
      "end": 729,
      "confidence": 1.0
    },
    {
      "id": 45,
      "text": "सुधार",
      "sentence": 13,
      "start": 730,
      "end": 735,
      "confidence": 1.0
    },
    {
      "id": 46,
      "text": "पायबंद",
      "sentence": 14,
      "start": 755,
      "end": 761,
      "confidence": 1.0
    },
    {
      "id": 47,
      "text": "दोस्तांनी",
      "sentence": 14,
      "start": 788,
      "end": 795,
      "confidence": 1.0
    },
    {
      "id": 48,
      "text": "टॉर्च",
      "sentence": 14,
      "start": 804,
      "end": 808,
      "confidence": 1.0
    },
    {
      "id": 49,
      "text": "वर्षे",
      "sentence": 15,
      "start": 827,
      "end": 830,
      "confidence": 1.0
    },
    {
      "id": 50,
      "text": "रुपये",
      "sentence": 15,
      "start": 840,
      "end": 844,
      "confidence": 1.0
    },
    {
      "id": 51,
      "text": "शिष्यवृत्ती",
      "sentence": 15,
      "start": 845,
      "end": 853,
      "confidence": 1.0
    },
    {
      "id": 52,
      "text": "माहिती",
      "sentence": 15,
      "start": 867,
      "end": 872,
      "confidence": 1.0
    },
    {
      "id": 53,
      "text": "मुख्याध्यापक",
      "sentence": 15,
      "start": 873,
      "end": 883,
      "confidence": 1.0
    },
    {
      "id": 54,
      "text": "प्रशासनानं",
      "sentence": 16,
      "start": 889,
      "end": 898,
      "confidence": 1.0
    },
    {
      "id": 55,
      "text": "शेतकऱ्याच्या",
      "sentence": 16,
      "start": 906,
      "end": 915,
      "confidence": 1.0
    },
    {
      "id": 56,
      "text": "नुकसानीचा",
      "sentence": 16,
      "start": 916,
      "end": 924,
      "confidence": 1.0
    },
    {
      "id": 57,
      "text": "पंचनामा",
      "sentence": 16,
      "start": 925,
      "end": 931,
      "confidence": 1.0
    },
    {
      "id": 58,
      "text": "दक्षता",
      "sentence": 16,
      "start": 948,
      "end": 953,
      "confidence": 1.0
    },
    {
      "id": 59,
      "text": "सूचनाही",
      "sentence": 16,
      "start": 963,
      "end": 969,
      "confidence": 1.0
    },
    {
      "id": 60,
      "text": "माकड",
      "sentence": 17,
      "start": 984,
      "end": 988,
      "confidence": 1.0
    },
    {
      "id": 61,
      "text": "विभागाने",
      "sentence": 18,
      "start": 1005,
      "end": 1012,
      "confidence": 1.0
    },
    {
      "id": 62,
      "text": "खुलासा",
      "sentence": 18,
      "start": 1013,
      "end": 1018,
      "confidence": 1.0
    },
    {
      "id": 63,
      "text": "पुस्तके",
      "sentence": 18,
      "start": 1029,
      "end": 1034,
      "confidence": 1.0
    },
    {
      "id": 64,
      "text": "ती",
      "sentence": 18,
      "start": 1049,
      "end": 1051,
      "confidence": 1.0
    },
    {
      "id": 65,
      "text": "मुलांना",
      "sentence": 18,
      "start": 1073,
      "end": 1078,
      "confidence": 1.0
    },
    {
      "id": 66,
      "text": "खात्री",
      "sentence": 18,
      "start": 1089,
      "end": 1093,
      "confidence": 1.0
    },
    {
      "id": 67,
      "text": "पवार",
      "sentence": 19,
      "start": 1105,
      "end": 1109,
      "confidence": 1.0
    },
    {
      "id": 68,
      "text": "महाराष्ट्राचे",
      "sentence": 19,
      "start": 1119,
      "end": 1128,
      "confidence": 1.0
    },
    {
      "id": 69,
      "text": "मुख्यमंत्री",
      "sentence": 19,
      "start": 1129,
      "end": 1136,
      "confidence": 1.0
    },
    {
      "id": 70,
      "text": "तू",
      "sentence": 20,
      "start": 1141,
      "end": 1142,
      "confidence": 1.0
    },
    {
      "id": 71,
      "text": "प्रेम",
      "sentence": 20,
      "start": 1151,
      "end": 1154,
      "confidence": 1.0
    },
    {
      "id": 72,
      "text": "चित्रपट",
      "sentence": 20,
      "start": 1166,
      "end": 1171,
      "confidence": 1.0
    },
    {
      "id": 73,
      "text": "यादी",
      "sentence": 20,
      "start": 1202,
      "end": 1205,
      "confidence": 1.0
    },
    {
      "id": 74,
      "text": "तू",
      "sentence": 21,
      "start": 1215,
      "end": 1216,
      "confidence": 1.0
    },
    {
      "id": 75,
      "text": "मला",
      "sentence": 21,
      "start": 1217,
      "end": 1219,
      "confidence": 1.0
    },
    {
      "id": 76,
      "text": "त्यांच्या",
      "sentence": 21,
      "start": 1224,
      "end": 1230,
      "confidence": 1.0
    },
    {
      "id": 77,
      "text": "प्रिय",
      "sentence": 21,
      "start": 1231,
      "end": 1234,
      "confidence": 1.0
    },
    {
      "id": 78,
      "text": "प्रेम",
      "sentence": 21,
      "start": 1235,
      "end": 1238,
      "confidence": 1.0
    },
    {
      "id": 79,
      "text": "जिल्हा",
      "sentence": 22,
      "start": 1249,
      "end": 1254,
      "confidence": 1.0
    },
    {
      "id": 80,
      "text": "बँकांवरचेही",
      "sentence": 22,
      "start": 1255,
      "end": 1264,
      "confidence": 1.0
    },
    {
      "id": 81,
      "text": "सदस्य",
      "sentence": 22,
      "start": 1265,
      "end": 1270,
      "confidence": 1.0
    },
    {
      "id": 82,
      "text": "रस्त्यांवर",
      "sentence": 23,
      "start": 1290,
      "end": 1297,
      "confidence": 1.0
    },
    {
      "id": 83,
      "text": "धर्मियांची",
      "sentence": 23,
      "start": 1302,
      "end": 1310,
      "confidence": 1.0
    },
    {
      "id": 84,
      "text": "नावे",
      "sentence": 23,
      "start": 1311,
      "end": 1314,
      "confidence": 1.0
    },
    {
      "id": 85,
      "text": "चौकात",
      "sentence": 23,
      "start": 1338,
      "end": 1344,
      "confidence": 1.0
    },
    {
      "id": 86,
      "text": "चित्रपट",
      "sentence": 23,
      "start": 1362,
      "end": 1367,
      "confidence": 1.0
    },
    {
      "id": 87,
      "text": "सृष्टी",
      "sentence": 23,
      "start": 1368,
      "end": 1373,
      "confidence": 1.0
    },
    {
      "id": 88,
      "text": "कमळेचे",
      "sentence": 23,
      "start": 1396,
      "end": 1402,
      "confidence": 1.0
    },
    {
      "id": 89,
      "text": "करिअर",
      "sentence": 24,
      "start": 1416,
      "end": 1421,
      "confidence": 1.0
    },
    {
      "id": 90,
      "text": "जबाबदाऱयांखाली",
      "sentence": 24,
      "start": 1430,
      "end": 1441,
      "confidence": 1.0
    },
    {
      "id": 91,
      "text": "पिढीची",
      "sentence": 24,
      "start": 1454,
      "end": 1459,
      "confidence": 1.0
    },
    {
      "id": 92,
      "text": "अवस्था",
      "sentence": 24,
      "start": 1460,
      "end": 1465,
      "confidence": 1.0
    },
    {
      "id": 93,
      "text": "यंत्रासारखी",
      "sentence": 24,
      "start": 1473,
      "end": 1481,
      "confidence": 1.0
    },
    {
      "id": 94,
      "text": "अवकाश",
      "sentence": 24,
      "start": 1513,
      "end": 1518,
      "confidence": 1.0
    },
    {
      "id": 95,
      "text": "जिल्हाधिकारी",
      "sentence": 25,
      "start": 1538,
      "end": 1548,
      "confidence": 1.0
    },
    {
      "id": 96,
      "text": "तारीख",
      "sentence": 26,
      "start": 1556,
      "end": 1561,
      "confidence": 1.0
    },
    {
      "id": 97,
      "text": "थॉमस",
      "sentence": 26,
      "start": 1562,
      "end": 1566,
      "confidence": 1.0
    },
    {
      "id": 98,
      "text": "यांनी",
      "sentence": 26,
      "start": 1567,
      "end": 1572,
      "confidence": 1.0
    },
    {
      "id": 99,
      "text": "पालकांसमोर",
      "sentence": 27,
      "start": 1578,
      "end": 1587,
      "confidence": 1.0
    },
    {
      "id": 100,
      "text": "ड्रोनद्वारे",
      "sentence": 29,
      "start": 1625,
      "end": 1633,
      "confidence": 1.0
    },
    {
      "id": 101,
      "text": "रेकी",
      "sentence": 29,
      "start": 1644,
      "end": 1647,
      "confidence": 1.0
    },
    {
      "id": 102,
      "text": "प्रश्‍न",
      "sentence": 29,
      "start": 1656,
      "end": 1660,
      "confidence": 1.0
    },
    {
      "id": 103,
      "text": "पदपथ",
      "sentence": 30,
      "start": 1694,
      "end": 1699,
      "confidence": 1.0
    },
    {
      "id": 104,
      "text": "तो",
      "sentence": 30,
      "start": 1707,
      "end": 1708,
      "confidence": 1.0
    },
    {
      "id": 105,
      "text": "वारा",
      "sentence": 30,
      "start": 1722,
      "end": 1725,
      "confidence": 1.0
    },
    {
      "id": 106,
      "text": "पावसापासून",
      "sentence": 30,
      "start": 1727,
      "end": 1736,
      "confidence": 1.0
    },
    {
      "id": 107,
      "text": "संरक्षण",
      "sentence": 30,
      "start": 1738,
      "end": 1744,
      "confidence": 1.0
    },
    {
      "id": 108,
      "text": "कुठ्ठाळीत",
      "sentence": 31,
      "start": 1751,
      "end": 1759,
      "confidence": 1.0
    },
    {
      "id": 109,
      "text": "आश्रयाला",
      "sentence": 31,
      "start": 1760,
      "end": 1767,
      "confidence": 1.0
    },
    {
      "id": 110,
      "text": "खलाशांची",
      "sentence": 31,
      "start": 1783,
      "end": 1791,
      "confidence": 1.0
    },
    {
      "id": 111,
      "text": "आरोग्य",
      "sentence": 31,
      "start": 1792,
      "end": 1797,
      "confidence": 1.0
    },
    {
      "id": 112,
      "text": "तपासणी",
      "sentence": 31,
      "start": 1798,
      "end": 1804,
      "confidence": 1.0
    },
    {
      "id": 113,
      "text": "पैसा",
      "sentence": 32,
      "start": 1808,
      "end": 1812,
      "confidence": 1.0
    },
    {
      "id": 114,
      "text": "कोण",
      "sentence": 32,
      "start": 1813,
      "end": 1816,
      "confidence": 1.0
    },
    {
      "id": 115,
      "text": "मादी",
      "sentence": 33,
      "start": 1846,
      "end": 1849,
      "confidence": 1.0
    },
    {
      "id": 116,
      "text": "प्रजोत्पादन",
      "sentence": 33,
      "start": 1860,
      "end": 1869,
      "confidence": 1.0
    },
    {
      "id": 117,
      "text": "पैदास",
      "sentence": 33,
      "start": 1879,
      "end": 1883,
      "confidence": 1.0
    },
    {
      "id": 118,
      "text": "धोनी",
      "sentence": 34,
      "start": 1893,
      "end": 1896,
      "confidence": 1.0
    },
    {
      "id": 119,
      "text": "खेळाडूंचा",
      "sentence": 34,
      "start": 1901,
      "end": 1908,
      "confidence": 1.0
    },
    {
      "id": 120,
      "text": "संघात",
      "sentence": 34,
      "start": 1909,
      "end": 1914,
      "confidence": 1.0
    },
    {
      "id": 121,
      "text": "मार्ग",
      "sentence": 34,
      "start": 1923,
      "end": 1926,
      "confidence": 1.0
    },
    {
      "id": 122,
      "text": "कारकिर्दीच्या",
      "sentence": 35,
      "start": 1934,
      "end": 1944,
      "confidence": 1.0
    },
    {
      "id": 123,
      "text": "धोनीच्या",
      "sentence": 35,
      "start": 1966,
      "end": 1973,
      "confidence": 1.0
    },
    {
      "id": 124,
      "text": "वाट्याला",
      "sentence": 35,
      "start": 1974,
      "end": 1980,
      "confidence": 1.0
    },
    {
      "id": 125,
      "text": "जबाबदारी",
      "sentence": 35,
      "start": 1992,
      "end": 1999,
      "confidence": 1.0
    },
    {
      "id": 126,
      "text": "त्याने",
      "sentence": 35,
      "start": 2000,
      "end": 2004,
      "confidence": 1.0
    },
    {
      "id": 127,
      "text": "त्यांचे",
      "sentence": 36,
      "start": 2015,
      "end": 2020,
      "confidence": 1.0
    },
    {
      "id": 128,
      "text": "मांजरी",
      "sentence": 37,
      "start": 2040,
      "end": 2045,
      "confidence": 1.0
    },
    {
      "id": 129,
      "text": "कुत्र्यांची",
      "sentence": 37,
      "start": 2051,
      "end": 2058,
      "confidence": 1.0
    },
    {
      "id": 130,
      "text": "हत्या",
      "sentence": 37,
      "start": 2071,
      "end": 2074,
      "confidence": 1.0
    },
    {
      "id": 131,
      "text": "सामना",
      "sentence": 38,
      "start": 2093,
      "end": 2097,
      "confidence": 1.0
    }
  ],
  "clusters": [
    [
      10,
      11,
      12
    ],
    [
      17,
      20
    ],
    [
      49,
      50,
      51
    ],
    [
      84,
      85
    ],
    [
      90,
      91,
      93
    ],
    [
      126,
      127,
      128,
      129,
      130
    ]
  ]
}