{
  "document_id": "document_219",
  "sentences": [
    "परंतु, उदयनराजेंनी पुलवामा येथे झालेल्या शहीद झालेल्या जवानांना श्रद्धांजली अर्पण करत आपला वाढदिवस साजरा न करण्याचा निर्णय घेतला.",
    "याच्या दुर्गमतेबद्दल पेशवाईत सुद्धा नोंद आहे.",
    "तथापि, पुनरावलोकन मध्ये नोंद, वापरकर्ता फोन, तो नाही आहे.",
    "नालासोपारा विधानसभा मतदारसंघातील 4 लाख 62 हजार 826, वसई विधानसभा मतदारसंघ-2 लाख, 83 हजार 467 व बोईसर मतदारसंघ सुमारे 1 लाख मते अशी एकूण साडेआठ लाख मते निर्णायक ठरणारी आहेत.",
    "ते राज्य Duma चर्चा केली होती, पण विविध कारणांमुळे खासदार नाकारले होते.",
    "या सोहळ्याचा प्रारंभ एका नवरचित संस्कृत गीताने करण्यात आला.",
    "याप्रकरणातील सहापैकी तीन आरोपींच्या वकिलांची उलटतपासणी संपली असून तीन जणांची बाकी आहे.",
    "लेट्युस हा युरोपियन सॅलेडचा प्रकार आहे.",
    "त्या सरकारात भांडणे होती.",
    "आपण एक नवीन मेक-अप करा, तर, हे तो पाहू प्रथम तपासा.",
    "परंतु त्याच्यापुढे जाऊन आता ऑनलाइन पद्धतीने ही परवानगी मिळवण्याची व्यवस्था पोलिसांकडून खुली करून देण्याची मागणी सार्वजनिक गणेशोत्सव मंडळांकडून केली जात आहे.",
    "लोकसभेत या विधेयकावर म्हणावी तशी चर्चा झालेली नाही.",
    "ब्रिटीश सरकारने या मार्गाचा विस्तार आणि पुनर्बांधणी केली.",
    "धावपट्टी लँडिंग विमान मंगळ-154 एम तेव्हापासून, विमानतळ खुली असल्याचे मानले जाते.",
    "मराठवाड्यातले अनेक मुस्लिम तरूण आयसीसच्या संपर्कात",
    "आणि म्हणून, काही सोप्या पद्धती, आपण मूळ लेखकाचे गोष्ट, तो त्यांच्या सहयोगी जोडून करू शकता.",
    "यावेळी स्थानकात बंदोबस्तावरील रेल्वे पोलिसांनी सुनिल जाधव यास अटक केली आहे.",
    "कवा होतंय कि ह्यांचं ?",
    "फळ योजनेला हवी बांबूची जोड",
    "तृतीयपंथीय तसेच लिंगबदल केलेल्या व्यक्तींच्या समस्या सोडविणे, त्यांच्या हक्कांसाठी लढा देण्याचे काम गौरी करीत आहेत.",
    "प्रिया पाटील यांनीही मनोगत व्यक्त केले.",
    "लव्हली या तृतीयपंथीयही व्यासपीठावर उपस्थित होत्या.",
    "कर्जत नगरपालिकेच्या नगराध्यक्षपदाची निवडणूक येत्या 17 फेब्रुवारी रोजी होणार आहे.",
    "याला स्थायी समिती अध्यक्ष यशवंत जाधव यांनी मंजुरी दिल्यानंतर या हप्त्याची रक्कम महापालिका सभागृहाच्या मान्यतेअभावी रोखून धरली होती.",
    "विजय ह्या तिसऱ्या महत्त्वाच्या भूमिकेत सुनील दत्त आहे.",
    "त्वचा रोग दु: ख नंतर कधी कधी हात विविध प्रेरणा करण्यासाठी विशेषत: संवेदनशील आहेत.",
    "टीनासारख्याच इतर काहीजणांनी तसे यश मिळवले आहे.",
    "आणि त्यातून आपण रोजची कामही करत राहिलो तर अजूनच त्राण निघून जाते शरिरातून.",
    "आर्थिक तोट्यात चाललेल्या ‘बेस्ट’ला वाचवण्यासाठी दिग्गज मराठी कलाकार धावून आले आहेत.",
    "दरम्यान महासेनाआघाडी सरकारमध्ये मुख्यमंत्री हा शिवसेनेचा होईल, त्याबाबत आम्हाला आनंद आहे.",
    "आग आटोक्यात आणण्यासाठी अग्निशामक दलाने शर्थीचे प्रयत्न."
  ],
  "mentions": [
    {
      "id": 0,
      "text": "उदयनराजेंनी",
      "sentence": 0,
      "start": 38,
      "end": 49,
      "confidence": 1.0
    },
    {
      "id": 1,
      "text": "जवानांना",
      "sentence": 0,
      "start": 83,
      "end": 90,
      "confidence": 1.0
    },
    {
      "id": 2,
      "text": "श्रद्धांजली",
      "sentence": 0,
      "start": 91,
      "end": 100,
      "confidence": 1.0
    },
    {
      "id": 3,
      "text": "आपला",
      "sentence": 0,
      "start": 109,
      "end": 114,
      "confidence": 1.0
    },
    {
      "id": 4,
      "text": "वाढदिवस",
      "sentence": 0,
      "start": 115,
      "end": 122,
      "confidence": 1.0
    },
    {
      "id": 5,
      "text": "निर्णय",
      "sentence": 0,
      "start": 142,
      "end": 147,
      "confidence": 1.0
    },
    {
      "id": 6,
      "text": "पेशवाईत",
      "sentence": 1,
      "start": 167,
      "end": 174,
      "confidence": 1.0
    },
    {
      "id": 7,
      "text": "नोंद",
      "sentence": 1,
      "start": 181,
      "end": 184,
      "confidence": 1.0
    },
    {
      "id": 8,
      "text": "पुनरावलोकन",
      "sentence": 2,
      "start": 197,
      "end": 206,
      "confidence": 1.0
    },
    {
      "id": 9,
      "text": "नोंद",
      "sentence": 2,
      "start": 213,
      "end": 216,
      "confidence": 1.0
    },
    {
      "id": 10,
      "text": "वापरकर्ता",
      "sentence": 2,
      "start": 218,
      "end": 224,
      "confidence": 1.0
    },
    {
      "id": 11,
      "text": "तो",
      "sentence": 2,
      "start": 232,
      "end": 234,
      "confidence": 1.0
    },
    {
      "id": 12,
      "text": "नालासोपारा",
      "sentence": 3,
      "start": 242,
      "end": 251,
      "confidence": 1.0
    },
    {
      "id": 13,
      "text": "मतदारसंघातील",
      "sentence": 3,
      "start": 263,
      "end": 274,
      "confidence": 1.0
    },
    {
      "id": 14,
      "text": "मतदारसंघ",
      "sentence": 3,
      "start": 308,
      "end": 316,
      "confidence": 1.0
    },
    {
      "id": 15,
      "text": "बोईसर",
      "sentence": 3,
      "start": 341,
      "end": 346,
      "confidence": 1.0
    },
    {
      "id": 16,
      "text": "मतदारसंघ",
      "sentence": 3,
      "start": 347,
      "end": 355,
      "confidence": 1.0
    },
    {
      "id": 17,
      "text": "ते",
      "sentence": 4,
      "start": 398,
      "end": 400,
      "confidence": 1.0
    },
    {
      "id": 18,
      "text": "राज्य",
      "sentence": 4,
      "start": 401,
      "end": 404,
      "confidence": 1.0
    },
    {
      "id": 19,
      "text": "चर्चा",
      "sentence": 4,
      "start": 410,
      "end": 414,
      "confidence": 1.0
    },
    {
      "id": 20,
      "text": "कारणांमुळे",
      "sentence": 4,
      "start": 432,
      "end": 440,
      "confidence": 1.0
    },
    {
      "id": 21,
      "text": "खासदार",
      "sentence": 4,
      "start": 441,
      "end": 446,
      "confidence": 1.0
    },
    {
      "id": 22,
      "text": "सोहळ्याचा",
      "sentence": 5,
      "start": 454,
      "end": 461,
      "confidence": 1.0
    },
    {
      "id": 23,
      "text": "प्रारंभ",
      "sentence": 5,
      "start": 462,
      "end": 467,
      "confidence": 1.0
    },
    {
      "id": 24,
      "text": "गीताने",
      "sentence": 5,
      "start": 487,
      "end": 492,
      "confidence": 1.0
    },
    {
      "id": 25,
      "text": "वकिलांची",
      "sentence": 6,
      "start": 530,
      "end": 536,
      "confidence": 1.0
    },
    {
      "id": 26,
      "text": "उलटतपासणी",
      "sentence": 6,
      "start": 537,
      "end": 546,
      "confidence": 1.0
    },
    {
      "id": 27,
      "text": "जणांची",
      "sentence": 6,
      "start": 564,
      "end": 569,
      "confidence": 1.0
    },
    {
      "id": 28,
      "text": "लेट्युस",
      "sentence": 7,
      "start": 575,
      "end": 580,
      "confidence": 1.0
    },
    {
      "id": 29,
      "text": "प्रकार",
      "sentence": 7,
      "start": 598,
      "end": 602,
      "confidence": 1.0
    },
    {
      "id": 30,
      "text": "त्या",
      "sentence": 8,
      "start": 608,
      "end": 611,
      "confidence": 1.0
    },
    {
      "id": 31,
      "text": "सरकारात",
      "sentence": 8,
      "start": 612,
      "end": 618,
      "confidence": 1.0
    },
    {
      "id": 32,
      "text": "आपण",
      "sentence": 9,
      "start": 631,
      "end": 635,
      "confidence": 1.0
    },
    {
      "id": 33,
      "text": "मेक-अप",
      "sentence": 9,
      "start": 645,
      "end": 651,
      "confidence": 1.0
    },
    {
      "id": 34,
      "text": "तो",
      "sentence": 9,
      "start": 662,
      "end": 664,
      "confidence": 1.0
    },
    {
      "id": 35,
      "text": "त्याच्यापुढे",
      "sentence": 10,
      "start": 671,
      "end": 679,
      "confidence": 1.0
    },
    {
      "id": 36,
      "text": "पद्धतीने",
      "sentence": 10,
      "start": 694,
      "end": 700,
      "confidence": 1.0
    },
    {
      "id": 37,
      "text": "परवानगी",
      "sentence": 10,
      "start": 705,
      "end": 712,
      "confidence": 1.0
    },
    {
      "id": 38,
      "text": "व्यवस्था",
      "sentence": 10,
      "start": 721,
      "end": 726,
      "confidence": 1.0
    },
    {
      "id": 39,
      "text": "पोलिसांकडून",
      "sentence": 10,
      "start": 727,
      "end": 736,
      "confidence": 1.0
    },
    {
      "id": 40,
      "text": "मागणी",
      "sentence": 10,
      "start": 761,
      "end": 765,
      "confidence": 1.0
    },
    {
      "id": 41,
      "text": "मंडळांकडून",
      "sentence": 10,
      "start": 784,
      "end": 792,
      "confidence": 1.0
    },
    {
      "id": 42,
      "text": "लोकसभेत",
      "sentence": 11,
      "start": 799,
      "end": 806,
      "confidence": 1.0
    },
    {
      "id": 43,
      "text": "विधेयकावर",
      "sentence": 11,
      "start": 810,
      "end": 818,
      "confidence": 1.0
    },
    {
      "id": 44,
      "text": "चर्चा",
      "sentence": 11,
      "start": 834,
      "end": 838,
      "confidence": 1.0
    },
    {
      "id": 45,
      "text": "सरकारने",
      "sentence": 12,
      "start": 852,
      "end": 858,
      "confidence": 1.0
    },
    {
      "id": 46,
      "text": "मार्गाचा",
      "sentence": 12,
      "start": 862,
      "end": 867,
      "confidence": 1.0
    },
    {
      "id": 47,
      "text": "विस्तार",
      "sentence": 12,
      "start": 868,
      "end": 873,
      "confidence": 1.0
    },
    {
      "id": 48,
      "text": "पुनर्बांधणी",
      "sentence": 12,
      "start": 877,
      "end": 885,
      "confidence": 1.0
    },
    {
      "id": 49,
      "text": "धावपट्टी",
      "sentence": 13,
      "start": 892,
      "end": 899,
      "confidence": 1.0
    },
    {
      "id": 50,
      "text": "लँडिंग",
      "sentence": 13,
      "start": 900,
      "end": 906,
      "confidence": 1.0
    },
    {
      "id": 51,
      "text": "विमान",
      "sentence": 13,
      "start": 907,
      "end": 911,
      "confidence": 1.0
    },
    {
      "id": 52,
      "text": "मंगळ",
      "sentence": 13,
      "start": 912,
      "end": 916,
      "confidence": 1.0
    },
    {
      "id": 53,
      "text": "विमानतळ",
      "sentence": 13,
      "start": 933,
      "end": 939,
      "confidence": 1.0
    },
    {
      "id": 54,
      "text": "मराठवाड्यातले",
      "sentence": 14,
      "start": 950,
      "end": 961,
      "confidence": 1.0
    },
    {
      "id": 55,
      "text": "मुस्लिम",
      "sentence": 14,
      "start": 967,
      "end": 972,
      "confidence": 1.0
    },
    {
      "id": 56,
      "text": "तरूण",
      "sentence": 14,
      "start": 973,
      "end": 977,
      "confidence": 1.0
    },
    {
      "id": 57,
      "text": "आयसीसच्या",
      "sentence": 14,
      "start": 978,
      "end": 985,
      "confidence": 1.0
    },
    {
      "id": 58,
      "text": "संपर्कात",
      "sentence": 14,
      "start": 986,
      "end": 992,
      "confidence": 1.0
    },
    {
      "id": 59,
      "text": "पद्धती",
      "sentence": 15,
      "start": 1011,
      "end": 1015,
      "confidence": 1.0
    },
    {
      "id": 60,
      "text": "आपण",
      "sentence": 15,
      "start": 1018,
      "end": 1022,
      "confidence": 1.0
    },
    {
      "id": 61,
      "text": "लेखकाचे",
      "sentence": 15,
      "start": 1028,
      "end": 1034,
      "confidence": 1.0
    },
    {
      "id": 62,
      "text": "गोष्ट",
      "sentence": 15,
      "start": 1035,
      "end": 1039,
      "confidence": 1.0
    },
    {
      "id": 63,
      "text": "तो",
      "sentence": 15,
      "start": 1042,
      "end": 1044,
      "confidence": 1.0
    },
    {
      "id": 64,
      "text": "त्यांच्या",
      "sentence": 15,
      "start": 1045,
      "end": 1050,
      "confidence": 1.0
    },
    {
      "id": 65,
      "text": "स्थानकात",
      "sentence": 16,
      "start": 1064,
      "end": 1070,
      "confidence": 1.0
    },
    {
      "id": 66,
      "text": "पोलिसांनी",
      "sentence": 16,
      "start": 1085,
      "end": 1092,
      "confidence": 1.0
    },
    {
      "id": 67,
      "text": "जाधव",
      "sentence": 16,
      "start": 1099,
      "end": 1104,
      "confidence": 1.0
    },
    {
      "id": 68,
      "text": "योजनेला",
      "sentence": 18,
      "start": 1134,
      "end": 1140,
      "confidence": 1.0
    },
    {
      "id": 69,
      "text": "बांबूची",
      "sentence": 18,
      "start": 1145,
      "end": 1150,
      "confidence": 1.0
    },
    {
      "id": 70,
      "text": "तृतीयपंथीय",
      "sentence": 19,
      "start": 1159,
      "end": 1169,
      "confidence": 1.0
    },
    {
      "id": 71,
      "text": "समस्या",
      "sentence": 19,
      "start": 1195,
      "end": 1200,
      "confidence": 1.0
    },
    {
      "id": 72,
      "text": "त्यांच्या",
      "sentence": 19,
      "start": 1210,
      "end": 1215,
      "confidence": 1.0
    },
    {
      "id": 73,
      "text": "हक्कांसाठी",
      "sentence": 19,
      "start": 1216,
      "end": 1223,
      "confidence": 1.0
    },
    {
      "id": 74,
      "text": "गौरी",
      "sentence": 19,
      "start": 1238,
      "end": 1242,
      "confidence": 1.0
    },
    {
      "id": 75,
      "text": "प्रिया",
      "sentence": 20,
      "start": 1250,
      "end": 1254,
      "confidence": 1.0
    },
    {
      "id": 76,
      "text": "पाटील",
      "sentence": 20,
      "start": 1255,
      "end": 1259,
      "confidence": 1.0
    },
    {
      "id": 77,
      "text": "यांनीही",
      "sentence": 20,
      "start": 1260,
      "end": 1265,
      "confidence": 1.0
    },
    {
      "id": 78,
      "text": "मनोगत",
      "sentence": 20,
      "start": 1266,
      "end": 1271,
      "confidence": 1.0
    },
    {
      "id": 79,
      "text": "तृतीयपंथीयही",
      "sentence": 21,
      "start": 1288,
      "end": 1298,
      "confidence": 1.0
    },
    {
      "id": 80,
      "text": "व्यासपीठावर",
      "sentence": 21,
      "start": 1299,
      "end": 1306,
      "confidence": 1.0
    },
    {
      "id": 81,
      "text": "नगराध्यक्षपदाची",
      "sentence": 22,
      "start": 1329,
      "end": 1341,
      "confidence": 1.0
    },
    {
      "id": 82,
      "text": "फेब्रुवारी",
      "sentence": 22,
      "start": 1357,
      "end": 1363,
      "confidence": 1.0
    },
    {
      "id": 83,
      "text": "याला",
      "sentence": 23,
      "start": 1372,
      "end": 1375,
      "confidence": 1.0
    },
    {
      "id": 84,
      "text": "यशवंत",
      "sentence": 23,
      "start": 1392,
      "end": 1397,
      "confidence": 1.0
    },
    {
      "id": 85,
      "text": "जाधव",
      "sentence": 23,
      "start": 1398,
      "end": 1403,
      "confidence": 1.0
    },
    {
      "id": 86,
      "text": "यांनी",
      "sentence": 23,
      "start": 1404,
      "end": 1407,
      "confidence": 1.0
    },
    {
      "id": 87,
      "text": "मंजुरी",
      "sentence": 23,
      "start": 1408,
      "end": 1413,
      "confidence": 1.0
    },
    {
      "id": 88,
      "text": "हप्त्याची",
      "sentence": 23,
      "start": 1425,
      "end": 1432,
      "confidence": 1.0
    },
    {
      "id": 89,
      "text": "रक्कम",
      "sentence": 23,
      "start": 1433,
      "end": 1437,
      "confidence": 1.0
    },
    {
      "id": 90,
      "text": "महापालिका",
      "sentence": 23,
      "start": 1438,
      "end": 1445,
      "confidence": 1.0
    },
    {
      "id": 91,
      "text": "सभागृहाच्या",
      "sentence": 23,
      "start": 1446,
      "end": 1454,
      "confidence": 1.0
    },
    {
      "id": 92,
      "text": "मान्यतेअभावी",
      "sentence": 23,
      "start": 1455,
      "end": 1464,
      "confidence": 1.0
    },
    {
      "id": 93,
      "text": "भूमिकेत",
      "sentence": 24,
      "start": 1495,
      "end": 1501,
      "confidence": 1.0
    },
    {
      "id": 94,
      "text": "दत्त",
      "sentence": 24,
      "start": 1508,
      "end": 1511,
      "confidence": 1.0
    },
    {
      "id": 95,
      "text": "त्वचा",
      "sentence": 25,
      "start": 1519,
      "end": 1522,
      "confidence": 1.0
    },
    {
      "id": 96,
      "text": "दु:ख",
      "sentence": 25,
      "start": 1526,
      "end": 1530,
      "confidence": 1.0
    },
    {
      "id": 97,
      "text": "प्रेरणा",
      "sentence": 25,
      "start": 1554,
      "end": 1558,
      "confidence": 1.0
    },
    {
      "id": 98,
      "text": "त्यातून",
      "sentence": 27,
      "start": 1609,
      "end": 1614,
      "confidence": 1.0
    },
    {
      "id": 99,
      "text": "आपण",
      "sentence": 27,
      "start": 1615,
      "end": 1619,
      "confidence": 1.0
    },
    {
      "id": 100,
      "text": "कामही",
      "sentence": 27,
      "start": 1625,
      "end": 1629,
      "confidence": 1.0
    },
    {
      "id": 101,
      "text": "त्राण",
      "sentence": 27,
      "start": 1647,
      "end": 1650,
      "confidence": 1.0
    },
    {
      "id": 102,
      "text": "शरीरातून",
      "sentence": 27,
      "start": 1660,
      "end": 1666,
      "confidence": 1.0
    },
    {
      "id": 103,
      "text": "बेस्ट’ला",
      "sentence": 28,
      "start": 1691,
      "end": 1697,
      "confidence": 1.0
    },
    {
      "id": 104,
      "text": "कलाकार",
      "sentence": 28,
      "start": 1715,
      "end": 1720,
      "confidence": 1.0
    },
    {
      "id": 105,
      "text": "महासेनाआघाडी",
      "sentence": 29,
      "start": 1731,
      "end": 1741,
      "confidence": 1.0
    },
    {
      "id": 106,
      "text": "सरकारमध्ये",
      "sentence": 29,
      "start": 1742,
      "end": 1749,
      "confidence": 1.0
    },
    {
      "id": 107,
      "text": "मुख्यमंत्री",
      "sentence": 29,
      "start": 1750,
      "end": 1757,
      "confidence": 1.0
    },
    {
      "id": 108,
      "text": "आम्हाला",
      "sentence": 29,
      "start": 1781,
      "end": 1786,
      "confidence": 1.0
    },
    {
      "id": 109,
      "text": "आनंद",
      "sentence": 29,
      "start": 1787,
      "end": 1791,
      "confidence": 1.0
    },
    {
      "id": 110,
      "text": "अग्निशामक",
      "sentence": 30,
      "start": 1815,
      "end": 1823,
      "confidence": 1.0
    },
    {
      "id": 111,
      "text": "दलाने",
      "sentence": 30,
      "start": 1824,
      "end": 1828,
      "confidence": 1.0
    },
    {
      "id": 112,
      "text": "प्रयत्न",
      "sentence": 30,
      "start": 1836,
      "end": 1840,
      "confidence": 1.0
    }
  ],
  "clusters": [
    [
      0,
      3
    ],
    [
      79,
      80,
      81
    ],
    [
      95,
      96,
      97
    ],
    [
      110,
      111,
      112
    ],
    [
      42,
      71
    ],
    [
      87,
      88,
      90
    ],
    [
      99,
      100
    ]
  ]
}