{
  "document_id": "document_216",
  "sentences": [
    "तालुका प्रतिनिधींकडून जे साहित्य मिळेल ते त्यावर संस्करण ‘थिंक महाराष्ट्र डॉट कॉम’च्या ऑफिसशी संलग्न मंडळी करतील व ते लेखन ‘थिंक महाराष्ट्र डॉट कॉम’वर प्रसिद्ध होईल.",
    "रंग आणि आकारावरून हा किडीची ओळख पटवणार आहे.",
    "या सर्व व्यवहारात पाकिस्तानच्या मिया कासिम नावाच्या उद्योगपतीची महत्वाची भूमिका आहे.",
    "ती म्हणते, लहानपणापासून मला अभिनेत्रीच व्हायचं होतं… आणि तशी मी झालेसुद्धा!",
    "तर दुसरीकडे विद्यार्थ्यांअभावी जिल्हा परिषदेच्या प्राथमिक शाळा ओस पडत आहे.",
    "स्थानिक नागरिक आणि मनसे शाखाध्यक्ष मंगेश कशालकर यांनी पालिकेच्या आरोग्य विभागाशी वारंवार पत्रव्यवहार करुन या भागात वैद्यकीय अधिकारी नेमावेत अशी मागणी केली आहे.",
    "चेतराम गुर्जर असे या अवलियाचे नाव आहे.",
    "अशीच भूमिका भाजप सरकारची दिसत आहे.",
    "सकाळी आणि सायंकाळीसुध्दा दोन-तीन किलोमीटर पर्यंत वाहनांच्या रांगा लागल्या होत्या.",
    "नवी दिल्ली | बँकिंग प्रकरणात सीबीआयचा हस्तक्षेप नाही- अर्थमंत्री",
    "शासनाच्या योजना सर्वसामान्यपर्यंत पोहचविण्यात सरकारी कर्मचारी कमी पडतात."
  ],
  "mentions": [
    {
      "id": 0,
      "text": "प्रतिनिधींकडून",
      "sentence": 0,
      "start": 7,
      "end": 20,
      "confidence": 1.0
    },
    {
      "id": 1,
      "text": "साहित्य",
      "sentence": 0,
      "start": 24,
      "end": 30,
      "confidence": 1.0
    },
    {
      "id": 2,
      "text": "ते",
      "sentence": 0,
      "start": 37,
      "end": 39,
      "confidence": 1.0
    },
    {
      "id": 3,
      "text": "त्यावर",
      "sentence": 0,
      "start": 40,
      "end": 45,
      "confidence": 1.0
    },
    {
      "id": 4,
      "text": "संस्करण",
      "sentence": 0,
      "start": 46,
      "end": 53,
      "confidence": 1.0
    },
    {
      "id": 5,
      "text": "मंडळी",
      "sentence": 0,
      "start": 93,
      "end": 98,
      "confidence": 1.0
    },
    {
      "id": 6,
      "text": "ते",
      "sentence": 0,
      "start": 107,
      "end": 109,
      "confidence": 1.0
    },
    {
      "id": 7,
      "text": "आकारावरून",
      "sentence": 1,
      "start": 157,
      "end": 165,
      "confidence": 1.0
    },
    {
      "id": 8,
      "text": "किडीची",
      "sentence": 1,
      "start": 169,
      "end": 175,
      "confidence": 1.0
    },
    {
      "id": 9,
      "text": "व्यवहारात",
      "sentence": 2,
      "start": 194,
      "end": 201,
      "confidence": 1.0
    },
    {
      "id": 10,
      "text": "पाकिस्तानच्या",
      "sentence": 2,
      "start": 202,
      "end": 212,
      "confidence": 1.0
    },
    {
      "id": 11,
      "text": "कासिम",
      "sentence": 2,
      "start": 217,
      "end": 222,
      "confidence": 1.0
    },
    {
      "id": 12,
      "text": "भूमिका",
      "sentence": 2,
      "start": 248,
      "end": 253,
      "confidence": 1.0
    },
    {
      "id": 13,
      "text": "ती",
      "sentence": 3,
      "start": 258,
      "end": 260,
      "confidence": 1.0
    },
    {
      "id": 14,
      "text": "लहानपणापासून",
      "sentence": 3,
      "start": 269,
      "end": 280,
      "confidence": 1.0
    },
    {
      "id": 15,
      "text": "मला",
      "sentence": 3,
      "start": 281,
      "end": 284,
      "confidence": 1.0
    },
    {
      "id": 16,
      "text": "मी",
      "sentence": 3,
      "start": 307,
      "end": 309,
      "confidence": 1.0
    },
    {
      "id": 17,
      "text": "विद्यार्थ्यांअभावी",
      "sentence": 4,
      "start": 323,
      "end": 335,
      "confidence": 1.0
    },
    {
      "id": 18,
      "text": "जिल्हा",
      "sentence": 4,
      "start": 336,
      "end": 341,
      "confidence": 1.0
    },
    {
      "id": 19,
      "text": "शाळा",
      "sentence": 4,
      "start": 359,
      "end": 363,
      "confidence": 1.0
    },
    {
      "id": 20,
      "text": "नागरिक",
      "sentence": 5,
      "start": 377,
      "end": 382,
      "confidence": 1.0
    },
    {
      "id": 21,
      "text": "शाखाध्यक्ष",
      "sentence": 5,
      "start": 391,
      "end": 399,
      "confidence": 1.0
    },
    {
      "id": 22,
      "text": "मंगेश",
      "sentence": 5,
      "start": 400,
      "end": 405,
      "confidence": 1.0
    },
    {
      "id": 23,
      "text": "यांनी",
      "sentence": 5,
      "start": 414,
      "end": 418,
      "confidence": 1.0
    },
    {
      "id": 24,
      "text": "आरोग्य",
      "sentence": 5,
      "start": 428,
      "end": 433,
      "confidence": 1.0
    },
    {
      "id": 25,
      "text": "विभागाशी",
      "sentence": 5,
      "start": 434,
      "end": 441,
      "confidence": 1.0
    },
    {
      "id": 26,
      "text": "पत्रव्यवहार",
      "sentence": 5,
      "start": 448,
      "end": 457,
      "confidence": 1.0
    },
    {
      "id": 27,
      "text": "भागात",
      "sentence": 5,
      "start": 468,
      "end": 473,
      "confidence": 1.0
    },
    {
      "id": 28,
      "text": "अधिकारी",
      "sentence": 5,
      "start": 481,
      "end": 487,
      "confidence": 1.0
    },
    {
      "id": 29,
      "text": "मागणी",
      "sentence": 5,
      "start": 500,
      "end": 504,
      "confidence": 1.0
    },
    {
      "id": 30,
      "text": "गुर्जर",
      "sentence": 6,
      "start": 515,
      "end": 520,
      "confidence": 1.0
    },
    {
      "id": 31,
      "text": "अवलियाचे",
      "sentence": 6,
      "start": 527,
      "end": 534,
      "confidence": 1.0
    },
    {
      "id": 32,
      "text": "भूमिका",
      "sentence": 7,
      "start": 545,
      "end": 550,
      "confidence": 1.0
    },
    {
      "id": 33,
      "text": "भाजप",
      "sentence": 7,
      "start": 551,
      "end": 555,
      "confidence": 1.0
    },
    {
      "id": 34,
      "text": "सरकारची",
      "sentence": 7,
      "start": 556,
      "end": 563,
      "confidence": 1.0
    },
    {
      "id": 35,
      "text": "रांगा",
      "sentence": 8,
      "start": 630,
      "end": 634,
      "confidence": 1.0
    },
    {
      "id": 36,
      "text": "दिल्ली",
      "sentence": 9,
      "start": 642,
      "end": 646,
      "confidence": 1.0
    },
    {
      "id": 37,
      "text": "बँकिंग",
      "sentence": 9,
      "start": 650,
      "end": 655,
      "confidence": 1.0
    },
    {
      "id": 38,
      "text": "हस्तक्षेप",
      "sentence": 9,
      "start": 672,
      "end": 678,
      "confidence": 1.0
    },
    {
      "id": 39,
      "text": "अर्थमंत्री",
      "sentence": 9,
      "start": 686,
      "end": 692,
      "confidence": 1.0
    },
    {
      "id": 40,
      "text": "शासनाच्या",
      "sentence": 10,
      "start": 696,
      "end": 704,
      "confidence": 1.0
    },
    {
      "id": 41,
      "text": "योजना",
      "sentence": 10,
      "start": 705,
      "end": 709,
      "confidence": 1.0
    },
    {
      "id": 42,
      "text": "कर्मचारी",
      "sentence": 10,
      "start": 727,
      "end": 733,
      "confidence": 1.0
    }
  ],
  "clusters": [
    [
      3,
      4,
      5
    ],
    [
      7,
      12
    ],
    [
      10,
      11
    ],
    [
      20,
      21,
      22
    ],
    [
      24,
      26,
      28
    ],
    [
      30,
      31
    ],
    [
      35,
      36,
      37,
      38
    ],
    [
      39,
      40,
      41
    ]
  ]
}