{
  "document_id": "document_266",
  "sentences": [
    "आज शिवसेनेचे मुखपत्र असलेल्या सामनाच्या अग्रलेखातून भाजपावर निशाणा साधण्यात आला .",
    "दरम्यान, पोलिसांच्या ताब्यात असलेल्या सोनू जालान याच्यासोबतच अरबाज खानची चौकशी करण्यात आली.",
    "महाराष्ट्र वीज कामगार महासंघ, भारतीय कामगार सेना, महाराष्ट्र स्टेट इलेक्ट्रिसिटी वर्कर्स फेडरेशन, महाराष्ट्र वीज कंत्राटी कामगार संघाचा आज झालेल्या बैठकीत कामबंद आंदोलन करण्याचा निर्णय घेतल्याची माहिती कामगार महासंघाचे अध्यक्ष अण्णा देसाई यांनी दिली.",
    "– यात चर्चा आणि उत्तर मिळतील मात्र आता पाकिस्थानला जशास तास उत्तर देणे हे सगळ्यात महत्त्वाचे आहे.",
    "अशा प्रकरणांमध्ये दिली जाणारी पगारी रजा जास्तीतजास्त ९० दिवसांची असेल आणि या सुट्या त्या महिला कर्मचार्‍याच्या सुट्यांमधून वजा केल्या जाणार नाही, असेही या आदेशात स्पष्ट करण्यात आले आहे.",
    "तथापि, कालांतराने, त्यांच्या धार्मिक श्रद्धा विभाजन झाल्यामुळे अधिक आणि अधिक फरक होत आहेत.",
    "आह्मीं एक स्वामीवांचून दुसरा वगवशीला जाणत नाहीं.",
    "करावी.",
    "मातीवर आलेले धान्य, आपट्याच्या पानांसोबत श्री स्वामी समर्थ महाराजांना, कुलदेवीला, कुलदैवत व घरातील ज्येष्ठांना द्यावेत.",
    "प्रसाद म्हणून स्त्रीयांनी केसात माळावेत व पुरुषांनी टोपीखाली किंवा कानावर धारण करावे.",
    "संचिका थांबल्या; नगरसेवकांचा संताप",
    "सिंहगडावर धारातीर्थी पडलेल्या नरवीर तानाजी मालुसरे यांचे पार्थिव याच मढय़े घाटातून त्यांच्या गावी उमरठ येथे पालखीतून आणले होते.",
    "सानिया आणि क्रोएशियाचा इव्हान डोडिग या अव्वल सीडेड जोडीला बिनसीडेड ब्रिटनच्या नील स्कुप्सी आणि अ‍ॅना स्मिथ जोडीकडून ६-४, ३-६, ५-७ असा पराभवाचा धक्का बसला.",
    "सर्व खेळणी \"Bruder\", आणि समावेश आग ट्रक, तर्कशुद्ध विचार, कल्पनाशक्ती, मोटर कौशल्य, व्हिज्युअल मेमरी विकासात.",
    "मात्र त्यांनी ते वाहन कुठे उभे करून व्यवसाय करायाचा याचे निर्देश दिले जात नाहीत.",
    "पर्यायी व्यवस्थेसाठी नवीन बांधकाम सुरू आहे.",
    "सरणावर ठेवलेल्या आपल्या आईला कवटाळून केशव ढसाढसा रडू लागला.",
    "भारतीय जोडीने हाँगकाँगच्या प्रतिस्पर्धी जोडीचा 6-4, 6-4 असा पराभव केला.",
    "अशा प्रकारे मोडस ऑपरेंडीचे अनुसरण करणाऱ्या ६५ पेक्षा जास्त देशांमध्ये २६५ पेक्षा जास्त मीडिया हाऊस आढळले आहेत.",
    "तत्सम श्रेणी कायदा बनवण्याचे आणि कायदा बनवण्याचे म्हटले जाऊ शकते.",
    "भारताच्या साई प्रणीतने थायलंड ओपन ग्रांपी गोल्ड ब्याडमिंटन स्पर्धा जिंकून आपल्या शिरपेचात आणखी एक मानाचा तुरा रोवला.",
    "विशेष म्हणजे यावेळी त्यांच्यासोबत त्यांचे विरोधी उमेदवार संग्राम जगताप यांचे सासरे भाजप आमदार शिवाजीराव कर्डिले उपस्थित होते.",
    "फ्लॉवर सुगंध विविध अवलंबून असते आणि पूर्णपणे अनुपस्थित किंवा विश्वास बसणार नाही इतका सुमारे गोड नोट्स हवा भरून शकते.",
    "या योजनेची अंमलबजावणी मुंबईत प्रायोगिक तत्त्वांवर करण्याचा निर्णय घेतला आहे.",
    "या संदर्भात पोलीस तक्रारीही झाल्या आहेत.",
    "स्वातंत्र्यसमर उत्सव",
    "या घटनेत अनुपam पाटील (वय २२, रा.",
    "तो सर्वाधिक बांधले की येथे आहे सर्वात महाग हॉटेल, आणि आता हॉटेल पाणी आहे.",
    "कामे वेळेत पूर्ण करणे गरजेचे असले तरी शरीराला आणि मनाला विश्रांती देखील तितकीच आवश्यक आहे.",
    "बिगरतेल व्यापाराच्या टक्केवारीनंदेखील गेल्या सहा-सात वर्षांधील उच्चांकी टक्केवारी (10.2) गाठली आहे.",
    "या अ‍ॅपला महिला बचत गटातील सदस्यांकडून अत्यंत चांगला प्रतिसाद मिळू लागला आहे.",
    "आकारमान ओळी अर्थ रेखाचित्र आकार लागू करा.",
    "जिल्ह्यातील एकूण 17 महसुली मंडळांमधील दुष्काळाने पीडित 308 गावांचा यामध्ये समावेश आहे.",
    "आधीच उघड धातू ओलावा नाही आणि गंज होतो.",
    "चीन सैन्याने गडी बाद होण्याचा क्रम मध्ये तिबेट ताब्यात घेतले.",
    "आम्ही एक घरांसाठी रीलेटर निवडा - एक करारावर स्वाक्षरी केली, आणि तो आधीच कायदेशीर संबंध संरक्षित आहे!",
    "या वस्तरा दोन कप्पा असलेली धातूची एक जलरोधक गृहनिर्माण (तसेच सर्व पूर्वी नमूद मॉडेल) आहे.",
    "अर्थात सुरवात राज यांनीच केली होती.",
    "प्राथमिक माहितीमध्ये स्थानिक."
  ],
  "mentions": [
    {
      "id": 0,
      "text": "शिवसेना",
      "sentence": 0,
      "start": 4,
      "end": 12,
      "confidence": 1.0
    },
    {
      "id": 1,
      "text": "मुखपत्र",
      "sentence": 0,
      "start": 14,
      "end": 20,
      "confidence": 1.0
    },
    {
      "id": 2,
      "text": "सामना",
      "sentence": 0,
      "start": 32,
      "end": 40,
      "confidence": 1.0
    },
    {
      "id": 3,
      "text": "अग्रलेखातून",
      "sentence": 0,
      "start": 41,
      "end": 51,
      "confidence": 1.0
    },
    {
      "id": 4,
      "text": "भाजपा",
      "sentence": 0,
      "start": 52,
      "end": 58,
      "confidence": 1.0
    },
    {
      "id": 5,
      "text": "निशाणा",
      "sentence": 0,
      "start": 59,
      "end": 64,
      "confidence": 1.0
    },
    {
      "id": 6,
      "text": "पोलीस",
      "sentence": 1,
      "start": 72,
      "end": 81,
      "confidence": 1.0
    },
    {
      "id": 7,
      "text": "ताबा",
      "sentence": 1,
      "start": 82,
      "end": 87,
      "confidence": 1.0
    },
    {
      "id": 8,
      "text": "सोनू",
      "sentence": 1,
      "start": 97,
      "end": 100,
      "confidence": 1.0
    },
    {
      "id": 9,
      "text": "अरबाज",
      "sentence": 1,
      "start": 118,
      "end": 122,
      "confidence": 1.0
    },
    {
      "id": 10,
      "text": "चौकशी",
      "sentence": 1,
      "start": 128,
      "end": 133,
      "confidence": 1.0
    },
    {
      "id": 11,
      "text": "महाराष्ट्र",
      "sentence": 2,
      "start": 140,
      "end": 149,
      "confidence": 1.0
    },
    {
      "id": 12,
      "text": "कामगार",
      "sentence": 2,
      "start": 153,
      "end": 158,
      "confidence": 1.0
    },
    {
      "id": 13,
      "text": "महासंघ",
      "sentence": 2,
      "start": 159,
      "end": 164,
      "confidence": 1.0
    },
    {
      "id": 14,
      "text": "कामगार",
      "sentence": 2,
      "start": 173,
      "end": 178,
      "confidence": 1.0
    },
    {
      "id": 15,
      "text": "सेना",
      "sentence": 2,
      "start": 179,
      "end": 182,
      "confidence": 1.0
    },
    {
      "id": 16,
      "text": "महाराष्ट्र",
      "sentence": 2,
      "start": 185,
      "end": 194,
      "confidence": 1.0
    },
    {
      "id": 17,
      "text": "स्टेट",
      "sentence": 2,
      "start": 195,
      "end": 199,
      "confidence": 1.0
    },
    {
      "id": 18,
      "text": "इलेक्ट्रिसिटी",
      "sentence": 2,
      "start": 200,
      "end": 212,
      "confidence": 1.0
    },
    {
      "id": 19,
      "text": "वर्कर्स",
      "sentence": 2,
      "start": 213,
      "end": 219,
      "confidence": 1.0
    },
    {
      "id": 20,
      "text": "फेडरेशन",
      "sentence": 2,
      "start": 220,
      "end": 227,
      "confidence": 1.0
    },
    {
      "id": 21,
      "text": "महाराष्ट्र",
      "sentence": 2,
      "start": 230,
      "end": 239,
      "confidence": 1.0
    },
    {
      "id": 22,
      "text": "कंत्राटी",
      "sentence": 2,
      "start": 243,
      "end": 249,
      "confidence": 1.0
    },
    {
      "id": 23,
      "text": "कामगार",
      "sentence": 2,
      "start": 250,
      "end": 255,
      "confidence": 1.0
    },
    {
      "id": 24,
      "text": "बैठक",
      "sentence": 2,
      "start": 272,
      "end": 277,
      "confidence": 1.0
    },
    {
      "id": 25,
      "text": "कामबंद",
      "sentence": 2,
      "start": 278,
      "end": 283,
      "confidence": 1.0
    },
    {
      "id": 26,
      "text": "आंदोलन",
      "sentence": 2,
      "start": 284,
      "end": 290,
      "confidence": 1.0
    },
    {
      "id": 27,
      "text": "निर्णय",
      "sentence": 2,
      "start": 301,
      "end": 305,
      "confidence": 1.0
    },
    {
      "id": 28,
      "text": "माहिती",
      "sentence": 2,
      "start": 316,
      "end": 321,
      "confidence": 1.0
    },
    {
      "id": 29,
      "text": "कामगार",
      "sentence": 2,
      "start": 322,
      "end": 327,
      "confidence": 1.0
    },
    {
      "id": 30,
      "text": "महासंघ",
      "sentence": 2,
      "start": 328,
      "end": 336,
      "confidence": 1.0
    },
    {
      "id": 31,
      "text": "अण्णा",
      "sentence": 2,
      "start": 343,
      "end": 347,
      "confidence": 1.0
    },
    {
      "id": 32,
      "text": "देसाई",
      "sentence": 2,
      "start": 348,
      "end": 352,
      "confidence": 1.0
    },
    {
      "id": 33,
      "text": "चर्चा",
      "sentence": 3,
      "start": 367,
      "end": 371,
      "confidence": 1.0
    },
    {
      "id": 34,
      "text": "उत्तर",
      "sentence": 3,
      "start": 375,
      "end": 378,
      "confidence": 1.0
    },
    {
      "id": 35,
      "text": "पाकिस्थान",
      "sentence": 3,
      "start": 394,
      "end": 403,
      "confidence": 1.0
    },
    {
      "id": 36,
      "text": "उत्तर",
      "sentence": 3,
      "start": 412,
      "end": 415,
      "confidence": 1.0
    },
    {
      "id": 37,
      "text": "प्रकरण",
      "sentence": 4,
      "start": 426,
      "end": 437,
      "confidence": 1.0
    },
    {
      "id": 38,
      "text": "पगारी",
      "sentence": 4,
      "start": 442,
      "end": 446,
      "confidence": 1.0
    },
    {
      "id": 39,
      "text": "दिवस",
      "sentence": 4,
      "start": 458,
      "end": 465,
      "confidence": 1.0
    },
    {
      "id": 40,
      "text": "त्या",
      "sentence": 4,
      "start": 484,
      "end": 486,
      "confidence": 1.0
    },
    {
      "id": 41,
      "text": "महिला",
      "sentence": 4,
      "start": 487,
      "end": 491,
      "confidence": 1.0
    },
    {
      "id": 42,
      "text": "कर्मचारी",
      "sentence": 4,
      "start": 492,
      "end": 503,
      "confidence": 1.0
    },
    {
      "id": 43,
      "text": "कालांतर",
      "sentence": 5,
      "start": 550,
      "end": 559,
      "confidence": 1.0
    },
    {
      "id": 44,
      "text": "त्या",
      "sentence": 5,
      "start": 561,
      "end": 568,
      "confidence": 1.0
    },
    {
      "id": 45,
      "text": "श्रद्धा",
      "sentence": 5,
      "start": 575,
      "end": 580,
      "confidence": 1.0
    },
    {
      "id": 46,
      "text": "विभाजन",
      "sentence": 5,
      "start": 581,
      "end": 587,
      "confidence": 1.0
    },
    {
      "id": 47,
      "text": "स्वामी",
      "sentence": 6,
      "start": 626,
      "end": 635,
      "confidence": 1.0
    },
    {
      "id": 48,
      "text": "माती",
      "sentence": 8,
      "start": 660,
      "end": 665,
      "confidence": 1.0
    },
    {
      "id": 49,
      "text": "धान्य",
      "sentence": 8,
      "start": 672,
      "end": 676,
      "confidence": 1.0
    },
    {
      "id": 50,
      "text": "आपट्या",
      "sentence": 8,
      "start": 678,
      "end": 686,
      "confidence": 1.0
    },
    {
      "id": 51,
      "text": "श्री",
      "sentence": 8,
      "start": 696,
      "end": 699,
      "confidence": 1.0
    },
    {
      "id": 52,
      "text": "स्वामी",
      "sentence": 8,
      "start": 700,
      "end": 704,
      "confidence": 1.0
    },
    {
      "id": 53,
      "text": "समर्थ",
      "sentence": 8,
      "start": 705,
      "end": 709,
      "confidence": 1.0
    },
    {
      "id": 54,
      "text": "महाराज",
      "sentence": 8,
      "start": 710,
      "end": 717,
      "confidence": 1.0
    },
    {
      "id": 55,
      "text": "कुलदेवी",
      "sentence": 8,
      "start": 719,
      "end": 726,
      "confidence": 1.0
    },
    {
      "id": 56,
      "text": "कुलदैवत",
      "sentence": 8,
      "start": 728,
      "end": 734,
      "confidence": 1.0
    },
    {
      "id": 57,
      "text": "प्रसाद",
      "sentence": 9,
      "start": 754,
      "end": 759,
      "confidence": 1.0
    },
    {
      "id": 58,
      "text": "स्त्री",
      "sentence": 9,
      "start": 765,
      "end": 773,
      "confidence": 1.0
    },
    {
      "id": 59,
      "text": "पुरुष",
      "sentence": 9,
      "start": 786,
      "end": 793,
      "confidence": 1.0
    },
    {
      "id": 60,
      "text": "संचिका",
      "sentence": 10,
      "start": 816,
      "end": 821,
      "confidence": 1.0
    },
    {
      "id": 61,
      "text": "नगरसेवक",
      "sentence": 10,
      "start": 824,
      "end": 833,
      "confidence": 1.0
    },
    {
      "id": 62,
      "text": "संताप",
      "sentence": 10,
      "start": 834,
      "end": 838,
      "confidence": 1.0
    },
    {
      "id": 63,
      "text": "सिंहगड",
      "sentence": 11,
      "start": 842,
      "end": 850,
      "confidence": 1.0
    },
    {
      "id": 64,
      "text": "धारातीर्थी",
      "sentence": 11,
      "start": 851,
      "end": 860,
      "confidence": 1.0
    },
    {
      "id": 65,
      "text": "नरवीर",
      "sentence": 11,
      "start": 868,
      "end": 872,
      "confidence": 1.0
    },
    {
      "id": 66,
      "text": "तानाजी",
      "sentence": 11,
      "start": 873,
      "end": 878,
      "confidence": 1.0
    },
    {
      "id": 67,
      "text": "मालुसरे",
      "sentence": 11,
      "start": 879,
      "end": 884,
      "confidence": 1.0
    },
    {
      "id": 68,
      "text": "पार्थिव",
      "sentence": 11,
      "start": 891,
      "end": 896,
      "confidence": 1.0
    },
    {
      "id": 69,
      "text": "त्या",
      "sentence": 11,
      "start": 914,
      "end": 921,
      "confidence": 1.0
    },
    {
      "id": 70,
      "text": "पालखी",
      "sentence": 11,
      "start": 934,
      "end": 941,
      "confidence": 1.0
    },
    {
      "id": 71,
      "text": "सानिया",
      "sentence": 12,
      "start": 945,
      "end": 950,
      "confidence": 1.0
    },
    {
      "id": 72,
      "text": "क्रोएशिया",
      "sentence": 12,
      "start": 955,
      "end": 963,
      "confidence": 1.0
    },
    {
      "id": 73,
      "text": "डोडिग",
      "sentence": 12,
      "start": 969,
      "end": 973,
      "confidence": 1.0
    },
    {
      "id": 74,
      "text": "ब्रिटन",
      "sentence": 12,
      "start": 999,
      "end": 1006,
      "confidence": 1.0
    },
    {
      "id": 75,
      "text": "स्कुप्सी",
      "sentence": 12,
      "start": 1011,
      "end": 1016,
      "confidence": 1.0
    },
    {
      "id": 76,
      "text": "अ‍ॅना",
      "sentence": 12,
      "start": 1020,
      "end": 1024,
      "confidence": 1.0
    },
    {
      "id": 77,
      "text": "पराभव",
      "sentence": 12,
      "start": 1055,
      "end": 1062,
      "confidence": 1.0
    },
    {
      "id": 78,
      "text": "धक्का",
      "sentence": 12,
      "start": 1063,
      "end": 1067,
      "confidence": 1.0
    },
    {
      "id": 79,
      "text": "खेळणी",
      "sentence": 13,
      "start": 1073,
      "end": 1078,
      "confidence": 1.0
    },
    {
      "id": 80,
      "text": "ट्रक",
      "sentence": 13,
      "start": 1104,
      "end": 1107,
      "confidence": 1.0
    },
    {
      "id": 81,
      "text": "विचार",
      "sentence": 13,
      "start": 1114,
      "end": 1118,
      "confidence": 1.0
    },
    {
      "id": 82,
      "text": "कल्पनाशक्ती",
      "sentence": 13,
      "start": 1120,
      "end": 1130,
      "confidence": 1.0
    },
    {
      "id": 83,
      "text": "मोटर",
      "sentence": 13,
      "start": 1132,
      "end": 1136,
      "confidence": 1.0
    },
    {
      "id": 84,
      "text": "कौशल्य",
      "sentence": 13,
      "start": 1137,
      "end": 1142,
      "confidence": 1.0
    },
    {
      "id": 85,
      "text": "मेमरी",
      "sentence": 13,
      "start": 1152,
      "end": 1157,
      "confidence": 1.0
    },
    {
      "id": 86,
      "text": "विकास",
      "sentence": 13,
      "start": 1158,
      "end": 1164,
      "confidence": 1.0
    },
    {
      "id": 87,
      "text": "त्या",
      "sentence": 14,
      "start": 1170,
      "end": 1175,
      "confidence": 1.0
    },
    {
      "id": 88,
      "text": "ते",
      "sentence": 14,
      "start": 1176,
      "end": 1177,
      "confidence": 1.0
    },
    {
      "id": 89,
      "text": "वाहन",
      "sentence": 14,
      "start": 1178,
      "end": 1181,
      "confidence": 1.0
    },
    {
      "id": 90,
      "text": "व्यवसाय",
      "sentence": 14,
      "start": 1192,
      "end": 1197,
      "confidence": 1.0
    },
    {
      "id": 91,
      "text": "निर्देश",
      "sentence": 14,
      "start": 1206,
      "end": 1211,
      "confidence": 1.0
    },
    {
      "id": 92,
      "text": "व्यवस्था",
      "sentence": 15,
      "start": 1219,
      "end": 1228,
      "confidence": 1.0
    },
    {
      "id": 93,
      "text": "बांधकाम",
      "sentence": 15,
      "start": 1235,
      "end": 1240,
      "confidence": 1.0
    },
    {
      "id": 94,
      "text": "आपल",
      "sentence": 16,
      "start": 1259,
      "end": 1264,
      "confidence": 1.0
    },
    {
      "id": 95,
      "text": "केशव",
      "sentence": 16,
      "start": 1278,
      "end": 1281,
      "confidence": 1.0
    },
    {
      "id": 96,
      "text": "हाँगकाँग",
      "sentence": 17,
      "start": 1304,
      "end": 1313,
      "confidence": 1.0
    },
    {
      "id": 97,
      "text": "प्रतिस्पर्धी",
      "sentence": 17,
      "start": 1314,
      "end": 1322,
      "confidence": 1.0
    },
    {
      "id": 98,
      "text": "पराभव",
      "sentence": 17,
      "start": 1342,
      "end": 1347,
      "confidence": 1.0
    },
    {
      "id": 99,
      "text": "प्रकार",
      "sentence": 18,
      "start": 1354,
      "end": 1359,
      "confidence": 1.0
    },
    {
      "id": 100,
      "text": "अनुसरण",
      "sentence": 18,
      "start": 1373,
      "end": 1378,
      "confidence": 1.0
    },
    {
      "id": 101,
      "text": "मीडिया",
      "sentence": 18,
      "start": 1417,
      "end": 1421,
      "confidence": 1.0
    },
    {
      "id": 102,
      "text": "श्रेणी",
      "sentence": 19,
      "start": 1436,
      "end": 1440,
      "confidence": 1.0
    },
    {
      "id": 103,
      "text": "कायदा",
      "sentence": 19,
      "start": 1441,
      "end": 1445,
      "confidence": 1.0
    },
    {
      "id": 104,
      "text": "कायदा",
      "sentence": 19,
      "start": 1458,
      "end": 1462,
      "confidence": 1.0
    },
    {
      "id": 105,
      "text": "भारत",
      "sentence": 20,
      "start": 1471,
      "end": 1478,
      "confidence": 1.0
    },
    {
      "id": 106,
      "text": "प्रणीत",
      "sentence": 20,
      "start": 1482,
      "end": 1488,
      "confidence": 1.0
    },
    {
      "id": 107,
      "text": "थायलंड",
      "sentence": 20,
      "start": 1489,
      "end": 1495,
      "confidence": 1.0
    },
    {
      "id": 108,
      "text": "ग्रांपी",
      "sentence": 20,
      "start": 1500,
      "end": 1505,
      "confidence": 1.0
    },
    {
      "id": 109,
      "text": "गोल्ड",
      "sentence": 20,
      "start": 1506,
      "end": 1510,
      "confidence": 1.0
    },
    {
      "id": 110,
      "text": "ब्याडमिंटन",
      "sentence": 20,
      "start": 1511,
      "end": 1520,
      "confidence": 1.0
    },
    {
      "id": 111,
      "text": "स्पर्धा",
      "sentence": 20,
      "start": 1521,
      "end": 1526,
      "confidence": 1.0
    },
    {
      "id": 112,
      "text": "आपल",
      "sentence": 20,
      "start": 1533,
      "end": 1538,
      "confidence": 1.0
    },
    {
      "id": 113,
      "text": "शिरपेच",
      "sentence": 20,
      "start": 1539,
      "end": 1546,
      "confidence": 1.0
    },
    {
      "id": 114,
      "text": "तुरा",
      "sentence": 20,
      "start": 1557,
      "end": 1560,
      "confidence": 1.0
    },
    {
      "id": 115,
      "text": "त्या",
      "sentence": 21,
      "start": 1577,
      "end": 1587,
      "confidence": 1.0
    },
    {
      "id": 116,
      "text": "त्या",
      "sentence": 21,
      "start": 1588,
      "end": 1593,
      "confidence": 1.0
    },
    {
      "id": 117,
      "text": "संग्राम",
      "sentence": 21,
      "start": 1607,
      "end": 1612,
      "confidence": 1.0
    },
    {
      "id": 118,
      "text": "जगताप",
      "sentence": 21,
      "start": 1613,
      "end": 1618,
      "confidence": 1.0
    },
    {
      "id": 119,
      "text": "भाजप",
      "sentence": 21,
      "start": 1630,
      "end": 1633,
      "confidence": 1.0
    },
    {
      "id": 120,
      "text": "आमदार",
      "sentence": 21,
      "start": 1634,
      "end": 1638,
      "confidence": 1.0
    },
    {
      "id": 121,
      "text": "शिवाजीराव",
      "sentence": 21,
      "start": 1639,
      "end": 1647,
      "confidence": 1.0
    },
    {
      "id": 122,
      "text": "फ्लॉवर",
      "sentence": 22,
      "start": 1657,
      "end": 1662,
      "confidence": 1.0
    },
    {
      "id": 123,
      "text": "सुगंध",
      "sentence": 22,
      "start": 1663,
      "end": 1667,
      "confidence": 1.0
    },
    {
      "id": 124,
      "text": "विश्वास",
      "sentence": 22,
      "start": 1700,
      "end": 1705,
      "confidence": 1.0
    },
    {
      "id": 125,
      "text": "नोट्स",
      "sentence": 22,
      "start": 1715,
      "end": 1719,
      "confidence": 1.0
    },
    {
      "id": 126,
      "text": "योजना",
      "sentence": 23,
      "start": 1728,
      "end": 1734,
      "confidence": 1.0
    },
    {
      "id": 127,
      "text": "अंमलबजावणी",
      "sentence": 23,
      "start": 1735,
      "end": 1744,
      "confidence": 1.0
    },
    {
      "id": 128,
      "text": "मुंबई",
      "sentence": 23,
      "start": 1745,
      "end": 1750,
      "confidence": 1.0
    },
    {
      "id": 129,
      "text": "तत्त्व",
      "sentence": 23,
      "start": 1760,
      "end": 1767,
      "confidence": 1.0
    },
    {
      "id": 130,
      "text": "निर्णय",
      "sentence": 23,
      "start": 1776,
      "end": 1780,
      "confidence": 1.0
    },
    {
      "id": 131,
      "text": "संदर्भ",
      "sentence": 24,
      "start": 1787,
      "end": 1793,
      "confidence": 1.0
    },
    {
      "id": 132,
      "text": "पोलीस",
      "sentence": 24,
      "start": 1794,
      "end": 1798,
      "confidence": 1.0
    },
    {
      "id": 133,
      "text": "तक्रार",
      "sentence": 24,
      "start": 1799,
      "end": 1806,
      "confidence": 1.0
    },
    {
      "id": 134,
      "text": "स्वातंत्र्यसमर",
      "sentence": 25,
      "start": 1811,
      "end": 1823,
      "confidence": 1.0
    },
    {
      "id": 135,
      "text": "उत्सव",
      "sentence": 25,
      "start": 1824,
      "end": 1828,
      "confidence": 1.0
    },
    {
      "id": 136,
      "text": "घटना",
      "sentence": 26,
      "start": 1834,
      "end": 1838,
      "confidence": 1.0
    },
    {
      "id": 137,
      "text": "अनुपम",
      "sentence": 26,
      "start": 1839,
      "end": 1844,
      "confidence": 1.0
    },
    {
      "id": 138,
      "text": "पाटील",
      "sentence": 26,
      "start": 1845,
      "end": 1849,
      "confidence": 1.0
    },
    {
      "id": 139,
      "text": "तो",
      "sentence": 27,
      "start": 1864,
      "end": 1865,
      "confidence": 1.0
    },
    {
      "id": 140,
      "text": "हॉटेल",
      "sentence": 27,
      "start": 1883,
      "end": 1887,
      "confidence": 1.0
    },
    {
      "id": 141,
      "text": "हॉटेल",
      "sentence": 27,
      "start": 1898,
      "end": 1902,
      "confidence": 1.0
    },
    {
      "id": 142,
      "text": "पाणी",
      "sentence": 27,
      "start": 1903,
      "end": 1906,
      "confidence": 1.0
    },
    {
      "id": 143,
      "text": "शरीर",
      "sentence": 28,
      "start": 1934,
      "end": 1940,
      "confidence": 1.0
    },
    {
      "id": 144,
      "text": "विश्रांती",
      "sentence": 28,
      "start": 1949,
      "end": 1956,
      "confidence": 1.0
    },
    {
      "id": 145,
      "text": "व्यापार",
      "sentence": 29,
      "start": 1969,
      "end": 1978,
      "confidence": 1.0
    },
    {
      "id": 146,
      "text": "टक्केवारी",
      "sentence": 29,
      "start": 1979,
      "end": 1993,
      "confidence": 1.0
    },
    {
      "id": 147,
      "text": "वर्ष",
      "sentence": 29,
      "start": 2003,
      "end": 2010,
      "confidence": 1.0
    },
    {
      "id": 148,
      "text": "टक्केवारी",
      "sentence": 29,
      "start": 2018,
      "end": 2025,
      "confidence": 1.0
    },
    {
      "id": 149,
      "text": "अ‍ॅप",
      "sentence": 30,
      "start": 2039,
      "end": 2043,
      "confidence": 1.0
    },
    {
      "id": 150,
      "text": "महिला",
      "sentence": 30,
      "start": 2044,
      "end": 2048,
      "confidence": 1.0
    },
    {
      "id": 151,
      "text": "सदस्य",
      "sentence": 30,
      "start": 2059,
      "end": 2067,
      "confidence": 1.0
    },
    {
      "id": 152,
      "text": "प्रतिसाद",
      "sentence": 30,
      "start": 2079,
      "end": 2085,
      "confidence": 1.0
    },
    {
      "id": 153,
      "text": "आकारमान",
      "sentence": 31,
      "start": 2090,
      "end": 2096,
      "confidence": 1.0
    },
    {
      "id": 154,
      "text": "अर्थ",
      "sentence": 31,
      "start": 2101,
      "end": 2104,
      "confidence": 1.0
    },
    {
      "id": 155,
      "text": "रेखाचित्र",
      "sentence": 31,
      "start": 2105,
      "end": 2111,
      "confidence": 1.0
    },
    {
      "id": 156,
      "text": "जिल्हा",
      "sentence": 32,
      "start": 2121,
      "end": 2130,
      "confidence": 1.0
    },
    {
      "id": 157,
      "text": "मंडळ",
      "sentence": 32,
      "start": 2142,
      "end": 2150,
      "confidence": 1.0
    },
    {
      "id": 158,
      "text": "दुष्काळ",
      "sentence": 32,
      "start": 2151,
      "end": 2159,
      "confidence": 1.0
    },
    {
      "id": 159,
      "text": "धातू",
      "sentence": 33,
      "start": 2195,
      "end": 2198,
      "confidence": 1.0
    },
    {
      "id": 160,
      "text": "ओलावा",
      "sentence": 33,
      "start": 2199,
      "end": 2204,
      "confidence": 1.0
    },
    {
      "id": 161,
      "text": "सैन्य",
      "sentence": 34,
      "start": 2220,
      "end": 2226,
      "confidence": 1.0
    },
    {
      "id": 162,
      "text": "क्रम",
      "sentence": 34,
      "start": 2241,
      "end": 2244,
      "confidence": 1.0
    },
    {
      "id": 163,
      "text": "तिबेट",
      "sentence": 34,
      "start": 2245,
      "end": 2249,
      "confidence": 1.0
    },
    {
      "id": 164,
      "text": "आम्ही",
      "sentence": 35,
      "start": 2255,
      "end": 2259,
      "confidence": 1.0
    },
    {
      "id": 165,
      "text": "करार",
      "sentence": 35,
      "start": 2284,
      "end": 2290,
      "confidence": 1.0
    },
    {
      "id": 166,
      "text": "तो",
      "sentence": 35,
      "start": 2307,
      "end": 2308,
      "confidence": 1.0
    },
    {
      "id": 167,
      "text": "संबंध",
      "sentence": 35,
      "start": 2316,
      "end": 2320,
      "confidence": 1.0
    },
    {
      "id": 168,
      "text": "वस्तरा",
      "sentence": 36,
      "start": 2328,
      "end": 2333,
      "confidence": 1.0
    },
    {
      "id": 169,
      "text": "कप्पा",
      "sentence": 36,
      "start": 2338,
      "end": 2342,
      "confidence": 1.0
    },
    {
      "id": 170,
      "text": "धातू",
      "sentence": 36,
      "start": 2350,
      "end": 2355,
      "confidence": 1.0
    },
    {
      "id": 171,
      "text": "गृहनिर्माण",
      "sentence": 36,
      "start": 2362,
      "end": 2370,
      "confidence": 1.0
    },
    {
      "id": 172,
      "text": "मॉडेल",
      "sentence": 36,
      "start": 2386,
      "end": 2390,
      "confidence": 1.0
    },
    {
      "id": 173,
      "text": "माहिती",
      "sentence": 38,
      "start": 2422,
      "end": 2431,
      "confidence": 1.0
    }
  ],
  "clusters": [
    [
      8,
      9,
      10
    ],
    [
      11,
      12
    ],
    [
      14,
      15,
      16,
      17
    ],
    [
      18,
      19,
      20
    ],
    [
      21,
      22,
      23,
      24,
      25
    ],
    [
      26,
      27,
      28,
      29,
      30
    ],
    [
      36,
      37
    ],
    [
      39,
      40,
      41
    ],
    [
      52,
      56
    ],
    [
      53,
      54,
      55
    ],
    [
      72,
      73,
      74,
      75
    ],
    [
      91,
      92,
      93,
      97
    ],
    [
      101,
      103,
      104,
      105
    ],
    [
      107,
      108,
      109,
      110,
      111
    ],
    [
      126,
      127
    ],
    [
      133,
      135
    ],
    [
      136,
      137
    ],
    [
      139,
      140
    ],
    [
      150,
      151
    ],
    [
      153,
      154,
      161
    ],
    [
      165,
      166
    ],
    [
      168,
      169
    ],
    [
      170,
      173
    ]
  ]
}