{
  "document_id": "document_429",
  "sentences": [
    "भल्ला आदींकडून पाच लाख रुपये, मराठवाडा लोकविकास मंचकडून पाच लाख रुपये, खासदार कपिल पाटील यांच्याकडून पाच लाख रुपये, मुलुंड सेवा संघाकडून एक लाख पंचवीस हजार रुपये, फ्युएल संस्थेचे संस्थापक अध्यक्ष केतन देशपांडे यांच्याकडून साडेतीन लाख रुपये, याच संस्थेचे मुख्य प्रवर्तक संतोष हुरलीकोप्पी यांच्याकडून अडीच लाख रुपये,आमदार भारती लव्हेकर यांच्या पुढाकारातून जमा करण्यात आलेले २ लाख ७१ हजार १०० रुपये, शालेय शिक्षणमंत्री आशिष शेलार यांच्याकडून १ लाख ५० हजार रुपये, सेव्हिलीयर क्लिनिकल सप्लाईज सर्व्हिसेसकडून १ लाख ११ हजार रुपये, हेतल गाला यांच्याकडून १ लाख ११ हजार रुपये, योगेश कटारिया यांच्याकडून १ लाख १ हजार रुपये, सन्नी सानप यांच्याकडून १ लाख रुपये,शकुंतला ठक्कर यांच्याकडून १ लाख रुपये, बांद्रा पश्चिम सार्वजनिक गणेशोत्सव मंडळाकडून १ लाख रुपये,खार दांड्यातील दांडा कोळी समाजाकडून १ लाख रुपये.",
    "एक गुहेत दोन महिलांची राहात असताना प्रकरणे आहेत.",
    "अशा आशयाची फेसबूक पोस्ट केली आहे.",
    "मंजुनाथ भोजण्णावर",
    "केरळमध्ये झालेल्या मुसळधार पावसामुळे त्या ठिकाणचे जनजीवन विस्कळित झाले असून देशभरातून मदतीचा ओघ सुरू झाला आहे.",
    "त्या धर्तीवर आता रेल्वेने सामाजिक बांधिलकी जोपासत पूरग्रस्तांसाठी पाठविली जाणारी विविध संस्था व व्यक्‍तींची धान्य अथवा वस्तू, पाणी या स्वरूपातील मदत विनामोबदला पोच करण्याची जबाबदारी स्विकारली आहे.",
    "रात्रीचे जेवण किमान दोनशे ते अडीचशे लोक एकत्र येऊन घेतात.",
    "मात्र, 2012 -13 च्या हिशेबात जर त्रूटी किंवा चुका असतील तर त्या आता कशा सुधारायच्या?",
    "राज्यसभेच्या चेअरमन यांनी म्हणजे उपराष्ट्रपतींनी हा निर्णय घेतला आहे.",
    "या प्रकारच्या वक्तव्याची ."
  ],
  "mentions": [
    {
      "id": 0,
      "text": "भल्ला",
      "sentence": 0,
      "start": 0,
      "end": 5,
      "confidence": 1.0
    },
    {
      "id": 1,
      "text": "मराठवाडा",
      "sentence": 0,
      "start": 20,
      "end": 28,
      "confidence": 1.0
    },
    {
      "id": 2,
      "text": "लोकविकास",
      "sentence": 0,
      "start": 29,
      "end": 37,
      "confidence": 1.0
    },
    {
      "id": 3,
      "text": "मंचकडून",
      "sentence": 0,
      "start": 38,
      "end": 45,
      "confidence": 1.0
    },
    {
      "id": 4,
      "text": "खासदार",
      "sentence": 0,
      "start": 62,
      "end": 68,
      "confidence": 1.0
    },
    {
      "id": 5,
      "text": "कपिल",
      "sentence": 0,
      "start": 69,
      "end": 73,
      "confidence": 1.0
    },
    {
      "id": 6,
      "text": "पाटील",
      "sentence": 0,
      "start": 74,
      "end": 79,
      "confidence": 1.0
    },
    {
      "id": 7,
      "text": "मुलुंड",
      "sentence": 0,
      "start": 96,
      "end": 101,
      "confidence": 1.0
    },
    {
      "id": 8,
      "text": "सेवा",
      "sentence": 0,
      "start": 102,
      "end": 105,
      "confidence": 1.0
    },
    {
      "id": 9,
      "text": "संघाकडून",
      "sentence": 0,
      "start": 106,
      "end": 113,
      "confidence": 1.0
    },
    {
      "id": 10,
      "text": "संस्थेचे",
      "sentence": 0,
      "start": 139,
      "end": 145,
      "confidence": 1.0
    },
    {
      "id": 11,
      "text": "संस्थापक",
      "sentence": 0,
      "start": 146,
      "end": 152,
      "confidence": 1.0
    },
    {
      "id": 12,
      "text": "केतन",
      "sentence": 0,
      "start": 159,
      "end": 163,
      "confidence": 1.0
    },
    {
      "id": 13,
      "text": "देशपांडे",
      "sentence": 0,
      "start": 164,
      "end": 171,
      "confidence": 1.0
    },
    {
      "id": 14,
      "text": "संस्थेचे",
      "sentence": 0,
      "start": 201,
      "end": 207,
      "confidence": 1.0
    },
    {
      "id": 15,
      "text": "प्रवर्तक",
      "sentence": 0,
      "start": 213,
      "end": 219,
      "confidence": 1.0
    },
    {
      "id": 16,
      "text": "संतोष",
      "sentence": 0,
      "start": 220,
      "end": 225,
      "confidence": 1.0
    },
    {
      "id": 17,
      "text": "हुरलीकोप्पी",
      "sentence": 0,
      "start": 226,
      "end": 235,
      "confidence": 1.0
    },
    {
      "id": 18,
      "text": "आमदार",
      "sentence": 0,
      "start": 254,
      "end": 259,
      "confidence": 1.0
    },
    {
      "id": 19,
      "text": "भारती",
      "sentence": 0,
      "start": 260,
      "end": 265,
      "confidence": 1.0
    },
    {
      "id": 20,
      "text": "पुढाकारातून",
      "sentence": 0,
      "start": 275,
      "end": 284,
      "confidence": 1.0
    },
    {
      "id": 21,
      "text": "शिक्षणमंत्री",
      "sentence": 0,
      "start": 329,
      "end": 338,
      "confidence": 1.0
    },
    {
      "id": 22,
      "text": "आशिष",
      "sentence": 0,
      "start": 339,
      "end": 344,
      "confidence": 1.0
    },
    {
      "id": 23,
      "text": "शेलार",
      "sentence": 0,
      "start": 345,
      "end": 350,
      "confidence": 1.0
    },
    {
      "id": 24,
      "text": "सेव्हिलीयर",
      "sentence": 0,
      "start": 369,
      "end": 377,
      "confidence": 1.0
    },
    {
      "id": 25,
      "text": "सप्लायज",
      "sentence": 0,
      "start": 386,
      "end": 392,
      "confidence": 1.0
    },
    {
      "id": 26,
      "text": "सर्व्हिसेसकडून",
      "sentence": 0,
      "start": 393,
      "end": 404,
      "confidence": 1.0
    },
    {
      "id": 27,
      "text": "कटारिया",
      "sentence": 0,
      "start": 448,
      "end": 454,
      "confidence": 1.0
    },
    {
      "id": 28,
      "text": "सन्नि",
      "sentence": 0,
      "start": 470,
      "end": 474,
      "confidence": 1.0
    },
    {
      "id": 29,
      "text": "सानप",
      "sentence": 0,
      "start": 475,
      "end": 479,
      "confidence": 1.0
    },
    {
      "id": 30,
      "text": "शकुंतला",
      "sentence": 0,
      "start": 496,
      "end": 503,
      "confidence": 1.0
    },
    {
      "id": 31,
      "text": "ठक्कर",
      "sentence": 0,
      "start": 504,
      "end": 509,
      "confidence": 1.0
    },
    {
      "id": 32,
      "text": "बांद्रा",
      "sentence": 0,
      "start": 526,
      "end": 531,
      "confidence": 1.0
    },
    {
      "id": 33,
      "text": "पश्चिम",
      "sentence": 0,
      "start": 532,
      "end": 536,
      "confidence": 1.0
    },
    {
      "id": 34,
      "text": "गणेशोत्सव",
      "sentence": 0,
      "start": 545,
      "end": 553,
      "confidence": 1.0
    },
    {
      "id": 35,
      "text": "मंडळाकडून",
      "sentence": 0,
      "start": 554,
      "end": 562,
      "confidence": 1.0
    },
    {
      "id": 36,
      "text": "दांडा",
      "sentence": 0,
      "start": 581,
      "end": 585,
      "confidence": 1.0
    },
    {
      "id": 37,
      "text": "कोळी",
      "sentence": 0,
      "start": 586,
      "end": 590,
      "confidence": 1.0
    },
    {
      "id": 38,
      "text": "समाजाकडून",
      "sentence": 0,
      "start": 591,
      "end": 599,
      "confidence": 1.0
    },
    {
      "id": 39,
      "text": "गुहेत",
      "sentence": 1,
      "start": 603,
      "end": 607,
      "confidence": 1.0
    },
    {
      "id": 40,
      "text": "महिलांची",
      "sentence": 1,
      "start": 612,
      "end": 618,
      "confidence": 1.0
    },
    {
      "id": 41,
      "text": "प्रकरणे",
      "sentence": 1,
      "start": 629,
      "end": 634,
      "confidence": 1.0
    },
    {
      "id": 42,
      "text": "आशयाची",
      "sentence": 2,
      "start": 642,
      "end": 648,
      "confidence": 1.0
    },
    {
      "id": 43,
      "text": "फेसबूक",
      "sentence": 2,
      "start": 649,
      "end": 655,
      "confidence": 1.0
    },
    {
      "id": 44,
      "text": "पोस्ट",
      "sentence": 2,
      "start": 656,
      "end": 659,
      "confidence": 1.0
    },
    {
      "id": 45,
      "text": "मंजुनाथ",
      "sentence": 3,
      "start": 669,
      "end": 676,
      "confidence": 1.0
    },
    {
      "id": 46,
      "text": "भोजण्णावर",
      "sentence": 3,
      "start": 677,
      "end": 686,
      "confidence": 1.0
    },
    {
      "id": 47,
      "text": "पावसामुळे",
      "sentence": 4,
      "start": 708,
      "end": 715,
      "confidence": 1.0
    },
    {
      "id": 48,
      "text": "ठिकाणचे",
      "sentence": 4,
      "start": 722,
      "end": 728,
      "confidence": 1.0
    },
    {
      "id": 49,
      "text": "जनजीवन",
      "sentence": 4,
      "start": 729,
      "end": 734,
      "confidence": 1.0
    },
    {
      "id": 50,
      "text": "देशभरातून",
      "sentence": 4,
      "start": 749,
      "end": 756,
      "confidence": 1.0
    },
    {
      "id": 51,
      "text": "मदतीचा",
      "sentence": 4,
      "start": 757,
      "end": 763,
      "confidence": 1.0
    },
    {
      "id": 52,
      "text": "त्या",
      "sentence": 5,
      "start": 784,
      "end": 786,
      "confidence": 1.0
    },
    {
      "id": 53,
      "text": "धर्तीवर",
      "sentence": 5,
      "start": 788,
      "end": 793,
      "confidence": 1.0
    },
    {
      "id": 54,
      "text": "रेल्वेने",
      "sentence": 5,
      "start": 800,
      "end": 805,
      "confidence": 1.0
    },
    {
      "id": 55,
      "text": "बांधिलकी",
      "sentence": 5,
      "start": 813,
      "end": 819,
      "confidence": 1.0
    },
    {
      "id": 56,
      "text": "पूरग्रस्तांसाठी",
      "sentence": 5,
      "start": 826,
      "end": 837,
      "confidence": 1.0
    },
    {
      "id": 57,
      "text": "संस्था",
      "sentence": 5,
      "start": 859,
      "end": 863,
      "confidence": 1.0
    },
    {
      "id": 58,
      "text": "व्यक्‍तींची",
      "sentence": 5,
      "start": 866,
      "end": 872,
      "confidence": 1.0
    },
    {
      "id": 59,
      "text": "धान्य",
      "sentence": 5,
      "start": 873,
      "end": 877,
      "confidence": 1.0
    },
    {
      "id": 60,
      "text": "वस्तू",
      "sentence": 5,
      "start": 885,
      "end": 888,
      "confidence": 1.0
    },
    {
      "id": 61,
      "text": "पाणी",
      "sentence": 5,
      "start": 891,
      "end": 894,
      "confidence": 1.0
    },
    {
      "id": 62,
      "text": "जबाबदारी",
      "sentence": 5,
      "start": 933,
      "end": 939,
      "confidence": 1.0
    },
    {
      "id": 63,
      "text": "जेवण",
      "sentence": 6,
      "start": 951,
      "end": 955,
      "confidence": 1.0
    },
    {
      "id": 64,
      "text": "हिशेबात",
      "sentence": 7,
      "start": 999,
      "end": 1005,
      "confidence": 1.0
    },
    {
      "id": 65,
      "text": "त्रूटी",
      "sentence": 7,
      "start": 1010,
      "end": 1014,
      "confidence": 1.0
    },
    {
      "id": 66,
      "text": "चुका",
      "sentence": 7,
      "start": 1021,
      "end": 1024,
      "confidence": 1.0
    },
    {
      "id": 67,
      "text": "त्या",
      "sentence": 7,
      "start": 1035,
      "end": 1037,
      "confidence": 1.0
    },
    {
      "id": 68,
      "text": "चेअरमन",
      "sentence": 8,
      "start": 1067,
      "end": 1073,
      "confidence": 1.0
    },
    {
      "id": 69,
      "text": "उपराष्ट्रपतींनी",
      "sentence": 8,
      "start": 1083,
      "end": 1093,
      "confidence": 1.0
    },
    {
      "id": 70,
      "text": "निर्णय",
      "sentence": 8,
      "start": 1097,
      "end": 1101,
      "confidence": 1.0
    },
    {
      "id": 71,
      "text": "प्रकारच्या",
      "sentence": 9,
      "start": 1110,
      "end": 1117,
      "confidence": 1.0
    },
    {
      "id": 72,
      "text": "वक्तव्याची",
      "sentence": 9,
      "start": 1118,
      "end": 1125,
      "confidence": 1.0
    }
  ],
  "clusters": [
    [
      4,
      5,
      6
    ],
    [
      12,
      13,
      14,
      15
    ],
    [
      10,
      11,
      16
    ],
    [
      17,
      18,
      19
    ],
    [
      20,
      21,
      22
    ],
    [
      24,
      25,
      26
    ],
    [
      30,
      31
    ],
    [
      32,
      33
    ],
    [
      34,
      35
    ],
    [
      36,
      37
    ],
    [
      52,
      53
    ]
  ]
}