{
  "document_id": "document_430",
  "sentences": [
    "पेट्रोल, डिझेल दरात रोज होणार बदल",
    "मिशिगन मध्ये आधारित विद्युत आणि संकरीत कार जाहिरात, गति वाढवण्यासाठी, फोर्ड विद्युत कार त्यांच्या पेटंट उपलब्ध केले आहे - आता ते प्रतिस्पर्धी लाभ घेण्यासाठी सक्षम होतील!",
    "संबंधित प्रकरणाची विस्तृत चौकशी पूर्ण करून एक महिन्यात अहवाल सादर करण्याचा निर्देश संबंधितांना ."
  ],
  "mentions": [
    {
      "id": 0,
      "text": "पेट्रोल",
      "sentence": 0,
      "start": 0,
      "end": 7,
      "confidence": 1.0
    },
    {
      "id": 1,
      "text": "डिझेल",
      "sentence": 0,
      "start": 9,
      "end": 14,
      "confidence": 1.0
    },
    {
      "id": 2,
      "text": "दरात",
      "sentence": 0,
      "start": 16,
      "end": 20,
      "confidence": 1.0
    },
    {
      "id": 3,
      "text": "मिशिगन",
      "sentence": 1,
      "start": 34,
      "end": 40,
      "confidence": 1.0
    },
    {
      "id": 4,
      "text": "जाहिरात",
      "sentence": 1,
      "start": 70,
      "end": 77,
      "confidence": 1.0
    },
    {
      "id": 5,
      "text": "फोर्ड",
      "sentence": 1,
      "start": 97,
      "end": 101,
      "confidence": 1.0
    },
    {
      "id": 6,
      "text": "त्यांच्या",
      "sentence": 1,
      "start": 114,
      "end": 121,
      "confidence": 1.0
    },
    {
      "id": 7,
      "text": "पेटंट",
      "sentence": 1,
      "start": 122,
      "end": 127,
      "confidence": 1.0
    },
    {
      "id": 8,
      "text": "ते",
      "sentence": 1,
      "start": 150,
      "end": 152,
      "confidence": 1.0
    },
    {
      "id": 9,
      "text": "प्रतिस्पर्धी",
      "sentence": 1,
      "start": 153,
      "end": 162,
      "confidence": 1.0
    },
    {
      "id": 10,
      "text": "प्रकरणाची",
      "sentence": 2,
      "start": 221,
      "end": 230,
      "confidence": 1.0
    },
    {
      "id": 11,
      "text": "चौकशी",
      "sentence": 2,
      "start": 237,
      "end": 243,
      "confidence": 1.0
    },
    {
      "id": 12,
      "text": "अहवाल",
      "sentence": 2,
      "start": 268,
      "end": 274,
      "confidence": 1.0
    },
    {
      "id": 13,
      "text": "निर्देश",
      "sentence": 2,
      "start": 287,
      "end": 293,
      "confidence": 1.0
    },
    {
      "id": 14,
      "text": "संबंधितांना",
      "sentence": 2,
      "start": 294,
      "end": 303,
      "confidence": 1.0
    }
  ],
  "clusters": [
    [
      8,
      10
    ],
    [
      12,
      13
    ]
  ]
}