{
  "document_id": "document_63",
  "sentences": [
    "आलोच.",
    "तितक्यात आजी लुटपुटत माझ्याजवळ आली आणि गच्च तोंड धरून गालाचा ओलसर मुका घेतला.",
    "अशा पेशींच्या कार्यकर्त्यांना नेहमी अनोळखी त्यांच्या बैठका येणे प्रोत्साहन दिले जाते यामुळे येथे आयोजित झालेल्या चर्चेत नवीन प्रवाह सादर करण्याची संधी मिळाली आहे.",
    "रूग्णांना उपचारासाठी अ‍ॅम्बulन्स मिळत नाही, पण डॉक्टरांनी त्यात दारूच्या पेट्या भरून आणण्याचा करनामा केलाय.",
    "पण गंभीरने आता क्रिकेटमधून निवृत्ती घेतली आहे.",
    "त्यानंतरही याद्या प्रसिध्द करण्यात आल्या नाहीत.",
    "आज जरी इन्स्टावर तिचा ३ दिवसापूर्वीचा फोटो पाहिला तरी ती एकदम सामान्य, फिट, चांगल्या शारीरिक मानसिक अवस्थेमध्ये असणाऱ्या व्यक्ती सारखीच दिसते पण खरच असं होतं का?",
    "मुंबई : भारताचे माजी क्रिकेटपटू संजय मांजरेकर यांनी क्रिकेट समालोचक हर्षा भोगले यांच्यासोबत झालेल्या वादाबाबत माफी मागितली आहे.",
    "मी: \"वो रिवर उपर महाबलेश्वरमें है और नीचे वाई मेंभी!",
    "यंदा वारकऱयांची वारी ‘महाग’",
    "शंभरफुटी रोड, सांगली) या दोघांना बुधवारी दुपारी कुपवाड पोलिसांच्या डीबी पथकाने सातारा जिल्हयातील उरमोडी धरणाजवळ पकडून गजाआड केले.",
    "‘शोध महाराष्ट्राचा’ हे पुस्तक इतिहास अभ्यासकांना; त्याचप्रमाणे सर्वसाधारण वाचकांना आवडेल असे आहे.",
    "पुस्तकाची आणखी एक जमेची बाजू म्हणजे लेखकाने कोठेही हात आखडून लिहिले आहे किंवा काही गोष्टी झाकण्याचा प्रयत्न केला आहे असे वाटत नाही.",
    "लेखकाने जसे आहे तसे सांगण्याचा प्रयत्न केला आहे व तो यशस्वी झाला आहे.",
    "सुरुवातीला त्यांचे शिक्षण घरीच झाले.",
    "मग या वरुन एवढा गदारोळ कशाला व्हायला हवा?",
    "बाकी मस्त जमलय हे.",
    "> घोटाळेबाज अंनिसची नोंदणी रहित करण्यात यावी !",
    "म्हणून अनेकदा घडते, कुठेतरी कुठेतरी गमावले शोधा.",
    "अगोदर एअर इंडियाच्या मालकीसाठी धडपड करणार्‍या कंपन्यांनी नंतर आपली भूमिका का बदलली, सरकारी अटी जाचक होत्या का, याचा सरकारनेही विचार केला नाही.",
    "आणि तो खरा उन्माद एक सामान्य मुलांच्या हुक्की फरक करणे शक्य आहे कसे?",
    "प्रवेश प्रक्रियेची सर्व माहिती ुुु.",
    "वर्शीींं."
  ],
  "mentions": [
    {
      "id": 0,
      "text": "तोंड",
      "sentence": 1,
      "start": 39,
      "end": 43,
      "confidence": 1.0
    },
    {
      "id": 1,
      "text": "गालाचा",
      "sentence": 1,
      "start": 50,
      "end": 56,
      "confidence": 1.0
    },
    {
      "id": 2,
      "text": "पेशींच्या",
      "sentence": 2,
      "start": 73,
      "end": 79,
      "confidence": 1.0
    },
    {
      "id": 3,
      "text": "कार्यकर्त्यांना",
      "sentence": 2,
      "start": 81,
      "end": 91,
      "confidence": 1.0
    },
    {
      "id": 4,
      "text": "त्यांच्या",
      "sentence": 2,
      "start": 99,
      "end": 105,
      "confidence": 1.0
    },
    {
      "id": 5,
      "text": "बैठका",
      "sentence": 2,
      "start": 106,
      "end": 111,
      "confidence": 1.0
    },
    {
      "id": 6,
      "text": "प्रोत्साहन",
      "sentence": 2,
      "start": 116,
      "end": 123,
      "confidence": 1.0
    },
    {
      "id": 7,
      "text": "चर्चेत",
      "sentence": 2,
      "start": 145,
      "end": 150,
      "confidence": 1.0
    },
    {
      "id": 8,
      "text": "प्रवाह",
      "sentence": 2,
      "start": 158,
      "end": 163,
      "confidence": 1.0
    },
    {
      "id": 9,
      "text": "संधी",
      "sentence": 2,
      "start": 173,
      "end": 177,
      "confidence": 1.0
    },
    {
      "id": 10,
      "text": "रूग्णांना",
      "sentence": 3,
      "start": 193,
      "end": 199,
      "confidence": 1.0
    },
    {
      "id": 11,
      "text": "उपचारासाठी",
      "sentence": 3,
      "start": 200,
      "end": 208,
      "confidence": 1.0
    },
    {
      "id": 12,
      "text": "अ‍ॅम्बुलन्स",
      "sentence": 3,
      "start": 209,
      "end": 218,
      "confidence": 1.0
    },
    {
      "id": 13,
      "text": "डॉक्टरांनी",
      "sentence": 3,
      "start": 232,
      "end": 239,
      "confidence": 1.0
    },
    {
      "id": 14,
      "text": "पेट्या",
      "sentence": 3,
      "start": 251,
      "end": 255,
      "confidence": 1.0
    },
    {
      "id": 15,
      "text": "करनामा",
      "sentence": 3,
      "start": 268,
      "end": 274,
      "confidence": 1.0
    },
    {
      "id": 16,
      "text": "गंभीरने",
      "sentence": 4,
      "start": 279,
      "end": 284,
      "confidence": 1.0
    },
    {
      "id": 17,
      "text": "निवृत्ती",
      "sentence": 4,
      "start": 299,
      "end": 305,
      "confidence": 1.0
    },
    {
      "id": 18,
      "text": "याद्या",
      "sentence": 5,
      "start": 319,
      "end": 323,
      "confidence": 1.0
    },
    {
      "id": 19,
      "text": "इन्स्टावर",
      "sentence": 6,
      "start": 338,
      "end": 345,
      "confidence": 1.0
    },
    {
      "id": 20,
      "text": "फोटो",
      "sentence": 6,
      "start": 361,
      "end": 365,
      "confidence": 1.0
    },
    {
      "id": 21,
      "text": "ती",
      "sentence": 6,
      "start": 378,
      "end": 379,
      "confidence": 1.0
    },
    {
      "id": 22,
      "text": "व्यक्ती",
      "sentence": 6,
      "start": 424,
      "end": 428,
      "confidence": 1.0
    },
    {
      "id": 23,
      "text": "मुंबई",
      "sentence": 7,
      "start": 457,
      "end": 461,
      "confidence": 1.0
    },
    {
      "id": 24,
      "text": "भारताचे",
      "sentence": 7,
      "start": 464,
      "end": 470,
      "confidence": 1.0
    },
    {
      "id": 25,
      "text": "मांजरेकर",
      "sentence": 7,
      "start": 488,
      "end": 494,
      "confidence": 1.0
    },
    {
      "id": 26,
      "text": "समालोचक",
      "sentence": 7,
      "start": 501,
      "end": 508,
      "confidence": 1.0
    },
    {
      "id": 27,
      "text": "हर्षा",
      "sentence": 7,
      "start": 509,
      "end": 513,
      "confidence": 1.0
    },
    {
      "id": 28,
      "text": "त्यांच्यासोबत",
      "sentence": 7,
      "start": 519,
      "end": 528,
      "confidence": 1.0
    },
    {
      "id": 29,
      "text": "वादाबाबत",
      "sentence": 7,
      "start": 535,
      "end": 541,
      "confidence": 1.0
    },
    {
      "id": 30,
      "text": "माफी",
      "sentence": 7,
      "start": 542,
      "end": 545,
      "confidence": 1.0
    },
    {
      "id": 31,
      "text": "मी",
      "sentence": 8,
      "start": 562,
      "end": 563,
      "confidence": 1.0
    },
    {
      "id": 32,
      "text": "रिवर",
      "sentence": 8,
      "start": 568,
      "end": 572,
      "confidence": 1.0
    },
    {
      "id": 33,
      "text": "वारकऱयांची",
      "sentence": 9,
      "start": 614,
      "end": 623,
      "confidence": 1.0
    },
    {
      "id": 34,
      "text": "वारी",
      "sentence": 9,
      "start": 624,
      "end": 627,
      "confidence": 1.0
    },
    {
      "id": 35,
      "text": "दोघांना",
      "sentence": 10,
      "start": 653,
      "end": 658,
      "confidence": 1.0
    },
    {
      "id": 36,
      "text": "कुपवाड",
      "sentence": 10,
      "start": 670,
      "end": 675,
      "confidence": 1.0
    },
    {
      "id": 37,
      "text": "पथकाने",
      "sentence": 10,
      "start": 687,
      "end": 692,
      "confidence": 1.0
    },
    {
      "id": 38,
      "text": "सातारा",
      "sentence": 10,
      "start": 693,
      "end": 697,
      "confidence": 1.0
    },
    {
      "id": 39,
      "text": "धरणाजवळ",
      "sentence": 10,
      "start": 712,
      "end": 718,
      "confidence": 1.0
    },
    {
      "id": 40,
      "text": "पुस्तक",
      "sentence": 11,
      "start": 751,
      "end": 755,
      "confidence": 1.0
    },
    {
      "id": 41,
      "text": "इतिहास",
      "sentence": 11,
      "start": 756,
      "end": 761,
      "confidence": 1.0
    },
    {
      "id": 42,
      "text": "अभ्यासकांना",
      "sentence": 11,
      "start": 762,
      "end": 770,
      "confidence": 1.0
    },
    {
      "id": 43,
      "text": "वाचकांना",
      "sentence": 11,
      "start": 788,
      "end": 794,
      "confidence": 1.0
    },
    {
      "id": 44,
      "text": "पुस्तकाची",
      "sentence": 12,
      "start": 804,
      "end": 810,
      "confidence": 1.0
    },
    {
      "id": 45,
      "text": "बाजू",
      "sentence": 12,
      "start": 822,
      "end": 825,
      "confidence": 1.0
    },
    {
      "id": 46,
      "text": "लेखकाने",
      "sentence": 12,
      "start": 833,
      "end": 839,
      "confidence": 1.0
    },
    {
      "id": 47,
      "text": "गोष्टी",
      "sentence": 12,
      "start": 870,
      "end": 874,
      "confidence": 1.0
    },
    {
      "id": 48,
      "text": "प्रयत्न",
      "sentence": 12,
      "start": 885,
      "end": 889,
      "confidence": 1.0
    },
    {
      "id": 49,
      "text": "लेखकाने",
      "sentence": 13,
      "start": 903,
      "end": 909,
      "confidence": 1.0
    },
    {
      "id": 50,
      "text": "प्रयत्न",
      "sentence": 13,
      "start": 926,
      "end": 930,
      "confidence": 1.0
    },
    {
      "id": 51,
      "text": "तो",
      "sentence": 13,
      "start": 940,
      "end": 941,
      "confidence": 1.0
    },
    {
      "id": 52,
      "text": "त्यांचे",
      "sentence": 14,
      "start": 956,
      "end": 960,
      "confidence": 1.0
    },
    {
      "id": 53,
      "text": "शिक्षण",
      "sentence": 14,
      "start": 961,
      "end": 966,
      "confidence": 1.0
    },
    {
      "id": 54,
      "text": "गदारोळ",
      "sentence": 15,
      "start": 986,
      "end": 991,
      "confidence": 1.0
    },
    {
      "id": 55,
      "text": "अंनिसची",
      "sentence": 17,
      "start": 1021,
      "end": 1027,
      "confidence": 1.0
    },
    {
      "id": 56,
      "text": "नोंदणी",
      "sentence": 17,
      "start": 1028,
      "end": 1033,
      "confidence": 1.0
    },
    {
      "id": 57,
      "text": "इंडियाच्या",
      "sentence": 19,
      "start": 1065,
      "end": 1071,
      "confidence": 1.0
    },
    {
      "id": 58,
      "text": "मालकीसाठी",
      "sentence": 19,
      "start": 1072,
      "end": 1080,
      "confidence": 1.0
    },
    {
      "id": 59,
      "text": "कंपन्यांनी",
      "sentence": 19,
      "start": 1092,
      "end": 1099,
      "confidence": 1.0
    },
    {
      "id": 60,
      "text": "भूमिका",
      "sentence": 19,
      "start": 1109,
      "end": 1113,
      "confidence": 1.0
    },
    {
      "id": 61,
      "text": "सरकारनेही",
      "sentence": 19,
      "start": 1149,
      "end": 1157,
      "confidence": 1.0
    },
    {
      "id": 62,
      "text": "विचार",
      "sentence": 19,
      "start": 1158,
      "end": 1162,
      "confidence": 1.0
    },
    {
      "id": 63,
      "text": "तो",
      "sentence": 20,
      "start": 1172,
      "end": 1173,
      "confidence": 1.0
    },
    {
      "id": 64,
      "text": "उन्माद",
      "sentence": 20,
      "start": 1178,
      "end": 1182,
      "confidence": 1.0
    },
    {
      "id": 65,
      "text": "मुलांच्या",
      "sentence": 20,
      "start": 1192,
      "end": 1198,
      "confidence": 1.0
    },
    {
      "id": 66,
      "text": "हुक्की",
      "sentence": 20,
      "start": 1199,
      "end": 1202,
      "confidence": 1.0
    },
    {
      "id": 67,
      "text": "प्रवेश",
      "sentence": 21,
      "start": 1224,
      "end": 1228,
      "confidence": 1.0
    },
    {
      "id": 68,
      "text": "प्रक्रियेची",
      "sentence": 21,
      "start": 1229,
      "end": 1236,
      "confidence": 1.0
    },
    {
      "id": 69,
      "text": "माहिती",
      "sentence": 21,
      "start": 1241,
      "end": 1245,
      "confidence": 1.0
    }
  ],
  "clusters": [
    [
      1,
      42
    ],
    [
      6,
      7
    ],
    [
      27,
      29,
      30
    ],
    [
      34,
      35
    ],
    [
      37,
      38
    ],
    [
      34,
      35,
      37,
      38,
      39
    ],
    [
      63,
      67
    ]
  ]
}