{
  "document_id": "document_367",
  "sentences": [
    "बाचणीच्या दिशा ऍकॅडमीच्या मुलांचा ऑल इंडिया रेडिओवर कार्यक्रम",
    "मात्र, विरोधकांनी कामकाजात भाग घेतला नाही.",
    "तिने खाजगी विमानाने जायला हवं' असा टोमणा मारला.",
    "मग, आर्थिक धार्मिक आणि इतर विरोधाभास एक परिणाम म्हणून, ज्यू राष्ट्र पूर्व युरोप मधील विस्थापित झाले आहे.",
    "या संबधिची माहिती त्याने स्वतः सोशल मिडियावरून फोटो शेअर."
  ],
  "mentions": [
    {
      "id": 0,
      "text": "दिशा",
      "sentence": 0,
      "start": 9,
      "end": 13,
      "confidence": 1.0
    },
    {
      "id": 1,
      "text": "मुलांचा",
      "sentence": 0,
      "start": 24,
      "end": 31,
      "confidence": 1.0
    },
    {
      "id": 2,
      "text": "इंडिया",
      "sentence": 0,
      "start": 36,
      "end": 42,
      "confidence": 1.0
    },
    {
      "id": 3,
      "text": "कार्यक्रम",
      "sentence": 0,
      "start": 52,
      "end": 60,
      "confidence": 1.0
    },
    {
      "id": 4,
      "text": "विरोधकांनी",
      "sentence": 1,
      "start": 65,
      "end": 75,
      "confidence": 1.0
    },
    {
      "id": 5,
      "text": "कामकाजात",
      "sentence": 1,
      "start": 76,
      "end": 84,
      "confidence": 1.0
    },
    {
      "id": 6,
      "text": "तिने",
      "sentence": 2,
      "start": 99,
      "end": 103,
      "confidence": 1.0
    },
    {
      "id": 7,
      "text": "विमानाने",
      "sentence": 2,
      "start": 109,
      "end": 116,
      "confidence": 1.0
    },
    {
      "id": 8,
      "text": "टोमणा",
      "sentence": 2,
      "start": 131,
      "end": 136,
      "confidence": 1.0
    },
    {
      "id": 9,
      "text": "विरोधाभास",
      "sentence": 3,
      "start": 165,
      "end": 174,
      "confidence": 1.0
    },
    {
      "id": 10,
      "text": "परिणाम",
      "sentence": 3,
      "start": 178,
      "end": 184,
      "confidence": 1.0
    },
    {
      "id": 11,
      "text": "ज्यू",
      "sentence": 3,
      "start": 192,
      "end": 195,
      "confidence": 1.0
    },
    {
      "id": 12,
      "text": "राष्ट्र",
      "sentence": 3,
      "start": 196,
      "end": 201,
      "confidence": 1.0
    },
    {
      "id": 13,
      "text": "युरोप",
      "sentence": 3,
      "start": 208,
      "end": 213,
      "confidence": 1.0
    },
    {
      "id": 14,
      "text": "माहिती",
      "sentence": 4,
      "start": 236,
      "end": 242,
      "confidence": 1.0
    },
    {
      "id": 15,
      "text": "त्याने",
      "sentence": 4,
      "start": 243,
      "end": 247,
      "confidence": 1.0
    },
    {
      "id": 16,
      "text": "स्वतः",
      "sentence": 4,
      "start": 248,
      "end": 252,
      "confidence": 1.0
    },
    {
      "id": 17,
      "text": "मिडियावरून",
      "sentence": 4,
      "start": 259,
      "end": 268,
      "confidence": 1.0
    },
    {
      "id": 18,
      "text": "फोटो",
      "sentence": 4,
      "start": 269,
      "end": 273,
      "confidence": 1.0
    }
  ],
  "clusters": []
}