{
  "document_id": "document_227",
  "sentences": [
    "अमान्य.",
    "त्यांनी यावेळी किल्ले रायगडावर आजपर्यत झालेल्या व होणाऱ्या कामांची माहिती पाचाड येथे घेतलेल्या पत्रकार परिषदेत दिली.",
    "चुलीनं लाकुड चुलामाच बयसं - चुलीचे लाकुड चुलीतच जळते.",
    "त्यामुळे वस्तूंची विक्री एमआरपीपेक्षा जास्त किंमतीने केल्यास विक्रेत्यांना चांगलेच महागात पडण्याची शक्यता आहे.",
    "राष्ट्रकुल स्पर्धेतील सुवर्णपदक विजेती मनू भाकेर पाचव्या स्थानी राहिली.",
    "तेथून दहावी झाल्यावर त्यांनी कोल्हापूर येथील विवेकानंद कॉलेजमधून बारावी केली.",
    "व्हीव्हीपॅट मतमोजणी",
    "अख्ख्या देशासाठी हा अभिमानाचा क्षण होता.",
    "चित्रपट निर्माता ऍटनबरो यांना गांधी विचारांची आवश्‍यकता पटल्यामुळेच त्यांनी गांधीजींच्या जीवनावर चित्रपट काढला.",
    "दगावलेला पेशंट ती स्त्री तर नाहीये ना!",
    "आज त्या झाडाला पुनर्जीवन मिळाले असून नवीन पालवी देखील फुटली आहे.",
    "मेंढपाळ परतत होते.",
    "आपलं स्वातंत्र्य यामुळे हिरावलं जाईल असं त्यांना वाटलं.",
    "पुनर्प्राप्ती प्रक्रिया सहसा खूप वेळ आवश्यक आहे.",
    "इंडोनेशियाच्या चलनी नोटांवर गणपतीचे चित्र असण्यामागे हे अभिमानास्पद कारण आहे",
    "चोपडा मतदार संघात शिवसेनेच्या लताताई सोनवणे यांच्या विरुद्ध भाजपचे जिल्हा परिषद सदस्य प्रभाकर सोनवणे यांनी आवाहन उभं केलंय.",
    "ते चित्रित कुठे \"दोन स्टेशन\" आणि चित्रपट काम कसे केले?",
    "बलुचिस्तान येथील एका लष्करी तळावरील या कागदपत्रांमध्ये पाकिस्ताकडून स्थानिक पातळीवर जारी करण्यात आलेल्या आदेशांची माहिती आहे.",
    "पण कर्जमाफी हे कायमस्वरूपी उत्तर नाही.",
    "अरक्षित आणि ऐवजी अरुंद पूल.",
    "संदेश ने मग ते लाडू तिथे एक मुलगा उभा होता त्याला दिले.",
    "उदाहरणार्थ, वैद्यकीय विद्यापीठाच्या 4-6 वर्ष विद्यार्थी विद्यार्थ्यांना त्यांच्या शिष्यवृत्ती अतिरिक्त रक्कम प्राप्त होते.",
    "इतर कार्ड समान ऑपरेशन करावे.",
    "नयनाला ठेच लागल्यानंतर रक्त वाहताना मी स्वतः पहिले होते पण तो अनैसर्गिक वारा पायातून गेल्यानंतर वाहणारे रक्त गायब होते.",
    "या अगोदरही आपण काजू व्यावसाय पिकांच्या समस्या केंद्र सरकारसमोर मांडलेल्या आहेत.",
    "सध्या तिथे जनुकीयदृष्टय़ा दोन समान मानव निर्माण करण्यावर जोरदार चर्चा चालू आहे.",
    "परंतु हा अपभ्रंश अर्वाचीन आहे.",
    "परिषदेचे ध्येय:",
    "प्रवेशात गोंधळ होऊ शकतो.",
    "\" इति दादा.",
    "५५ किलो : रोहीत (हरियाणा), मनोज तिवारी (उत्तरप्रदेश), परविंदर धनसिंग (हरियाणा), रमेश इंगवले (महाराष्ट्र)",
    "दरम्यान, इंडिया टीव्ही-सीएनएक्सद्वारे पूर्वांचलमधील ४३ जागांच्या सर्वेक्षणानुसार सुमारे सर्वच जागांवर काँगेसच्या मतांच्या टक्केवारीत वाढ दिसत आहे.",
    "संपूर्ण शहर स्वच्छतेचा आमचा संकल्प आहे.",
    "मात्र आपल्या स्वाभिमानाशी तडजोड करणार नसल्याचे हार्दिकने यावेळी सांगितले.",
    "स्टालिन शोधू आणि एजंट परिणाम होणार कोणत्याही अर्थ आदेश दिले.",
    "एकीकडे राज्यात झालेल्या लोकसभा आणि विधानसभा या लागोपाठच्या निवडणुकांमध्ये अपेक्षित असं यश न मिळाल्यामुळे वंचित बहुजन आघाडीवर पुन्हा एकदा पक्षाच्या कार्यक्रमावर पुनर्विचार करण्याची वेळ.",
    "आज आमच्याकडे कांदा शिल्लक नाही व भाव वधारले आहेत.",
    "\"5\" - «व्ही» संख्या (समान वर्णमाला \"B\" आहे) आहे.",
    "असे लक्ष ठेवून होते.",
    "राहुल गांधींनी सावरकरांविषयी केलेल्या वादग्रस्त वक्तव्यानंतर शिवसेने आक्रमक पवित्र घेतला होता.",
    "मेला पाने.",
    "नासानं ढगांची निर्मिती करणारं मशीन तयार केल्याचा दावा त्या व्हिडिओमध्ये करण्यात आला आहे.",
    "याव्यतिरिक्त, \"शरीर वाकवणे\" श्वास एक विशेष तंत्र उदर स्नायू गाडी नाही फक्त जे अंतर्गत अवयव, massaging एक प्रकारचा व्यायाम, पण पचनक्रिया सुधारते, सर्व अवयव चांगले काम सुरू.",
    "मेरिएट इंटरनॅशनल ही जगातील सर्वात मोठी हॉस्पिटॅलिटी शृंखला आणि एएक्सएन इंडिया ही इंग्रजी मनोरंजनपूर्ण शो सादर करणारी वाहिनी यासाठी एकत्र आली आहे.",
    "हल्लेखोराचे वय 30 ते 35 वर्षांदरम्यान होते असे सांगितले जात आहे.",
    "साहस कथेला सलाम करावासा वाटेल इतकी समरसून व्यक्तिरेखा किरण हिने साकारली आहे.",
    "प्रथम, डिझाइनचे असे \"परिष्करण\" असुरक्षित आहे.",
    "या लग्नात, नीरव स्वतःचच लग्न ठरवत होता.",
    "कूटनीतीच्या पडद्याआड चालणाऱ्या प्रयत्नांना जोपर्यंत यश येत नाही तोपर्यंत असा निव्वळ दिखाऊपणा करण्याला काहीही अर्थ नाही.",
    "विधी मंडळातील त्यांचे राजकीय लेखन, संयुक्त महाराष्ट्राच्या आंदोलन काळातील त्यांची राजकीय वार्तापत्रे ,तसेच तत्कालीन राजकीय मंडळीतील कृष्णराव धुळप,बाळासाहेब खेर,बाळासाहेब देसाई, शिवसेना प्रमुख बाळासाहेब ठाकरे आदींशी घनिष्ठ संबंध होते.",
    "ज्याच्या फक्त अस्तित्वामुळे चंचल हरीण अस्वस्थ होऊन ती जागा सोडून आपले चौखूर उधळत जंगलात नाहीशी होणे अपेक्षित होते तेथे ते हरीण त्या वाघाशेजारी पाणी पीत होते.",
    "ऑनलाइन टीम / पुणे : डीएसके कंपनीचे मालक डि .",
    "ही परवानगी मिळाल्यामुळे विजय माल्ल्यांकडून कर्ज वसूल करण्याचा मार्ग सुलभ झाला आहे.",
    "तो व त्याचे मित्र विरमणी, आयप्पन, कुणाल असे स्वामीनगरकडे रस्त्याने रात्री साडे 9 च्या सुमारास जात होते.",
    "पण सुस्तावलेल्या महापालिका प्रशासनाने याकडे दुर्लक्ष केले.",
    "मुख्यमंत्री देवेंद्र फडणवीस, भाजपचे प्रदेशाध्यक्ष रावसाहेब दानवे यांनीच शिवसेनेचे पक्षप्रमुख उद्धव ठाकरे यांच्याशी चर्चा करून जागावाटपाचा फॉर्म्युला तयार करावा, त्यास आम्ही मंजुरी देऊ, असा निरोप दिल्लीतून आला होता.",
    "अभिनेता आफताब शिवदासानी दिसणार पोलिस ऑफिसरच्या भूमिकेत !",
    "त्यामुळे पुणे आणि भुसावळहून मुंबईला येणा-या प्रवाशांची मोठी गैरसोय होत आहे.",
    "तसेच या प्रकरणात केअरटेकरने स्वतः फिर्याद देखील दिली.",
    "येत्या पाच वर्षात सरकार एक लाख गावे डिजिटल करणार",
    "ग्रामीण भागात काम करणाऱ्या पत्रकारान काहीच समजत नाही असा सरकारचा होरा दिसतो.",
    "म्हणूनच राज्यात मंगळवारपासून लागू झालेल्या राष्ट्रपती राजवटीने यंदाच्या शतक महोत्सवी नाट्यसंमेलनाची मोठी गोची केली आहे.",
    "वादीने परतफेड केली व दिनांक 29/4/1971 रोजी सशर्त खरेदीखत करून दिले.",
    "जे मद्य ह्या प्रक्रियेतून एक किंवा दोन वेळाच जाते ते स्वस्त किमतीत विकले जाते.",
    "कोस्ट बाजूने पाणी पातळी ज्यामुळे फैलाव मोकळी जागा 50 सें."
  ],
  "mentions": [
    {
      "id": 0,
      "text": "त्यांनी",
      "sentence": 1,
      "start": 8,
      "end": 13,
      "confidence": 1.0
    },
    {
      "id": 1,
      "text": "किल्ले",
      "sentence": 1,
      "start": 20,
      "end": 25,
      "confidence": 1.0
    },
    {
      "id": 2,
      "text": "रायगडावर",
      "sentence": 1,
      "start": 26,
      "end": 33,
      "confidence": 1.0
    },
    {
      "id": 3,
      "text": "कामांची",
      "sentence": 1,
      "start": 62,
      "end": 68,
      "confidence": 1.0
    },
    {
      "id": 4,
      "text": "माहिती",
      "sentence": 1,
      "start": 76,
      "end": 81,
      "confidence": 1.0
    },
    {
      "id": 5,
      "text": "पत्रकार",
      "sentence": 1,
      "start": 97,
      "end": 102,
      "confidence": 1.0
    },
    {
      "id": 6,
      "text": "परिषदेत",
      "sentence": 1,
      "start": 103,
      "end": 109,
      "confidence": 1.0
    },
    {
      "id": 7,
      "text": "लाकुड",
      "sentence": 2,
      "start": 121,
      "end": 126,
      "confidence": 1.0
    },
    {
      "id": 8,
      "text": "चुलीचे",
      "sentence": 2,
      "start": 143,
      "end": 148,
      "confidence": 1.0
    },
    {
      "id": 9,
      "text": "लाकुड",
      "sentence": 2,
      "start": 149,
      "end": 154,
      "confidence": 1.0
    },
    {
      "id": 10,
      "text": "वस्तूंची",
      "sentence": 3,
      "start": 169,
      "end": 176,
      "confidence": 1.0
    },
    {
      "id": 11,
      "text": "विक्री",
      "sentence": 3,
      "start": 177,
      "end": 182,
      "confidence": 1.0
    },
    {
      "id": 12,
      "text": "एमआरपीपेक्षा",
      "sentence": 3,
      "start": 183,
      "end": 193,
      "confidence": 1.0
    },
    {
      "id": 13,
      "text": "किंमतीने",
      "sentence": 3,
      "start": 200,
      "end": 206,
      "confidence": 1.0
    },
    {
      "id": 14,
      "text": "विक्रेत्यांना",
      "sentence": 3,
      "start": 215,
      "end": 225,
      "confidence": 1.0
    },
    {
      "id": 15,
      "text": "शक्यता",
      "sentence": 3,
      "start": 244,
      "end": 249,
      "confidence": 1.0
    },
    {
      "id": 16,
      "text": "सुवर्णपदक",
      "sentence": 4,
      "start": 267,
      "end": 274,
      "confidence": 1.0
    },
    {
      "id": 17,
      "text": "भाकेर",
      "sentence": 4,
      "start": 284,
      "end": 289,
      "confidence": 1.0
    },
    {
      "id": 18,
      "text": "स्थानी",
      "sentence": 4,
      "start": 297,
      "end": 302,
      "confidence": 1.0
    },
    {
      "id": 19,
      "text": "त्यांनी",
      "sentence": 5,
      "start": 321,
      "end": 326,
      "confidence": 1.0
    },
    {
      "id": 20,
      "text": "कोल्हापूर",
      "sentence": 5,
      "start": 327,
      "end": 334,
      "confidence": 1.0
    },
    {
      "id": 21,
      "text": "विवेकानंद",
      "sentence": 5,
      "start": 341,
      "end": 348,
      "confidence": 1.0
    },
    {
      "id": 22,
      "text": "कॉलेजमधून",
      "sentence": 5,
      "start": 349,
      "end": 356,
      "confidence": 1.0
    },
    {
      "id": 23,
      "text": "व्हीव्हीपॅट",
      "sentence": 6,
      "start": 369,
      "end": 376,
      "confidence": 1.0
    },
    {
      "id": 24,
      "text": "मतमोजणी",
      "sentence": 6,
      "start": 377,
      "end": 384,
      "confidence": 1.0
    },
    {
      "id": 25,
      "text": "देशासाठी",
      "sentence": 7,
      "start": 391,
      "end": 398,
      "confidence": 1.0
    },
    {
      "id": 26,
      "text": "क्षण",
      "sentence": 7,
      "start": 409,
      "end": 412,
      "confidence": 1.0
    },
    {
      "id": 27,
      "text": "चित्रपट",
      "sentence": 8,
      "start": 419,
      "end": 424,
      "confidence": 1.0
    },
    {
      "id": 28,
      "text": "निर्माता",
      "sentence": 8,
      "start": 425,
      "end": 430,
      "confidence": 1.0
    },
    {
      "id": 29,
      "text": "यांना",
      "sentence": 8,
      "start": 438,
      "end": 442,
      "confidence": 1.0
    },
    {
      "id": 30,
      "text": "गांधी",
      "sentence": 8,
      "start": 443,
      "end": 448,
      "confidence": 1.0
    },
    {
      "id": 31,
      "text": "विचारांची",
      "sentence": 8,
      "start": 449,
      "end": 456,
      "confidence": 1.0
    },
    {
      "id": 32,
      "text": "आवश्‍यकता",
      "sentence": 8,
      "start": 457,
      "end": 464,
      "confidence": 1.0
    },
    {
      "id": 33,
      "text": "त्यांनी",
      "sentence": 8,
      "start": 477,
      "end": 482,
      "confidence": 1.0
    },
    {
      "id": 34,
      "text": "जीवनावर",
      "sentence": 8,
      "start": 493,
      "end": 499,
      "confidence": 1.0
    },
    {
      "id": 35,
      "text": "चित्रपट",
      "sentence": 8,
      "start": 500,
      "end": 505,
      "confidence": 1.0
    },
    {
      "id": 36,
      "text": "पेशंट",
      "sentence": 9,
      "start": 515,
      "end": 519,
      "confidence": 1.0
    },
    {
      "id": 37,
      "text": "ती",
      "sentence": 9,
      "start": 521,
      "end": 522,
      "confidence": 1.0
    },
    {
      "id": 38,
      "text": "स्त्री",
      "sentence": 9,
      "start": 523,
      "end": 526,
      "confidence": 1.0
    },
    {
      "id": 39,
      "text": "झाडाला",
      "sentence": 10,
      "start": 536,
      "end": 541,
      "confidence": 1.0
    },
    {
      "id": 40,
      "text": "पुनर्जीवन",
      "sentence": 10,
      "start": 542,
      "end": 549,
      "confidence": 1.0
    },
    {
      "id": 41,
      "text": "मेंढपाळ",
      "sentence": 11,
      "start": 579,
      "end": 585,
      "confidence": 1.0
    },
    {
      "id": 42,
      "text": "स्वातंत्र्य",
      "sentence": 12,
      "start": 592,
      "end": 600,
      "confidence": 1.0
    },
    {
      "id": 43,
      "text": "त्यांना",
      "sentence": 12,
      "start": 616,
      "end": 621,
      "confidence": 1.0
    },
    {
      "id": 44,
      "text": "पुनर्प्राप्ती",
      "sentence": 13,
      "start": 628,
      "end": 637,
      "confidence": 1.0
    },
    {
      "id": 45,
      "text": "प्रक्रिया",
      "sentence": 13,
      "start": 638,
      "end": 643,
      "confidence": 1.0
    },
    {
      "id": 46,
      "text": "इंडोनेशियाच्या",
      "sentence": 14,
      "start": 662,
      "end": 673,
      "confidence": 1.0
    },
    {
      "id": 47,
      "text": "नोटांवर",
      "sentence": 14,
      "start": 679,
      "end": 684,
      "confidence": 1.0
    },
    {
      "id": 48,
      "text": "गणपतीचे",
      "sentence": 14,
      "start": 685,
      "end": 691,
      "confidence": 1.0
    },
    {
      "id": 49,
      "text": "चित्र",
      "sentence": 14,
      "start": 692,
      "end": 695,
      "confidence": 1.0
    },
    {
      "id": 50,
      "text": "कारण",
      "sentence": 14,
      "start": 711,
      "end": 715,
      "confidence": 1.0
    },
    {
      "id": 51,
      "text": "मतदार",
      "sentence": 15,
      "start": 726,
      "end": 730,
      "confidence": 1.0
    },
    {
      "id": 52,
      "text": "संघात",
      "sentence": 15,
      "start": 731,
      "end": 735,
      "confidence": 1.0
    },
    {
      "id": 53,
      "text": "शिवसेनेच्या",
      "sentence": 15,
      "start": 736,
      "end": 745,
      "confidence": 1.0
    },
    {
      "id": 54,
      "text": "त्यांच्या",
      "sentence": 15,
      "start": 758,
      "end": 764,
      "confidence": 1.0
    },
    {
      "id": 55,
      "text": "भाजपचे",
      "sentence": 15,
      "start": 771,
      "end": 776,
      "confidence": 1.0
    },
    {
      "id": 56,
      "text": "जिल्हा",
      "sentence": 15,
      "start": 777,
      "end": 781,
      "confidence": 1.0
    },
    {
      "id": 57,
      "text": "परिषद",
      "sentence": 15,
      "start": 782,
      "end": 786,
      "confidence": 1.0
    },
    {
      "id": 58,
      "text": "सदस्य",
      "sentence": 15,
      "start": 787,
      "end": 790,
      "confidence": 1.0
    },
    {
      "id": 59,
      "text": "प्रभाकर",
      "sentence": 15,
      "start": 791,
      "end": 797,
      "confidence": 1.0
    },
    {
      "id": 60,
      "text": "यांनी",
      "sentence": 15,
      "start": 804,
      "end": 808,
      "confidence": 1.0
    },
    {
      "id": 61,
      "text": "आवाहन",
      "sentence": 15,
      "start": 809,
      "end": 814,
      "confidence": 1.0
    },
    {
      "id": 62,
      "text": "ते",
      "sentence": 16,
      "start": 824,
      "end": 825,
      "confidence": 1.0
    },
    {
      "id": 63,
      "text": "स्टेशन",
      "sentence": 16,
      "start": 837,
      "end": 841,
      "confidence": 1.0
    },
    {
      "id": 64,
      "text": "चित्रपट",
      "sentence": 16,
      "start": 848,
      "end": 853,
      "confidence": 1.0
    },
    {
      "id": 65,
      "text": "बलुचिस्तान",
      "sentence": 17,
      "start": 863,
      "end": 872,
      "confidence": 1.0
    },
    {
      "id": 66,
      "text": "कागदपत्रांमध्ये",
      "sentence": 17,
      "start": 894,
      "end": 905,
      "confidence": 1.0
    },
    {
      "id": 67,
      "text": "पाकिस्ताकडून",
      "sentence": 17,
      "start": 906,
      "end": 916,
      "confidence": 1.0
    },
    {
      "id": 68,
      "text": "पातळीवर",
      "sentence": 17,
      "start": 926,
      "end": 931,
      "confidence": 1.0
    },
    {
      "id": 69,
      "text": "आदेशांची",
      "sentence": 17,
      "start": 947,
      "end": 953,
      "confidence": 1.0
    },
    {
      "id": 70,
      "text": "माहिती",
      "sentence": 17,
      "start": 954,
      "end": 959,
      "confidence": 1.0
    },
    {
      "id": 71,
      "text": "कर्जमाफी",
      "sentence": 18,
      "start": 965,
      "end": 971,
      "confidence": 1.0
    },
    {
      "id": 72,
      "text": "उत्तर",
      "sentence": 18,
      "start": 983,
      "end": 986,
      "confidence": 1.0
    },
    {
      "id": 73,
      "text": "संदेश",
      "sentence": 20,
      "start": 1011,
      "end": 1015,
      "confidence": 1.0
    },
    {
      "id": 74,
      "text": "ते",
      "sentence": 20,
      "start": 1020,
      "end": 1021,
      "confidence": 1.0
    },
    {
      "id": 75,
      "text": "लाडू",
      "sentence": 20,
      "start": 1022,
      "end": 1025,
      "confidence": 1.0
    },
    {
      "id": 76,
      "text": "मुलगा",
      "sentence": 20,
      "start": 1033,
      "end": 1037,
      "confidence": 1.0
    },
    {
      "id": 77,
      "text": "त्याला",
      "sentence": 20,
      "start": 1045,
      "end": 1049,
      "confidence": 1.0
    },
    {
      "id": 78,
      "text": "वर्ष",
      "sentence": 21,
      "start": 1083,
      "end": 1086,
      "confidence": 1.0
    },
    {
      "id": 79,
      "text": "विद्यार्थी",
      "sentence": 21,
      "start": 1087,
      "end": 1093,
      "confidence": 1.0
    },
    {
      "id": 80,
      "text": "विद्यार्थ्यांना",
      "sentence": 21,
      "start": 1094,
      "end": 1104,
      "confidence": 1.0
    },
    {
      "id": 81,
      "text": "त्यांच्या",
      "sentence": 21,
      "start": 1105,
      "end": 1111,
      "confidence": 1.0
    },
    {
      "id": 82,
      "text": "शिष्यवृत्ती",
      "sentence": 21,
      "start": 1112,
      "end": 1120,
      "confidence": 1.0
    },
    {
      "id": 83,
      "text": "रक्कम",
      "sentence": 21,
      "start": 1128,
      "end": 1131,
      "confidence": 1.0
    },
    {
      "id": 84,
      "text": "कार्ड",
      "sentence": 22,
      "start": 1138,
      "end": 1141,
      "confidence": 1.0
    },
    {
      "id": 85,
      "text": "नयनाला",
      "sentence": 23,
      "start": 1159,
      "end": 1164,
      "confidence": 1.0
    },
    {
      "id": 86,
      "text": "रक्त",
      "sentence": 23,
      "start": 1179,
      "end": 1182,
      "confidence": 1.0
    },
    {
      "id": 87,
      "text": "मी",
      "sentence": 23,
      "start": 1189,
      "end": 1190,
      "confidence": 1.0
    },
    {
      "id": 88,
      "text": "तो",
      "sentence": 23,
      "start": 1207,
      "end": 1208,
      "confidence": 1.0
    },
    {
      "id": 89,
      "text": "वारा",
      "sentence": 23,
      "start": 1219,
      "end": 1222,
      "confidence": 1.0
    },
    {
      "id": 90,
      "text": "पायातून",
      "sentence": 23,
      "start": 1223,
      "end": 1229,
      "confidence": 1.0
    },
    {
      "id": 91,
      "text": "रक्त",
      "sentence": 23,
      "start": 1240,
      "end": 1243,
      "confidence": 1.0
    },
    {
      "id": 92,
      "text": "आपण",
      "sentence": 24,
      "start": 1261,
      "end": 1264,
      "confidence": 1.0
    },
    {
      "id": 93,
      "text": "काजू",
      "sentence": 24,
      "start": 1265,
      "end": 1268,
      "confidence": 1.0
    },
    {
      "id": 94,
      "text": "समस्या",
      "sentence": 24,
      "start": 1282,
      "end": 1287,
      "confidence": 1.0
    },
    {
      "id": 95,
      "text": "केंद्र",
      "sentence": 24,
      "start": 1288,
      "end": 1292,
      "confidence": 1.0
    },
    {
      "id": 96,
      "text": "सरकारसमोर",
      "sentence": 24,
      "start": 1293,
      "end": 1300,
      "confidence": 1.0
    },
    {
      "id": 97,
      "text": "मानव",
      "sentence": 25,
      "start": 1327,
      "end": 1330,
      "confidence": 1.0
    },
    {
      "id": 98,
      "text": "चर्चा",
      "sentence": 25,
      "start": 1349,
      "end": 1352,
      "confidence": 1.0
    },
    {
      "id": 99,
      "text": "अपभ्रंश",
      "sentence": 26,
      "start": 1364,
      "end": 1370,
      "confidence": 1.0
    },
    {
      "id": 100,
      "text": "परिषदेचे",
      "sentence": 27,
      "start": 1382,
      "end": 1389,
      "confidence": 1.0
    },
    {
      "id": 101,
      "text": "ध्येय",
      "sentence": 27,
      "start": 1390,
      "end": 1393,
      "confidence": 1.0
    },
    {
      "id": 102,
      "text": "प्रवेशात",
      "sentence": 28,
      "start": 1399,
      "end": 1405,
      "confidence": 1.0
    },
    {
      "id": 103,
      "text": "गोंधळ",
      "sentence": 28,
      "start": 1406,
      "end": 1410,
      "confidence": 1.0
    },
    {
      "id": 104,
      "text": "दादा",
      "sentence": 29,
      "start": 1418,
      "end": 1421,
      "confidence": 1.0
    },
    {
      "id": 105,
      "text": "किलो",
      "sentence": 30,
      "start": 1426,
      "end": 1429,
      "confidence": 1.0
    },
    {
      "id": 106,
      "text": "रोहीत",
      "sentence": 30,
      "start": 1432,
      "end": 1436,
      "confidence": 1.0
    },
    {
      "id": 107,
      "text": "हरियाणा",
      "sentence": 30,
      "start": 1438,
      "end": 1443,
      "confidence": 1.0
    },
    {
      "id": 108,
      "text": "मनोज",
      "sentence": 30,
      "start": 1446,
      "end": 1450,
      "confidence": 1.0
    },
    {
      "id": 109,
      "text": "तिवारी",
      "sentence": 30,
      "start": 1451,
      "end": 1456,
      "confidence": 1.0
    },
    {
      "id": 110,
      "text": "उत्तरप्रदेश",
      "sentence": 30,
      "start": 1458,
      "end": 1466,
      "confidence": 1.0
    },
    {
      "id": 111,
      "text": "परविंदर",
      "sentence": 30,
      "start": 1469,
      "end": 1475,
      "confidence": 1.0
    },
    {
      "id": 112,
      "text": "धनसिंग",
      "sentence": 30,
      "start": 1476,
      "end": 1481,
      "confidence": 1.0
    },
    {
      "id": 113,
      "text": "हरियाणा",
      "sentence": 30,
      "start": 1483,
      "end": 1488,
      "confidence": 1.0
    },
    {
      "id": 114,
      "text": "महाराष्ट्र",
      "sentence": 30,
      "start": 1502,
      "end": 1508,
      "confidence": 1.0
    },
    {
      "id": 115,
      "text": "इंडिया",
      "sentence": 31,
      "start": 1518,
      "end": 1522,
      "confidence": 1.0
    },
    {
      "id": 116,
      "text": "सर्वेक्षणानुसार",
      "sentence": 31,
      "start": 1562,
      "end": 1573,
      "confidence": 1.0
    },
    {
      "id": 117,
      "text": "जागांवर",
      "sentence": 31,
      "start": 1582,
      "end": 1587,
      "confidence": 1.0
    },
    {
      "id": 118,
      "text": "संकल्प",
      "sentence": 32,
      "start": 1644,
      "end": 1649,
      "confidence": 1.0
    },
    {
      "id": 119,
      "text": "स्वाभिमानाशी",
      "sentence": 33,
      "start": 1661,
      "end": 1671,
      "confidence": 1.0
    },
    {
      "id": 120,
      "text": "तडजोड",
      "sentence": 33,
      "start": 1672,
      "end": 1677,
      "confidence": 1.0
    },
    {
      "id": 121,
      "text": "हार्दिकने",
      "sentence": 33,
      "start": 1690,
      "end": 1697,
      "confidence": 1.0
    },
    {
      "id": 122,
      "text": "स्टालिन",
      "sentence": 34,
      "start": 1705,
      "end": 1710,
      "confidence": 1.0
    },
    {
      "id": 123,
      "text": "एजंट",
      "sentence": 34,
      "start": 1717,
      "end": 1720,
      "confidence": 1.0
    },
    {
      "id": 124,
      "text": "परिणाम",
      "sentence": 34,
      "start": 1721,
      "end": 1726,
      "confidence": 1.0
    },
    {
      "id": 125,
      "text": "अर्थ",
      "sentence": 34,
      "start": 1738,
      "end": 1740,
      "confidence": 1.0
    },
    {
      "id": 126,
      "text": "राज्यात",
      "sentence": 35,
      "start": 1757,
      "end": 1762,
      "confidence": 1.0
    },
    {
      "id": 127,
      "text": "बहुजन",
      "sentence": 35,
      "start": 1838,
      "end": 1842,
      "confidence": 1.0
    },
    {
      "id": 128,
      "text": "कार्यक्रमावर",
      "sentence": 35,
      "start": 1869,
      "end": 1877,
      "confidence": 1.0
    },
    {
      "id": 129,
      "text": "पुनर्विचार",
      "sentence": 35,
      "start": 1878,
      "end": 1886,
      "confidence": 1.0
    },
    {
      "id": 130,
      "text": "आमच्याकडे",
      "sentence": 36,
      "start": 1900,
      "end": 1907,
      "confidence": 1.0
    },
    {
      "id": 131,
      "text": "कांदा",
      "sentence": 36,
      "start": 1908,
      "end": 1912,
      "confidence": 1.0
    },
    {
      "id": 132,
      "text": "संख्या",
      "sentence": 37,
      "start": 1939,
      "end": 1943,
      "confidence": 1.0
    },
    {
      "id": 133,
      "text": "वर्णमाला",
      "sentence": 37,
      "start": 1953,
      "end": 1958,
      "confidence": 1.0
    },
    {
      "id": 134,
      "text": "लक्ष",
      "sentence": 38,
      "start": 1973,
      "end": 1975,
      "confidence": 1.0
    },
    {
      "id": 135,
      "text": "गांधींनी",
      "sentence": 39,
      "start": 1988,
      "end": 1994,
      "confidence": 1.0
    },
    {
      "id": 136,
      "text": "सावरकरांविषयी",
      "sentence": 39,
      "start": 1995,
      "end": 2005,
      "confidence": 1.0
    },
    {
      "id": 137,
      "text": "वक्तव्यानंतर",
      "sentence": 39,
      "start": 2015,
      "end": 2024,
      "confidence": 1.0
    },
    {
      "id": 138,
      "text": "शिवसेने",
      "sentence": 39,
      "start": 2025,
      "end": 2030,
      "confidence": 1.0
    },
    {
      "id": 139,
      "text": "पवित्र",
      "sentence": 39,
      "start": 2038,
      "end": 2042,
      "confidence": 1.0
    },
    {
      "id": 140,
      "text": "पाने",
      "sentence": 40,
      "start": 2050,
      "end": 2053,
      "confidence": 1.0
    },
    {
      "id": 141,
      "text": "नासानं",
      "sentence": 41,
      "start": 2057,
      "end": 2062,
      "confidence": 1.0
    },
    {
      "id": 142,
      "text": "ढगांची",
      "sentence": 41,
      "start": 2063,
      "end": 2068,
      "confidence": 1.0
    },
    {
      "id": 143,
      "text": "निर्मिती",
      "sentence": 41,
      "start": 2069,
      "end": 2074,
      "confidence": 1.0
    },
    {
      "id": 144,
      "text": "मशीन",
      "sentence": 41,
      "start": 2081,
      "end": 2085,
      "confidence": 1.0
    },
    {
      "id": 145,
      "text": "दावा",
      "sentence": 41,
      "start": 2100,
      "end": 2103,
      "confidence": 1.0
    },
    {
      "id": 146,
      "text": "व्हिडिओमध्ये",
      "sentence": 41,
      "start": 2108,
      "end": 2117,
      "confidence": 1.0
    },
    {
      "id": 147,
      "text": "शरीर",
      "sentence": 42,
      "start": 2129,
      "end": 2132,
      "confidence": 1.0
    },
    {
      "id": 148,
      "text": "श्वास",
      "sentence": 42,
      "start": 2140,
      "end": 2143,
      "confidence": 1.0
    },
    {
      "id": 149,
      "text": "तंत्र",
      "sentence": 42,
      "start": 2153,
      "end": 2156,
      "confidence": 1.0
    },
    {
      "id": 150,
      "text": "स्नायू",
      "sentence": 42,
      "start": 2161,
      "end": 2165,
      "confidence": 1.0
    },
    {
      "id": 151,
      "text": "अवयव",
      "sentence": 42,
      "start": 2183,
      "end": 2187,
      "confidence": 1.0
    },
    {
      "id": 152,
      "text": "प्रकारचा",
      "sentence": 42,
      "start": 2201,
      "end": 2206,
      "confidence": 1.0
    },
    {
      "id": 153,
      "text": "व्यायाम",
      "sentence": 42,
      "start": 2207,
      "end": 2211,
      "confidence": 1.0
    },
    {
      "id": 154,
      "text": "पचनक्रिया",
      "sentence": 42,
      "start": 2219,
      "end": 2226,
      "confidence": 1.0
    },
    {
      "id": 155,
      "text": "अवयव",
      "sentence": 42,
      "start": 2238,
      "end": 2242,
      "confidence": 1.0
    },
    {
      "id": 156,
      "text": "मेरिएट",
      "sentence": 43,
      "start": 2254,
      "end": 2259,
      "confidence": 1.0
    },
    {
      "id": 157,
      "text": "इंटरनॅशनल",
      "sentence": 43,
      "start": 2260,
      "end": 2268,
      "confidence": 1.0
    },
    {
      "id": 158,
      "text": "शृंखला",
      "sentence": 43,
      "start": 2295,
      "end": 2300,
      "confidence": 1.0
    },
    {
      "id": 159,
      "text": "एएक्सएन",
      "sentence": 43,
      "start": 2305,
      "end": 2309,
      "confidence": 1.0
    },
    {
      "id": 160,
      "text": "इंडिया",
      "sentence": 43,
      "start": 2310,
      "end": 2314,
      "confidence": 1.0
    },
    {
      "id": 161,
      "text": "वाहिनी",
      "sentence": 43,
      "start": 2343,
      "end": 2347,
      "confidence": 1.0
    },
    {
      "id": 162,
      "text": "हल्लेखोराचे",
      "sentence": 44,
      "start": 2354,
      "end": 2362,
      "confidence": 1.0
    },
    {
      "id": 163,
      "text": "वर्षांदरम्यान",
      "sentence": 44,
      "start": 2373,
      "end": 2382,
      "confidence": 1.0
    },
    {
      "id": 164,
      "text": "साहस",
      "sentence": 45,
      "start": 2391,
      "end": 2394,
      "confidence": 1.0
    },
    {
      "id": 165,
      "text": "कथेला",
      "sentence": 45,
      "start": 2395,
      "end": 2399,
      "confidence": 1.0
    },
    {
      "id": 166,
      "text": "सलाम",
      "sentence": 45,
      "start": 2400,
      "end": 2404,
      "confidence": 1.0
    },
    {
      "id": 167,
      "text": "व्यक्तिरेखा",
      "sentence": 45,
      "start": 2427,
      "end": 2434,
      "confidence": 1.0
    },
    {
      "id": 168,
      "text": "किरण",
      "sentence": 45,
      "start": 2435,
      "end": 2439,
      "confidence": 1.0
    },
    {
      "id": 169,
      "text": "डिझाइनचे",
      "sentence": 46,
      "start": 2448,
      "end": 2455,
      "confidence": 1.0
    },
    {
      "id": 170,
      "text": "परिष्करण",
      "sentence": 46,
      "start": 2462,
      "end": 2469,
      "confidence": 1.0
    },
    {
      "id": 171,
      "text": "लग्नात",
      "sentence": 47,
      "start": 2480,
      "end": 2485,
      "confidence": 1.0
    },
    {
      "id": 172,
      "text": "नीरव",
      "sentence": 47,
      "start": 2488,
      "end": 2491,
      "confidence": 1.0
    },
    {
      "id": 173,
      "text": "लग्न",
      "sentence": 47,
      "start": 2499,
      "end": 2502,
      "confidence": 1.0
    },
    {
      "id": 174,
      "text": "प्रयत्नांना",
      "sentence": 48,
      "start": 2531,
      "end": 2539,
      "confidence": 1.0
    },
    {
      "id": 175,
      "text": "दिखाऊपणा",
      "sentence": 48,
      "start": 2576,
      "end": 2583,
      "confidence": 1.0
    },
    {
      "id": 176,
      "text": "अर्थ",
      "sentence": 48,
      "start": 2596,
      "end": 2598,
      "confidence": 1.0
    },
    {
      "id": 177,
      "text": "विधी",
      "sentence": 49,
      "start": 2603,
      "end": 2606,
      "confidence": 1.0
    },
    {
      "id": 178,
      "text": "त्यांचे",
      "sentence": 49,
      "start": 2614,
      "end": 2619,
      "confidence": 1.0
    },
    {
      "id": 179,
      "text": "आंदोलन",
      "sentence": 49,
      "start": 2653,
      "end": 2658,
      "confidence": 1.0
    },
    {
      "id": 180,
      "text": "काळातील",
      "sentence": 49,
      "start": 2659,
      "end": 2664,
      "confidence": 1.0
    },
    {
      "id": 181,
      "text": "त्यांची",
      "sentence": 49,
      "start": 2665,
      "end": 2670,
      "confidence": 1.0
    },
    {
      "id": 182,
      "text": "वार्तापत्रे",
      "sentence": 49,
      "start": 2678,
      "end": 2685,
      "confidence": 1.0
    },
    {
      "id": 183,
      "text": "कृष्णराव",
      "sentence": 49,
      "start": 2707,
      "end": 2713,
      "confidence": 1.0
    },
    {
      "id": 184,
      "text": "धुळप",
      "sentence": 49,
      "start": 2714,
      "end": 2718,
      "confidence": 1.0
    },
    {
      "id": 185,
      "text": "बाळासाहेब",
      "sentence": 49,
      "start": 2719,
      "end": 2726,
      "confidence": 1.0
    },
    {
      "id": 186,
      "text": "बाळासाहेब",
      "sentence": 49,
      "start": 2730,
      "end": 2737,
      "confidence": 1.0
    },
    {
      "id": 187,
      "text": "देसाई",
      "sentence": 49,
      "start": 2738,
      "end": 2742,
      "confidence": 1.0
    },
    {
      "id": 188,
      "text": "शिवसेना",
      "sentence": 49,
      "start": 2744,
      "end": 2749,
      "confidence": 1.0
    },
    {
      "id": 189,
      "text": "बाळासाहेब",
      "sentence": 49,
      "start": 2755,
      "end": 2762,
      "confidence": 1.0
    },
    {
      "id": 190,
      "text": "ठाकरे",
      "sentence": 49,
      "start": 2763,
      "end": 2767,
      "confidence": 1.0
    },
    {
      "id": 191,
      "text": "संबंध",
      "sentence": 49,
      "start": 2777,
      "end": 2781,
      "confidence": 1.0
    },
    {
      "id": 192,
      "text": "ज्याच्या",
      "sentence": 50,
      "start": 2786,
      "end": 2791,
      "confidence": 1.0
    },
    {
      "id": 193,
      "text": "अस्तित्वामुळे",
      "sentence": 50,
      "start": 2798,
      "end": 2807,
      "confidence": 1.0
    },
    {
      "id": 194,
      "text": "हरीण",
      "sentence": 50,
      "start": 2811,
      "end": 2814,
      "confidence": 1.0
    },
    {
      "id": 195,
      "text": "ती",
      "sentence": 50,
      "start": 2824,
      "end": 2825,
      "confidence": 1.0
    },
    {
      "id": 196,
      "text": "जागा",
      "sentence": 50,
      "start": 2826,
      "end": 2829,
      "confidence": 1.0
    },
    {
      "id": 197,
      "text": "आपले",
      "sentence": 50,
      "start": 2835,
      "end": 2838,
      "confidence": 1.0
    },
    {
      "id": 198,
      "text": "चौखूर",
      "sentence": 50,
      "start": 2839,
      "end": 2843,
      "confidence": 1.0
    },
    {
      "id": 199,
      "text": "जंगलात",
      "sentence": 50,
      "start": 2850,
      "end": 2855,
      "confidence": 1.0
    },
    {
      "id": 200,
      "text": "ते",
      "sentence": 50,
      "start": 2876,
      "end": 2877,
      "confidence": 1.0
    },
    {
      "id": 201,
      "text": "हरीण",
      "sentence": 50,
      "start": 2878,
      "end": 2881,
      "confidence": 1.0
    },
    {
      "id": 202,
      "text": "वाघाशेजारी",
      "sentence": 50,
      "start": 2886,
      "end": 2893,
      "confidence": 1.0
    },
    {
      "id": 203,
      "text": "पाणी",
      "sentence": 50,
      "start": 2894,
      "end": 2897,
      "confidence": 1.0
    },
    {
      "id": 204,
      "text": "डीएसके",
      "sentence": 51,
      "start": 2917,
      "end": 2921,
      "confidence": 1.0
    },
    {
      "id": 205,
      "text": "कंपनीचे",
      "sentence": 51,
      "start": 2922,
      "end": 2927,
      "confidence": 1.0
    },
    {
      "id": 206,
      "text": "मालक",
      "sentence": 51,
      "start": 2928,
      "end": 2931,
      "confidence": 1.0
    },
    {
      "id": 207,
      "text": "परवानगी",
      "sentence": 52,
      "start": 2942,
      "end": 2948,
      "confidence": 1.0
    },
    {
      "id": 208,
      "text": "माल्ल्यांकडून",
      "sentence": 52,
      "start": 2962,
      "end": 2971,
      "confidence": 1.0
    },
    {
      "id": 209,
      "text": "कर्ज",
      "sentence": 52,
      "start": 2972,
      "end": 2975,
      "confidence": 1.0
    },
    {
      "id": 210,
      "text": "मार्ग",
      "sentence": 52,
      "start": 2987,
      "end": 2990,
      "confidence": 1.0
    },
    {
      "id": 211,
      "text": "तो",
      "sentence": 53,
      "start": 2998,
      "end": 2999,
      "confidence": 1.0
    },
    {
      "id": 212,
      "text": "त्याचे",
      "sentence": 53,
      "start": 3003,
      "end": 3007,
      "confidence": 1.0
    },
    {
      "id": 213,
      "text": "मित्र",
      "sentence": 53,
      "start": 3008,
      "end": 3011,
      "confidence": 1.0
    },
    {
      "id": 214,
      "text": "विरमणी",
      "sentence": 53,
      "start": 3012,
      "end": 3017,
      "confidence": 1.0
    },
    {
      "id": 215,
      "text": "आयप्पन",
      "sentence": 53,
      "start": 3019,
      "end": 3024,
      "confidence": 1.0
    },
    {
      "id": 216,
      "text": "कुणाल",
      "sentence": 53,
      "start": 3026,
      "end": 3030,
      "confidence": 1.0
    },
    {
      "id": 217,
      "text": "स्वामीनगरकडे",
      "sentence": 53,
      "start": 3035,
      "end": 3044,
      "confidence": 1.0
    },
    {
      "id": 218,
      "text": "रस्त्याने",
      "sentence": 53,
      "start": 3045,
      "end": 3051,
      "confidence": 1.0
    },
    {
      "id": 219,
      "text": "महापालिका",
      "sentence": 54,
      "start": 3079,
      "end": 3086,
      "confidence": 1.0
    },
    {
      "id": 220,
      "text": "प्रशासनाने",
      "sentence": 54,
      "start": 3087,
      "end": 3094,
      "confidence": 1.0
    },
    {
      "id": 221,
      "text": "दुर्लक्ष",
      "sentence": 54,
      "start": 3102,
      "end": 3107,
      "confidence": 1.0
    },
    {
      "id": 222,
      "text": "मुख्यमंत्री",
      "sentence": 55,
      "start": 3112,
      "end": 3119,
      "confidence": 1.0
    },
    {
      "id": 223,
      "text": "देवेंद्र",
      "sentence": 55,
      "start": 3120,
      "end": 3125,
      "confidence": 1.0
    },
    {
      "id": 224,
      "text": "फडणवीस",
      "sentence": 55,
      "start": 3126,
      "end": 3132,
      "confidence": 1.0
    },
    {
      "id": 225,
      "text": "भाजपचे",
      "sentence": 55,
      "start": 3134,
      "end": 3139,
      "confidence": 1.0
    },
    {
      "id": 226,
      "text": "प्रदेशाध्यक्ष",
      "sentence": 55,
      "start": 3140,
      "end": 3149,
      "confidence": 1.0
    },
    {
      "id": 227,
      "text": "रावसाहेब",
      "sentence": 55,
      "start": 3150,
      "end": 3156,
      "confidence": 1.0
    },
    {
      "id": 228,
      "text": "दानवे",
      "sentence": 55,
      "start": 3157,
      "end": 3161,
      "confidence": 1.0
    },
    {
      "id": 229,
      "text": "यांनीच",
      "sentence": 55,
      "start": 3162,
      "end": 3167,
      "confidence": 1.0
    },
    {
      "id": 230,
      "text": "शिवसेनेचे",
      "sentence": 55,
      "start": 3168,
      "end": 3175,
      "confidence": 1.0
    },
    {
      "id": 231,
      "text": "पक्षप्रमुख",
      "sentence": 55,
      "start": 3176,
      "end": 3183,
      "confidence": 1.0
    },
    {
      "id": 232,
      "text": "उद्धव",
      "sentence": 55,
      "start": 3184,
      "end": 3188,
      "confidence": 1.0
    },
    {
      "id": 233,
      "text": "ठाकरे",
      "sentence": 55,
      "start": 3189,
      "end": 3193,
      "confidence": 1.0
    },
    {
      "id": 234,
      "text": "चर्चा",
      "sentence": 55,
      "start": 3201,
      "end": 3204,
      "confidence": 1.0
    },
    {
      "id": 235,
      "text": "फॉर्म्युला",
      "sentence": 55,
      "start": 3219,
      "end": 3225,
      "confidence": 1.0
    },
    {
      "id": 236,
      "text": "आम्ही",
      "sentence": 55,
      "start": 3241,
      "end": 3244,
      "confidence": 1.0
    },
    {
      "id": 237,
      "text": "मंजुरी",
      "sentence": 55,
      "start": 3245,
      "end": 3249,
      "confidence": 1.0
    },
    {
      "id": 238,
      "text": "निरोप",
      "sentence": 55,
      "start": 3259,
      "end": 3263,
      "confidence": 1.0
    },
    {
      "id": 239,
      "text": "दिल्लीतून",
      "sentence": 55,
      "start": 3264,
      "end": 3271,
      "confidence": 1.0
    },
    {
      "id": 240,
      "text": "अभिनेता",
      "sentence": 56,
      "start": 3279,
      "end": 3284,
      "confidence": 1.0
    },
    {
      "id": 241,
      "text": "आफताब",
      "sentence": 56,
      "start": 3285,
      "end": 3290,
      "confidence": 1.0
    },
    {
      "id": 242,
      "text": "शिवदासानी",
      "sentence": 56,
      "start": 3291,
      "end": 3298,
      "confidence": 1.0
    },
    {
      "id": 243,
      "text": "पोलिस",
      "sentence": 56,
      "start": 3305,
      "end": 3309,
      "confidence": 1.0
    },
    {
      "id": 244,
      "text": "भूमिकेत",
      "sentence": 56,
      "start": 3318,
      "end": 3323,
      "confidence": 1.0
    },
    {
      "id": 245,
      "text": "भुसावळहून",
      "sentence": 57,
      "start": 3342,
      "end": 3349,
      "confidence": 1.0
    },
    {
      "id": 246,
      "text": "मुंबईला",
      "sentence": 57,
      "start": 3350,
      "end": 3355,
      "confidence": 1.0
    },
    {
      "id": 247,
      "text": "प्रवाशांची",
      "sentence": 57,
      "start": 3363,
      "end": 3370,
      "confidence": 1.0
    },
    {
      "id": 248,
      "text": "गैरसोय",
      "sentence": 57,
      "start": 3378,
      "end": 3383,
      "confidence": 1.0
    },
    {
      "id": 249,
      "text": "केअरटेकरने",
      "sentence": 58,
      "start": 3399,
      "end": 3407,
      "confidence": 1.0
    },
    {
      "id": 250,
      "text": "स्वतः",
      "sentence": 58,
      "start": 3408,
      "end": 3411,
      "confidence": 1.0
    },
    {
      "id": 251,
      "text": "फिर्याद",
      "sentence": 58,
      "start": 3412,
      "end": 3417,
      "confidence": 1.0
    },
    {
      "id": 252,
      "text": "वर्षात",
      "sentence": 59,
      "start": 3428,
      "end": 3432,
      "confidence": 1.0
    },
    {
      "id": 253,
      "text": "सरकार",
      "sentence": 59,
      "start": 3433,
      "end": 3437,
      "confidence": 1.0
    },
    {
      "id": 254,
      "text": "गावे",
      "sentence": 59,
      "start": 3446,
      "end": 3449,
      "confidence": 1.0
    },
    {
      "id": 255,
      "text": "भागात",
      "sentence": 60,
      "start": 3460,
      "end": 3464,
      "confidence": 1.0
    },
    {
      "id": 256,
      "text": "पत्रकारान",
      "sentence": 60,
      "start": 3475,
      "end": 3481,
      "confidence": 1.0
    },
    {
      "id": 257,
      "text": "सरकारचा",
      "sentence": 60,
      "start": 3503,
      "end": 3508,
      "confidence": 1.0
    },
    {
      "id": 258,
      "text": "होरा",
      "sentence": 60,
      "start": 3509,
      "end": 3512,
      "confidence": 1.0
    },
    {
      "id": 259,
      "text": "राज्यात",
      "sentence": 61,
      "start": 3520,
      "end": 3525,
      "confidence": 1.0
    },
    {
      "id": 260,
      "text": "राष्ट्रपती",
      "sentence": 61,
      "start": 3545,
      "end": 3551,
      "confidence": 1.0
    },
    {
      "id": 261,
      "text": "राजवटीने",
      "sentence": 61,
      "start": 3552,
      "end": 3558,
      "confidence": 1.0
    },
    {
      "id": 262,
      "text": "महोत्सवी",
      "sentence": 61,
      "start": 3570,
      "end": 3576,
      "confidence": 1.0
    },
    {
      "id": 263,
      "text": "नाट्यसंमेलनाची",
      "sentence": 61,
      "start": 3577,
      "end": 3588,
      "confidence": 1.0
    },
    {
      "id": 264,
      "text": "गोची",
      "sentence": 61,
      "start": 3596,
      "end": 3599,
      "confidence": 1.0
    },
    {
      "id": 265,
      "text": "वादीने",
      "sentence": 62,
      "start": 3607,
      "end": 3611,
      "confidence": 1.0
    },
    {
      "id": 266,
      "text": "परतफेड",
      "sentence": 62,
      "start": 3612,
      "end": 3617,
      "confidence": 1.0
    },
    {
      "id": 267,
      "text": "दिनांक",
      "sentence": 62,
      "start": 3627,
      "end": 3631,
      "confidence": 1.0
    },
    {
      "id": 268,
      "text": "खरेदीखत",
      "sentence": 62,
      "start": 3652,
      "end": 3658,
      "confidence": 1.0
    },
    {
      "id": 269,
      "text": "मद्य",
      "sentence": 63,
      "start": 3665,
      "end": 3668,
      "confidence": 1.0
    },
    {
      "id": 270,
      "text": "ते",
      "sentence": 63,
      "start": 3708,
      "end": 3709,
      "confidence": 1.0
    },
    {
      "id": 271,
      "text": "किमतीत",
      "sentence": 63,
      "start": 3716,
      "end": 3721,
      "confidence": 1.0
    },
    {
      "id": 272,
      "text": "कोस्ट",
      "sentence": 64,
      "start": 3730,
      "end": 3733,
      "confidence": 1.0
    },
    {
      "id": 273,
      "text": "बाजूने",
      "sentence": 64,
      "start": 3734,
      "end": 3738,
      "confidence": 1.0
    },
    {
      "id": 274,
      "text": "पाणी",
      "sentence": 64,
      "start": 3739,
      "end": 3742,
      "confidence": 1.0
    },
    {
      "id": 275,
      "text": "पातळी",
      "sentence": 64,
      "start": 3743,
      "end": 3747,
      "confidence": 1.0
    },
    {
      "id": 276,
      "text": "फैलाव",
      "sentence": 64,
      "start": 3756,
      "end": 3760,
      "confidence": 1.0
    },
    {
      "id": 277,
      "text": "जागा",
      "sentence": 64,
      "start": 3766,
      "end": 3769,
      "confidence": 1.0
    }
  ],
  "clusters": [
    [
      4,
      88
    ],
    [
      6,
      7
    ],
    [
      8,
      10,
      11,
      13
    ],
    [
      9,
      12
    ],
    [
      22,
      23
    ],
    [
      28,
      29
    ],
    [
      35,
      45,
      80
    ],
    [
      37,
      38,
      42
    ],
    [
      39,
      43
    ],
    [
      47,
      48
    ],
    [
      57,
      172
    ],
    [
      63,
      64,
      65
    ],
    [
      66,
      183,
      245
    ],
    [
      67,
      68,
      69
    ],
    [
      71,
      72,
      73
    ],
    [
      74,
      75,
      76
    ],
    [
      81,
      202
    ],
    [
      87,
      160
    ],
    [
      93,
      94
    ],
    [
      95,
      96
    ],
    [
      99,
      100,
      101
    ],
    [
      106,
      109
    ],
    [
      108,
      113
    ],
    [
      114,
      173
    ],
    [
      118,
      119
    ],
    [
      130,
      136
    ],
    [
      131,
      132
    ],
    [
      134,
      135
    ],
    [
      137,
      138
    ],
    [
      139,
      233
    ],
    [
      140,
      141
    ],
    [
      143,
      145
    ],
    [
      159,
      228
    ],
    [
      165,
      226
    ],
    [
      166,
      167,
      168
    ],
    [
      179,
      180
    ],
    [
      197,
      201
    ],
    [
      203,
      204
    ],
    [
      207,
      208
    ],
    [
      221,
      223
    ],
    [
      229,
      230
    ],
    [
      231,
      236
    ],
    [
      239,
      240
    ],
    [
      241,
      242
    ],
    [
      243,
      244
    ],
    [
      246,
      247,
      248
    ],
    [
      252,
      259
    ],
    [
      253,
      254
    ],
    [
      264,
      265
    ],
    [
      269,
      270
    ],
    [
      273,
      274
    ]
  ]
}