{
  "document_id": "document_317",
  "sentences": [
    "मी परळीतून निवडून येईल, संजय काकडेंचे पंकजा मुंडेंना आव्हान",
    "“फारच दमलात का सर?",
    "पुढच्या खेळण्याची ट्रायल बघायचीय?” असं विचारत ती सोफ्यावरुन उठली.",
    "इंडीकेटर आणि वायर्स नीट गुंडाळून परत बॅगेत ठेवत ती अजून काहीतरी शोधू लागली.",
    "रिटा भादुरी या अविवाहित असल्याने त्यांच्यावर त्यांच्या बहिणाच्या मुलीने अंत्यसंस्कार केले.",
    "श्‍वानाने चावा घेतलेल्या रुग्णांवर पाचगणी येथील रुग्णालयात प्राथमिक उपचारानंतर पुढील उपचारासाठी त्यांना सातारा येथील क्रांतिसिंह रुग्णालयात पाठवण्यात आले आहे.",
    "सत्तेत असो वा विरोधात आम्ही नेहमी जनतेचे अश्रू पुसण्याचं काम केलं, असं त्या म्हणाल्या.",
    "Loading."
  ],
  "mentions": [
    {
      "id": 0,
      "text": "मी",
      "sentence": 0,
      "start": 0,
      "end": 1,
      "confidence": 1.0
    },
    {
      "id": 1,
      "text": "मुंडेंना",
      "sentence": 0,
      "start": 32,
      "end": 39,
      "confidence": 1.0
    },
    {
      "id": 2,
      "text": "ती",
      "sentence": 2,
      "start": 44,
      "end": 45,
      "confidence": 1.0
    },
    {
      "id": 3,
      "text": "ती",
      "sentence": 3,
      "start": 51,
      "end": 52,
      "confidence": 1.0
    },
    {
      "id": 4,
      "text": "भादुरी",
      "sentence": 4,
      "start": 5,
      "end": 10,
      "confidence": 1.0
    },
    {
      "id": 5,
      "text": "त्यांच्यावर",
      "sentence": 4,
      "start": 25,
      "end": 34,
      "confidence": 1.0
    },
    {
      "id": 6,
      "text": "त्यांच्या",
      "sentence": 4,
      "start": 36,
      "end": 43,
      "confidence": 1.0
    },
    {
      "id": 7,
      "text": "मुलीने",
      "sentence": 4,
      "start": 53,
      "end": 58,
      "confidence": 1.0
    },
    {
      "id": 8,
      "text": "रुग्णांवर",
      "sentence": 5,
      "start": 20,
      "end": 28,
      "confidence": 1.0
    },
    {
      "id": 9,
      "text": "त्यांना",
      "sentence": 5,
      "start": 90,
      "end": 95,
      "confidence": 1.0
    },
    {
      "id": 10,
      "text": "आम्ही",
      "sentence": 6,
      "start": 23,
      "end": 27,
      "confidence": 1.0
    },
    {
      "id": 11,
      "text": "त्या",
      "sentence": 6,
      "start": 71,
      "end": 73,
      "confidence": 1.0
    }
  ],
  "clusters": [
    [
      0,
      1
    ],
    [
      4,
      5
    ],
    [
      6,
      7,
      8
    ],
    [
      10,
      11
    ]
  ]
}