{
  "document_id": "document_145",
  "sentences": [
    "जानेवारी 21, 2020",
    "ज्यावेळी नीलाक्षी एलिझाबेथ यवतमाळला शासकीय वैद्यकीय महाविद्यालयात पोहोचली त्यावेळी आईशी गळाभेट झाली आणि दोघी हमसुन हमसुन रडल्या.",
    "व्हॅन खिंडवाडीच्या अलीकडे आल्यानंतर खाणीलगत नेण्यात आली.",
    "इनामदार यांनी तो किस्सा बाळासाहेब ठाकरे यांची भेट झाली असता त्यांना सांगितला.",
    "तसेच अनेकदा सलग सुट्ट्यांमुळे द्रुतगती महामार्गावर वाहनांच्या लांबलचक रांगा लागतात.",
    "त्यामुळे सध्या आपापसातील नाराजी विसरून मोदी सरकारविरोधात कसा लढा देता येईल याचा विचार होणे आवश्यक आहे, असेही देवरा यांनी स्पष्ट केले.",
    "तिथे सुषमाजींनी केलेलं भाषण आजही वाचकांना स्मरत असेल.",
    "तेव्हापासून राजकारणात दबदबा.",
    "मुलुंड रेल्वे स्थानकावर हा प्रकार घडला आहे.",
    "या प्रकरणाची पोलीस कसून चौकशी करीत आहेत.",
    "निजदच्यावतीने करियप्पा पुजारी रिंगणात असून त्यांच्या प्रचारासाठी माजी मुख्यमंत्री कुमारस्वामी यांची सभा घेण्यात आली.",
    "तो चार वयाच्या वापर करण्याची परवानगी आहे.",
    "एक वर्ष नंतर, पुनर्संचयित चर्च पवित्र होते.",
    "केंद्रीय गृहमंत्री अमित शहा यांनी संसदेत खोटी माहिती दिल्याचा आरोपही त्यांनी केला.",
    "परंतु, राष्ट्रवादीने परभणीतील पक्षाचे निष्ठावान बाबाजानी दुर्राणी यांनी उमेदवारी देऊन लांडे यांच्यासाठी विधान परिषदेच्या आमदारकीचे दार बंद केले आहेत.",
    "जिल्हाधिकाऱ्यांच्या अध्यक्षतेखाली सभा",
    "या दौऱ्याच्या वेळी अब्बासी यांनी राष्ट्रपती माइक पेंस यांचीही भेट घेतली होती.",
    "प्रची १९ : असच शॅननडोह व्हॅलीच्या कुशीत असलेलं अजुन एक घर.",
    "नागपूर : राज्याचे माजी मुख्यमंत्री व विरोधी पक्षनेते देवेंद्र फडणवीस यांना न्यायालयाने शेवटची संधी दिली आहे.",
    "मुंबईत कधीच न पाहायला मिळालेलं.",
    "'नमस्ते इंग्लंड' या सिनेमाचा ट्रेलर प्रदर्शित करण्यात आलाय",
    "रामचंद्रराव",
    "या बैठकीस पुणे पाटबंधारे विभागाचे कार्यकारी अभियंता राजेंद्र धोडपकर, समितीचे सदस्य सचिव विजय यादव, नीरा-भीमा सहकारी साखर कारखान्याचे अध्यक्ष लालासाहेब पवार, भोंडणी पाणी वापर संस्थेचे अध्यक्ष शिवाजी हंगे, आरेखक पांडुरंग कटक या वेळी उपस्थित होते.",
    "परंतु आता मजुरांची टंचाई व पावसाचा अनियमितपणा त्यामुळे प्रत्येक शेतकरी आपल्या परीने आपली शेतीची कामे पेरणी, रोपणी लवकरात लवकर करण्याचा प्रयत्न करतात.",
    "मॅथ्यूज 3-0-33-0, उदणा 4-0-36-1, मलिंगा 4-0-31-1, प्रसन्ना 3-0-25-1, धनंजय 4-0-28-0, परेरा 1.2-0-20-0",
    "मुलायम सिंह यांनी लोकसभा निवडणूक 2019 साठी मैनपुरी येथून उमेदवारी अर्ज भरला आहे.",
    "रुद्राक्ष शंकराचा अंश आहे.",
    "अदंडय दंडा भाजन होय",
    "शेतक-यांनी टोकाची भूमिका घेऊ नये : पांडुरंग फुंडकर",
    "आवळ्याला फक्त डाएटमध्येच समाविष्ट करू नका तर, मेंहदीमध्येसुद्धा मिसळून केसांना कंडिशनिंग करा किंवा आवळ्याचे बारीक तुकडे गरम खोबरेल तेलात मिक्स करुन केसांना लावा.",
    "तो दस्तऐवज, ते कुठे आहे नोंदणी अचूक तारीख, भरले आहे की निर्दिष्ट करणे आवश्यक आहे.",
    "पश्चिम रेल्वेच्या वसई विभागात २०१३मध्ये रेल्वे अपघातांत घट झाली आहे",
    "- इंदापूर विधानसभेची जागा काँग्रेसला न सोडण्याचा अजित पवारांचा निश्चय, त्यामुळे हर्षवर्धन पाटलांच्या भाजप प्रवेशाची शक्यता",
    "पण कुक बनवायचा म्हणुन मला जास्त माहित नाही.",
    "3) या प्राणायाममुळे रक्तात असणारे विषारी घटक बाहेर फेकले जातात, त्यामुळे रक्तशुद्धी होते.",
    "विशेषज्ञ म्हणतात की कोरडे वेळ 10 मिनिटांपेक्षा जास्त नसेल या प्रकरणात प्रतिकार 35 ohms आहे.",
    "त्यातच काकासाहेब शिंदे नावाच्या मराठा तरूणाने प्राणाची आहुती मराठा आरक्षणासाठी दिली.",
    "जुहूमधील एका तरुणीने याबाबत भन्साळी यांच्या कार्यालयात चौकशी केल्यानंतर हा प्रकार समोर आला.",
    "कॅडमियम विषबाधा कारणे",
    "बोर्‍या वाजणे हा 'दिवाळे वाजणे' प्रकारातला वाक्प्रचार असावा.",
    "काकासाहेब शिंदे यांना श्रध्दांजली वाहण्यात येणार आहे.",
    "त्यानंतर नेरळवरून ब्रेकडाऊन गाडी मागवण्यात आली.",
    "गत काही महिन्यांपासून पती-पत्नीमध्ये कौटुंबिक कारणावरून भांडण झाले.",
    "संरक्षण विभागाला निधीची कमतरता नाही.",
    "आता मुख्य गोष्ट - शोध पास.",
    "केव्हा आणि कसे आपले दान योग्य सादर करण्यासाठी?",
    "अथांग सागर, किंवा अनंत आकाश, ह्या शेवटी ,अगदी निश्चितपणे, “प्रतिमा”च आहेत !",
    "त्यावेळी पोलिसांनी आमदार जगताप यांना ताब्यात घेतले.",
    "पण त्याची आवस्था मोठी गंभीर आहे.",
    "दिवाळी सण मोठा, नाही आनंदा तोटा… असं म्हटलं आहे, ते अगदी खरं आहे.",
    "दिवाळीत लवकर उठून, उटणं लावून अभ्यंगस्नान करण्याचा आनंद काही न्यारा असतो.",
    "हा आनंद फराळाच्या विविध पदार्थांमुळे अधिकच द्विगुणित होतो.",
    "सध्या माझं डाएट सुरू असल्यानं फराळाचा आस्वाद घेण्यावर थोडे निर्बंध आले आहेत.",
    "तरीदेखील दिवाळीचा आनंद कमी होणार नाही.",
    "यंदाची ही दिवाळी माझ्यासाठी स्पेशल आहे.",
    "कारण ‘झी मराठी’ वाहिनीवरील ‘स्वराज्यरक्षक संभाजी’ मालिकेतून मी घराघरात पोहोचले आहे.",
    "प्रेक्षकांच्या अपेक्षांचं मोठं ओझं असून देखील त्यातून मिळणारा आनंदही आहेच.",
    "मालिकेच्या चित्रीकरणातून घरच्यांसाठी आवर्जून वेळ काढून ही दिवाळी मी त्यांच्याबरोबरच पुण्याला जाऊन साजरी करणार आहे.",
    "पुण्यात दिवाळीचा आनंद, तिथला माहोल काही औरच असतो.",
    "शनिवारवाड्यासमोर मोठ्या, देखण्या रांगोळ्या काढल्या जातात.",
    "संपूर्ण वाड्याला दिव्यांची रोशणाई केलेली असते.",
    "दिवाळीच्या दिवसांमधील शनिवारवाड्याचं रूप बघण्यासारखं असतं.",
    "हे सर्व अनुभवणं आनंददायी असतं.",
    "दिवाळी हा सण दिव्यांचा आहे.",
    "मात्र दिवाळीत उडवल्या जाणाऱ्या फटाक्यांमुळे या दिवसांत प्रदूषणात वाढ होते.",
    "त्यामुळे सर्वांना मी एक नम्र आवाहन करते, की फटाकेविरहित इकोफ्रेंडली दिवाळी साजरी करून आपण सर्वांनी दिवाळीचा आनंद घ्यावा.",
    "दिव्यांची आकर्षक आरास, फराळात पदार्थांचे वैविध्य आणून त्याचा आनंद सर्वांबरोबर लुटावा…",
    "कपिल मिश्रांचे आरोप, वेगवेगळय़ा चौकशा, पक्षांतर्गत गटबाजीच्या ‘स्वाइन फ्लू’ने केजरीवाल फणफणलेले असताना जनतेने संधीसाधू व दलबदलू उमेदवाराला धडा शिकवत भाजपलाही एकप्रकारे इशाराच दिला आहे.",
    "कामगारांच्या प्रत्येक प्रश्नांना वाचा फोडून आणि आंदोलन, संप पुकारून महापालिका प्रशासन आणि राज्य सरकारला जेरीस आणणारे ज्येष्ठ कामगार नेते शरद राव यांचे गुरुवारी नानावटी रुग्णालयात निधन झाले.",
    "या प्रकरणी देशवासीयांचा रोष पाहता संसदेचे विशेष अधिवेशन बोलावण्याची मागणी डाव्या पक्षांनी केली.",
    "वधूपिता मांडवात असताना स्वत:च्याच सोहळ्यात मुंडावळ्या डोक्यावर घेवून ‘शेजारच्या कमळी’ला डोळा मारणे म्हणजे मोठे धारिष्ट्याचे काम!"
  ],
  "mentions": [
    {
      "id": 0,
      "text": "एलिझाबेथ",
      "sentence": 1,
      "start": 15,
      "end": 24,
      "confidence": 1.0
    },
    {
      "id": 1,
      "text": "यवतमाळला",
      "sentence": 1,
      "start": 25,
      "end": 34,
      "confidence": 1.0
    },
    {
      "id": 2,
      "text": "महाविद्यालयात",
      "sentence": 1,
      "start": 51,
      "end": 62,
      "confidence": 1.0
    },
    {
      "id": 3,
      "text": "गळाभेट",
      "sentence": 1,
      "start": 75,
      "end": 81,
      "confidence": 1.0
    },
    {
      "id": 4,
      "text": "दोघी",
      "sentence": 1,
      "start": 93,
      "end": 98,
      "confidence": 1.0
    },
    {
      "id": 5,
      "text": "इनामदार",
      "sentence": 3,
      "start": 152,
      "end": 159,
      "confidence": 1.0
    },
    {
      "id": 6,
      "text": "तो",
      "sentence": 3,
      "start": 166,
      "end": 167,
      "confidence": 1.0
    },
    {
      "id": 7,
      "text": "किस्सा",
      "sentence": 3,
      "start": 169,
      "end": 173,
      "confidence": 1.0
    },
    {
      "id": 8,
      "text": "बाळासाहेब",
      "sentence": 3,
      "start": 174,
      "end": 182,
      "confidence": 1.0
    },
    {
      "id": 9,
      "text": "ठाकरे",
      "sentence": 3,
      "start": 183,
      "end": 188,
      "confidence": 1.0
    },
    {
      "id": 10,
      "text": "त्यांना",
      "sentence": 3,
      "start": 210,
      "end": 214,
      "confidence": 1.0
    },
    {
      "id": 11,
      "text": "सुट्ट्यांमुळे",
      "sentence": 4,
      "start": 236,
      "end": 245,
      "confidence": 1.0
    },
    {
      "id": 12,
      "text": "महामार्गावर",
      "sentence": 4,
      "start": 254,
      "end": 263,
      "confidence": 1.0
    },
    {
      "id": 13,
      "text": "रांगा",
      "sentence": 4,
      "start": 282,
      "end": 286,
      "confidence": 1.0
    },
    {
      "id": 14,
      "text": "नाराजी",
      "sentence": 5,
      "start": 310,
      "end": 315,
      "confidence": 1.0
    },
    {
      "id": 15,
      "text": "मोदी",
      "sentence": 5,
      "start": 321,
      "end": 324,
      "confidence": 1.0
    },
    {
      "id": 16,
      "text": "सरकारविरोधात",
      "sentence": 5,
      "start": 325,
      "end": 336,
      "confidence": 1.0
    },
    {
      "id": 17,
      "text": "विचार",
      "sentence": 5,
      "start": 363,
      "end": 367,
      "confidence": 1.0
    },
    {
      "id": 18,
      "text": "देवरा",
      "sentence": 5,
      "start": 392,
      "end": 396,
      "confidence": 1.0
    },
    {
      "id": 19,
      "text": "सुषमाजींनी",
      "sentence": 6,
      "start": 407,
      "end": 416,
      "confidence": 1.0
    },
    {
      "id": 20,
      "text": "भाषण",
      "sentence": 6,
      "start": 424,
      "end": 428,
      "confidence": 1.0
    },
    {
      "id": 21,
      "text": "वाचकांना",
      "sentence": 6,
      "start": 436,
      "end": 442,
      "confidence": 1.0
    },
    {
      "id": 22,
      "text": "राजकारणात",
      "sentence": 7,
      "start": 452,
      "end": 460,
      "confidence": 1.0
    },
    {
      "id": 23,
      "text": "दबदबा",
      "sentence": 7,
      "start": 461,
      "end": 466,
      "confidence": 1.0
    },
    {
      "id": 24,
      "text": "मुलुंड",
      "sentence": 8,
      "start": 470,
      "end": 475,
      "confidence": 1.0
    },
    {
      "id": 25,
      "text": "रेल्वे",
      "sentence": 8,
      "start": 476,
      "end": 480,
      "confidence": 1.0
    },
    {
      "id": 26,
      "text": "स्थानकावर",
      "sentence": 8,
      "start": 481,
      "end": 488,
      "confidence": 1.0
    },
    {
      "id": 27,
      "text": "प्रकार",
      "sentence": 8,
      "start": 493,
      "end": 497,
      "confidence": 1.0
    },
    {
      "id": 28,
      "text": "प्रकरणाची",
      "sentence": 9,
      "start": 503,
      "end": 511,
      "confidence": 1.0
    },
    {
      "id": 29,
      "text": "पोलीस",
      "sentence": 9,
      "start": 512,
      "end": 517,
      "confidence": 1.0
    },
    {
      "id": 30,
      "text": "चौकशी",
      "sentence": 9,
      "start": 523,
      "end": 528,
      "confidence": 1.0
    },
    {
      "id": 31,
      "text": "करियप्पा",
      "sentence": 10,
      "start": 550,
      "end": 557,
      "confidence": 1.0
    },
    {
      "id": 32,
      "text": "पुजारी",
      "sentence": 10,
      "start": 558,
      "end": 563,
      "confidence": 1.0
    },
    {
      "id": 33,
      "text": "रिंगणात",
      "sentence": 10,
      "start": 564,
      "end": 570,
      "confidence": 1.0
    },
    {
      "id": 34,
      "text": "त्यांच्या",
      "sentence": 10,
      "start": 579,
      "end": 584,
      "confidence": 1.0
    },
    {
      "id": 35,
      "text": "प्रचारासाठी",
      "sentence": 10,
      "start": 585,
      "end": 593,
      "confidence": 1.0
    },
    {
      "id": 36,
      "text": "मुख्यमंत्री",
      "sentence": 10,
      "start": 598,
      "end": 605,
      "confidence": 1.0
    },
    {
      "id": 37,
      "text": "कुमारस्वामी",
      "sentence": 10,
      "start": 606,
      "end": 614,
      "confidence": 1.0
    },
    {
      "id": 38,
      "text": "तो",
      "sentence": 11,
      "start": 638,
      "end": 639,
      "confidence": 1.0
    },
    {
      "id": 39,
      "text": "वापर",
      "sentence": 11,
      "start": 647,
      "end": 650,
      "confidence": 1.0
    },
    {
      "id": 40,
      "text": "परवानगी",
      "sentence": 11,
      "start": 659,
      "end": 665,
      "confidence": 1.0
    },
    {
      "id": 41,
      "text": "वर्ष",
      "sentence": 12,
      "start": 669,
      "end": 672,
      "confidence": 1.0
    },
    {
      "id": 42,
      "text": "गृहमंत्री",
      "sentence": 13,
      "start": 699,
      "end": 706,
      "confidence": 1.0
    },
    {
      "id": 43,
      "text": "अमित",
      "sentence": 13,
      "start": 707,
      "end": 710,
      "confidence": 1.0
    },
    {
      "id": 44,
      "text": "संसदेत",
      "sentence": 13,
      "start": 721,
      "end": 726,
      "confidence": 1.0
    },
    {
      "id": 45,
      "text": "माहिती",
      "sentence": 13,
      "start": 732,
      "end": 736,
      "confidence": 1.0
    },
    {
      "id": 46,
      "text": "आरोपही",
      "sentence": 13,
      "start": 746,
      "end": 751,
      "confidence": 1.0
    },
    {
      "id": 47,
      "text": "त्यांनी",
      "sentence": 13,
      "start": 752,
      "end": 756,
      "confidence": 1.0
    },
    {
      "id": 48,
      "text": "राष्ट्रवादीने",
      "sentence": 14,
      "start": 764,
      "end": 772,
      "confidence": 1.0
    },
    {
      "id": 49,
      "text": "पक्षाचे",
      "sentence": 14,
      "start": 782,
      "end": 787,
      "confidence": 1.0
    },
    {
      "id": 50,
      "text": "बाबाजानी",
      "sentence": 14,
      "start": 795,
      "end": 802,
      "confidence": 1.0
    },
    {
      "id": 51,
      "text": "दुर्राणी",
      "sentence": 14,
      "start": 803,
      "end": 808,
      "confidence": 1.0
    },
    {
      "id": 52,
      "text": "उमेदवारी",
      "sentence": 14,
      "start": 816,
      "end": 822,
      "confidence": 1.0
    },
    {
      "id": 53,
      "text": "लांडे",
      "sentence": 14,
      "start": 827,
      "end": 831,
      "confidence": 1.0
    },
    {
      "id": 54,
      "text": "विधान",
      "sentence": 14,
      "start": 843,
      "end": 847,
      "confidence": 1.0
    },
    {
      "id": 55,
      "text": "आमदारकीचे",
      "sentence": 14,
      "start": 857,
      "end": 865,
      "confidence": 1.0
    },
    {
      "id": 56,
      "text": "जिल्हाधिकाऱ्यांच्या",
      "sentence": 15,
      "start": 881,
      "end": 894,
      "confidence": 1.0
    },
    {
      "id": 57,
      "text": "अध्यक्षतेखाली",
      "sentence": 15,
      "start": 895,
      "end": 905,
      "confidence": 1.0
    },
    {
      "id": 58,
      "text": "दौऱ्याच्या",
      "sentence": 16,
      "start": 915,
      "end": 922,
      "confidence": 1.0
    },
    {
      "id": 59,
      "text": "अब्बासी",
      "sentence": 16,
      "start": 927,
      "end": 932,
      "confidence": 1.0
    },
    {
      "id": 60,
      "text": "राष्ट्रपती",
      "sentence": 16,
      "start": 940,
      "end": 946,
      "confidence": 1.0
    },
    {
      "id": 61,
      "text": "माइक",
      "sentence": 16,
      "start": 947,
      "end": 950,
      "confidence": 1.0
    },
    {
      "id": 62,
      "text": "पेंस",
      "sentence": 16,
      "start": 951,
      "end": 955,
      "confidence": 1.0
    },
    {
      "id": 63,
      "text": "प्रची",
      "sentence": 17,
      "start": 976,
      "end": 979,
      "confidence": 1.0
    },
    {
      "id": 64,
      "text": "शॅननडोह",
      "sentence": 17,
      "start": 988,
      "end": 996,
      "confidence": 1.0
    },
    {
      "id": 65,
      "text": "कुशीत",
      "sentence": 17,
      "start": 1005,
      "end": 1009,
      "confidence": 1.0
    },
    {
      "id": 66,
      "text": "राज्याचे",
      "sentence": 18,
      "start": 1035,
      "end": 1040,
      "confidence": 1.0
    },
    {
      "id": 67,
      "text": "मुख्यमंत्री",
      "sentence": 18,
      "start": 1045,
      "end": 1052,
      "confidence": 1.0
    },
    {
      "id": 68,
      "text": "पक्षनेते",
      "sentence": 18,
      "start": 1061,
      "end": 1066,
      "confidence": 1.0
    },
    {
      "id": 69,
      "text": "देवेंद्र",
      "sentence": 18,
      "start": 1067,
      "end": 1073,
      "confidence": 1.0
    },
    {
      "id": 70,
      "text": "फडणवीस",
      "sentence": 18,
      "start": 1074,
      "end": 1081,
      "confidence": 1.0
    },
    {
      "id": 71,
      "text": "न्यायालयाने",
      "sentence": 18,
      "start": 1087,
      "end": 1094,
      "confidence": 1.0
    },
    {
      "id": 72,
      "text": "संधी",
      "sentence": 18,
      "start": 1102,
      "end": 1105,
      "confidence": 1.0
    },
    {
      "id": 73,
      "text": "मुंबईत",
      "sentence": 19,
      "start": 1114,
      "end": 1119,
      "confidence": 1.0
    },
    {
      "id": 74,
      "text": "इंग्लंड",
      "sentence": 20,
      "start": 1128,
      "end": 1133,
      "confidence": 1.0
    },
    {
      "id": 75,
      "text": "सिनेमाचा",
      "sentence": 20,
      "start": 1137,
      "end": 1143,
      "confidence": 1.0
    },
    {
      "id": 76,
      "text": "ट्रेलर",
      "sentence": 20,
      "start": 1144,
      "end": 1148,
      "confidence": 1.0
    },
    {
      "id": 77,
      "text": "रामचंद्रराव",
      "sentence": 21,
      "start": 1165,
      "end": 1172,
      "confidence": 1.0
    },
    {
      "id": 78,
      "text": "पाटबंधारे",
      "sentence": 22,
      "start": 1187,
      "end": 1195,
      "confidence": 1.0
    },
    {
      "id": 79,
      "text": "विभागाचे",
      "sentence": 22,
      "start": 1196,
      "end": 1201,
      "confidence": 1.0
    },
    {
      "id": 80,
      "text": "अभियंता",
      "sentence": 22,
      "start": 1210,
      "end": 1215,
      "confidence": 1.0
    },
    {
      "id": 81,
      "text": "राजेंद्र",
      "sentence": 22,
      "start": 1216,
      "end": 1222,
      "confidence": 1.0
    },
    {
      "id": 82,
      "text": "धोडपकर",
      "sentence": 22,
      "start": 1223,
      "end": 1229,
      "confidence": 1.0
    },
    {
      "id": 83,
      "text": "समितीचे",
      "sentence": 22,
      "start": 1232,
      "end": 1238,
      "confidence": 1.0
    },
    {
      "id": 84,
      "text": "सदस्य",
      "sentence": 22,
      "start": 1239,
      "end": 1243,
      "confidence": 1.0
    },
    {
      "id": 85,
      "text": "सचिव",
      "sentence": 22,
      "start": 1244,
      "end": 1248,
      "confidence": 1.0
    },
    {
      "id": 86,
      "text": "यादव",
      "sentence": 22,
      "start": 1253,
      "end": 1257,
      "confidence": 1.0
    },
    {
      "id": 87,
      "text": "नीरा-भीमा",
      "sentence": 22,
      "start": 1260,
      "end": 1269,
      "confidence": 1.0
    },
    {
      "id": 88,
      "text": "सहकारी",
      "sentence": 22,
      "start": 1270,
      "end": 1275,
      "confidence": 1.0
    },
    {
      "id": 89,
      "text": "साखर",
      "sentence": 22,
      "start": 1276,
      "end": 1280,
      "confidence": 1.0
    },
    {
      "id": 90,
      "text": "कारखान्याचे",
      "sentence": 22,
      "start": 1281,
      "end": 1290,
      "confidence": 1.0
    },
    {
      "id": 91,
      "text": "लालासाहेब",
      "sentence": 22,
      "start": 1297,
      "end": 1305,
      "confidence": 1.0
    },
    {
      "id": 92,
      "text": "पवार",
      "sentence": 22,
      "start": 1306,
      "end": 1310,
      "confidence": 1.0
    },
    {
      "id": 93,
      "text": "भोंडणी",
      "sentence": 22,
      "start": 1313,
      "end": 1318,
      "confidence": 1.0
    },
    {
      "id": 94,
      "text": "पाणी",
      "sentence": 22,
      "start": 1319,
      "end": 1322,
      "confidence": 1.0
    },
    {
      "id": 95,
      "text": "वापर",
      "sentence": 22,
      "start": 1323,
      "end": 1326,
      "confidence": 1.0
    },
    {
      "id": 96,
      "text": "संस्थेचे",
      "sentence": 22,
      "start": 1327,
      "end": 1332,
      "confidence": 1.0
    },
    {
      "id": 97,
      "text": "शिवाजी",
      "sentence": 22,
      "start": 1339,
      "end": 1344,
      "confidence": 1.0
    },
    {
      "id": 98,
      "text": "आरेखक",
      "sentence": 22,
      "start": 1351,
      "end": 1356,
      "confidence": 1.0
    },
    {
      "id": 99,
      "text": "पांडुरंग",
      "sentence": 22,
      "start": 1357,
      "end": 1363,
      "confidence": 1.0
    },
    {
      "id": 100,
      "text": "मजुरांची",
      "sentence": 23,
      "start": 1391,
      "end": 1397,
      "confidence": 1.0
    },
    {
      "id": 101,
      "text": "टंचाई",
      "sentence": 23,
      "start": 1398,
      "end": 1402,
      "confidence": 1.0
    },
    {
      "id": 102,
      "text": "पावसाचा",
      "sentence": 23,
      "start": 1405,
      "end": 1411,
      "confidence": 1.0
    },
    {
      "id": 103,
      "text": "अनियमितपणा",
      "sentence": 23,
      "start": 1412,
      "end": 1421,
      "confidence": 1.0
    },
    {
      "id": 104,
      "text": "शेतकरी",
      "sentence": 23,
      "start": 1436,
      "end": 1442,
      "confidence": 1.0
    },
    {
      "id": 105,
      "text": "परीने",
      "sentence": 23,
      "start": 1450,
      "end": 1453,
      "confidence": 1.0
    },
    {
      "id": 106,
      "text": "शेतीची",
      "sentence": 23,
      "start": 1461,
      "end": 1466,
      "confidence": 1.0
    },
    {
      "id": 107,
      "text": "कामे",
      "sentence": 23,
      "start": 1467,
      "end": 1470,
      "confidence": 1.0
    },
    {
      "id": 108,
      "text": "पेरणी",
      "sentence": 23,
      "start": 1471,
      "end": 1475,
      "confidence": 1.0
    },
    {
      "id": 109,
      "text": "रोपणी",
      "sentence": 23,
      "start": 1478,
      "end": 1482,
      "confidence": 1.0
    },
    {
      "id": 110,
      "text": "प्रयत्न",
      "sentence": 23,
      "start": 1500,
      "end": 1504,
      "confidence": 1.0
    },
    {
      "id": 111,
      "text": "मॅथ्यूज",
      "sentence": 24,
      "start": 1515,
      "end": 1520,
      "confidence": 1.0
    },
    {
      "id": 112,
      "text": "उदणा",
      "sentence": 24,
      "start": 1533,
      "end": 1536,
      "confidence": 1.0
    },
    {
      "id": 113,
      "text": "मलिंगा",
      "sentence": 24,
      "start": 1550,
      "end": 1555,
      "confidence": 1.0
    },
    {
      "id": 114,
      "text": "प्रसन्ना",
      "sentence": 24,
      "start": 1569,
      "end": 1574,
      "confidence": 1.0
    },
    {
      "id": 115,
      "text": "धनंजय",
      "sentence": 24,
      "start": 1588,
      "end": 1593,
      "confidence": 1.0
    },
    {
      "id": 116,
      "text": "परेरा",
      "sentence": 24,
      "start": 1606,
      "end": 1610,
      "confidence": 1.0
    },
    {
      "id": 117,
      "text": "मुलायम",
      "sentence": 25,
      "start": 1619,
      "end": 1624,
      "confidence": 1.0
    },
    {
      "id": 118,
      "text": "सिंह",
      "sentence": 25,
      "start": 1625,
      "end": 1628,
      "confidence": 1.0
    },
    {
      "id": 119,
      "text": "उमेदवारी",
      "sentence": 25,
      "start": 1673,
      "end": 1679,
      "confidence": 1.0
    },
    {
      "id": 120,
      "text": "अर्ज",
      "sentence": 25,
      "start": 1680,
      "end": 1682,
      "confidence": 1.0
    },
    {
      "id": 121,
      "text": "रुद्राक्ष",
      "sentence": 26,
      "start": 1693,
      "end": 1698,
      "confidence": 1.0
    },
    {
      "id": 122,
      "text": "दंडा",
      "sentence": 27,
      "start": 1718,
      "end": 1721,
      "confidence": 1.0
    },
    {
      "id": 123,
      "text": "शेतक-यांनी",
      "sentence": 28,
      "start": 1730,
      "end": 1739,
      "confidence": 1.0
    },
    {
      "id": 124,
      "text": "भूमिका",
      "sentence": 28,
      "start": 1746,
      "end": 1750,
      "confidence": 1.0
    },
    {
      "id": 125,
      "text": "पांडुरंग",
      "sentence": 28,
      "start": 1759,
      "end": 1765,
      "confidence": 1.0
    },
    {
      "id": 126,
      "text": "फुंडकर",
      "sentence": 28,
      "start": 1766,
      "end": 1771,
      "confidence": 1.0
    },
    {
      "id": 127,
      "text": "आवळ्याला",
      "sentence": 29,
      "start": 1775,
      "end": 1781,
      "confidence": 1.0
    },
    {
      "id": 128,
      "text": "मेंहदीमध्येसुद्धा",
      "sentence": 29,
      "start": 1812,
      "end": 1823,
      "confidence": 1.0
    },
    {
      "id": 129,
      "text": "केसांना",
      "sentence": 29,
      "start": 1830,
      "end": 1835,
      "confidence": 1.0
    },
    {
      "id": 130,
      "text": "कंडिशनिंग",
      "sentence": 29,
      "start": 1836,
      "end": 1845,
      "confidence": 1.0
    },
    {
      "id": 131,
      "text": "आवळ्याचे",
      "sentence": 29,
      "start": 1856,
      "end": 1862,
      "confidence": 1.0
    },
    {
      "id": 132,
      "text": "तुकडे",
      "sentence": 29,
      "start": 1868,
      "end": 1871,
      "confidence": 1.0
    },
    {
      "id": 133,
      "text": "तेलात",
      "sentence": 29,
      "start": 1883,
      "end": 1887,
      "confidence": 1.0
    },
    {
      "id": 134,
      "text": "केसांना",
      "sentence": 29,
      "start": 1899,
      "end": 1904,
      "confidence": 1.0
    },
    {
      "id": 135,
      "text": "तो",
      "sentence": 30,
      "start": 1908,
      "end": 1909,
      "confidence": 1.0
    },
    {
      "id": 136,
      "text": "दस्तऐवज",
      "sentence": 30,
      "start": 1911,
      "end": 1917,
      "confidence": 1.0
    },
    {
      "id": 137,
      "text": "ते",
      "sentence": 30,
      "start": 1919,
      "end": 1920,
      "confidence": 1.0
    },
    {
      "id": 138,
      "text": "नोंदणी",
      "sentence": 30,
      "start": 1929,
      "end": 1934,
      "confidence": 1.0
    },
    {
      "id": 139,
      "text": "तारीख",
      "sentence": 30,
      "start": 1941,
      "end": 1945,
      "confidence": 1.0
    },
    {
      "id": 140,
      "text": "पश्चिम",
      "sentence": 31,
      "start": 1963,
      "end": 1967,
      "confidence": 1.0
    },
    {
      "id": 141,
      "text": "विभागात",
      "sentence": 31,
      "start": 1979,
      "end": 1984,
      "confidence": 1.0
    },
    {
      "id": 142,
      "text": "रेल्वे",
      "sentence": 31,
      "start": 1996,
      "end": 2000,
      "confidence": 1.0
    },
    {
      "id": 143,
      "text": "इंदापूर",
      "sentence": 32,
      "start": 2018,
      "end": 2023,
      "confidence": 1.0
    },
    {
      "id": 144,
      "text": "विधानसभेची",
      "sentence": 32,
      "start": 2024,
      "end": 2032,
      "confidence": 1.0
    },
    {
      "id": 145,
      "text": "जागा",
      "sentence": 32,
      "start": 2033,
      "end": 2036,
      "confidence": 1.0
    },
    {
      "id": 146,
      "text": "काँग्रेसला",
      "sentence": 32,
      "start": 2037,
      "end": 2044,
      "confidence": 1.0
    },
    {
      "id": 147,
      "text": "अजित",
      "sentence": 32,
      "start": 2056,
      "end": 2059,
      "confidence": 1.0
    },
    {
      "id": 148,
      "text": "पवारांचा",
      "sentence": 32,
      "start": 2060,
      "end": 2066,
      "confidence": 1.0
    },
    {
      "id": 149,
      "text": "निश्चय",
      "sentence": 32,
      "start": 2067,
      "end": 2071,
      "confidence": 1.0
    },
    {
      "id": 150,
      "text": "हर्षवर्धन",
      "sentence": 32,
      "start": 2082,
      "end": 2089,
      "confidence": 1.0
    },
    {
      "id": 151,
      "text": "भाजप",
      "sentence": 32,
      "start": 2098,
      "end": 2101,
      "confidence": 1.0
    },
    {
      "id": 152,
      "text": "प्रवेशाची",
      "sentence": 32,
      "start": 2102,
      "end": 2109,
      "confidence": 1.0
    },
    {
      "id": 153,
      "text": "शक्यता",
      "sentence": 32,
      "start": 2110,
      "end": 2114,
      "confidence": 1.0
    },
    {
      "id": 154,
      "text": "मला",
      "sentence": 33,
      "start": 2133,
      "end": 2135,
      "confidence": 1.0
    },
    {
      "id": 155,
      "text": "रक्तात",
      "sentence": 34,
      "start": 2154,
      "end": 2158,
      "confidence": 1.0
    },
    {
      "id": 156,
      "text": "रक्तशुद्धी",
      "sentence": 34,
      "start": 2190,
      "end": 2197,
      "confidence": 1.0
    },
    {
      "id": 157,
      "text": "विशेषज्ञ",
      "sentence": 35,
      "start": 2205,
      "end": 2210,
      "confidence": 1.0
    },
    {
      "id": 158,
      "text": "प्रतिकार",
      "sentence": 35,
      "start": 2260,
      "end": 2265,
      "confidence": 1.0
    },
    {
      "id": 159,
      "text": "ohms",
      "sentence": 35,
      "start": 2270,
      "end": 2273,
      "confidence": 1.0
    },
    {
      "id": 160,
      "text": "काकासाहेब",
      "sentence": 36,
      "start": 2282,
      "end": 2289,
      "confidence": 1.0
    },
    {
      "id": 161,
      "text": "शिंदे",
      "sentence": 36,
      "start": 2290,
      "end": 2294,
      "confidence": 1.0
    },
    {
      "id": 162,
      "text": "मराठा",
      "sentence": 36,
      "start": 2302,
      "end": 2306,
      "confidence": 1.0
    },
    {
      "id": 163,
      "text": "तरूणाने",
      "sentence": 36,
      "start": 2307,
      "end": 2312,
      "confidence": 1.0
    },
    {
      "id": 164,
      "text": "प्राणाची",
      "sentence": 36,
      "start": 2313,
      "end": 2319,
      "confidence": 1.0
    },
    {
      "id": 165,
      "text": "आहुती",
      "sentence": 36,
      "start": 2320,
      "end": 2324,
      "confidence": 1.0
    },
    {
      "id": 166,
      "text": "मराठा",
      "sentence": 36,
      "start": 2325,
      "end": 2329,
      "confidence": 1.0
    },
    {
      "id": 167,
      "text": "आरक्षणासाठी",
      "sentence": 36,
      "start": 2330,
      "end": 2339,
      "confidence": 1.0
    },
    {
      "id": 168,
      "text": "तरुणीने",
      "sentence": 37,
      "start": 2359,
      "end": 2364,
      "confidence": 1.0
    },
    {
      "id": 169,
      "text": "भन्साळी",
      "sentence": 37,
      "start": 2372,
      "end": 2378,
      "confidence": 1.0
    },
    {
      "id": 170,
      "text": "कार्यालयात",
      "sentence": 37,
      "start": 2387,
      "end": 2394,
      "confidence": 1.0
    },
    {
      "id": 171,
      "text": "चौकशी",
      "sentence": 37,
      "start": 2395,
      "end": 2400,
      "confidence": 1.0
    },
    {
      "id": 172,
      "text": "प्रकार",
      "sentence": 37,
      "start": 2415,
      "end": 2419,
      "confidence": 1.0
    },
    {
      "id": 173,
      "text": "कॅडमियम",
      "sentence": 38,
      "start": 2425,
      "end": 2431,
      "confidence": 1.0
    },
    {
      "id": 174,
      "text": "विषबाधा",
      "sentence": 38,
      "start": 2432,
      "end": 2437,
      "confidence": 1.0
    },
    {
      "id": 175,
      "text": "कारणे",
      "sentence": 38,
      "start": 2438,
      "end": 2441,
      "confidence": 1.0
    },
    {
      "id": 176,
      "text": "वाक्प्रचार",
      "sentence": 39,
      "start": 2477,
      "end": 2484,
      "confidence": 1.0
    },
    {
      "id": 177,
      "text": "काकासाहेब",
      "sentence": 40,
      "start": 2488,
      "end": 2495,
      "confidence": 1.0
    },
    {
      "id": 178,
      "text": "शिंदे",
      "sentence": 40,
      "start": 2496,
      "end": 2500,
      "confidence": 1.0
    },
    {
      "id": 179,
      "text": "श्रध्दांजली",
      "sentence": 40,
      "start": 2507,
      "end": 2515,
      "confidence": 1.0
    },
    {
      "id": 180,
      "text": "गाडी",
      "sentence": 41,
      "start": 2541,
      "end": 2544,
      "confidence": 1.0
    },
    {
      "id": 181,
      "text": "महिन्यांपासून",
      "sentence": 42,
      "start": 2555,
      "end": 2564,
      "confidence": 1.0
    },
    {
      "id": 182,
      "text": "पती-पत्नीमध्ये",
      "sentence": 42,
      "start": 2565,
      "end": 2575,
      "confidence": 1.0
    },
    {
      "id": 183,
      "text": "कारणावरून",
      "sentence": 42,
      "start": 2585,
      "end": 2592,
      "confidence": 1.0
    },
    {
      "id": 184,
      "text": "भांडण",
      "sentence": 42,
      "start": 2593,
      "end": 2598,
      "confidence": 1.0
    },
    {
      "id": 185,
      "text": "संरक्षण",
      "sentence": 43,
      "start": 2603,
      "end": 2608,
      "confidence": 1.0
    },
    {
      "id": 186,
      "text": "विभागाला",
      "sentence": 43,
      "start": 2609,
      "end": 2615,
      "confidence": 1.0
    },
    {
      "id": 187,
      "text": "निधीची",
      "sentence": 43,
      "start": 2616,
      "end": 2620,
      "confidence": 1.0
    },
    {
      "id": 188,
      "text": "कमतरता",
      "sentence": 43,
      "start": 2621,
      "end": 2626,
      "confidence": 1.0
    },
    {
      "id": 189,
      "text": "गोष्ट",
      "sentence": 44,
      "start": 2636,
      "end": 2639,
      "confidence": 1.0
    },
    {
      "id": 190,
      "text": "सागर",
      "sentence": 46,
      "start": 2679,
      "end": 2682,
      "confidence": 1.0
    },
    {
      "id": 191,
      "text": "पोलिसांनी",
      "sentence": 47,
      "start": 2732,
      "end": 2739,
      "confidence": 1.0
    },
    {
      "id": 192,
      "text": "आमदार",
      "sentence": 47,
      "start": 2740,
      "end": 2744,
      "confidence": 1.0
    },
    {
      "id": 193,
      "text": "जगताप",
      "sentence": 47,
      "start": 2745,
      "end": 2750,
      "confidence": 1.0
    },
    {
      "id": 194,
      "text": "त्यांना",
      "sentence": 47,
      "start": 2755,
      "end": 2759,
      "confidence": 1.0
    },
    {
      "id": 195,
      "text": "त्याची",
      "sentence": 48,
      "start": 2768,
      "end": 2771,
      "confidence": 1.0
    },
    {
      "id": 196,
      "text": "आवस्था",
      "sentence": 48,
      "start": 2772,
      "end": 2776,
      "confidence": 1.0
    },
    {
      "id": 197,
      "text": "दिवाळी",
      "sentence": 49,
      "start": 2785,
      "end": 2789,
      "confidence": 1.0
    },
    {
      "id": 198,
      "text": "आनंदा",
      "sentence": 49,
      "start": 2802,
      "end": 2806,
      "confidence": 1.0
    },
    {
      "id": 199,
      "text": "तोटा",
      "sentence": 49,
      "start": 2807,
      "end": 2810,
      "confidence": 1.0
    },
    {
      "id": 200,
      "text": "ते",
      "sentence": 49,
      "start": 2826,
      "end": 2827,
      "confidence": 1.0
    },
    {
      "id": 201,
      "text": "दिवाळीत",
      "sentence": 50,
      "start": 2835,
      "end": 2840,
      "confidence": 1.0
    },
    {
      "id": 202,
      "text": "अभ्यंगस्नान",
      "sentence": 50,
      "start": 2860,
      "end": 2869,
      "confidence": 1.0
    },
    {
      "id": 203,
      "text": "आनंद",
      "sentence": 50,
      "start": 2879,
      "end": 2883,
      "confidence": 1.0
    },
    {
      "id": 204,
      "text": "आनंद",
      "sentence": 51,
      "start": 2891,
      "end": 2895,
      "confidence": 1.0
    },
    {
      "id": 205,
      "text": "फराळाच्या",
      "sentence": 51,
      "start": 2896,
      "end": 2903,
      "confidence": 1.0
    },
    {
      "id": 206,
      "text": "पदार्थांमुळे",
      "sentence": 51,
      "start": 2909,
      "end": 2917,
      "confidence": 1.0
    },
    {
      "id": 207,
      "text": "डाएट",
      "sentence": 52,
      "start": 2931,
      "end": 2935,
      "confidence": 1.0
    },
    {
      "id": 208,
      "text": "फराळाचा",
      "sentence": 52,
      "start": 2948,
      "end": 2954,
      "confidence": 1.0
    },
    {
      "id": 209,
      "text": "आस्वाद",
      "sentence": 52,
      "start": 2955,
      "end": 2960,
      "confidence": 1.0
    },
    {
      "id": 210,
      "text": "निर्बंध",
      "sentence": 52,
      "start": 2975,
      "end": 2980,
      "confidence": 1.0
    },
    {
      "id": 211,
      "text": "दिवाळीचा",
      "sentence": 53,
      "start": 2993,
      "end": 2999,
      "confidence": 1.0
    },
    {
      "id": 212,
      "text": "आनंद",
      "sentence": 53,
      "start": 3000,
      "end": 3004,
      "confidence": 1.0
    },
    {
      "id": 213,
      "text": "दिवाळी",
      "sentence": 54,
      "start": 3016,
      "end": 3020,
      "confidence": 1.0
    },
    {
      "id": 214,
      "text": "माझ्यासाठी",
      "sentence": 54,
      "start": 3021,
      "end": 3028,
      "confidence": 1.0
    },
    {
      "id": 215,
      "text": "मराठी",
      "sentence": 55,
      "start": 3041,
      "end": 3047,
      "confidence": 1.0
    },
    {
      "id": 216,
      "text": "संभाजी",
      "sentence": 55,
      "start": 3069,
      "end": 3075,
      "confidence": 1.0
    },
    {
      "id": 217,
      "text": "मी",
      "sentence": 55,
      "start": 3084,
      "end": 3085,
      "confidence": 1.0
    },
    {
      "id": 218,
      "text": "घराघरात",
      "sentence": 55,
      "start": 3086,
      "end": 3093,
      "confidence": 1.0
    },
    {
      "id": 219,
      "text": "त्यातून",
      "sentence": 56,
      "start": 3141,
      "end": 3145,
      "confidence": 1.0
    },
    {
      "id": 220,
      "text": "चित्रीकरणातून",
      "sentence": 57,
      "start": 3177,
      "end": 3186,
      "confidence": 1.0
    },
    {
      "id": 221,
      "text": "दिवाळी",
      "sentence": 57,
      "start": 3215,
      "end": 3219,
      "confidence": 1.0
    },
    {
      "id": 222,
      "text": "मी",
      "sentence": 57,
      "start": 3220,
      "end": 3221,
      "confidence": 1.0
    },
    {
      "id": 223,
      "text": "त्यांच्याबरोबरच",
      "sentence": 57,
      "start": 3222,
      "end": 3233,
      "confidence": 1.0
    },
    {
      "id": 224,
      "text": "पुण्याला",
      "sentence": 57,
      "start": 3234,
      "end": 3239,
      "confidence": 1.0
    },
    {
      "id": 225,
      "text": "दिवाळीचा",
      "sentence": 58,
      "start": 3259,
      "end": 3265,
      "confidence": 1.0
    },
    {
      "id": 226,
      "text": "आनंद",
      "sentence": 58,
      "start": 3266,
      "end": 3270,
      "confidence": 1.0
    },
    {
      "id": 227,
      "text": "माहोल",
      "sentence": 58,
      "start": 3279,
      "end": 3283,
      "confidence": 1.0
    },
    {
      "id": 228,
      "text": "शनिवारवाड्यासमोर",
      "sentence": 59,
      "start": 3292,
      "end": 3305,
      "confidence": 1.0
    },
    {
      "id": 229,
      "text": "रांगोळ्या",
      "sentence": 59,
      "start": 3315,
      "end": 3321,
      "confidence": 1.0
    },
    {
      "id": 230,
      "text": "वाड्याला",
      "sentence": 60,
      "start": 3330,
      "end": 3335,
      "confidence": 1.0
    },
    {
      "id": 231,
      "text": "दिव्यांची",
      "sentence": 60,
      "start": 3336,
      "end": 3342,
      "confidence": 1.0
    },
    {
      "id": 232,
      "text": "रोशणाई",
      "sentence": 60,
      "start": 3343,
      "end": 3349,
      "confidence": 1.0
    },
    {
      "id": 233,
      "text": "दिवाळीच्या",
      "sentence": 61,
      "start": 3358,
      "end": 3365,
      "confidence": 1.0
    },
    {
      "id": 234,
      "text": "शनिवारवाड्याचं",
      "sentence": 61,
      "start": 3375,
      "end": 3385,
      "confidence": 1.0
    },
    {
      "id": 235,
      "text": "दिवाळी",
      "sentence": 63,
      "start": 3417,
      "end": 3421,
      "confidence": 1.0
    },
    {
      "id": 236,
      "text": "दिवाळीत",
      "sentence": 64,
      "start": 3442,
      "end": 3447,
      "confidence": 1.0
    },
    {
      "id": 237,
      "text": "फटाक्यांमुळे",
      "sentence": 64,
      "start": 3460,
      "end": 3469,
      "confidence": 1.0
    },
    {
      "id": 238,
      "text": "दिवसांत",
      "sentence": 64,
      "start": 3474,
      "end": 3479,
      "confidence": 1.0
    },
    {
      "id": 239,
      "text": "प्रदूषणात",
      "sentence": 64,
      "start": 3480,
      "end": 3487,
      "confidence": 1.0
    },
    {
      "id": 240,
      "text": "सर्वांना",
      "sentence": 65,
      "start": 3500,
      "end": 3505,
      "confidence": 1.0
    },
    {
      "id": 241,
      "text": "मी",
      "sentence": 65,
      "start": 3506,
      "end": 3507,
      "confidence": 1.0
    },
    {
      "id": 242,
      "text": "आवाहन",
      "sentence": 65,
      "start": 3514,
      "end": 3519,
      "confidence": 1.0
    },
    {
      "id": 243,
      "text": "दिवाळी",
      "sentence": 65,
      "start": 3551,
      "end": 3555,
      "confidence": 1.0
    },
    {
      "id": 244,
      "text": "आपण",
      "sentence": 65,
      "start": 3565,
      "end": 3568,
      "confidence": 1.0
    },
    {
      "id": 245,
      "text": "सर्वांनी",
      "sentence": 65,
      "start": 3569,
      "end": 3574,
      "confidence": 1.0
    },
    {
      "id": 246,
      "text": "दिवाळीचा",
      "sentence": 65,
      "start": 3575,
      "end": 3581,
      "confidence": 1.0
    },
    {
      "id": 247,
      "text": "आनंद",
      "sentence": 65,
      "start": 3582,
      "end": 3586,
      "confidence": 1.0
    },
    {
      "id": 248,
      "text": "दिव्यांची",
      "sentence": 66,
      "start": 3591,
      "end": 3597,
      "confidence": 1.0
    },
    {
      "id": 249,
      "text": "आरास",
      "sentence": 66,
      "start": 3605,
      "end": 3609,
      "confidence": 1.0
    },
    {
      "id": 250,
      "text": "फराळात",
      "sentence": 66,
      "start": 3611,
      "end": 3616,
      "confidence": 1.0
    },
    {
      "id": 251,
      "text": "पदार्थांचे",
      "sentence": 66,
      "start": 3617,
      "end": 3623,
      "confidence": 1.0
    },
    {
      "id": 252,
      "text": "वैविध्य",
      "sentence": 66,
      "start": 3624,
      "end": 3629,
      "confidence": 1.0
    },
    {
      "id": 253,
      "text": "त्याचा",
      "sentence": 66,
      "start": 3636,
      "end": 3640,
      "confidence": 1.0
    },
    {
      "id": 254,
      "text": "आनंद",
      "sentence": 66,
      "start": 3641,
      "end": 3645,
      "confidence": 1.0
    },
    {
      "id": 255,
      "text": "कपिल",
      "sentence": 67,
      "start": 3662,
      "end": 3665,
      "confidence": 1.0
    },
    {
      "id": 256,
      "text": "मिश्रांचे",
      "sentence": 67,
      "start": 3666,
      "end": 3672,
      "confidence": 1.0
    },
    {
      "id": 257,
      "text": "आरोप",
      "sentence": 67,
      "start": 3673,
      "end": 3676,
      "confidence": 1.0
    },
    {
      "id": 258,
      "text": "चौकशा",
      "sentence": 67,
      "start": 3687,
      "end": 3692,
      "confidence": 1.0
    },
    {
      "id": 259,
      "text": "स्वाइन",
      "sentence": 67,
      "start": 3711,
      "end": 3717,
      "confidence": 1.0
    },
    {
      "id": 260,
      "text": "केजरीवाल",
      "sentence": 67,
      "start": 3724,
      "end": 3730,
      "confidence": 1.0
    },
    {
      "id": 261,
      "text": "जनतेने",
      "sentence": 67,
      "start": 3747,
      "end": 3751,
      "confidence": 1.0
    },
    {
      "id": 262,
      "text": "उमेदवाराला",
      "sentence": 67,
      "start": 3770,
      "end": 3777,
      "confidence": 1.0
    },
    {
      "id": 263,
      "text": "भाजपलाही",
      "sentence": 67,
      "start": 3788,
      "end": 3795,
      "confidence": 1.0
    },
    {
      "id": 264,
      "text": "प्रश्नांना",
      "sentence": 68,
      "start": 3830,
      "end": 3836,
      "confidence": 1.0
    },
    {
      "id": 265,
      "text": "आंदोलन",
      "sentence": 68,
      "start": 3848,
      "end": 3854,
      "confidence": 1.0
    },
    {
      "id": 266,
      "text": "महापालिका",
      "sentence": 68,
      "start": 3866,
      "end": 3873,
      "confidence": 1.0
    },
    {
      "id": 267,
      "text": "प्रशासन",
      "sentence": 68,
      "start": 3874,
      "end": 3880,
      "confidence": 1.0
    },
    {
      "id": 268,
      "text": "राज्य",
      "sentence": 68,
      "start": 3885,
      "end": 3888,
      "confidence": 1.0
    },
    {
      "id": 269,
      "text": "सरकारला",
      "sentence": 68,
      "start": 3889,
      "end": 3895,
      "confidence": 1.0
    },
    {
      "id": 270,
      "text": "नेते",
      "sentence": 68,
      "start": 3914,
      "end": 3917,
      "confidence": 1.0
    },
    {
      "id": 271,
      "text": "नानावटी",
      "sentence": 68,
      "start": 3938,
      "end": 3943,
      "confidence": 1.0
    },
    {
      "id": 272,
      "text": "रुग्णालयात",
      "sentence": 68,
      "start": 3944,
      "end": 3952,
      "confidence": 1.0
    },
    {
      "id": 273,
      "text": "निधन",
      "sentence": 68,
      "start": 3953,
      "end": 3956,
      "confidence": 1.0
    },
    {
      "id": 274,
      "text": "देशवासीयांचा",
      "sentence": 69,
      "start": 3970,
      "end": 3979,
      "confidence": 1.0
    },
    {
      "id": 275,
      "text": "संसदेचे",
      "sentence": 69,
      "start": 3991,
      "end": 3996,
      "confidence": 1.0
    },
    {
      "id": 276,
      "text": "अधिवेशन",
      "sentence": 69,
      "start": 4003,
      "end": 4009,
      "confidence": 1.0
    },
    {
      "id": 277,
      "text": "मागणी",
      "sentence": 69,
      "start": 4018,
      "end": 4022,
      "confidence": 1.0
    },
    {
      "id": 278,
      "text": "पक्षांनी",
      "sentence": 69,
      "start": 4028,
      "end": 4033,
      "confidence": 1.0
    },
    {
      "id": 279,
      "text": "वधूपिता",
      "sentence": 70,
      "start": 4041,
      "end": 4046,
      "confidence": 1.0
    },
    {
      "id": 280,
      "text": "मांडवात",
      "sentence": 70,
      "start": 4047,
      "end": 4052,
      "confidence": 1.0
    },
    {
      "id": 281,
      "text": "सोहळ्यात",
      "sentence": 70,
      "start": 4066,
      "end": 4072,
      "confidence": 1.0
    },
    {
      "id": 282,
      "text": "मुंडावळ्या",
      "sentence": 70,
      "start": 4073,
      "end": 4080,
      "confidence": 1.0
    },
    {
      "id": 283,
      "text": "कमळी’ला",
      "sentence": 70,
      "start": 4105,
      "end": 4111,
      "confidence": 1.0
    },
    {
      "id": 284,
      "text": "डोळा",
      "sentence": 70,
      "start": 4112,
      "end": 4115,
      "confidence": 1.0
    },
    {
      "id": 285,
      "text": "धारिष्ट्याचे",
      "sentence": 70,
      "start": 4128,
      "end": 4136,
      "confidence": 1.0
    }
  ],
  "clusters": [
    [
      0,
      1,
      6
    ],
    [
      11,
      12
    ],
    [
      13,
      14,
      16
    ],
    [
      22,
      23
    ],
    [
      35,
      36
    ],
    [
      40,
      41,
      43
    ],
    [
      54,
      55,
      59
    ],
    [
      63,
      64
    ],
    [
      78,
      79
    ],
    [
      90,
      91
    ],
    [
      100,
      101,
      102
    ],
    [
      104,
      105
    ],
    [
      109,
      110
    ],
    [
      116,
      117
    ],
    [
      123,
      124
    ],
    [
      126,
      127
    ],
    [
      146,
      147
    ],
    [
      159,
      160
    ],
    [
      161,
      166
    ],
    [
      164,
      169
    ],
    [
      170,
      171,
      172
    ],
    [
      175,
      176,
      177
    ],
    [
      186,
      187
    ],
    [
      189,
      190
    ],
    [
      195,
      265,
      273,
      279
    ],
    [
      206,
      207,
      226,
      227
    ],
    [
      208,
      212
    ],
    [
      248,
      249,
      250,
      251
    ],
    [
      253,
      258,
      270,
      272
    ],
    [
      255,
      261,
      262,
      271,
      285
    ],
    [
      263,
      267
    ]
  ]
}