{
  "document_id": "document_52",
  "sentences": [
    "मुर्शिदाबाद तिहेरी हत्या प्रकरण- पैशांमुळे झाली तिघांची हत्या",
    "फक्त इकडे गर्दी आणि मीडिया आहे, म्हणून हे तुमच्या ओरडण्याचं ठिकाण नाही, अशा शब्दात सरन्यायाधीशांनी एका वकिलाला सुनावलं.",
    "घर केसाळ प्राणी देखावा केल्यानंतर - तो जवळजवळ नेहमीच एक आनंद आहे.",
    "सीबीआयने कोठडीच्या कालावधीत कोणत्याही नवीन मुद्‌द्‌यावर तपास केलेला नाही.",
    "साहित्य संमेलनाचा आकार नुसताच मोठा असून चालत नाही, तर त्यामध्ये गुणवत्तेचा परिसंवाद होणे आवश्यक आहे.",
    "एक्सेल 9 लोकेशनचे मनोज गोन्सालवीस यांनी मालिकेचे बेकायदा चित्रीकरण चालवले होते.",
    "परंतु त्याला एक गोष्ट मात्र जाणवली; ती म्हणजे हे लोक इतर कोणतीही मादकद्रव्ये किंवा शीतपेये न घेता फक्त घरी बनवलेलीच रेड वाइन घेत असत."
  ],
  "mentions": [
    {
      "id": 0,
      "text": "मुर्शिदाबाद",
      "sentence": 0,
      "start": 0,
      "end": 9,
      "confidence": 1.0
    },
    {
      "id": 1,
      "text": "प्रकरण",
      "sentence": 0,
      "start": 20,
      "end": 26,
      "confidence": 1.0
    },
    {
      "id": 2,
      "text": "पैशां",
      "sentence": 0,
      "start": 28,
      "end": 33,
      "confidence": 1.0
    },
    {
      "id": 3,
      "text": "तिघां",
      "sentence": 0,
      "start": 45,
      "end": 50,
      "confidence": 1.0
    },
    {
      "id": 4,
      "text": "हत्या",
      "sentence": 0,
      "start": 53,
      "end": 57,
      "confidence": 1.0
    },
    {
      "id": 5,
      "text": "गर्दी",
      "sentence": 1,
      "start": 67,
      "end": 71,
      "confidence": 1.0
    },
    {
      "id": 6,
      "text": "मीडिया",
      "sentence": 1,
      "start": 79,
      "end": 84,
      "confidence": 1.0
    },
    {
      "id": 7,
      "text": "ठिकाण",
      "sentence": 1,
      "start": 116,
      "end": 120,
      "confidence": 1.0
    },
    {
      "id": 8,
      "text": "शब्दा",
      "sentence": 1,
      "start": 130,
      "end": 134,
      "confidence": 1.0
    },
    {
      "id": 9,
      "text": "सरन्यायाधीशांनी",
      "sentence": 1,
      "start": 139,
      "end": 153,
      "confidence": 1.0
    },
    {
      "id": 10,
      "text": "वकिलाला",
      "sentence": 1,
      "start": 160,
      "end": 166,
      "confidence": 1.0
    },
    {
      "id": 11,
      "text": "प्राणी",
      "sentence": 2,
      "start": 178,
      "end": 182,
      "confidence": 1.0
    },
    {
      "id": 12,
      "text": "देखावा",
      "sentence": 2,
      "start": 183,
      "end": 188,
      "confidence": 1.0
    },
    {
      "id": 13,
      "text": "तो",
      "sentence": 2,
      "start": 206,
      "end": 207,
      "confidence": 1.0
    },
    {
      "id": 14,
      "text": "आनंद",
      "sentence": 2,
      "start": 225,
      "end": 229,
      "confidence": 1.0
    },
    {
      "id": 15,
      "text": "कोठडी",
      "sentence": 3,
      "start": 240,
      "end": 244,
      "confidence": 1.0
    },
    {
      "id": 16,
      "text": "कालावधी",
      "sentence": 3,
      "start": 248,
      "end": 254,
      "confidence": 1.0
    },
    {
      "id": 17,
      "text": "मुद्‌द्‌या",
      "sentence": 3,
      "start": 270,
      "end": 275,
      "confidence": 1.0
    },
    {
      "id": 18,
      "text": "तपास",
      "sentence": 3,
      "start": 279,
      "end": 283,
      "confidence": 1.0
    },
    {
      "id": 19,
      "text": "साहित्य",
      "sentence": 4,
      "start": 290,
      "end": 295,
      "confidence": 1.0
    },
    {
      "id": 20,
      "text": "संमेलना",
      "sentence": 4,
      "start": 298,
      "end": 303,
      "confidence": 1.0
    },
    {
      "id": 21,
      "text": "त्यामध्ये",
      "sentence": 4,
      "start": 335,
      "end": 340,
      "confidence": 1.0
    },
    {
      "id": 22,
      "text": "गुणवत्ते",
      "sentence": 4,
      "start": 344,
      "end": 350,
      "confidence": 1.0
    },
    {
      "id": 23,
      "text": "परिसंवाद",
      "sentence": 4,
      "start": 353,
      "end": 359,
      "confidence": 1.0
    },
    {
      "id": 24,
      "text": "एक्सेल",
      "sentence": 5,
      "start": 375,
      "end": 380,
      "confidence": 1.0
    },
    {
      "id": 25,
      "text": "लोकेशन",
      "sentence": 5,
      "start": 383,
      "end": 388,
      "confidence": 1.0
    },
    {
      "id": 26,
      "text": "मनोज",
      "sentence": 5,
      "start": 392,
      "end": 396,
      "confidence": 1.0
    },
    {
      "id": 27,
      "text": "मालिके",
      "sentence": 5,
      "start": 414,
      "end": 419,
      "confidence": 1.0
    },
    {
      "id": 28,
      "text": "चित्रीकरण",
      "sentence": 5,
      "start": 423,
      "end": 429,
      "confidence": 1.0
    },
    {
      "id": 29,
      "text": "त्याला",
      "sentence": 6,
      "start": 442,
      "end": 445,
      "confidence": 1.0
    },
    {
      "id": 30,
      "text": "गोष्ट",
      "sentence": 6,
      "start": 450,
      "end": 453,
      "confidence": 1.0
    },
    {
      "id": 31,
      "text": "ती",
      "sentence": 6,
      "start": 462,
      "end": 463,
      "confidence": 1.0
    },
    {
      "id": 32,
      "text": "मादकद्रव्ये",
      "sentence": 6,
      "start": 489,
      "end": 497,
      "confidence": 1.0
    },
    {
      "id": 33,
      "text": "शीतपेये",
      "sentence": 6,
      "start": 505,
      "end": 511,
      "confidence": 1.0
    },
    {
      "id": 34,
      "text": "वाइन",
      "sentence": 6,
      "start": 536,
      "end": 539,
      "confidence": 1.0
    }
  ],
  "clusters": [
    [
      12,
      8
    ],
    [
      9,
      7
    ],
    [
      15,
      16
    ],
    [
      24,
      26
    ],
    [
      31,
      34
    ]
  ]
}