{
  "document_id": "document_365",
  "sentences": [
    "समायोजन करणे.",
    "आयटी दबावासह इन्फोसिस, आयटीसी, टेक महिंद्रा आणि मिडट्री यांचे निर्देशाक 1.22 ने खाली आपटलेत.",
    "या कंपनीमध्ये रिऍक्टर मध्ये स्फोट झाला व नंतर बॉयलर आणि सोलव्हेन्ट टाकीचे स्फोट झाल्याचे समजते.",
    "अपघातग्रस्त कंपनी आणि नेमकी झालेली जीवित हानी चा अंदाज अजूनन समजू शकले नाहीत.",
    "हे नाटक म्युजिकल आहे, त्यात गाणी, त्यांवर नाच.",
    "पण सुरूवातीचा अर्धा तास एकापाठोपाठ भडीमार होतो तेव्हाच फक्त थोडं नको वाटतं.",
    "पण नेपथ्य चांगलंय.",
    "व्हिजुअल प्रोजेक्शन्स आहेत, त्यामुळे नाटकातही टेक्नॉलॉजी वापरता येते हे दाखवण्यापुरतं वापरलंय.",
    "संवाद, अभिनय सर्वांचाच उत्तमच आहे.",
    "शेखर फडके विशेष वाटतो, त्याच्या या नाटकातल्या वैविध्यपूर्ण अभिनयामुळे.",
    "नाटकाचा दहावाच प्रयोग होता, त्यामुळे सगळेच कलाकार किमान एकदा तरी संवाद म्हणतांना अडखळले.",
    "अशाच एका मांजराने या रुममधील हे भ्रूण पळवले आणि प्लास्टिकमध्ये पॅक केलेले मृत भ्रूण खायला सुरुवात केली.",
    "मग एक छानपैकी गप्पांची मैफल रंगायची.",
    "देशाच्या दुसऱ्या महिला अर्थमंत्री म्हणून अस्सखलीत इंग्रजीत निर्मला सीतारामन यांनी शुक्रवारी केंद्रीय अर्थसंकल्प संसदेत सादर केला.",
    "यावर अनेक नेटकरी आपली प्रतिक्रिया देत आहेत.",
    "विस्कॉन्सिन - दक्षिण-पश्चिम मध्ये.",
    "रोबोट्सवर तर चीनमधील प्रत्येक व्यक्तीचं विशेष प्रेम!",
    "निसर्गानं कोकणावर सौंदर्य संपन्नतेची पखरण केली आहे.",
    "त्याचबरोबर राज्यातल्या साडेतीन लाख शिक्षकांनाही त्याचा फायदा मिळणार आहे.",
    "सदर गाडी रात्री 10 वाजता बेलापूर रेल्वे स्टेशनवर थांबली.",
    "वेब टीम :हिंदी चित्रपटसृष्टीतील ज्येष्ठ अभिनेते टॉम अल्टर यांचे शुक्रवारी रात्री मुंबईतील राहत्या घरी निधन झाले.",
    "ते ६७ वर्षांचे होते.",
    "काही दिवसांपूर्वी अंगदुखीच्या त्रासामुळे त्यांना मुंबईतील सैफी रुग्णालयात दाखल करण्यात आले होते.",
    "त्यावेळी डॉक्टरांनी त्यांना त्वचेचा कर्करोग झाल्याचे निदान केले होते.",
    "तेव्हापासून त्यांच्यावर उपचार सुरू होते.",
    "अखेर काल रात्री त्यांची प्राणज्योत मालवली.",
    "या बैठकीला कोकणभूमी प्रकल्पग्रस्त कृती समितीचे अध्यक्ष संतोष चव्हाण, सचिव अमोल सावंत, चिपळूण तालुकाध्यक्ष विजय खताते, उपाध्यक्ष संदीप आंब्रे व इतर पदाधिकारी उपस्थित होते.",
    "मॅचवर पकड मिळवण्यात पुन्हा ही टीम अपयशी ठरली.",
    "’ मनात म्हटलं, ‘मी कुठून याला शाळेत घालू?",
    "गव्हाचे पिक साधारण चांगले असल्याने रब्बी हंगामही साधारण चांगला राहिल.",
    "बाळासाहेब थोरात, माजी मंत्री हर्षवर्धन पाटील, अखिल भारतीय राष्ट्रीय काँग्रेसच्या अनुसूचित जाती विभागाचे अध्यक्ष डॉ.",
    "नितीन राऊत, माजी मंत्री जयवंतराव आवळे, सुरेश शेट्टी, खा.",
    "3 हजार न्यायालयीन प्रकरणांमध्ये तडजोड",
    "'जलयुक्त शिवार योजना' ही फक्त सरकारी योजना म्हणून राहिली नाही ती आता लोकचळवळ झालीये.",
    "यात उद्योगपती विनोद गोयंका आणि शहीद बलवा यांच्याविरोधात गुन्हा दाखल करण्यात आला आहे.",
    "उद्दिष्ट साध्य होताना दिसतेय",
    "अंतरिम सरकार राजघराण्यातील प्रवास सर्व पुरावा लपविणे प्रयत्न केला आहे.",
    "वित्तीय शिस्तीच्या वाटेवरून जायचे की लोकानुनयाची वाट चोखाळायची, हे आता अर्थमंत्र्यांनी ठरवायला हवे.",
    "बहुतांश भाग इवनॉव रेस्टॉरंट्स ठराविक ठिकाणी प्रतिनिधित्व.",
    "गावाला जाऊन मजा करणे, लग्न समारंभ ठरवणे, घरातच वेगवेगळे गट जमवून जागरण करणे, खेळ खेळणे यामध्ये शरीराला मिळणारा नियमितपणा मात्र जातो.",
    "त्यामुळे जीवनावश्यक औषधांची टंचाई निर्माण होते.",
    ">> मोदक वाळल्यावर पाण्यात बुडवून मग उकडायला ठेवा.",
    "परवा, इंग्लंडच्या जॉनी बेअरस्ट्रोने तर ‘आम्ही जिंकावं असं इथे कुणालाच वाटत नाही.",
    "'खून झालेल्या माणसाच्या शरीरातून चाकू बाहेर काढून तिथेच थांबायचा मूर्खपणा केल्याने अटक झालेले माठ लोक' ह्या विषयावर अनेक पी."
  ],
  "mentions": [
    {
      "id": 0,
      "text": "इन्फोसिस",
      "sentence": 1,
      "start": 14,
      "end": 21,
      "confidence": 1.0
    },
    {
      "id": 1,
      "text": "आयटीसी",
      "sentence": 1,
      "start": 23,
      "end": 28,
      "confidence": 1.0
    },
    {
      "id": 2,
      "text": "महिंद्रा",
      "sentence": 1,
      "start": 35,
      "end": 42,
      "confidence": 1.0
    },
    {
      "id": 3,
      "text": "मिडट्री",
      "sentence": 1,
      "start": 46,
      "end": 52,
      "confidence": 1.0
    },
    {
      "id": 4,
      "text": "निर्देशाक",
      "sentence": 1,
      "start": 58,
      "end": 65,
      "confidence": 1.0
    },
    {
      "id": 5,
      "text": "कंपनी",
      "sentence": 2,
      "start": 93,
      "end": 99,
      "confidence": 1.0
    },
    {
      "id": 6,
      "text": "रिऍक्टर",
      "sentence": 2,
      "start": 103,
      "end": 109,
      "confidence": 1.0
    },
    {
      "id": 7,
      "text": "स्फोट",
      "sentence": 2,
      "start": 116,
      "end": 120,
      "confidence": 1.0
    },
    {
      "id": 8,
      "text": "बॉयलर",
      "sentence": 2,
      "start": 132,
      "end": 137,
      "confidence": 1.0
    },
    {
      "id": 9,
      "text": "स्फोट",
      "sentence": 2,
      "start": 157,
      "end": 161,
      "confidence": 1.0
    },
    {
      "id": 10,
      "text": "कंपनी",
      "sentence": 3,
      "start": 179,
      "end": 185,
      "confidence": 1.0
    },
    {
      "id": 11,
      "text": "हानी",
      "sentence": 3,
      "start": 202,
      "end": 206,
      "confidence": 1.0
    },
    {
      "id": 12,
      "text": "अंदाज",
      "sentence": 3,
      "start": 210,
      "end": 215,
      "confidence": 1.0
    },
    {
      "id": 13,
      "text": "नाटक",
      "sentence": 4,
      "start": 229,
      "end": 233,
      "confidence": 1.0
    },
    {
      "id": 14,
      "text": "गाणी",
      "sentence": 4,
      "start": 249,
      "end": 253,
      "confidence": 1.0
    },
    {
      "id": 15,
      "text": "त्यांवर",
      "sentence": 4,
      "start": 255,
      "end": 260,
      "confidence": 1.0
    },
    {
      "id": 16,
      "text": "भडीमार",
      "sentence": 5,
      "start": 309,
      "end": 315,
      "confidence": 1.0
    },
    {
      "id": 17,
      "text": "नेपथ्य",
      "sentence": 6,
      "start": 341,
      "end": 347,
      "confidence": 1.0
    },
    {
      "id": 18,
      "text": "प्रोजेक्शन्स",
      "sentence": 7,
      "start": 365,
      "end": 376,
      "confidence": 1.0
    },
    {
      "id": 19,
      "text": "नाटक",
      "sentence": 7,
      "start": 390,
      "end": 394,
      "confidence": 1.0
    },
    {
      "id": 20,
      "text": "टेक्नॉलॉजी",
      "sentence": 7,
      "start": 396,
      "end": 406,
      "confidence": 1.0
    },
    {
      "id": 21,
      "text": "संवाद",
      "sentence": 8,
      "start": 432,
      "end": 436,
      "confidence": 1.0
    },
    {
      "id": 22,
      "text": "अभिनय",
      "sentence": 8,
      "start": 438,
      "end": 443,
      "confidence": 1.0
    },
    {
      "id": 23,
      "text": "फडके",
      "sentence": 9,
      "start": 466,
      "end": 471,
      "confidence": 1.0
    },
    {
      "id": 24,
      "text": "त्याच्या",
      "sentence": 9,
      "start": 482,
      "end": 487,
      "confidence": 1.0
    },
    {
      "id": 25,
      "text": "नाटक",
      "sentence": 9,
      "start": 491,
      "end": 495,
      "confidence": 1.0
    },
    {
      "id": 26,
      "text": "अभिनय",
      "sentence": 9,
      "start": 507,
      "end": 512,
      "confidence": 1.0
    },
    {
      "id": 27,
      "text": "नाटक",
      "sentence": 10,
      "start": 521,
      "end": 525,
      "confidence": 1.0
    },
    {
      "id": 28,
      "text": "प्रयोग",
      "sentence": 10,
      "start": 533,
      "end": 537,
      "confidence": 1.0
    },
    {
      "id": 29,
      "text": "कलाकार",
      "sentence": 10,
      "start": 555,
      "end": 560,
      "confidence": 1.0
    },
    {
      "id": 30,
      "text": "संवाद",
      "sentence": 10,
      "start": 577,
      "end": 581,
      "confidence": 1.0
    },
    {
      "id": 31,
      "text": "मांजर",
      "sentence": 11,
      "start": 598,
      "end": 603,
      "confidence": 1.0
    },
    {
      "id": 32,
      "text": "भ्रूण",
      "sentence": 11,
      "start": 617,
      "end": 621,
      "confidence": 1.0
    },
    {
      "id": 33,
      "text": "प्लास्टिक",
      "sentence": 11,
      "start": 634,
      "end": 641,
      "confidence": 1.0
    },
    {
      "id": 34,
      "text": "भ्रूण",
      "sentence": 11,
      "start": 656,
      "end": 660,
      "confidence": 1.0
    },
    {
      "id": 35,
      "text": "गप्पा",
      "sentence": 12,
      "start": 683,
      "end": 687,
      "confidence": 1.0
    },
    {
      "id": 36,
      "text": "मैफल",
      "sentence": 12,
      "start": 689,
      "end": 693,
      "confidence": 1.0
    },
    {
      "id": 37,
      "text": "महिला",
      "sentence": 13,
      "start": 716,
      "end": 720,
      "confidence": 1.0
    },
    {
      "id": 38,
      "text": "अर्थमंत्री",
      "sentence": 13,
      "start": 721,
      "end": 727,
      "confidence": 1.0
    },
    {
      "id": 39,
      "text": "इंग्रजी",
      "sentence": 13,
      "start": 741,
      "end": 746,
      "confidence": 1.0
    },
    {
      "id": 40,
      "text": "निर्मला",
      "sentence": 13,
      "start": 748,
      "end": 754,
      "confidence": 1.0
    },
    {
      "id": 41,
      "text": "अर्थसंकल्प",
      "sentence": 13,
      "start": 782,
      "end": 791,
      "confidence": 1.0
    },
    {
      "id": 42,
      "text": "संसद",
      "sentence": 13,
      "start": 792,
      "end": 796,
      "confidence": 1.0
    },
    {
      "id": 43,
      "text": "प्रतिक्रिया",
      "sentence": 14,
      "start": 827,
      "end": 834,
      "confidence": 1.0
    },
    {
      "id": 44,
      "text": "विस्कॉन्सिन",
      "sentence": 15,
      "start": 844,
      "end": 854,
      "confidence": 1.0
    },
    {
      "id": 45,
      "text": "दक्षिण-पश्चिम",
      "sentence": 15,
      "start": 857,
      "end": 868,
      "confidence": 1.0
    },
    {
      "id": 46,
      "text": "रोबोट्स",
      "sentence": 16,
      "start": 879,
      "end": 886,
      "confidence": 1.0
    },
    {
      "id": 47,
      "text": "व्यक्ती",
      "sentence": 16,
      "start": 906,
      "end": 909,
      "confidence": 1.0
    },
    {
      "id": 48,
      "text": "प्रेम",
      "sentence": 16,
      "start": 918,
      "end": 921,
      "confidence": 1.0
    },
    {
      "id": 49,
      "text": "निसर्ग",
      "sentence": 17,
      "start": 924,
      "end": 929,
      "confidence": 1.0
    },
    {
      "id": 50,
      "text": "कोकण",
      "sentence": 17,
      "start": 931,
      "end": 935,
      "confidence": 1.0
    },
    {
      "id": 51,
      "text": "सौंदर्य",
      "sentence": 17,
      "start": 937,
      "end": 942,
      "confidence": 1.0
    },
    {
      "id": 52,
      "text": "राज्य",
      "sentence": 18,
      "start": 983,
      "end": 986,
      "confidence": 1.0
    },
    {
      "id": 53,
      "text": "शिक्षक",
      "sentence": 18,
      "start": 1002,
      "end": 1007,
      "confidence": 1.0
    },
    {
      "id": 54,
      "text": "त्याचा",
      "sentence": 18,
      "start": 1011,
      "end": 1015,
      "confidence": 1.0
    },
    {
      "id": 55,
      "text": "फायदा",
      "sentence": 18,
      "start": 1016,
      "end": 1020,
      "confidence": 1.0
    },
    {
      "id": 56,
      "text": "गाडी",
      "sentence": 19,
      "start": 1037,
      "end": 1041,
      "confidence": 1.0
    },
    {
      "id": 57,
      "text": "बेलापूर",
      "sentence": 19,
      "start": 1056,
      "end": 1062,
      "confidence": 1.0
    },
    {
      "id": 58,
      "text": "रेल्वे",
      "sentence": 19,
      "start": 1063,
      "end": 1067,
      "confidence": 1.0
    },
    {
      "id": 59,
      "text": "स्टेशन",
      "sentence": 19,
      "start": 1068,
      "end": 1073,
      "confidence": 1.0
    },
    {
      "id": 60,
      "text": "चित्रपटसृष्टी",
      "sentence": 20,
      "start": 1096,
      "end": 1105,
      "confidence": 1.0
    },
    {
      "id": 61,
      "text": "अभिनेते",
      "sentence": 20,
      "start": 1114,
      "end": 1119,
      "confidence": 1.0
    },
    {
      "id": 62,
      "text": "मुंबई",
      "sentence": 20,
      "start": 1147,
      "end": 1151,
      "confidence": 1.0
    },
    {
      "id": 63,
      "text": "निधन",
      "sentence": 20,
      "start": 1161,
      "end": 1165,
      "confidence": 1.0
    },
    {
      "id": 64,
      "text": "ते",
      "sentence": 21,
      "start": 1169,
      "end": 1171,
      "confidence": 1.0
    },
    {
      "id": 65,
      "text": "वर्ष",
      "sentence": 21,
      "start": 1174,
      "end": 1177,
      "confidence": 1.0
    },
    {
      "id": 66,
      "text": "दिवस",
      "sentence": 22,
      "start": 1189,
      "end": 1192,
      "confidence": 1.0
    },
    {
      "id": 67,
      "text": "अंगदुखी",
      "sentence": 22,
      "start": 1197,
      "end": 1203,
      "confidence": 1.0
    },
    {
      "id": 68,
      "text": "त्रास",
      "sentence": 22,
      "start": 1205,
      "end": 1209,
      "confidence": 1.0
    },
    {
      "id": 69,
      "text": "त्यांना",
      "sentence": 22,
      "start": 1210,
      "end": 1214,
      "confidence": 1.0
    },
    {
      "id": 70,
      "text": "मुंबई",
      "sentence": 22,
      "start": 1216,
      "end": 1220,
      "confidence": 1.0
    },
    {
      "id": 71,
      "text": "सैफी",
      "sentence": 22,
      "start": 1222,
      "end": 1226,
      "confidence": 1.0
    },
    {
      "id": 72,
      "text": "रुग्णालय",
      "sentence": 22,
      "start": 1227,
      "end": 1233,
      "confidence": 1.0
    },
    {
      "id": 73,
      "text": "डॉक्टर",
      "sentence": 23,
      "start": 1258,
      "end": 1263,
      "confidence": 1.0
    },
    {
      "id": 74,
      "text": "त्यांना",
      "sentence": 23,
      "start": 1264,
      "end": 1268,
      "confidence": 1.0
    },
    {
      "id": 75,
      "text": "त्वचा",
      "sentence": 23,
      "start": 1269,
      "end": 1273,
      "confidence": 1.0
    },
    {
      "id": 76,
      "text": "कर्करोग",
      "sentence": 23,
      "start": 1274,
      "end": 1280,
      "confidence": 1.0
    },
    {
      "id": 77,
      "text": "निदान",
      "sentence": 23,
      "start": 1288,
      "end": 1292,
      "confidence": 1.0
    },
    {
      "id": 78,
      "text": "त्यांच्या",
      "sentence": 24,
      "start": 1307,
      "end": 1312,
      "confidence": 1.0
    },
    {
      "id": 79,
      "text": "उपचार",
      "sentence": 24,
      "start": 1313,
      "end": 1317,
      "confidence": 1.0
    },
    {
      "id": 80,
      "text": "त्यांची",
      "sentence": 25,
      "start": 1342,
      "end": 1346,
      "confidence": 1.0
    },
    {
      "id": 81,
      "text": "प्राणज्योत",
      "sentence": 25,
      "start": 1347,
      "end": 1354,
      "confidence": 1.0
    },
    {
      "id": 82,
      "text": "बैठक",
      "sentence": 26,
      "start": 1364,
      "end": 1368,
      "confidence": 1.0
    },
    {
      "id": 83,
      "text": "कोकणभूमी",
      "sentence": 26,
      "start": 1370,
      "end": 1378,
      "confidence": 1.0
    },
    {
      "id": 84,
      "text": "प्रकल्पग्रस्त",
      "sentence": 26,
      "start": 1379,
      "end": 1388,
      "confidence": 1.0
    },
    {
      "id": 85,
      "text": "कृती",
      "sentence": 26,
      "start": 1389,
      "end": 1392,
      "confidence": 1.0
    },
    {
      "id": 86,
      "text": "संतोष",
      "sentence": 26,
      "start": 1405,
      "end": 1409,
      "confidence": 1.0
    },
    {
      "id": 87,
      "text": "सचिव",
      "sentence": 26,
      "start": 1417,
      "end": 1421,
      "confidence": 1.0
    },
    {
      "id": 88,
      "text": "चिपळूण",
      "sentence": 26,
      "start": 1434,
      "end": 1440,
      "confidence": 1.0
    },
    {
      "id": 89,
      "text": "तालुकाध्यक्ष",
      "sentence": 26,
      "start": 1441,
      "end": 1450,
      "confidence": 1.0
    },
    {
      "id": 90,
      "text": "संदीप",
      "sentence": 26,
      "start": 1470,
      "end": 1475,
      "confidence": 1.0
    },
    {
      "id": 91,
      "text": "पदाधिकारी",
      "sentence": 26,
      "start": 1484,
      "end": 1491,
      "confidence": 1.0
    },
    {
      "id": 92,
      "text": "मी",
      "sentence": 28,
      "start": 1557,
      "end": 1559,
      "confidence": 1.0
    },
    {
      "id": 93,
      "text": "याला",
      "sentence": 28,
      "start": 1564,
      "end": 1567,
      "confidence": 1.0
    },
    {
      "id": 94,
      "text": "हंगाम",
      "sentence": 29,
      "start": 1612,
      "end": 1617,
      "confidence": 1.0
    },
    {
      "id": 95,
      "text": "बाळासाहेब",
      "sentence": 30,
      "start": 1630,
      "end": 1638,
      "confidence": 1.0
    },
    {
      "id": 96,
      "text": "मंत्री",
      "sentence": 30,
      "start": 1646,
      "end": 1650,
      "confidence": 1.0
    },
    {
      "id": 97,
      "text": "हर्षवर्धन",
      "sentence": 30,
      "start": 1651,
      "end": 1659,
      "confidence": 1.0
    },
    {
      "id": 98,
      "text": "काँग्रेस",
      "sentence": 30,
      "start": 1682,
      "end": 1687,
      "confidence": 1.0
    },
    {
      "id": 99,
      "text": "जाती",
      "sentence": 30,
      "start": 1697,
      "end": 1700,
      "confidence": 1.0
    },
    {
      "id": 100,
      "text": "विभाग",
      "sentence": 30,
      "start": 1701,
      "end": 1705,
      "confidence": 1.0
    },
    {
      "id": 101,
      "text": "नितीन",
      "sentence": 31,
      "start": 1717,
      "end": 1722,
      "confidence": 1.0
    },
    {
      "id": 102,
      "text": "मंत्री",
      "sentence": 31,
      "start": 1731,
      "end": 1735,
      "confidence": 1.0
    },
    {
      "id": 103,
      "text": "जयवंतराव",
      "sentence": 31,
      "start": 1736,
      "end": 1744,
      "confidence": 1.0
    },
    {
      "id": 104,
      "text": "प्रकरण",
      "sentence": 32,
      "start": 1773,
      "end": 1778,
      "confidence": 1.0
    },
    {
      "id": 105,
      "text": "तडजोड",
      "sentence": 32,
      "start": 1779,
      "end": 1784,
      "confidence": 1.0
    },
    {
      "id": 106,
      "text": "योजना",
      "sentence": 33,
      "start": 1800,
      "end": 1804,
      "confidence": 1.0
    },
    {
      "id": 107,
      "text": "योजना",
      "sentence": 33,
      "start": 1818,
      "end": 1822,
      "confidence": 1.0
    },
    {
      "id": 108,
      "text": "ती",
      "sentence": 33,
      "start": 1836,
      "end": 1838,
      "confidence": 1.0
    },
    {
      "id": 109,
      "text": "लोकचळवळ",
      "sentence": 33,
      "start": 1842,
      "end": 1849,
      "confidence": 1.0
    },
    {
      "id": 110,
      "text": "उद्योगपती",
      "sentence": 34,
      "start": 1860,
      "end": 1867,
      "confidence": 1.0
    },
    {
      "id": 111,
      "text": "विनोद",
      "sentence": 34,
      "start": 1868,
      "end": 1872,
      "confidence": 1.0
    },
    {
      "id": 112,
      "text": "गुन्हा",
      "sentence": 34,
      "start": 1900,
      "end": 1904,
      "confidence": 1.0
    },
    {
      "id": 113,
      "text": "उद्दिष्ट",
      "sentence": 35,
      "start": 1916,
      "end": 1921,
      "confidence": 1.0
    },
    {
      "id": 114,
      "text": "सरकार",
      "sentence": 36,
      "start": 1941,
      "end": 1945,
      "confidence": 1.0
    },
    {
      "id": 115,
      "text": "प्रवास",
      "sentence": 36,
      "start": 1957,
      "end": 1961,
      "confidence": 1.0
    },
    {
      "id": 116,
      "text": "पुरावा",
      "sentence": 36,
      "start": 1967,
      "end": 1971,
      "confidence": 1.0
    },
    {
      "id": 117,
      "text": "शिस्त",
      "sentence": 37,
      "start": 1988,
      "end": 1992,
      "confidence": 1.0
    },
    {
      "id": 118,
      "text": "लोकानुनय",
      "sentence": 37,
      "start": 2009,
      "end": 2016,
      "confidence": 1.0
    },
    {
      "id": 119,
      "text": "अर्थमंत्री",
      "sentence": 37,
      "start": 2040,
      "end": 2046,
      "confidence": 1.0
    },
    {
      "id": 120,
      "text": "इवनॉव",
      "sentence": 38,
      "start": 2067,
      "end": 2072,
      "confidence": 1.0
    },
    {
      "id": 121,
      "text": "रेस्टॉरंट्स",
      "sentence": 38,
      "start": 2073,
      "end": 2082,
      "confidence": 1.0
    },
    {
      "id": 122,
      "text": "ठिकाण",
      "sentence": 38,
      "start": 2089,
      "end": 2093,
      "confidence": 1.0
    },
    {
      "id": 123,
      "text": "प्रतिनिधित्व",
      "sentence": 38,
      "start": 2094,
      "end": 2102,
      "confidence": 1.0
    },
    {
      "id": 124,
      "text": "लग्न",
      "sentence": 39,
      "start": 2129,
      "end": 2132,
      "confidence": 1.0
    },
    {
      "id": 125,
      "text": "समारंभ",
      "sentence": 39,
      "start": 2133,
      "end": 2138,
      "confidence": 1.0
    },
    {
      "id": 126,
      "text": "जागरण",
      "sentence": 39,
      "start": 2170,
      "end": 2174,
      "confidence": 1.0
    },
    {
      "id": 127,
      "text": "शरीर",
      "sentence": 39,
      "start": 2198,
      "end": 2202,
      "confidence": 1.0
    },
    {
      "id": 128,
      "text": "नियमितपणा",
      "sentence": 39,
      "start": 2209,
      "end": 2217,
      "confidence": 1.0
    },
    {
      "id": 129,
      "text": "टंचाई",
      "sentence": 40,
      "start": 2247,
      "end": 2251,
      "confidence": 1.0
    },
    {
      "id": 130,
      "text": "मोदक",
      "sentence": 41,
      "start": 2266,
      "end": 2270,
      "confidence": 1.0
    },
    {
      "id": 131,
      "text": "पाणी",
      "sentence": 41,
      "start": 2278,
      "end": 2282,
      "confidence": 1.0
    },
    {
      "id": 132,
      "text": "इंग्लंड",
      "sentence": 42,
      "start": 2297,
      "end": 2302,
      "confidence": 1.0
    },
    {
      "id": 133,
      "text": "जॉनी",
      "sentence": 42,
      "start": 2304,
      "end": 2308,
      "confidence": 1.0
    },
    {
      "id": 134,
      "text": "आम्ही",
      "sentence": 42,
      "start": 2324,
      "end": 2328,
      "confidence": 1.0
    },
    {
      "id": 135,
      "text": "कुणाला",
      "sentence": 42,
      "start": 2340,
      "end": 2344,
      "confidence": 1.0
    },
    {
      "id": 136,
      "text": "माणूस",
      "sentence": 43,
      "start": 2368,
      "end": 2372,
      "confidence": 1.0
    },
    {
      "id": 137,
      "text": "शरीर",
      "sentence": 43,
      "start": 2376,
      "end": 2380,
      "confidence": 1.0
    },
    {
      "id": 138,
      "text": "चाकू",
      "sentence": 43,
      "start": 2381,
      "end": 2385,
      "confidence": 1.0
    },
    {
      "id": 139,
      "text": "मूर्खपणा",
      "sentence": 43,
      "start": 2404,
      "end": 2411,
      "confidence": 1.0
    },
    {
      "id": 140,
      "text": "विषय",
      "sentence": 43,
      "start": 2437,
      "end": 2441,
      "confidence": 1.0
    }
  ],
  "clusters": [
    [
      5,
      11
    ],
    [
      7,
      10
    ],
    [
      14,
      15,
      23,
      30,
      32
    ],
    [
      16,
      17
    ],
    [
      25,
      36
    ],
    [
      26,
      31
    ],
    [
      28,
      29
    ],
    [
      39,
      40,
      42
    ],
    [
      47,
      49
    ],
    [
      50,
      52,
      67
    ],
    [
      70,
      78,
      99
    ],
    [
      77,
      82,
      87,
      93,
      97,
      100
    ],
    [
      79,
      88
    ],
    [
      107,
      108
    ],
    [
      109,
      110
    ],
    [
      112,
      113
    ],
    [
      114,
      115
    ]
  ]
}