{
  "document_id": "document_462",
  "sentences": [
    "संमेलनात हास्य कवी संपत सरल, भुवन मोहिनी, रमेश मुस्कान, दिलीप शर्मा आणि रोहित शर्मा यांच्या बहारदार कवितांनी धमाल उडवून दिली.",
    "या टापूतील हे एकमेव."
  ],
  "mentions": [
    {
      "id": 0,
      "text": "संमेलनात",
      "sentence": 0,
      "start": 0,
      "end": 8,
      "confidence": 1.0
    },
    {
      "id": 1,
      "text": "भुवन",
      "sentence": 0,
      "start": 31,
      "end": 34,
      "confidence": 1.0
    },
    {
      "id": 2,
      "text": "मोहिनी",
      "sentence": 0,
      "start": 36,
      "end": 40,
      "confidence": 1.0
    },
    {
      "id": 3,
      "text": "मुस्कान",
      "sentence": 0,
      "start": 48,
      "end": 52,
      "confidence": 1.0
    },
    {
      "id": 4,
      "text": "शर्मा",
      "sentence": 0,
      "start": 60,
      "end": 64,
      "confidence": 1.0
    },
    {
      "id": 5,
      "text": "शर्मा",
      "sentence": 0,
      "start": 72,
      "end": 76,
      "confidence": 1.0
    },
    {
      "id": 6,
      "text": "कवितांनी",
      "sentence": 0,
      "start": 93,
      "end": 98,
      "confidence": 1.0
    },
    {
      "id": 7,
      "text": "धमाल",
      "sentence": 0,
      "start": 100,
      "end": 104,
      "confidence": 1.0
    }
  ],
  "clusters": [
    [
      2,
      3,
      4,
      5,
      6,
      7
    ]
  ]
}