{
  "document_id": "document_71",
  "sentences": [
    "अकबर उपस्थित होते.",
    "तर, हॉटेल कॉम्प्लेक्सच्या ठिकाणासारख्या पर्यटक.",
    "पुरे पत्ता क्षेत्रात ज्या डोमेन तेथे नोंदणीकृत आहे SU झोन संकेत प्रसिद्ध रशियन कंपनी किंवा ब्रँड नाव प्रविष्ट करा.",
    "वृत्तपत्रातील बातम्यांच्या स्वरूपातही काही माहिती पसरवली जात आहे.",
    "या सिनेमाचे बरेचसे शूटिंग पाँडेचेरीमध्ये करण्यात आले आहे.",
    "नुकसान बाबतीत, आणि आपण गमवाल आपल्या 5000, एक नेहमी लक्षात ठेवले पाहिजे म्हणून.",
    "अजूनही त्यांचा वीजपुरवठा सुरळीत झालेला नाही.",
    "राष्ट्रपती राजवटीत पडद्या पडद्याआड घोडेबाजार भरवण्याचे हे मनसुबे आता उघड झाले आहेत.",
    "त्यामुळे या कर्मचार्‍यांमध्ये तीव्र नाराजी पसरली असून काही कर्मचार्‍यांनी जिल्हा परिषद अध्यक्षांकडे तक्रार केली.",
    "पती आणि सासरच्या जाचाला कंटाळुन आत्महत्येचा प्रयत्न केल्याचं तिनं सांगितलं.",
    "ईशान्य भारतातली परिस्थतीही यापेक्षा काही वेगळी नाही.",
    "तेथे उभारण्यात आलेल्या अनेक जलविद्युत प्रकल्पांनी त्या प्रदेशातील नाजूक परीसंस्थेला मोठा धोका निर्माण केला आहे.",
    "अधिवास विनाश हेच भारतातील उभयचरांच्या संख्येत धोकादायक प्रमाणात होत असलेल्या ऱ्हासाचे प्रमुख कारण असल्याचे आता म्हटले जात आहे.",
    "प्रशासक कोण त्यांचे गट आणि कोण दाबा जात योग्य आहे निवडू शकता नाही.",
    "स्मारक आसनावर स्थापित विजयी बंदुकीची नळी सूर्य राजा सोडली आहे.",
    "प्राचीन रोम ते पुढील शिक्षण भाषा जाणून घेणे महत्त्वाचे होते.",
    "पूर्वीसारखा एकमेकांचा मेळ राहिलेला नाही.",
    "आव्हान होतं, बुलेट शिकणं… बुलेट शिकताना चार-पाच वेळा धडपडलेही… मात्र, हार न मानता बुलेट चालवायला शिकले.",
    "या शेतकर्‍यांना दिलासा देण्यासाठी हा निर्णय घेण्यात आला आहे.",
    "सातारा - ते खरे स्वच्छता दूत.",
    "कचरा वेचून शहराचे आरोग्य ते राखतात.",
    "अशा कचरा वेचकांचेच आरोग्य सतत धोक्‍यात असून आजही त्यांना कचरा डेपोत कचऱ्यातील हातांनी कचऱ्याच्या ढिगावरच बसून जेवावे लागते.",
    "ना बूट, ना हातमोजे, ना आरोग्याच्या सुविधा.",
    "पालिकेसह समाजाने त्यांच्या ‘जगण्या’ची काळजी घेण्याची गरज आहे.",
    "तुपकर भाजपाच्या वाटेवर असल्याची चर्चा काही दिवसांपासून सुरू आहे.",
    "या मत्स्यकन्येला सूर्याच्या प्रखरतेचा त्रास होताना दाखविला आहे व तिला दररोज विशिष्ट वेळेत समुद्रात परतणे भाग असते.",
    "टंबो (Tambo) मोबाईल्सने बुधवारी भारतीय बाजारपेठेत आपला TA-3 हा स्मार्टफोन लॉन्च केला आहे.",
    "दर्शनासाठी सुमारे आठ तास लागत आहेत.",
    "इचलकरंजीचे अपक्ष आमदार प्रकाश आव्हाडे आणि अजून एक अपक्ष आमदार आपल्या संपर्कात असल्याचा दावा शिवसेनेने केला आहे.",
    "परमेश्वराने स्त्री शक्तीची उपासना मान्य केली आहे.",
    "सांगली – जिल्ह्यातील चार ते पाच बडे नेते भाजपमध्ये प्रवेश करणार असल्याचा दावा भाजपचे जिल्हाध्यक्ष पृथ्वीराज देशमुख यांनी केला आहे.",
    "चित्र वर्णन , आपण रंग चित्रे शब्द सुरू करू शकता.",
    "कांद्याला आता कोठे चांगला दर मिळत असताना तोंडातून घास हिसकावून घेण्याचा प्रकार झाल्याने यावेळी शेतकरी प्रचंड आक्रोश करीत असल्याचे दिसून आले.",
    "लोखंड साठी म्हणून, पुरेसे वाचवतो.",
    "तिने लांबलचक अनारकली घातला.",
    "येत्या रविवारच्या भागामध्ये शिवा आणि सिद्धी दोघेच घरामध्ये असणार आहेत.",
    "त्याचबरोबर फोनच्या माध्यमातूनही बुकिंग करता येईल.",
    "मुंबई – जगभरात प्रसिद्ध असलेले मुंबईचे डबेवाले ब्रिटनचा राजकुमार हॅरी आणि मेगन मार्कल यांच्या बाळाला वाळे, तोडे, कमरपट्टा पाठविणार आहेत.",
    "याचा खुलासा कॉंग्रेसच्या अध्यक्ष सोनिया किंवा उपाध्यक्ष राहुल गांधी यांनी करावा; असे आव्हान ठाकूर यांनी दिले.",
    "म्हणजे त्या विद्यार्थ्यांला एक ‘बेसिक पॉवर’अर्थात ताकद मिळते.",
    "[अमरेंद्र संगणकाबरोबर चेस खेळतो आहे तर युवराज नुकताच आपल्या संगणकासमोर स्थानापन्न झाला आहे].",
    "खारे पाणी नदीत जेथवर चढते त्या ठिकाणी बंदरे झाली होती.",
    "गरीब मुलीला कपडे द्यापासून ते मंदीच्या परिणामामुळे कपड्यांची बचत करण्यात येत आहे, अशा कमेंट्स नेटकऱ्यांनी केल्या आहेत.",
    "संशोधकांनी असं सांगितलं आहे की, डिप्रेशन किंवा इतर मानसिक आजारांपासून बचाव करण्यासाठी व्यायाम हा उत्तम उपाय ठरतो.",
    "11 जण ताब्यात",
    "या पक्षातून त्या पक्षात येणे-जाणे सुरु आहे.",
    "मीठ - पर्यायी.",
    "तीर्थाचें माहेर ब्रम्‍ह व्‍यापक निश्‍चळ.",
    "कार्यक्रमाच्या अध्यक्षस्थानी संस्थेचे अध्यक्ष माजी केंद्रीय कृषिमंत्री शरद पवार, सहकारमंत्री चंद्रकांत पाटील आदी उपस्थित होते.",
    "रत्नागिरी महाराष्ट्राचा मानबिंदू असणारी पंढरपूरच्या वारीतील वारकऱ्यांच्या विविध छटा, चेहेऱ्यावरील भाव, वारीला लाभलेला निसर्गाचा सहवास अनुभवण्याकरिता वारीत सहभागी होणं सर्वानाच शक्य होतं."
  ],
  "mentions": [
    {
      "id": 0,
      "text": "अकबर",
      "sentence": 0,
      "start": 0,
      "end": 4,
      "confidence": 1.0
    },
    {
      "id": 1,
      "text": "हॉटेल",
      "sentence": 1,
      "start": 7,
      "end": 11,
      "confidence": 1.0
    },
    {
      "id": 2,
      "text": "पर्यटक",
      "sentence": 1,
      "start": 36,
      "end": 41,
      "confidence": 1.0
    },
    {
      "id": 3,
      "text": "पत्ता",
      "sentence": 2,
      "start": 47,
      "end": 50,
      "confidence": 1.0
    },
    {
      "id": 4,
      "text": "क्षेत्रात",
      "sentence": 2,
      "start": 51,
      "end": 57,
      "confidence": 1.0
    },
    {
      "id": 5,
      "text": "डोमेन",
      "sentence": 2,
      "start": 62,
      "end": 66,
      "confidence": 1.0
    },
    {
      "id": 6,
      "text": "संकेत",
      "sentence": 2,
      "start": 89,
      "end": 93,
      "confidence": 1.0
    },
    {
      "id": 7,
      "text": "कंपनी",
      "sentence": 2,
      "start": 101,
      "end": 105,
      "confidence": 1.0
    },
    {
      "id": 8,
      "text": "ब्रँड",
      "sentence": 2,
      "start": 110,
      "end": 113,
      "confidence": 1.0
    },
    {
      "id": 9,
      "text": "स्वरूपातही",
      "sentence": 3,
      "start": 147,
      "end": 155,
      "confidence": 1.0
    },
    {
      "id": 10,
      "text": "माहिती",
      "sentence": 3,
      "start": 161,
      "end": 165,
      "confidence": 1.0
    },
    {
      "id": 11,
      "text": "सिनेमाचे",
      "sentence": 4,
      "start": 174,
      "end": 180,
      "confidence": 1.0
    },
    {
      "id": 12,
      "text": "शूटिंग",
      "sentence": 4,
      "start": 188,
      "end": 193,
      "confidence": 1.0
    },
    {
      "id": 13,
      "text": "पाँडेचेरीमध्ये",
      "sentence": 4,
      "start": 194,
      "end": 206,
      "confidence": 1.0
    },
    {
      "id": 14,
      "text": "नुकसान",
      "sentence": 5,
      "start": 216,
      "end": 220,
      "confidence": 1.0
    },
    {
      "id": 15,
      "text": "बाबतीत",
      "sentence": 5,
      "start": 221,
      "end": 226,
      "confidence": 1.0
    },
    {
      "id": 16,
      "text": "आपण",
      "sentence": 5,
      "start": 234,
      "end": 237,
      "confidence": 1.0
    },
    {
      "id": 17,
      "text": "आपल्या",
      "sentence": 5,
      "start": 244,
      "end": 249,
      "confidence": 1.0
    },
    {
      "id": 18,
      "text": "त्यांचा",
      "sentence": 6,
      "start": 280,
      "end": 285,
      "confidence": 1.0
    },
    {
      "id": 19,
      "text": "वीजपुरवठा",
      "sentence": 6,
      "start": 286,
      "end": 294,
      "confidence": 1.0
    },
    {
      "id": 20,
      "text": "राष्ट्रपती",
      "sentence": 7,
      "start": 305,
      "end": 311,
      "confidence": 1.0
    },
    {
      "id": 21,
      "text": "राजवटीत",
      "sentence": 7,
      "start": 312,
      "end": 317,
      "confidence": 1.0
    },
    {
      "id": 22,
      "text": "पडद्या",
      "sentence": 7,
      "start": 318,
      "end": 322,
      "confidence": 1.0
    },
    {
      "id": 23,
      "text": "घोडेबाजार",
      "sentence": 7,
      "start": 330,
      "end": 337,
      "confidence": 1.0
    },
    {
      "id": 24,
      "text": "मनसुबे",
      "sentence": 7,
      "start": 344,
      "end": 349,
      "confidence": 1.0
    },
    {
      "id": 25,
      "text": "कर्मचार्‍यांमध्ये",
      "sentence": 8,
      "start": 363,
      "end": 375,
      "confidence": 1.0
    },
    {
      "id": 26,
      "text": "नाराजी",
      "sentence": 8,
      "start": 381,
      "end": 386,
      "confidence": 1.0
    },
    {
      "id": 27,
      "text": "कर्मचार्‍यांनी",
      "sentence": 8,
      "start": 403,
      "end": 413,
      "confidence": 1.0
    },
    {
      "id": 28,
      "text": "जिल्हा",
      "sentence": 8,
      "start": 414,
      "end": 418,
      "confidence": 1.0
    },
    {
      "id": 29,
      "text": "परिषद",
      "sentence": 8,
      "start": 419,
      "end": 423,
      "confidence": 1.0
    },
    {
      "id": 30,
      "text": "अध्यक्षांकडे",
      "sentence": 8,
      "start": 424,
      "end": 433,
      "confidence": 1.0
    },
    {
      "id": 31,
      "text": "तक्रार",
      "sentence": 8,
      "start": 434,
      "end": 438,
      "confidence": 1.0
    },
    {
      "id": 32,
      "text": "आत्महत्येचा",
      "sentence": 9,
      "start": 472,
      "end": 481,
      "confidence": 1.0
    },
    {
      "id": 33,
      "text": "प्रयत्न",
      "sentence": 9,
      "start": 482,
      "end": 486,
      "confidence": 1.0
    },
    {
      "id": 34,
      "text": "तिनं",
      "sentence": 9,
      "start": 494,
      "end": 496,
      "confidence": 1.0
    },
    {
      "id": 35,
      "text": "भारतातली",
      "sentence": 10,
      "start": 510,
      "end": 517,
      "confidence": 1.0
    },
    {
      "id": 36,
      "text": "परिस्थतीही",
      "sentence": 10,
      "start": 518,
      "end": 526,
      "confidence": 1.0
    },
    {
      "id": 37,
      "text": "जलविद्युत",
      "sentence": 11,
      "start": 559,
      "end": 567,
      "confidence": 1.0
    },
    {
      "id": 38,
      "text": "प्रकल्पांनी",
      "sentence": 11,
      "start": 568,
      "end": 576,
      "confidence": 1.0
    },
    {
      "id": 39,
      "text": "प्रदेशातील",
      "sentence": 11,
      "start": 583,
      "end": 591,
      "confidence": 1.0
    },
    {
      "id": 40,
      "text": "परीसंस्थेला",
      "sentence": 11,
      "start": 598,
      "end": 607,
      "confidence": 1.0
    },
    {
      "id": 41,
      "text": "धोका",
      "sentence": 11,
      "start": 614,
      "end": 617,
      "confidence": 1.0
    },
    {
      "id": 42,
      "text": "अधिवास",
      "sentence": 12,
      "start": 629,
      "end": 633,
      "confidence": 1.0
    },
    {
      "id": 43,
      "text": "विनाश",
      "sentence": 12,
      "start": 634,
      "end": 637,
      "confidence": 1.0
    },
    {
      "id": 44,
      "text": "भारतातील",
      "sentence": 12,
      "start": 643,
      "end": 649,
      "confidence": 1.0
    },
    {
      "id": 45,
      "text": "उभयचरांच्या",
      "sentence": 12,
      "start": 650,
      "end": 659,
      "confidence": 1.0
    },
    {
      "id": 46,
      "text": "संख्येत",
      "sentence": 12,
      "start": 660,
      "end": 665,
      "confidence": 1.0
    },
    {
      "id": 47,
      "text": "प्रमाणात",
      "sentence": 12,
      "start": 676,
      "end": 681,
      "confidence": 1.0
    },
    {
      "id": 48,
      "text": "ऱ्हासाचे",
      "sentence": 12,
      "start": 690,
      "end": 695,
      "confidence": 1.0
    },
    {
      "id": 49,
      "text": "कारण",
      "sentence": 12,
      "start": 700,
      "end": 703,
      "confidence": 1.0
    },
    {
      "id": 50,
      "text": "प्रशासक",
      "sentence": 13,
      "start": 717,
      "end": 722,
      "confidence": 1.0
    },
    {
      "id": 51,
      "text": "त्यांचे",
      "sentence": 13,
      "start": 728,
      "end": 732,
      "confidence": 1.0
    },
    {
      "id": 52,
      "text": "स्मारक",
      "sentence": 14,
      "start": 756,
      "end": 760,
      "confidence": 1.0
    },
    {
      "id": 53,
      "text": "आसनावर",
      "sentence": 14,
      "start": 761,
      "end": 766,
      "confidence": 1.0
    },
    {
      "id": 54,
      "text": "सूर्य",
      "sentence": 14,
      "start": 783,
      "end": 786,
      "confidence": 1.0
    },
    {
      "id": 55,
      "text": "राजा",
      "sentence": 14,
      "start": 787,
      "end": 790,
      "confidence": 1.0
    },
    {
      "id": 56,
      "text": "शिक्षण",
      "sentence": 15,
      "start": 807,
      "end": 811,
      "confidence": 1.0
    },
    {
      "id": 57,
      "text": "भाषा",
      "sentence": 15,
      "start": 812,
      "end": 815,
      "confidence": 1.0
    },
    {
      "id": 58,
      "text": "आव्हान",
      "sentence": 17,
      "start": 849,
      "end": 853,
      "confidence": 1.0
    },
    {
      "id": 59,
      "text": "वेळा",
      "sentence": 17,
      "start": 890,
      "end": 893,
      "confidence": 1.0
    },
    {
      "id": 60,
      "text": "शेतकर्‍यांना",
      "sentence": 18,
      "start": 930,
      "end": 938,
      "confidence": 1.0
    },
    {
      "id": 61,
      "text": "दिलासा",
      "sentence": 18,
      "start": 939,
      "end": 943,
      "confidence": 1.0
    },
    {
      "id": 62,
      "text": "निर्णय",
      "sentence": 18,
      "start": 954,
      "end": 958,
      "confidence": 1.0
    },
    {
      "id": 63,
      "text": "सातारा",
      "sentence": 19,
      "start": 970,
      "end": 974,
      "confidence": 1.0
    },
    {
      "id": 64,
      "text": "ते",
      "sentence": 19,
      "start": 977,
      "end": 978,
      "confidence": 1.0
    },
    {
      "id": 65,
      "text": "स्वच्छता",
      "sentence": 19,
      "start": 983,
      "end": 988,
      "confidence": 1.0
    },
    {
      "id": 66,
      "text": "कचरा",
      "sentence": 20,
      "start": 994,
      "end": 997,
      "confidence": 1.0
    },
    {
      "id": 67,
      "text": "शहराचे",
      "sentence": 20,
      "start": 1004,
      "end": 1008,
      "confidence": 1.0
    },
    {
      "id": 68,
      "text": "आरोग्य",
      "sentence": 20,
      "start": 1009,
      "end": 1013,
      "confidence": 1.0
    },
    {
      "id": 69,
      "text": "ते",
      "sentence": 20,
      "start": 1015,
      "end": 1016,
      "confidence": 1.0
    },
    {
      "id": 70,
      "text": "कचरा",
      "sentence": 21,
      "start": 1025,
      "end": 1028,
      "confidence": 1.0
    },
    {
      "id": 71,
      "text": "आरोग्य",
      "sentence": 21,
      "start": 1037,
      "end": 1041,
      "confidence": 1.0
    },
    {
      "id": 72,
      "text": "त्यांना",
      "sentence": 21,
      "start": 1063,
      "end": 1067,
      "confidence": 1.0
    },
    {
      "id": 73,
      "text": "कचरा",
      "sentence": 21,
      "start": 1068,
      "end": 1071,
      "confidence": 1.0
    },
    {
      "id": 74,
      "text": "डेपोत",
      "sentence": 21,
      "start": 1072,
      "end": 1076,
      "confidence": 1.0
    },
    {
      "id": 75,
      "text": "हातांनी",
      "sentence": 21,
      "start": 1084,
      "end": 1089,
      "confidence": 1.0
    },
    {
      "id": 76,
      "text": "कचऱ्याच्या",
      "sentence": 21,
      "start": 1090,
      "end": 1097,
      "confidence": 1.0
    },
    {
      "id": 77,
      "text": "ढिगावरच",
      "sentence": 21,
      "start": 1098,
      "end": 1104,
      "confidence": 1.0
    },
    {
      "id": 78,
      "text": "आरोग्याच्या",
      "sentence": 22,
      "start": 1131,
      "end": 1139,
      "confidence": 1.0
    },
    {
      "id": 79,
      "text": "सुविधा",
      "sentence": 22,
      "start": 1140,
      "end": 1144,
      "confidence": 1.0
    },
    {
      "id": 80,
      "text": "समाजाने",
      "sentence": 23,
      "start": 1156,
      "end": 1161,
      "confidence": 1.0
    },
    {
      "id": 81,
      "text": "त्यांच्या",
      "sentence": 23,
      "start": 1162,
      "end": 1167,
      "confidence": 1.0
    },
    {
      "id": 82,
      "text": "जगण्या’ची",
      "sentence": 23,
      "start": 1169,
      "end": 1176,
      "confidence": 1.0
    },
    {
      "id": 83,
      "text": "काळजी",
      "sentence": 23,
      "start": 1177,
      "end": 1180,
      "confidence": 1.0
    },
    {
      "id": 84,
      "text": "तुपकर",
      "sentence": 24,
      "start": 1194,
      "end": 1198,
      "confidence": 1.0
    },
    {
      "id": 85,
      "text": "भाजपाच्या",
      "sentence": 24,
      "start": 1199,
      "end": 1206,
      "confidence": 1.0
    },
    {
      "id": 86,
      "text": "वाटेवर",
      "sentence": 24,
      "start": 1207,
      "end": 1211,
      "confidence": 1.0
    },
    {
      "id": 87,
      "text": "चर्चा",
      "sentence": 24,
      "start": 1219,
      "end": 1222,
      "confidence": 1.0
    },
    {
      "id": 88,
      "text": "दिवसांपासून",
      "sentence": 24,
      "start": 1228,
      "end": 1236,
      "confidence": 1.0
    },
    {
      "id": 89,
      "text": "मत्स्यकन्येला",
      "sentence": 25,
      "start": 1244,
      "end": 1254,
      "confidence": 1.0
    },
    {
      "id": 90,
      "text": "सूर्याच्या",
      "sentence": 25,
      "start": 1255,
      "end": 1262,
      "confidence": 1.0
    },
    {
      "id": 91,
      "text": "प्रखरतेचा",
      "sentence": 25,
      "start": 1263,
      "end": 1270,
      "confidence": 1.0
    },
    {
      "id": 92,
      "text": "त्रास",
      "sentence": 25,
      "start": 1271,
      "end": 1274,
      "confidence": 1.0
    },
    {
      "id": 93,
      "text": "तिला",
      "sentence": 25,
      "start": 1291,
      "end": 1293,
      "confidence": 1.0
    },
    {
      "id": 94,
      "text": "वेळेत",
      "sentence": 25,
      "start": 1306,
      "end": 1309,
      "confidence": 1.0
    },
    {
      "id": 95,
      "text": "समुद्रात",
      "sentence": 25,
      "start": 1310,
      "end": 1316,
      "confidence": 1.0
    },
    {
      "id": 96,
      "text": "Tambo",
      "sentence": 26,
      "start": 1338,
      "end": 1342,
      "confidence": 1.0
    },
    {
      "id": 97,
      "text": "मोबाईल्सने",
      "sentence": 26,
      "start": 1344,
      "end": 1352,
      "confidence": 1.0
    },
    {
      "id": 98,
      "text": "बाजारपेठेत",
      "sentence": 26,
      "start": 1366,
      "end": 1373,
      "confidence": 1.0
    },
    {
      "id": 99,
      "text": "आपला",
      "sentence": 26,
      "start": 1374,
      "end": 1378,
      "confidence": 1.0
    },
    {
      "id": 100,
      "text": "TA-3",
      "sentence": 26,
      "start": 1379,
      "end": 1383,
      "confidence": 1.0
    },
    {
      "id": 101,
      "text": "स्मार्टफोन",
      "sentence": 26,
      "start": 1387,
      "end": 1394,
      "confidence": 1.0
    },
    {
      "id": 102,
      "text": "दर्शनासाठी",
      "sentence": 27,
      "start": 1405,
      "end": 1412,
      "confidence": 1.0
    },
    {
      "id": 103,
      "text": "इचलकरंजीचे",
      "sentence": 28,
      "start": 1432,
      "end": 1441,
      "confidence": 1.0
    },
    {
      "id": 104,
      "text": "आमदार",
      "sentence": 28,
      "start": 1446,
      "end": 1450,
      "confidence": 1.0
    },
    {
      "id": 105,
      "text": "प्रकाश",
      "sentence": 28,
      "start": 1451,
      "end": 1455,
      "confidence": 1.0
    },
    {
      "id": 106,
      "text": "आव्हाडे",
      "sentence": 28,
      "start": 1456,
      "end": 1460,
      "confidence": 1.0
    },
    {
      "id": 107,
      "text": "आमदार",
      "sentence": 28,
      "start": 1477,
      "end": 1481,
      "confidence": 1.0
    },
    {
      "id": 108,
      "text": "आपल्या",
      "sentence": 28,
      "start": 1482,
      "end": 1487,
      "confidence": 1.0
    },
    {
      "id": 109,
      "text": "संपर्कात",
      "sentence": 28,
      "start": 1488,
      "end": 1493,
      "confidence": 1.0
    },
    {
      "id": 110,
      "text": "दावा",
      "sentence": 28,
      "start": 1502,
      "end": 1505,
      "confidence": 1.0
    },
    {
      "id": 111,
      "text": "शिवसेनेने",
      "sentence": 28,
      "start": 1506,
      "end": 1513,
      "confidence": 1.0
    },
    {
      "id": 112,
      "text": "परमेश्वराने",
      "sentence": 29,
      "start": 1520,
      "end": 1528,
      "confidence": 1.0
    },
    {
      "id": 113,
      "text": "स्त्री",
      "sentence": 29,
      "start": 1529,
      "end": 1531,
      "confidence": 1.0
    },
    {
      "id": 114,
      "text": "शक्तीची",
      "sentence": 29,
      "start": 1532,
      "end": 1537,
      "confidence": 1.0
    },
    {
      "id": 115,
      "text": "उपासना",
      "sentence": 29,
      "start": 1538,
      "end": 1543,
      "confidence": 1.0
    },
    {
      "id": 116,
      "text": "नेते",
      "sentence": 30,
      "start": 1577,
      "end": 1579,
      "confidence": 1.0
    },
    {
      "id": 117,
      "text": "भाजपमध्ये",
      "sentence": 30,
      "start": 1580,
      "end": 1587,
      "confidence": 1.0
    },
    {
      "id": 118,
      "text": "प्रवेश",
      "sentence": 30,
      "start": 1588,
      "end": 1592,
      "confidence": 1.0
    },
    {
      "id": 119,
      "text": "दावा",
      "sentence": 30,
      "start": 1608,
      "end": 1611,
      "confidence": 1.0
    },
    {
      "id": 120,
      "text": "भाजपचे",
      "sentence": 30,
      "start": 1612,
      "end": 1616,
      "confidence": 1.0
    },
    {
      "id": 121,
      "text": "जिल्हाध्यक्ष",
      "sentence": 30,
      "start": 1617,
      "end": 1626,
      "confidence": 1.0
    },
    {
      "id": 122,
      "text": "पृथ्वीराज",
      "sentence": 30,
      "start": 1627,
      "end": 1633,
      "confidence": 1.0
    },
    {
      "id": 123,
      "text": "देशमुख",
      "sentence": 30,
      "start": 1634,
      "end": 1638,
      "confidence": 1.0
    },
    {
      "id": 124,
      "text": "चित्र",
      "sentence": 31,
      "start": 1647,
      "end": 1650,
      "confidence": 1.0
    },
    {
      "id": 125,
      "text": "वर्णन",
      "sentence": 31,
      "start": 1651,
      "end": 1654,
      "confidence": 1.0
    },
    {
      "id": 126,
      "text": "आपण",
      "sentence": 31,
      "start": 1658,
      "end": 1661,
      "confidence": 1.0
    },
    {
      "id": 127,
      "text": "चित्रे",
      "sentence": 31,
      "start": 1665,
      "end": 1668,
      "confidence": 1.0
    },
    {
      "id": 128,
      "text": "शब्द",
      "sentence": 31,
      "start": 1669,
      "end": 1672,
      "confidence": 1.0
    },
    {
      "id": 129,
      "text": "कांद्याला",
      "sentence": 32,
      "start": 1682,
      "end": 1688,
      "confidence": 1.0
    },
    {
      "id": 130,
      "text": "तोंडातून",
      "sentence": 32,
      "start": 1711,
      "end": 1717,
      "confidence": 1.0
    },
    {
      "id": 131,
      "text": "प्रकार",
      "sentence": 32,
      "start": 1734,
      "end": 1737,
      "confidence": 1.0
    },
    {
      "id": 132,
      "text": "शेतकरी",
      "sentence": 32,
      "start": 1748,
      "end": 1753,
      "confidence": 1.0
    },
    {
      "id": 133,
      "text": "आक्रोश",
      "sentence": 32,
      "start": 1760,
      "end": 1765,
      "confidence": 1.0
    },
    {
      "id": 134,
      "text": "लोखंड",
      "sentence": 33,
      "start": 1782,
      "end": 1786,
      "confidence": 1.0
    },
    {
      "id": 135,
      "text": "तिने",
      "sentence": 34,
      "start": 1799,
      "end": 1801,
      "confidence": 1.0
    },
    {
      "id": 136,
      "text": "भागामध्ये",
      "sentence": 35,
      "start": 1829,
      "end": 1835,
      "confidence": 1.0
    },
    {
      "id": 137,
      "text": "शिवा",
      "sentence": 35,
      "start": 1836,
      "end": 1839,
      "confidence": 1.0
    },
    {
      "id": 138,
      "text": "सिद्धी",
      "sentence": 35,
      "start": 1843,
      "end": 1847,
      "confidence": 1.0
    },
    {
      "id": 139,
      "text": "घरामध्ये",
      "sentence": 35,
      "start": 1853,
      "end": 1859,
      "confidence": 1.0
    },
    {
      "id": 140,
      "text": "माध्यमातूनही",
      "sentence": 36,
      "start": 1880,
      "end": 1889,
      "confidence": 1.0
    },
    {
      "id": 141,
      "text": "बुकिंग",
      "sentence": 36,
      "start": 1890,
      "end": 1894,
      "confidence": 1.0
    },
    {
      "id": 142,
      "text": "मुंबई",
      "sentence": 37,
      "start": 1904,
      "end": 1907,
      "confidence": 1.0
    },
    {
      "id": 143,
      "text": "जगभरात",
      "sentence": 37,
      "start": 1911,
      "end": 1916,
      "confidence": 1.0
    },
    {
      "id": 144,
      "text": "मुंबईचे",
      "sentence": 37,
      "start": 1927,
      "end": 1932,
      "confidence": 1.0
    },
    {
      "id": 145,
      "text": "डबेवाले",
      "sentence": 37,
      "start": 1933,
      "end": 1938,
      "confidence": 1.0
    },
    {
      "id": 146,
      "text": "राजकुमार",
      "sentence": 37,
      "start": 1946,
      "end": 1952,
      "confidence": 1.0
    },
    {
      "id": 147,
      "text": "हॅरी",
      "sentence": 37,
      "start": 1953,
      "end": 1956,
      "confidence": 1.0
    },
    {
      "id": 148,
      "text": "मेगन",
      "sentence": 37,
      "start": 1961,
      "end": 1964,
      "confidence": 1.0
    },
    {
      "id": 149,
      "text": "मार्कल",
      "sentence": 37,
      "start": 1965,
      "end": 1969,
      "confidence": 1.0
    },
    {
      "id": 150,
      "text": "बाळाला",
      "sentence": 37,
      "start": 1978,
      "end": 1982,
      "confidence": 1.0
    },
    {
      "id": 151,
      "text": "वाळे",
      "sentence": 37,
      "start": 1983,
      "end": 1986,
      "confidence": 1.0
    },
    {
      "id": 152,
      "text": "कमरपट्टा",
      "sentence": 37,
      "start": 1993,
      "end": 1999,
      "confidence": 1.0
    },
    {
      "id": 153,
      "text": "खुलासा",
      "sentence": 38,
      "start": 2009,
      "end": 2013,
      "confidence": 1.0
    },
    {
      "id": 154,
      "text": "कॉंग्रेसच्या",
      "sentence": 38,
      "start": 2014,
      "end": 2022,
      "confidence": 1.0
    },
    {
      "id": 155,
      "text": "सोनिया",
      "sentence": 38,
      "start": 2028,
      "end": 2032,
      "confidence": 1.0
    },
    {
      "id": 156,
      "text": "गांधी",
      "sentence": 38,
      "start": 2049,
      "end": 2052,
      "confidence": 1.0
    },
    {
      "id": 157,
      "text": "आव्हान",
      "sentence": 38,
      "start": 2065,
      "end": 2069,
      "confidence": 1.0
    },
    {
      "id": 158,
      "text": "ठाकूर",
      "sentence": 38,
      "start": 2070,
      "end": 2074,
      "confidence": 1.0
    },
    {
      "id": 159,
      "text": "विद्यार्थ्यांला",
      "sentence": 39,
      "start": 2088,
      "end": 2097,
      "confidence": 1.0
    },
    {
      "id": 160,
      "text": "ताकद",
      "sentence": 39,
      "start": 2115,
      "end": 2118,
      "confidence": 1.0
    },
    {
      "id": 161,
      "text": "अमरेंद्र",
      "sentence": 40,
      "start": 2126,
      "end": 2131,
      "confidence": 1.0
    },
    {
      "id": 162,
      "text": "संगणकाबरोबर",
      "sentence": 40,
      "start": 2132,
      "end": 2141,
      "confidence": 1.0
    },
    {
      "id": 163,
      "text": "युवराज",
      "sentence": 40,
      "start": 2158,
      "end": 2162,
      "confidence": 1.0
    },
    {
      "id": 164,
      "text": "आपल्या",
      "sentence": 40,
      "start": 2170,
      "end": 2175,
      "confidence": 1.0
    },
    {
      "id": 165,
      "text": "संगणकासमोर",
      "sentence": 40,
      "start": 2176,
      "end": 2184,
      "confidence": 1.0
    },
    {
      "id": 166,
      "text": "पाणी",
      "sentence": 41,
      "start": 2197,
      "end": 2200,
      "confidence": 1.0
    },
    {
      "id": 167,
      "text": "नदीत",
      "sentence": 41,
      "start": 2201,
      "end": 2204,
      "confidence": 1.0
    },
    {
      "id": 168,
      "text": "बंदरे",
      "sentence": 41,
      "start": 2221,
      "end": 2224,
      "confidence": 1.0
    },
    {
      "id": 169,
      "text": "मुलीला",
      "sentence": 42,
      "start": 2234,
      "end": 2238,
      "confidence": 1.0
    },
    {
      "id": 170,
      "text": "कपडे",
      "sentence": 42,
      "start": 2239,
      "end": 2242,
      "confidence": 1.0
    },
    {
      "id": 171,
      "text": "मंदीच्या",
      "sentence": 42,
      "start": 2253,
      "end": 2258,
      "confidence": 1.0
    },
    {
      "id": 172,
      "text": "परिणामामुळे",
      "sentence": 42,
      "start": 2259,
      "end": 2267,
      "confidence": 1.0
    },
    {
      "id": 173,
      "text": "कपड्यांची",
      "sentence": 42,
      "start": 2268,
      "end": 2275,
      "confidence": 1.0
    },
    {
      "id": 174,
      "text": "कमेंट्स",
      "sentence": 42,
      "start": 2295,
      "end": 2300,
      "confidence": 1.0
    },
    {
      "id": 175,
      "text": "नेटकऱ्यांनी",
      "sentence": 42,
      "start": 2301,
      "end": 2309,
      "confidence": 1.0
    },
    {
      "id": 176,
      "text": "संशोधकांनी",
      "sentence": 43,
      "start": 2318,
      "end": 2326,
      "confidence": 1.0
    },
    {
      "id": 177,
      "text": "डिप्रेशन",
      "sentence": 43,
      "start": 2348,
      "end": 2354,
      "confidence": 1.0
    },
    {
      "id": 178,
      "text": "आजारांपासून",
      "sentence": 43,
      "start": 2365,
      "end": 2373,
      "confidence": 1.0
    },
    {
      "id": 179,
      "text": "बचाव",
      "sentence": 43,
      "start": 2374,
      "end": 2377,
      "confidence": 1.0
    },
    {
      "id": 180,
      "text": "व्यायाम",
      "sentence": 43,
      "start": 2389,
      "end": 2393,
      "confidence": 1.0
    },
    {
      "id": 181,
      "text": "उपाय",
      "sentence": 43,
      "start": 2399,
      "end": 2401,
      "confidence": 1.0
    },
    {
      "id": 182,
      "text": "पक्षातून",
      "sentence": 45,
      "start": 2425,
      "end": 2430,
      "confidence": 1.0
    },
    {
      "id": 183,
      "text": "पक्षात",
      "sentence": 45,
      "start": 2436,
      "end": 2440,
      "confidence": 1.0
    },
    {
      "id": 184,
      "text": "माहेर",
      "sentence": 47,
      "start": 2476,
      "end": 2479,
      "confidence": 1.0
    },
    {
      "id": 185,
      "text": "ब्रम्‍ह",
      "sentence": 47,
      "start": 2480,
      "end": 2484,
      "confidence": 1.0
    },
    {
      "id": 186,
      "text": "कार्यक्रमाच्या",
      "sentence": 48,
      "start": 2495,
      "end": 2504,
      "confidence": 1.0
    },
    {
      "id": 187,
      "text": "संस्थेचे",
      "sentence": 48,
      "start": 2515,
      "end": 2520,
      "confidence": 1.0
    },
    {
      "id": 188,
      "text": "कृषिमंत्री",
      "sentence": 48,
      "start": 2536,
      "end": 2543,
      "confidence": 1.0
    },
    {
      "id": 189,
      "text": "पवार",
      "sentence": 48,
      "start": 2548,
      "end": 2551,
      "confidence": 1.0
    },
    {
      "id": 190,
      "text": "सहकारमंत्री",
      "sentence": 48,
      "start": 2554,
      "end": 2563,
      "confidence": 1.0
    },
    {
      "id": 191,
      "text": "चंद्रकांत",
      "sentence": 48,
      "start": 2564,
      "end": 2570,
      "confidence": 1.0
    },
    {
      "id": 192,
      "text": "पाटील",
      "sentence": 48,
      "start": 2571,
      "end": 2575,
      "confidence": 1.0
    },
    {
      "id": 193,
      "text": "रत्नागिरी",
      "sentence": 49,
      "start": 2587,
      "end": 2593,
      "confidence": 1.0
    },
    {
      "id": 194,
      "text": "मानबिंदू",
      "sentence": 49,
      "start": 2603,
      "end": 2608,
      "confidence": 1.0
    },
    {
      "id": 195,
      "text": "वारीला",
      "sentence": 49,
      "start": 2669,
      "end": 2673,
      "confidence": 1.0
    },
    {
      "id": 196,
      "text": "सहवास",
      "sentence": 49,
      "start": 2688,
      "end": 2692,
      "confidence": 1.0
    }
  ],
  "clusters": [
    [
      34,
      36
    ],
    [
      47,
      48,
      50,
      53
    ],
    [
      64,
      65
    ],
    [
      78,
      79,
      82
    ],
    [
      83,
      173
    ],
    [
      87,
      89,
      93,
      95,
      98,
      111
    ],
    [
      90,
      94,
      99,
      101,
      103
    ],
    [
      116,
      154,
      157
    ],
    [
      120,
      124
    ],
    [
      128,
      129,
      130,
      133
    ],
    [
      134,
      135
    ],
    [
      139,
      140,
      141
    ],
    [
      143,
      146
    ],
    [
      151,
      152
    ],
    [
      159,
      160
    ],
    [
      186,
      188
    ],
    [
      191,
      192
    ],
    [
      193,
      194
    ]
  ]
}