{
  "document_id": "document_435",
  "sentences": [
    "वरद नावाच्या तरुणाभोवती फिरणारी कादंबरी त्याच्या तारुण्याभोवतीसुद्धा फिरते.",
    "देश धोकेबाजाला कधीही माफ करणार नाही, असं देखील प्रियांका गांधी म्हणाल्या आहेत.",
    "याचा फटका विद्यमान आमदारांना बसेल, असा होरा राजकीय वर्तुळात वर्तवला जात आहे.",
    "हे प्रसिद्ध जपानी खाद्यप्रकार आत्मा तुलना काहीही वाटले जाऊ शकते.",
    "जे बोलतात ते काम करत नाहीत.",
    "परंतू, प्रत्यक्षात पूलाचे काम सुरू होऊन बसफेर्‍यांचा फेरा वाढण्यापूर्वीच या मार्गावरील काही आगारांनी बसभाडे वाढ आरंभली आहे.",
    "धंद्यातील अडचणीवर मार्ग शोधता येईल.",
    "कमी पोषणयुक्त पदार्थाची शाळेच्या आवारात कोणत्याही स्वरूपात जाहिरात करण्यासही बंदी असणार आहे.",
    "मदरशांतून आतंकवादी निर्माण होत असल्यामुळे पाकचा निर्णय !",
    "तेथे जाऊन शिक्षण घेणे हे अनेक भारतीय विद्यार्थ्यांचे स्वप्न असते.",
    "आरपीएफने त्यासाठी व्हॉटस् अॅप हेल्पलाइन क्रमांकच जारी केला असून दलालांचे ‘फोटो’ काढा आणि व्हॉटस अॅपवर टाका, असे पोलिसी कार्य आता रेल्वेच्या प्रवाशांनाच करावे लागणार आहे.",
    "तारीख करण्यासाठी, राखीव तीन पर्यटन मार्ग विकसित केले आहे: \".",
    "(जाणून घ्या)",
    "मालेगांव (महाराष्ट्र) : स्थानिक गुन्हे शाखेच्या मालेगाव पथकातील अधिकारी व कर्मचारी गुरुवारी रात्री मालेगाव शहरात गस्त घालत असताना गिरणा पूल परिसरातून एका सराईत गुन्हेगारास ताब्यात घेण्यात आले.",
    "याशिवाय केदारने बॉलिवूड अभिनेता सलमान खानने दिलेल्या खास भेटीबद्दल देखील सांगितलं आहे.",
    "गुवाहाटी येथे अर्थमंत्री अरुण जेटली यांच्या अध्यक्षतेखालील ही बैठक ९ आणि १० नोव्हेंबरला होणार आहे.",
    "पनवेलकडे जाणार्‍या काही गाड्या सुरू होत्या.",
    "एकूणच प्रवाशांची कोंडी झाल्याचे चित्र पाहायला मिळाले.",
    "वैभव नाईक यांनी  2014 मध्ये तत्कालिन काँग्रेसचे दिग्गज नेते नारायण राणे यांचा पराभव केला होता.",
    "भारताच्या अमित फांगलला अाता पुरुषांच्या ४९ किलाे लाइट फ्लायवेटच्या गटात अाता गाेल्डन पंच मारण्याची संधी अाहे.",
    "यापासून ताे अवघ्या एका पावलावर अाहे.",
    "त्याने या गटाची फायनल गाठली.",
    "त्याने शुक्रवारी उपांत्य सामन्यात फिलिपाइन्सच्या कार्लाे पालमचा पराभव केला.",
    "अमितने ३-२ अशा फरकाने सामना जिंकला.",
    "यासह ताे अंतिम फेरीत दाखल झाला.",
    "अाता त्याचा अंतिम सामना उझबेकिस्तानच्या हासनबाॅय दुस्माताेव्हशी हाेईल.",
    "काशीकुंड व मनकर्णिका पुंड भाविकांसाठी खुले करा",
    "लोटस इमारतीला २०१६ साली आग लागली होती.",
    "भगवान सरांच्या निरोपाचा क्षण आला आणि त्याचे विद्यार्थी धाय मोकलून रडायला लागले.",
    "आपल्या घरात अण्णासाहेबांना टक्कर देणारी एवढी मोठी शक्ती आहे याची त्याला जाणीवच नव्हती.",
    "अमरावतीत पंचतारांकीत औद्योगिक वसाहतीमध्ये रेमंड, सियाराम टेक्सटाईल उद्योग आल्यामुळे युवकांच्या हाताला काम मिळाले आहे.",
    "पोलिसांनी विद्यार्थ्यांवरच ठपका ठेवल्यामुळे आश्चर्य व्यक्त होत आहे.",
    "एकूण 14 हजार.",
    "एलोरा हे नाव इंग्रजांनी दिलेले आहे.",
    "जे सरळ वेरुळ आणि जुन्या एलापूरचा अपभ्रंश ह्यांचे एकत्रित रूप आहे.",
    "इला नदीलाच वेलगंगा म्हणतात.",
    "भीक का मागताय ?",
    "सर्व केल्यानंतर, तो असुरक्षितता होऊ काय समजत नाही?",
    "विष शरीरात मळमळ प्रदर्शनासह नंतर फक्त काही मिनिटे, उलट्या, पोटदुखी, भोवळ मागे चाल चालण्याची ढब अनिश्चित होते आणि अगदी दिसते  फेस तोंड.",
    "आता नको, बाहेर व्हा."
  ],
  "mentions": [
    {
      "id": 0,
      "text": "तरुणाभोवती",
      "sentence": 0,
      "start": 12,
      "end": 22,
      "confidence": 1.0
    },
    {
      "id": 1,
      "text": "कादंबरी",
      "sentence": 0,
      "start": 31,
      "end": 38,
      "confidence": 1.0
    },
    {
      "id": 2,
      "text": "त्याच्या",
      "sentence": 0,
      "start": 39,
      "end": 45,
      "confidence": 1.0
    },
    {
      "id": 3,
      "text": "तारुण्याभोवतीसुद्धा",
      "sentence": 0,
      "start": 46,
      "end": 60,
      "confidence": 1.0
    },
    {
      "id": 4,
      "text": "धोकेबाजाला",
      "sentence": 1,
      "start": 67,
      "end": 76,
      "confidence": 1.0
    },
    {
      "id": 5,
      "text": "प्रियांका",
      "sentence": 1,
      "start": 102,
      "end": 109,
      "confidence": 1.0
    },
    {
      "id": 6,
      "text": "गांधी",
      "sentence": 1,
      "start": 110,
      "end": 114,
      "confidence": 1.0
    },
    {
      "id": 7,
      "text": "फटका",
      "sentence": 2,
      "start": 130,
      "end": 134,
      "confidence": 1.0
    },
    {
      "id": 8,
      "text": "आमदारांना",
      "sentence": 2,
      "start": 142,
      "end": 149,
      "confidence": 1.0
    },
    {
      "id": 9,
      "text": "होरा",
      "sentence": 2,
      "start": 157,
      "end": 161,
      "confidence": 1.0
    },
    {
      "id": 10,
      "text": "वर्तुळात",
      "sentence": 2,
      "start": 169,
      "end": 175,
      "confidence": 1.0
    },
    {
      "id": 11,
      "text": "खाद्यप्रकार",
      "sentence": 3,
      "start": 207,
      "end": 215,
      "confidence": 1.0
    },
    {
      "id": 12,
      "text": "आत्मा",
      "sentence": 3,
      "start": 216,
      "end": 220,
      "confidence": 1.0
    },
    {
      "id": 13,
      "text": "तुलना",
      "sentence": 3,
      "start": 221,
      "end": 226,
      "confidence": 1.0
    },
    {
      "id": 14,
      "text": "ते",
      "sentence": 4,
      "start": 263,
      "end": 264,
      "confidence": 1.0
    },
    {
      "id": 15,
      "text": "पूलाचे",
      "sentence": 5,
      "start": 290,
      "end": 295,
      "confidence": 1.0
    },
    {
      "id": 16,
      "text": "फेरा",
      "sentence": 5,
      "start": 317,
      "end": 320,
      "confidence": 1.0
    },
    {
      "id": 17,
      "text": "मार्गावरील",
      "sentence": 5,
      "start": 338,
      "end": 345,
      "confidence": 1.0
    },
    {
      "id": 18,
      "text": "आगारांनी",
      "sentence": 5,
      "start": 351,
      "end": 357,
      "confidence": 1.0
    },
    {
      "id": 19,
      "text": "बसभाडे",
      "sentence": 5,
      "start": 358,
      "end": 364,
      "confidence": 1.0
    },
    {
      "id": 20,
      "text": "अडचणीवर",
      "sentence": 6,
      "start": 394,
      "end": 401,
      "confidence": 1.0
    },
    {
      "id": 21,
      "text": "मार्ग",
      "sentence": 6,
      "start": 402,
      "end": 405,
      "confidence": 1.0
    },
    {
      "id": 22,
      "text": "पदार्थाची",
      "sentence": 7,
      "start": 453,
      "end": 460,
      "confidence": 1.0
    },
    {
      "id": 23,
      "text": "आवारात",
      "sentence": 7,
      "start": 468,
      "end": 473,
      "confidence": 1.0
    },
    {
      "id": 24,
      "text": "स्वरूपात",
      "sentence": 7,
      "start": 482,
      "end": 488,
      "confidence": 1.0
    },
    {
      "id": 25,
      "text": "जाहिरात",
      "sentence": 7,
      "start": 489,
      "end": 495,
      "confidence": 1.0
    },
    {
      "id": 26,
      "text": "बंदी",
      "sentence": 7,
      "start": 505,
      "end": 508,
      "confidence": 1.0
    },
    {
      "id": 27,
      "text": "मदरशांतून",
      "sentence": 8,
      "start": 521,
      "end": 529,
      "confidence": 1.0
    },
    {
      "id": 28,
      "text": "आतंकवादी",
      "sentence": 8,
      "start": 530,
      "end": 538,
      "confidence": 1.0
    },
    {
      "id": 29,
      "text": "निर्णय",
      "sentence": 8,
      "start": 561,
      "end": 565,
      "confidence": 1.0
    },
    {
      "id": 30,
      "text": "शिक्षण",
      "sentence": 9,
      "start": 580,
      "end": 585,
      "confidence": 1.0
    },
    {
      "id": 31,
      "text": "विद्यार्थ्यांचे",
      "sentence": 9,
      "start": 605,
      "end": 613,
      "confidence": 1.0
    },
    {
      "id": 32,
      "text": "स्वप्न",
      "sentence": 9,
      "start": 614,
      "end": 618,
      "confidence": 1.0
    },
    {
      "id": 33,
      "text": "आरपीएफने",
      "sentence": 10,
      "start": 668,
      "end": 675,
      "confidence": 1.0
    },
    {
      "id": 34,
      "text": "त्यासाठी",
      "sentence": 10,
      "start": 676,
      "end": 682,
      "confidence": 1.0
    },
    {
      "id": 35,
      "text": "व्हॉटस्",
      "sentence": 10,
      "start": 683,
      "end": 688,
      "confidence": 1.0
    },
    {
      "id": 36,
      "text": "हेल्पलाइन",
      "sentence": 10,
      "start": 692,
      "end": 699,
      "confidence": 1.0
    },
    {
      "id": 37,
      "text": "दलालांचे",
      "sentence": 10,
      "start": 720,
      "end": 726,
      "confidence": 1.0
    },
    {
      "id": 38,
      "text": "फोटो",
      "sentence": 10,
      "start": 728,
      "end": 732,
      "confidence": 1.0
    },
    {
      "id": 39,
      "text": "व्हॉटस",
      "sentence": 10,
      "start": 738,
      "end": 743,
      "confidence": 1.0
    },
    {
      "id": 40,
      "text": "पोलिसी",
      "sentence": 10,
      "start": 754,
      "end": 759,
      "confidence": 1.0
    },
    {
      "id": 41,
      "text": "कार्य",
      "sentence": 10,
      "start": 760,
      "end": 763,
      "confidence": 1.0
    },
    {
      "id": 42,
      "text": "प्रवाशांनाच",
      "sentence": 10,
      "start": 776,
      "end": 783,
      "confidence": 1.0
    },
    {
      "id": 43,
      "text": "तारीख",
      "sentence": 11,
      "start": 793,
      "end": 798,
      "confidence": 1.0
    },
    {
      "id": 44,
      "text": "पर्यटन",
      "sentence": 11,
      "start": 814,
      "end": 819,
      "confidence": 1.0
    },
    {
      "id": 45,
      "text": "मार्ग",
      "sentence": 11,
      "start": 820,
      "end": 823,
      "confidence": 1.0
    },
    {
      "id": 46,
      "text": "मालेगांव",
      "sentence": 13,
      "start": 898,
      "end": 905,
      "confidence": 1.0
    },
    {
      "id": 47,
      "text": "महाराष्ट्र",
      "sentence": 13,
      "start": 907,
      "end": 914,
      "confidence": 1.0
    },
    {
      "id": 48,
      "text": "गुन्हे",
      "sentence": 13,
      "start": 924,
      "end": 928,
      "confidence": 1.0
    },
    {
      "id": 49,
      "text": "मालेगाव",
      "sentence": 13,
      "start": 936,
      "end": 942,
      "confidence": 1.0
    },
    {
      "id": 50,
      "text": "अधिकारी",
      "sentence": 13,
      "start": 950,
      "end": 956,
      "confidence": 1.0
    },
    {
      "id": 51,
      "text": "कर्मचारी",
      "sentence": 13,
      "start": 959,
      "end": 966,
      "confidence": 1.0
    },
    {
      "id": 52,
      "text": "मालेगाव",
      "sentence": 13,
      "start": 978,
      "end": 984,
      "confidence": 1.0
    },
    {
      "id": 53,
      "text": "शहरात",
      "sentence": 13,
      "start": 985,
      "end": 990,
      "confidence": 1.0
    },
    {
      "id": 54,
      "text": "गिरणा",
      "sentence": 13,
      "start": 1002,
      "end": 1006,
      "confidence": 1.0
    },
    {
      "id": 55,
      "text": "परिसरातून",
      "sentence": 13,
      "start": 1011,
      "end": 1018,
      "confidence": 1.0
    },
    {
      "id": 56,
      "text": "गुन्हेगारास",
      "sentence": 13,
      "start": 1025,
      "end": 1032,
      "confidence": 1.0
    },
    {
      "id": 57,
      "text": "केदारने",
      "sentence": 14,
      "start": 1046,
      "end": 1051,
      "confidence": 1.0
    },
    {
      "id": 58,
      "text": "बॉलिवूड",
      "sentence": 14,
      "start": 1052,
      "end": 1058,
      "confidence": 1.0
    },
    {
      "id": 59,
      "text": "अभिनेता",
      "sentence": 14,
      "start": 1059,
      "end": 1064,
      "confidence": 1.0
    },
    {
      "id": 60,
      "text": "सलमान",
      "sentence": 14,
      "start": 1065,
      "end": 1069,
      "confidence": 1.0
    },
    {
      "id": 61,
      "text": "खानने",
      "sentence": 14,
      "start": 1070,
      "end": 1074,
      "confidence": 1.0
    },
    {
      "id": 62,
      "text": "गुवाहाटी",
      "sentence": 15,
      "start": 1100,
      "end": 1107,
      "confidence": 1.0
    },
    {
      "id": 63,
      "text": "अर्थमंत्री",
      "sentence": 15,
      "start": 1113,
      "end": 1120,
      "confidence": 1.0
    },
    {
      "id": 64,
      "text": "अरुण",
      "sentence": 15,
      "start": 1121,
      "end": 1124,
      "confidence": 1.0
    },
    {
      "id": 65,
      "text": "बैठक",
      "sentence": 15,
      "start": 1151,
      "end": 1155,
      "confidence": 1.0
    },
    {
      "id": 66,
      "text": "पनवेलकडे",
      "sentence": 16,
      "start": 1185,
      "end": 1192,
      "confidence": 1.0
    },
    {
      "id": 67,
      "text": "गाड्या",
      "sentence": 16,
      "start": 1207,
      "end": 1211,
      "confidence": 1.0
    },
    {
      "id": 68,
      "text": "प्रवाशांची",
      "sentence": 17,
      "start": 1218,
      "end": 1225,
      "confidence": 1.0
    },
    {
      "id": 69,
      "text": "कोंडी",
      "sentence": 17,
      "start": 1226,
      "end": 1230,
      "confidence": 1.0
    },
    {
      "id": 70,
      "text": "चित्र",
      "sentence": 17,
      "start": 1241,
      "end": 1244,
      "confidence": 1.0
    },
    {
      "id": 71,
      "text": "वैभव",
      "sentence": 18,
      "start": 1251,
      "end": 1255,
      "confidence": 1.0
    },
    {
      "id": 72,
      "text": "नाईक",
      "sentence": 18,
      "start": 1256,
      "end": 1260,
      "confidence": 1.0
    },
    {
      "id": 73,
      "text": "काँग्रेसचे",
      "sentence": 18,
      "start": 1279,
      "end": 1286,
      "confidence": 1.0
    },
    {
      "id": 74,
      "text": "नेते",
      "sentence": 18,
      "start": 1292,
      "end": 1295,
      "confidence": 1.0
    },
    {
      "id": 75,
      "text": "नारायण",
      "sentence": 18,
      "start": 1296,
      "end": 1301,
      "confidence": 1.0
    },
    {
      "id": 76,
      "text": "राणे",
      "sentence": 18,
      "start": 1302,
      "end": 1305,
      "confidence": 1.0
    },
    {
      "id": 77,
      "text": "पराभव",
      "sentence": 18,
      "start": 1312,
      "end": 1316,
      "confidence": 1.0
    },
    {
      "id": 78,
      "text": "भारताच्या",
      "sentence": 19,
      "start": 1331,
      "end": 1338,
      "confidence": 1.0
    },
    {
      "id": 79,
      "text": "अमित",
      "sentence": 19,
      "start": 1339,
      "end": 1342,
      "confidence": 1.0
    },
    {
      "id": 80,
      "text": "किलाे",
      "sentence": 19,
      "start": 1368,
      "end": 1372,
      "confidence": 1.0
    },
    {
      "id": 81,
      "text": "लाइट",
      "sentence": 19,
      "start": 1373,
      "end": 1376,
      "confidence": 1.0
    },
    {
      "id": 82,
      "text": "गटात",
      "sentence": 19,
      "start": 1388,
      "end": 1391,
      "confidence": 1.0
    },
    {
      "id": 83,
      "text": "संधी",
      "sentence": 19,
      "start": 1411,
      "end": 1414,
      "confidence": 1.0
    },
    {
      "id": 84,
      "text": "यापासून",
      "sentence": 20,
      "start": 1421,
      "end": 1427,
      "confidence": 1.0
    },
    {
      "id": 85,
      "text": "पावलावर",
      "sentence": 20,
      "start": 1440,
      "end": 1445,
      "confidence": 1.0
    },
    {
      "id": 86,
      "text": "त्याने",
      "sentence": 21,
      "start": 1452,
      "end": 1455,
      "confidence": 1.0
    },
    {
      "id": 87,
      "text": "गटाची",
      "sentence": 21,
      "start": 1459,
      "end": 1463,
      "confidence": 1.0
    },
    {
      "id": 88,
      "text": "त्याने",
      "sentence": 22,
      "start": 1476,
      "end": 1479,
      "confidence": 1.0
    },
    {
      "id": 89,
      "text": "सामन्यात",
      "sentence": 22,
      "start": 1493,
      "end": 1499,
      "confidence": 1.0
    },
    {
      "id": 90,
      "text": "कार्लाे",
      "sentence": 22,
      "start": 1511,
      "end": 1516,
      "confidence": 1.0
    },
    {
      "id": 91,
      "text": "पालमचा",
      "sentence": 22,
      "start": 1517,
      "end": 1522,
      "confidence": 1.0
    },
    {
      "id": 92,
      "text": "पराभव",
      "sentence": 22,
      "start": 1523,
      "end": 1527,
      "confidence": 1.0
    },
    {
      "id": 93,
      "text": "अमितने",
      "sentence": 23,
      "start": 1535,
      "end": 1540,
      "confidence": 1.0
    },
    {
      "id": 94,
      "text": "फरकाने",
      "sentence": 23,
      "start": 1548,
      "end": 1553,
      "confidence": 1.0
    },
    {
      "id": 95,
      "text": "सामना",
      "sentence": 23,
      "start": 1554,
      "end": 1558,
      "confidence": 1.0
    },
    {
      "id": 96,
      "text": "फेरीत",
      "sentence": 24,
      "start": 1588,
      "end": 1592,
      "confidence": 1.0
    },
    {
      "id": 97,
      "text": "त्याचा",
      "sentence": 25,
      "start": 1600,
      "end": 1604,
      "confidence": 1.0
    },
    {
      "id": 98,
      "text": "सामना",
      "sentence": 25,
      "start": 1611,
      "end": 1615,
      "confidence": 1.0
    },
    {
      "id": 99,
      "text": "हासनबाॅय",
      "sentence": 25,
      "start": 1629,
      "end": 1637,
      "confidence": 1.0
    },
    {
      "id": 100,
      "text": "दुस्माताेव्हशी",
      "sentence": 25,
      "start": 1638,
      "end": 1647,
      "confidence": 1.0
    },
    {
      "id": 101,
      "text": "काशीकुंड",
      "sentence": 26,
      "start": 1657,
      "end": 1665,
      "confidence": 1.0
    },
    {
      "id": 102,
      "text": "मनकर्णिका",
      "sentence": 26,
      "start": 1668,
      "end": 1676,
      "confidence": 1.0
    },
    {
      "id": 103,
      "text": "पुंड",
      "sentence": 26,
      "start": 1677,
      "end": 1680,
      "confidence": 1.0
    },
    {
      "id": 104,
      "text": "भाविकांसाठी",
      "sentence": 26,
      "start": 1681,
      "end": 1690,
      "confidence": 1.0
    },
    {
      "id": 105,
      "text": "इमारतीला",
      "sentence": 27,
      "start": 1703,
      "end": 1710,
      "confidence": 1.0
    },
    {
      "id": 106,
      "text": "निरोपाचा",
      "sentence": 28,
      "start": 1783,
      "end": 1789,
      "confidence": 1.0
    },
    {
      "id": 107,
      "text": "क्षण",
      "sentence": 28,
      "start": 1790,
      "end": 1793,
      "confidence": 1.0
    },
    {
      "id": 108,
      "text": "त्याचे",
      "sentence": 28,
      "start": 1802,
      "end": 1806,
      "confidence": 1.0
    },
    {
      "id": 109,
      "text": "विद्यार्थी",
      "sentence": 28,
      "start": 1807,
      "end": 1812,
      "confidence": 1.0
    },
    {
      "id": 110,
      "text": "घरात",
      "sentence": 29,
      "start": 1856,
      "end": 1860,
      "confidence": 1.0
    },
    {
      "id": 111,
      "text": "अण्णासाहेबांना",
      "sentence": 29,
      "start": 1861,
      "end": 1870,
      "confidence": 1.0
    },
    {
      "id": 112,
      "text": "टक्कर",
      "sentence": 29,
      "start": 1871,
      "end": 1875,
      "confidence": 1.0
    },
    {
      "id": 113,
      "text": "शक्ती",
      "sentence": 29,
      "start": 1891,
      "end": 1894,
      "confidence": 1.0
    },
    {
      "id": 114,
      "text": "त्याला",
      "sentence": 29,
      "start": 1902,
      "end": 1906,
      "confidence": 1.0
    },
    {
      "id": 115,
      "text": "जाणीवच",
      "sentence": 29,
      "start": 1907,
      "end": 1913,
      "confidence": 1.0
    },
    {
      "id": 116,
      "text": "अमरावतीत",
      "sentence": 30,
      "start": 1920,
      "end": 1928,
      "confidence": 1.0
    },
    {
      "id": 117,
      "text": "वसाहतीमध्ये",
      "sentence": 30,
      "start": 1942,
      "end": 1951,
      "confidence": 1.0
    },
    {
      "id": 118,
      "text": "रेमंड",
      "sentence": 30,
      "start": 1952,
      "end": 1956,
      "confidence": 1.0
    },
    {
      "id": 119,
      "text": "सियाराम",
      "sentence": 30,
      "start": 1958,
      "end": 1964,
      "confidence": 1.0
    },
    {
      "id": 120,
      "text": "टेक्सटाईल",
      "sentence": 30,
      "start": 1965,
      "end": 1973,
      "confidence": 1.0
    },
    {
      "id": 121,
      "text": "उद्योग",
      "sentence": 30,
      "start": 1974,
      "end": 1977,
      "confidence": 1.0
    },
    {
      "id": 122,
      "text": "हाताला",
      "sentence": 30,
      "start": 1996,
      "end": 2000,
      "confidence": 1.0
    },
    {
      "id": 123,
      "text": "पोलिसांनी",
      "sentence": 31,
      "start": 2024,
      "end": 2031,
      "confidence": 1.0
    },
    {
      "id": 124,
      "text": "ठपका",
      "sentence": 31,
      "start": 2042,
      "end": 2046,
      "confidence": 1.0
    },
    {
      "id": 125,
      "text": "आश्चर्य",
      "sentence": 31,
      "start": 2057,
      "end": 2062,
      "confidence": 1.0
    },
    {
      "id": 126,
      "text": "एलोरा",
      "sentence": 33,
      "start": 2074,
      "end": 2079,
      "confidence": 1.0
    },
    {
      "id": 127,
      "text": "इंग्रजांनी",
      "sentence": 33,
      "start": 2086,
      "end": 2092,
      "confidence": 1.0
    },
    {
      "id": 128,
      "text": "वेरुळ",
      "sentence": 34,
      "start": 2116,
      "end": 2120,
      "confidence": 1.0
    },
    {
      "id": 129,
      "text": "एलापूरचा",
      "sentence": 34,
      "start": 2129,
      "end": 2136,
      "confidence": 1.0
    },
    {
      "id": 130,
      "text": "अपभ्रंश",
      "sentence": 34,
      "start": 2137,
      "end": 2142,
      "confidence": 1.0
    },
    {
      "id": 131,
      "text": "नदीलाच",
      "sentence": 35,
      "start": 2174,
      "end": 2179,
      "confidence": 1.0
    },
    {
      "id": 132,
      "text": "तो",
      "sentence": 37,
      "start": 2256,
      "end": 2257,
      "confidence": 1.0
    },
    {
      "id": 133,
      "text": "असुरक्षितता",
      "sentence": 37,
      "start": 2258,
      "end": 2267,
      "confidence": 1.0
    },
    {
      "id": 134,
      "text": "शरीरात",
      "sentence": 38,
      "start": 2352,
      "end": 2357,
      "confidence": 1.0
    },
    {
      "id": 135,
      "text": "मळमळ",
      "sentence": 38,
      "start": 2358,
      "end": 2362,
      "confidence": 1.0
    },
    {
      "id": 136,
      "text": "मिनिटे",
      "sentence": 38,
      "start": 2383,
      "end": 2387,
      "confidence": 1.0
    },
    {
      "id": 137,
      "text": "पोटदुखी",
      "sentence": 38,
      "start": 2395,
      "end": 2401,
      "confidence": 1.0
    },
    {
      "id": 138,
      "text": "चालण्याची",
      "sentence": 38,
      "start": 2417,
      "end": 2424,
      "confidence": 1.0
    },
    {
      "id": 139,
      "text": "तोंड",
      "sentence": 38,
      "start": 2453,
      "end": 2456,
      "confidence": 1.0
    }
  ],
  "clusters": [
    [
      0,
      1,
      3,
      4
    ],
    [
      7,
      8
    ],
    [
      18,
      19
    ],
    [
      20,
      22
    ],
    [
      45,
      46
    ],
    [
      50,
      51,
      56,
      57
    ],
    [
      65,
      69,
      75
    ],
    [
      83,
      84,
      85
    ],
    [
      89,
      90
    ],
    [
      92,
      93
    ],
    [
      100,
      101
    ],
    [
      104,
      105
    ],
    [
      106,
      129
    ],
    [
      108,
      109,
      118,
      120,
      123,
      130,
      134,
      136
    ],
    [
      114,
      121
    ],
    [
      125,
      132,
      137
    ],
    [
      127,
      128
    ]
  ]
}