{
  "document_id": "document_8",
  "sentences": [
    "साताऱ्यामध्ये आज उत्कृष्ट पत्रकार सन्मान पुरस्काराच्या कार्यक्रमात खासदार उदयनराजे यांनी गाणं म्हटल्यानं अनेकांना आश्चर्याचा धक्का बसला.",
    "भारतीय रेल्वेच्या 166 वर्षांच्या प्रदीर्घ इतिहासामध्ये यंदा कोणत्याही."
  ],
  "mentions": [
    {
      "id": 0,
      "text": "साताऱ्यामध्ये",
      "sentence": 0,
      "start": 0,
      "end": 11,
      "confidence": 1.0
    },
    {
      "id": 1,
      "text": "पत्रकार",
      "sentence": 0,
      "start": 23,
      "end": 29,
      "confidence": 1.0
    },
    {
      "id": 2,
      "text": "सन्मान",
      "sentence": 0,
      "start": 30,
      "end": 36,
      "confidence": 1.0
    },
    {
      "id": 3,
      "text": "कार्यक्रमात",
      "sentence": 0,
      "start": 48,
      "end": 57,
      "confidence": 1.0
    },
    {
      "id": 4,
      "text": "खासदार",
      "sentence": 0,
      "start": 58,
      "end": 64,
      "confidence": 1.0
    },
    {
      "id": 5,
      "text": "उदयनराजे",
      "sentence": 0,
      "start": 65,
      "end": 73,
      "confidence": 1.0
    },
    {
      "id": 6,
      "text": "यांनी",
      "sentence": 0,
      "start": 74,
      "end": 78,
      "confidence": 1.0
    },
    {
      "id": 7,
      "text": "गाणं",
      "sentence": 0,
      "start": 79,
      "end": 83,
      "confidence": 1.0
    },
    {
      "id": 8,
      "text": "अनेकांना",
      "sentence": 0,
      "start": 93,
      "end": 99,
      "confidence": 1.0
    },
    {
      "id": 9,
      "text": "धक्का",
      "sentence": 0,
      "start": 109,
      "end": 114,
      "confidence": 1.0
    },
    {
      "id": 10,
      "text": "वर्षांच्या",
      "sentence": 1,
      "start": 141,
      "end": 148,
      "confidence": 1.0
    },
    {
      "id": 11,
      "text": "इतिहासामध्ये",
      "sentence": 1,
      "start": 157,
      "end": 167,
      "confidence": 1.0
    }
  ],
  "clusters": [
    [
      6,
      7
    ]
  ]
}