{
  "document_id": "document_297",
  "sentences": [
    "ह्या CRD वाल्यांचं हट्टी असणं प्रच्चंड आवडलं.",
    "दिल्ली -नोकरीच्या शोधात असलेल्यांसाठी केंद्र सरकारने नॅशनल करियर सर्व्हीस जॉब पोर्टल सुरू करण्याचा निर्णय घेतला असून या पोर्टलाचा पहिला टप्पा या वर्षअखेर कार्यान्वित केला जाणार असल्याचे श्रम मंत्रालयातील अधिकार्‍यांकडून समजते.",
    "पूरतत्व विभागाचे विलास वहाणे, वनविभागाच्या श्रीलक्ष्मी ए.",
    ",भोर वनविभागाच्या आशा भोंग, ग्रामीण पोलीस अधिक्षक संदीप पाटील, पर्यटन विभागाच्या सुप्रिया करमरकर यांचे विशेष सहकार्य लाभले असून ग्रामस्थांचे देखील स्पर्धेसाठी सहकार्य मिळाले आहे.",
    "प्रतिनिधी/ कोल्हापूर प्राध्यापक संघटनांनी पुकारलेल्या बेमुदत काम बंद आंदोलनामुळे नियोजित जिल्हास्तरीय युवा महोत्सव पुढे ढकलण्यात आला आहे.",
    "मोदींनी आयुष्यमान भारत योजनेची सुरुवात केली.",
    "तेव्हापासून आलिया- रणबीरच्या मागे अनेकांनी लग्न कधी करणार या प्रश्नाचा."
  ],
  "mentions": [
    {
      "id": 0,
      "text": "दिल्ली",
      "sentence": 1,
      "start": 32,
      "end": 37,
      "confidence": 1.0
    },
    {
      "id": 1,
      "text": "सरकारने",
      "sentence": 1,
      "start": 70,
      "end": 76,
      "confidence": 1.0
    },
    {
      "id": 2,
      "text": "पोर्टल",
      "sentence": 1,
      "start": 99,
      "end": 104,
      "confidence": 1.0
    },
    {
      "id": 3,
      "text": "निर्णय",
      "sentence": 1,
      "start": 114,
      "end": 118,
      "confidence": 1.0
    },
    {
      "id": 4,
      "text": "पोर्टलाचा",
      "sentence": 1,
      "start": 133,
      "end": 140,
      "confidence": 1.0
    },
    {
      "id": 5,
      "text": "टप्पा",
      "sentence": 1,
      "start": 147,
      "end": 150,
      "confidence": 1.0
    },
    {
      "id": 6,
      "text": "मंत्रालयातील",
      "sentence": 1,
      "start": 191,
      "end": 201,
      "confidence": 1.0
    },
    {
      "id": 7,
      "text": "अधिकार्‍यांकडून",
      "sentence": 1,
      "start": 202,
      "end": 213,
      "confidence": 1.0
    },
    {
      "id": 8,
      "text": "विभागाचे",
      "sentence": 2,
      "start": 226,
      "end": 232,
      "confidence": 1.0
    },
    {
      "id": 9,
      "text": "वहाणे",
      "sentence": 2,
      "start": 239,
      "end": 243,
      "confidence": 1.0
    },
    {
      "id": 10,
      "text": "वनविभागाच्या",
      "sentence": 2,
      "start": 245,
      "end": 254,
      "confidence": 1.0
    },
    {
      "id": 11,
      "text": "श्रीलक्ष्मी",
      "sentence": 2,
      "start": 256,
      "end": 263,
      "confidence": 1.0
    },
    {
      "id": 12,
      "text": "वनविभागाच्या",
      "sentence": 3,
      "start": 272,
      "end": 281,
      "confidence": 1.0
    },
    {
      "id": 13,
      "text": "अधिक्षक",
      "sentence": 3,
      "start": 305,
      "end": 310,
      "confidence": 1.0
    },
    {
      "id": 14,
      "text": "संदीप",
      "sentence": 3,
      "start": 312,
      "end": 316,
      "confidence": 1.0
    },
    {
      "id": 15,
      "text": "पाटील",
      "sentence": 3,
      "start": 318,
      "end": 322,
      "confidence": 1.0
    },
    {
      "id": 16,
      "text": "विभागाच्या",
      "sentence": 3,
      "start": 331,
      "end": 338,
      "confidence": 1.0
    },
    {
      "id": 17,
      "text": "सुप्रिया",
      "sentence": 3,
      "start": 340,
      "end": 346,
      "confidence": 1.0
    },
    {
      "id": 18,
      "text": "करमरकर",
      "sentence": 3,
      "start": 348,
      "end": 354,
      "confidence": 1.0
    },
    {
      "id": 19,
      "text": "यांचे",
      "sentence": 3,
      "start": 356,
      "end": 359,
      "confidence": 1.0
    },
    {
      "id": 20,
      "text": "सहकार्य",
      "sentence": 3,
      "start": 366,
      "end": 371,
      "confidence": 1.0
    },
    {
      "id": 21,
      "text": "ग्रामस्थांचे",
      "sentence": 3,
      "start": 387,
      "end": 394,
      "confidence": 1.0
    },
    {
      "id": 22,
      "text": "स्पर्धेसाठी",
      "sentence": 3,
      "start": 403,
      "end": 410,
      "confidence": 1.0
    },
    {
      "id": 23,
      "text": "सहकार्य",
      "sentence": 3,
      "start": 412,
      "end": 417,
      "confidence": 1.0
    },
    {
      "id": 24,
      "text": "कोल्हापूर",
      "sentence": 4,
      "start": 434,
      "end": 440,
      "confidence": 1.0
    },
    {
      "id": 25,
      "text": "संघटनांनी",
      "sentence": 4,
      "start": 449,
      "end": 456,
      "confidence": 1.0
    },
    {
      "id": 26,
      "text": "आंदोलनामुळे",
      "sentence": 4,
      "start": 472,
      "end": 481,
      "confidence": 1.0
    },
    {
      "id": 27,
      "text": "महोत्सव",
      "sentence": 4,
      "start": 504,
      "end": 510,
      "confidence": 1.0
    },
    {
      "id": 28,
      "text": "मोदींनी",
      "sentence": 5,
      "start": 535,
      "end": 540,
      "confidence": 1.0
    },
    {
      "id": 29,
      "text": "योजनेची",
      "sentence": 5,
      "start": 552,
      "end": 558,
      "confidence": 1.0
    },
    {
      "id": 30,
      "text": "आलिया",
      "sentence": 6,
      "start": 574,
      "end": 578,
      "confidence": 1.0
    },
    {
      "id": 31,
      "text": "अनेकांनी",
      "sentence": 6,
      "start": 593,
      "end": 599,
      "confidence": 1.0
    },
    {
      "id": 32,
      "text": "लग्न",
      "sentence": 6,
      "start": 601,
      "end": 604,
      "confidence": 1.0
    },
    {
      "id": 33,
      "text": "प्रश्नाचा",
      "sentence": 6,
      "start": 620,
      "end": 626,
      "confidence": 1.0
    }
  ],
  "clusters": [
    [
      6,
      8,
      9
    ],
    [
      15,
      16
    ],
    [
      18,
      19
    ],
    [
      21,
      22
    ],
    [
      24,
      25
    ],
    [
      27,
      28
    ],
    [
      15,
      16,
      18,
      19,
      21,
      22,
      24,
      25,
      27,
      28,
      29
    ]
  ]
}