{
  "document_id": "document_228",
  "sentences": [
    "पर्यंत वाढू शकते - 2 मीटर पर्यंत.",
    "वाढत्या कराचा बोजा सध्यातरी कॅलेंडर कंपन्यांनी ग्राहकांवर टाकलेला नाही तरी कॅलेंडरची विक्री करणार्‍या छोट्या व्यापार्‍यांच्या कमिशनमधे कपात केली.",
    "तर याच दिवशी आणखी एक सिनेमा रिलीज होण्याची शक्यता आहे.",
    "कायको उसकी नौकरी खारहा आज तू?",
    "१९९३: संगीतकार जोडीतील सोनिक यांचे निधन.",
    "गुंफा Chauvet रेखाचित्रे आढळले त्या धन्यवाद, शास्त्रज्ञ एक मूलभूत शोध केले आहे: तो सिंह आणि गेंडे, पाषाणयुग युग मध्ये गरम दक्षिणी देशांमध्ये मूळ रहिवासी युरोप मध्ये वास्तव्य की बाहेर वळले.",
    "सरकारच्या हस्तक्षेपानंतर कंपन्या सावरतील, अशी अपेक्षा आहे.",
    "उत्तर कोरियावर नवे निर्बंध नकोत : डोनाल्ड ट्रम्प",
    "जपानी खाद्यप्रकार अनुयायी Rolls आणि सुशी विविध प्रशंसा होईल, आणि युक्रेनियन मेनू काळजी ज्यांना सूप आणि बटाटा पॅनकेक्स आवडेल.",
    "म्हणजेच 96 टक्के उमेदवार कोट्याधीश आहेत.",
    "मुंबई : भीमा कोरेगाव येथे निरपराध आंबेडकरी जनतेवर झालेल्या हल्ल्यामुळे आंबेडकरी जनता प्रचंड संतापली होती.",
    "स्वयंस्फूर्तपणे रस्त्यावर उतरून आंदोलनाद्वारे आपला संताप भीमसैनिकांनी व्यक्त केला.",
    "महाराष्ट्रभर सर्व रिपब्लिकन गट तट बाजूला सारून राज्यभरातील आंबेडकरी जनतेने एकजुटीने निषेध आंदोलनात उतरली.",
    "जय भीमच्या एकजूटीची बुलंद ताकद महाराष्ट्राने आज पाहिली असे सांगत जयभीमच्या एकजूटीचा नारा कायम ठेवा असे आवाहन रिपब्लिकन पक्षाचे राष्ट्रीय अध्यक्ष केंद्रिय राज्यमंत्री रामदास आठवले यांनी केले .",
    "आधुनिक काळातील माहिती - हा एक अतिशय मौल्यवान उत्पादन आहे, तो फक्त पण विक्री फायदेशीर प्राप्त करू शकत नाही.",
    "ते परिधान करीत असलेले ‘लॉंग शूज’ आजही अमृतसर येथील वस्तूसंग्रहालयामध्ये ठेवलेले आहेत.",
    "या चित्रपटातील आशुतोषचा ‘फर्स्टलूक’ नुकताच प्रकाशित करण्यात आला.",
    "फडणवीसांनी शिक्षण क्षेत्राचे तीन तेरा वाजवले : विक्रम काळे",
    "अर्थसंकल्पीय कायद्याची भूमिका",
    "सरदार नगर, केडगाव स्टेशन) असे या शिक्षिकेचे नाव असून त्या गेली २५ वर्षांपासून केडगांव येथील जवाहरलाल विद्यालय केडगांव येथे शिक्षीका म्हणून नोकरी करीत आहेत.",
    "बेल्जियमचा डोमेन, हॉलंडची ऍस वर्षातील सर्वोत्तम हॉकीपटू",
    "शांतता, समृद्धी आणि भरभराटीची प्राप्ती व्हावी या उद्देशानं देवाची पूजा केली जाते.",
    "प्रियंका गांधी या उत्तर प्रदेशच्या राजकारणात सक्रिय झाल्यामुळे आता आम्ही पाहू ‘….",
    "त्यामुळे बारकाईने निरीक्षण केल्यास वर्षातल्या प्रत्येक दिवशी सूर्याची उगवण्याची जागा किंचित बदलत असते.",
    "महाराष्ट्राला आतापर्यंत अनेक उत्तम विरोधीपक्षनेते लाभले आहे.",
    "आंबेडकरांना फोनही केला होता मात्र आमचं एकत्र येणं जमलं नाही असा खुलासा MIMचे प्रमुख असाद्दुन ओवेसी यांनी केलाय.",
    "पंचवाडी या शेतीप्रधान गावात एका बड्या खाण कंपनीने खनिज हाताळणी प्रकल्प उभारण्याची योजना सरकारच्या साहाय्याने आखली आहे.",
    "या खनिज हाताळणी प्रकल्पाला पंचवाडी गावातील बऱ्याच लोकांचा विरोध आहे.",
    "गावातील लोकांत फूट पाडून कंपनी हा प्रकल्प मार्गी लावू पाहत आहे.",
    "या प्रकल्पाला विरोध करण्यासाठी पंचवाडी बचाव समितीची स्थापना करण्यात आली आहे.",
    "या समितीने सदर प्रकल्पाच्या विरोधात मुख्यमंत्री, विरोधी पक्षनेते, सरकारी अधिकारी यांना निवेदने सादर केली आहेत.",
    "नियोजित प्रकल्पाच्या जागेत मोठ्या प्रमाणात खारफुटीची झाडे आहेत.",
    "जागेच्या अहवालात \"त्या' ठिकाणी झाडे नसल्याचे म्हटले आहे.",
    "त्यामुळे त्या जागेतील खारफुटीची झाडे छुप्या पद्धतीने कापण्याचे काम गेल्या कित्येक दिवसांपासून सुरू आहे.",
    "या खारफुटीच्या कत्तलीच्या प्रकारामुळे गावातील लोकांत अस्वस्थता निर्माण झाली आहे.",
    "जर गाव खरोखरच डिजिटल झाले असेल तर राज ठाकरे यांनी उपस्थित केलेला मुद्दा खोडायला 15 दिवस का लागले?",
    "9 रूब्बल प्रति बोतल) म्हणून पाहतो.",
    "या ठरवासह मुख्यमंत्र्यांकडे गार्‍हाणे मांडण्यात आले आहे.",
    "यामध्ये एक पोलिस कर्मचारी जखमी झाला.",
    "‘एनआरसी’ येणारच आहे.",
    "ह्यांची घरी यायची वेळ होईल आता, तेवढा तरी जरा थांबू दे रे पाऊस !"
  ],
  "mentions": [
    {
      "id": 0,
      "text": "मीटर",
      "sentence": 0,
      "start": 16,
      "end": 19,
      "confidence": 1.0
    },
    {
      "id": 1,
      "text": "बोजा",
      "sentence": 1,
      "start": 28,
      "end": 31,
      "confidence": 1.0
    },
    {
      "id": 2,
      "text": "कंपन्यांनी",
      "sentence": 1,
      "start": 43,
      "end": 50,
      "confidence": 1.0
    },
    {
      "id": 3,
      "text": "ग्राहक",
      "sentence": 1,
      "start": 52,
      "end": 59,
      "confidence": 1.0
    },
    {
      "id": 4,
      "text": "विक्री",
      "sentence": 1,
      "start": 79,
      "end": 83,
      "confidence": 1.0
    },
    {
      "id": 5,
      "text": "व्यापारी",
      "sentence": 1,
      "start": 96,
      "end": 105,
      "confidence": 1.0
    },
    {
      "id": 6,
      "text": "कमिशन",
      "sentence": 1,
      "start": 107,
      "end": 116,
      "confidence": 1.0
    },
    {
      "id": 7,
      "text": "दिवस",
      "sentence": 2,
      "start": 131,
      "end": 135,
      "confidence": 1.0
    },
    {
      "id": 8,
      "text": "सिनेमा",
      "sentence": 2,
      "start": 147,
      "end": 152,
      "confidence": 1.0
    },
    {
      "id": 9,
      "text": "नौकरी",
      "sentence": 3,
      "start": 170,
      "end": 175,
      "confidence": 1.0
    },
    {
      "id": 10,
      "text": "तू",
      "sentence": 3,
      "start": 183,
      "end": 184,
      "confidence": 1.0
    },
    {
      "id": 11,
      "text": "संगीतकार",
      "sentence": 4,
      "start": 194,
      "end": 202,
      "confidence": 1.0
    },
    {
      "id": 12,
      "text": "सोनिक",
      "sentence": 4,
      "start": 212,
      "end": 216,
      "confidence": 1.0
    },
    {
      "id": 13,
      "text": "गुंफा",
      "sentence": 5,
      "start": 230,
      "end": 234,
      "confidence": 1.0
    },
    {
      "id": 14,
      "text": "Chauvet",
      "sentence": 5,
      "start": 236,
      "end": 242,
      "confidence": 1.0
    },
    {
      "id": 15,
      "text": "रेखाचित्रे",
      "sentence": 5,
      "start": 243,
      "end": 250,
      "confidence": 1.0
    },
    {
      "id": 16,
      "text": "त्या",
      "sentence": 5,
      "start": 259,
      "end": 261,
      "confidence": 1.0
    },
    {
      "id": 17,
      "text": "शास्त्रज्ञ",
      "sentence": 5,
      "start": 272,
      "end": 277,
      "confidence": 1.0
    },
    {
      "id": 18,
      "text": "तो",
      "sentence": 5,
      "start": 299,
      "end": 300,
      "confidence": 1.0
    },
    {
      "id": 19,
      "text": "सिंह",
      "sentence": 5,
      "start": 302,
      "end": 305,
      "confidence": 1.0
    },
    {
      "id": 20,
      "text": "गेंडे",
      "sentence": 5,
      "start": 309,
      "end": 312,
      "confidence": 1.0
    },
    {
      "id": 21,
      "text": "पाषाणयुग",
      "sentence": 5,
      "start": 315,
      "end": 322,
      "confidence": 1.0
    },
    {
      "id": 22,
      "text": "रहिवासी",
      "sentence": 5,
      "start": 354,
      "end": 359,
      "confidence": 1.0
    },
    {
      "id": 23,
      "text": "युरोप",
      "sentence": 5,
      "start": 360,
      "end": 364,
      "confidence": 1.0
    },
    {
      "id": 24,
      "text": "सरकार",
      "sentence": 6,
      "start": 386,
      "end": 392,
      "confidence": 1.0
    },
    {
      "id": 25,
      "text": "हस्तक्षेप",
      "sentence": 6,
      "start": 394,
      "end": 403,
      "confidence": 1.0
    },
    {
      "id": 26,
      "text": "कंपन्या",
      "sentence": 6,
      "start": 404,
      "end": 409,
      "confidence": 1.0
    },
    {
      "id": 27,
      "text": "अपेक्षा",
      "sentence": 6,
      "start": 419,
      "end": 423,
      "confidence": 1.0
    },
    {
      "id": 28,
      "text": "कोरिया",
      "sentence": 7,
      "start": 435,
      "end": 439,
      "confidence": 1.0
    },
    {
      "id": 29,
      "text": "निर्बंध",
      "sentence": 7,
      "start": 445,
      "end": 449,
      "confidence": 1.0
    },
    {
      "id": 30,
      "text": "डोनाल्ड",
      "sentence": 7,
      "start": 458,
      "end": 463,
      "confidence": 1.0
    },
    {
      "id": 31,
      "text": "ट्रम्प",
      "sentence": 7,
      "start": 465,
      "end": 468,
      "confidence": 1.0
    },
    {
      "id": 32,
      "text": "खाद्यप्रकार",
      "sentence": 8,
      "start": 477,
      "end": 485,
      "confidence": 1.0
    },
    {
      "id": 33,
      "text": "अनुयायी",
      "sentence": 8,
      "start": 486,
      "end": 491,
      "confidence": 1.0
    },
    {
      "id": 34,
      "text": "सुशी",
      "sentence": 8,
      "start": 500,
      "end": 503,
      "confidence": 1.0
    },
    {
      "id": 35,
      "text": "मेनू",
      "sentence": 8,
      "start": 525,
      "end": 528,
      "confidence": 1.0
    },
    {
      "id": 36,
      "text": "ज्यांना",
      "sentence": 8,
      "start": 534,
      "end": 538,
      "confidence": 1.0
    },
    {
      "id": 37,
      "text": "बटाटा",
      "sentence": 8,
      "start": 548,
      "end": 552,
      "confidence": 1.0
    },
    {
      "id": 38,
      "text": "पॅनकेक्स",
      "sentence": 8,
      "start": 553,
      "end": 559,
      "confidence": 1.0
    },
    {
      "id": 39,
      "text": "कोट्याधीश",
      "sentence": 9,
      "start": 580,
      "end": 586,
      "confidence": 1.0
    },
    {
      "id": 40,
      "text": "मुंबई",
      "sentence": 10,
      "start": 594,
      "end": 597,
      "confidence": 1.0
    },
    {
      "id": 41,
      "text": "भीमा",
      "sentence": 10,
      "start": 601,
      "end": 604,
      "confidence": 1.0
    },
    {
      "id": 42,
      "text": "कोरेगाव",
      "sentence": 10,
      "start": 606,
      "end": 611,
      "confidence": 1.0
    },
    {
      "id": 43,
      "text": "जनता",
      "sentence": 10,
      "start": 624,
      "end": 629,
      "confidence": 1.0
    },
    {
      "id": 44,
      "text": "हल्ला",
      "sentence": 10,
      "start": 637,
      "end": 643,
      "confidence": 1.0
    },
    {
      "id": 45,
      "text": "जनता",
      "sentence": 10,
      "start": 653,
      "end": 656,
      "confidence": 1.0
    },
    {
      "id": 46,
      "text": "रस्ता",
      "sentence": 11,
      "start": 675,
      "end": 680,
      "confidence": 1.0
    },
    {
      "id": 47,
      "text": "आंदोलन",
      "sentence": 11,
      "start": 687,
      "end": 696,
      "confidence": 1.0
    },
    {
      "id": 48,
      "text": "संताप",
      "sentence": 11,
      "start": 703,
      "end": 707,
      "confidence": 1.0
    },
    {
      "id": 49,
      "text": "भीमसैनिक",
      "sentence": 11,
      "start": 709,
      "end": 718,
      "confidence": 1.0
    },
    {
      "id": 50,
      "text": "महाराष्ट्र",
      "sentence": 12,
      "start": 728,
      "end": 736,
      "confidence": 1.0
    },
    {
      "id": 51,
      "text": "राज्य",
      "sentence": 12,
      "start": 765,
      "end": 774,
      "confidence": 1.0
    },
    {
      "id": 52,
      "text": "जनता",
      "sentence": 12,
      "start": 783,
      "end": 787,
      "confidence": 1.0
    },
    {
      "id": 53,
      "text": "एकजूट",
      "sentence": 12,
      "start": 789,
      "end": 795,
      "confidence": 1.0
    },
    {
      "id": 54,
      "text": "निषेध",
      "sentence": 12,
      "start": 797,
      "end": 801,
      "confidence": 1.0
    },
    {
      "id": 55,
      "text": "आंदोलन",
      "sentence": 12,
      "start": 803,
      "end": 810,
      "confidence": 1.0
    },
    {
      "id": 56,
      "text": "एकजूट",
      "sentence": 13,
      "start": 826,
      "end": 832,
      "confidence": 1.0
    },
    {
      "id": 57,
      "text": "ताकद",
      "sentence": 13,
      "start": 840,
      "end": 843,
      "confidence": 1.0
    },
    {
      "id": 58,
      "text": "महाराष्ट्र",
      "sentence": 13,
      "start": 845,
      "end": 852,
      "confidence": 1.0
    },
    {
      "id": 59,
      "text": "जयभीम",
      "sentence": 13,
      "start": 865,
      "end": 872,
      "confidence": 1.0
    },
    {
      "id": 60,
      "text": "एकजूट",
      "sentence": 13,
      "start": 874,
      "end": 880,
      "confidence": 1.0
    },
    {
      "id": 61,
      "text": "नारा",
      "sentence": 13,
      "start": 881,
      "end": 884,
      "confidence": 1.0
    },
    {
      "id": 62,
      "text": "आवाहन",
      "sentence": 13,
      "start": 897,
      "end": 901,
      "confidence": 1.0
    },
    {
      "id": 63,
      "text": "पक्ष",
      "sentence": 13,
      "start": 913,
      "end": 917,
      "confidence": 1.0
    },
    {
      "id": 64,
      "text": "राज्यमंत्री",
      "sentence": 13,
      "start": 941,
      "end": 947,
      "confidence": 1.0
    },
    {
      "id": 65,
      "text": "रामदास",
      "sentence": 13,
      "start": 948,
      "end": 953,
      "confidence": 1.0
    },
    {
      "id": 66,
      "text": "माहिती",
      "sentence": 14,
      "start": 976,
      "end": 980,
      "confidence": 1.0
    },
    {
      "id": 67,
      "text": "उत्पादन",
      "sentence": 14,
      "start": 1000,
      "end": 1004,
      "confidence": 1.0
    },
    {
      "id": 68,
      "text": "तो",
      "sentence": 14,
      "start": 1008,
      "end": 1009,
      "confidence": 1.0
    },
    {
      "id": 69,
      "text": "विक्री",
      "sentence": 14,
      "start": 1020,
      "end": 1024,
      "confidence": 1.0
    },
    {
      "id": 70,
      "text": "ते",
      "sentence": 15,
      "start": 1040,
      "end": 1041,
      "confidence": 1.0
    },
    {
      "id": 71,
      "text": "अमृतसर",
      "sentence": 15,
      "start": 1072,
      "end": 1077,
      "confidence": 1.0
    },
    {
      "id": 72,
      "text": "वस्तूसंग्रहालय",
      "sentence": 15,
      "start": 1085,
      "end": 1099,
      "confidence": 1.0
    },
    {
      "id": 73,
      "text": "चित्रपट",
      "sentence": 16,
      "start": 1107,
      "end": 1114,
      "confidence": 1.0
    },
    {
      "id": 74,
      "text": "आशुतोष",
      "sentence": 16,
      "start": 1116,
      "end": 1123,
      "confidence": 1.0
    },
    {
      "id": 75,
      "text": "फर्स्टलूक",
      "sentence": 16,
      "start": 1126,
      "end": 1133,
      "confidence": 1.0
    },
    {
      "id": 76,
      "text": "फडणवीस",
      "sentence": 17,
      "start": 1149,
      "end": 1158,
      "confidence": 1.0
    },
    {
      "id": 77,
      "text": "शिक्षण",
      "sentence": 17,
      "start": 1159,
      "end": 1163,
      "confidence": 1.0
    },
    {
      "id": 78,
      "text": "विक्रम",
      "sentence": 17,
      "start": 1184,
      "end": 1188,
      "confidence": 1.0
    },
    {
      "id": 79,
      "text": "कायदा",
      "sentence": 18,
      "start": 1206,
      "end": 1211,
      "confidence": 1.0
    },
    {
      "id": 80,
      "text": "भूमिका",
      "sentence": 18,
      "start": 1213,
      "end": 1216,
      "confidence": 1.0
    },
    {
      "id": 81,
      "text": "सरदार",
      "sentence": 19,
      "start": 1221,
      "end": 1225,
      "confidence": 1.0
    },
    {
      "id": 82,
      "text": "केडगाव",
      "sentence": 19,
      "start": 1232,
      "end": 1237,
      "confidence": 1.0
    },
    {
      "id": 83,
      "text": "स्टेशन",
      "sentence": 19,
      "start": 1239,
      "end": 1243,
      "confidence": 1.0
    },
    {
      "id": 84,
      "text": "शिक्षिका",
      "sentence": 19,
      "start": 1254,
      "end": 1260,
      "confidence": 1.0
    },
    {
      "id": 85,
      "text": "त्या",
      "sentence": 19,
      "start": 1271,
      "end": 1273,
      "confidence": 1.0
    },
    {
      "id": 86,
      "text": "वर्ष",
      "sentence": 19,
      "start": 1282,
      "end": 1290,
      "confidence": 1.0
    },
    {
      "id": 87,
      "text": "विद्यालय",
      "sentence": 19,
      "start": 1312,
      "end": 1317,
      "confidence": 1.0
    },
    {
      "id": 88,
      "text": "शिक्षिका",
      "sentence": 19,
      "start": 1329,
      "end": 1334,
      "confidence": 1.0
    },
    {
      "id": 89,
      "text": "नोकरी",
      "sentence": 19,
      "start": 1342,
      "end": 1345,
      "confidence": 1.0
    },
    {
      "id": 90,
      "text": "बेल्जियम",
      "sentence": 20,
      "start": 1357,
      "end": 1365,
      "confidence": 1.0
    },
    {
      "id": 91,
      "text": "डोमेन",
      "sentence": 20,
      "start": 1367,
      "end": 1371,
      "confidence": 1.0
    },
    {
      "id": 92,
      "text": "हॉलंड",
      "sentence": 20,
      "start": 1374,
      "end": 1380,
      "confidence": 1.0
    },
    {
      "id": 93,
      "text": "वर्ष",
      "sentence": 20,
      "start": 1386,
      "end": 1391,
      "confidence": 1.0
    },
    {
      "id": 94,
      "text": "हॉकीपटू",
      "sentence": 20,
      "start": 1402,
      "end": 1407,
      "confidence": 1.0
    },
    {
      "id": 95,
      "text": "शांतता",
      "sentence": 21,
      "start": 1409,
      "end": 1414,
      "confidence": 1.0
    },
    {
      "id": 96,
      "text": "समृद्धी",
      "sentence": 21,
      "start": 1417,
      "end": 1422,
      "confidence": 1.0
    },
    {
      "id": 97,
      "text": "प्राप्ती",
      "sentence": 21,
      "start": 1435,
      "end": 1438,
      "confidence": 1.0
    },
    {
      "id": 98,
      "text": "उद्देश",
      "sentence": 21,
      "start": 1447,
      "end": 1452,
      "confidence": 1.0
    },
    {
      "id": 99,
      "text": "पूजा",
      "sentence": 21,
      "start": 1460,
      "end": 1463,
      "confidence": 1.0
    },
    {
      "id": 100,
      "text": "प्रियंका",
      "sentence": 22,
      "start": 1474,
      "end": 1479,
      "confidence": 1.0
    },
    {
      "id": 101,
      "text": "गांधी",
      "sentence": 22,
      "start": 1481,
      "end": 1484,
      "confidence": 1.0
    },
    {
      "id": 102,
      "text": "प्रदेश",
      "sentence": 22,
      "start": 1493,
      "end": 1497,
      "confidence": 1.0
    },
    {
      "id": 103,
      "text": "राजकारण",
      "sentence": 22,
      "start": 1499,
      "end": 1506,
      "confidence": 1.0
    },
    {
      "id": 104,
      "text": "आम्ही",
      "sentence": 22,
      "start": 1524,
      "end": 1527,
      "confidence": 1.0
    },
    {
      "id": 105,
      "text": "निरीक्षण",
      "sentence": 23,
      "start": 1544,
      "end": 1549,
      "confidence": 1.0
    },
    {
      "id": 106,
      "text": "वर्ष",
      "sentence": 23,
      "start": 1558,
      "end": 1564,
      "confidence": 1.0
    },
    {
      "id": 107,
      "text": "दिवस",
      "sentence": 23,
      "start": 1573,
      "end": 1577,
      "confidence": 1.0
    },
    {
      "id": 108,
      "text": "सूर्य",
      "sentence": 23,
      "start": 1579,
      "end": 1584,
      "confidence": 1.0
    },
    {
      "id": 109,
      "text": "जागा",
      "sentence": 23,
      "start": 1593,
      "end": 1596,
      "confidence": 1.0
    },
    {
      "id": 110,
      "text": "महाराष्ट्र",
      "sentence": 24,
      "start": 1611,
      "end": 1619,
      "confidence": 1.0
    },
    {
      "id": 111,
      "text": "विरोधीपक्षनेता",
      "sentence": 24,
      "start": 1630,
      "end": 1641,
      "confidence": 1.0
    },
    {
      "id": 112,
      "text": "आंबेडकर",
      "sentence": 25,
      "start": 1648,
      "end": 1656,
      "confidence": 1.0
    },
    {
      "id": 113,
      "text": "खुलासा",
      "sentence": 25,
      "start": 1695,
      "end": 1699,
      "confidence": 1.0
    },
    {
      "id": 114,
      "text": "ओवेसी",
      "sentence": 25,
      "start": 1720,
      "end": 1724,
      "confidence": 1.0
    },
    {
      "id": 115,
      "text": "पंचवाडी",
      "sentence": 26,
      "start": 1732,
      "end": 1738,
      "confidence": 1.0
    },
    {
      "id": 116,
      "text": "कंपनी",
      "sentence": 26,
      "start": 1766,
      "end": 1771,
      "confidence": 1.0
    },
    {
      "id": 117,
      "text": "खनिज",
      "sentence": 26,
      "start": 1772,
      "end": 1776,
      "confidence": 1.0
    },
    {
      "id": 118,
      "text": "हाताळणी",
      "sentence": 26,
      "start": 1778,
      "end": 1783,
      "confidence": 1.0
    },
    {
      "id": 119,
      "text": "प्रकल्प",
      "sentence": 26,
      "start": 1784,
      "end": 1788,
      "confidence": 1.0
    },
    {
      "id": 120,
      "text": "योजना",
      "sentence": 26,
      "start": 1798,
      "end": 1801,
      "confidence": 1.0
    },
    {
      "id": 121,
      "text": "सरकार",
      "sentence": 26,
      "start": 1803,
      "end": 1809,
      "confidence": 1.0
    },
    {
      "id": 122,
      "text": "साहाय्य",
      "sentence": 26,
      "start": 1811,
      "end": 1817,
      "confidence": 1.0
    },
    {
      "id": 123,
      "text": "खनिज",
      "sentence": 27,
      "start": 1825,
      "end": 1829,
      "confidence": 1.0
    },
    {
      "id": 124,
      "text": "हाताळणी",
      "sentence": 27,
      "start": 1831,
      "end": 1836,
      "confidence": 1.0
    },
    {
      "id": 125,
      "text": "प्रकल्प",
      "sentence": 27,
      "start": 1837,
      "end": 1843,
      "confidence": 1.0
    },
    {
      "id": 126,
      "text": "पंचवाडी",
      "sentence": 27,
      "start": 1844,
      "end": 1850,
      "confidence": 1.0
    },
    {
      "id": 127,
      "text": "विरोध",
      "sentence": 27,
      "start": 1871,
      "end": 1874,
      "confidence": 1.0
    },
    {
      "id": 128,
      "text": "कंपनी",
      "sentence": 28,
      "start": 1903,
      "end": 1906,
      "confidence": 1.0
    },
    {
      "id": 129,
      "text": "प्रकल्प",
      "sentence": 28,
      "start": 1911,
      "end": 1915,
      "confidence": 1.0
    },
    {
      "id": 130,
      "text": "प्रकल्प",
      "sentence": 29,
      "start": 1923,
      "end": 1929,
      "confidence": 1.0
    },
    {
      "id": 131,
      "text": "विरोध",
      "sentence": 29,
      "start": 1930,
      "end": 1933,
      "confidence": 1.0
    },
    {
      "id": 132,
      "text": "पंचवाडी",
      "sentence": 29,
      "start": 1943,
      "end": 1949,
      "confidence": 1.0
    },
    {
      "id": 133,
      "text": "बचाव",
      "sentence": 29,
      "start": 1950,
      "end": 1953,
      "confidence": 1.0
    },
    {
      "id": 134,
      "text": "प्रकल्प",
      "sentence": 30,
      "start": 1987,
      "end": 1994,
      "confidence": 1.0
    },
    {
      "id": 135,
      "text": "विरोध",
      "sentence": 30,
      "start": 1996,
      "end": 2001,
      "confidence": 1.0
    },
    {
      "id": 136,
      "text": "मुख्यमंत्री",
      "sentence": 30,
      "start": 2003,
      "end": 2010,
      "confidence": 1.0
    },
    {
      "id": 137,
      "text": "पक्षनेते",
      "sentence": 30,
      "start": 2018,
      "end": 2023,
      "confidence": 1.0
    },
    {
      "id": 138,
      "text": "अधिकारी",
      "sentence": 30,
      "start": 2033,
      "end": 2038,
      "confidence": 1.0
    },
    {
      "id": 139,
      "text": "निवेदन",
      "sentence": 30,
      "start": 2045,
      "end": 2050,
      "confidence": 1.0
    },
    {
      "id": 140,
      "text": "प्रकल्प",
      "sentence": 31,
      "start": 2061,
      "end": 2068,
      "confidence": 1.0
    },
    {
      "id": 141,
      "text": "जागा",
      "sentence": 31,
      "start": 2070,
      "end": 2073,
      "confidence": 1.0
    },
    {
      "id": 142,
      "text": "प्रमाण",
      "sentence": 31,
      "start": 2084,
      "end": 2089,
      "confidence": 1.0
    },
    {
      "id": 143,
      "text": "खारफुटी",
      "sentence": 31,
      "start": 2091,
      "end": 2099,
      "confidence": 1.0
    },
    {
      "id": 144,
      "text": "झाडे",
      "sentence": 31,
      "start": 2101,
      "end": 2104,
      "confidence": 1.0
    },
    {
      "id": 145,
      "text": "जागा",
      "sentence": 32,
      "start": 2111,
      "end": 2116,
      "confidence": 1.0
    },
    {
      "id": 146,
      "text": "अहवाल",
      "sentence": 32,
      "start": 2118,
      "end": 2124,
      "confidence": 1.0
    },
    {
      "id": 147,
      "text": "त्या",
      "sentence": 32,
      "start": 2127,
      "end": 2129,
      "confidence": 1.0
    },
    {
      "id": 148,
      "text": "ठिकाणी",
      "sentence": 32,
      "start": 2132,
      "end": 2136,
      "confidence": 1.0
    },
    {
      "id": 149,
      "text": "झाडे",
      "sentence": 32,
      "start": 2137,
      "end": 2140,
      "confidence": 1.0
    },
    {
      "id": 150,
      "text": "त्या",
      "sentence": 33,
      "start": 2151,
      "end": 2153,
      "confidence": 1.0
    },
    {
      "id": 151,
      "text": "जागा",
      "sentence": 33,
      "start": 2154,
      "end": 2159,
      "confidence": 1.0
    },
    {
      "id": 152,
      "text": "खारफुटी",
      "sentence": 33,
      "start": 2160,
      "end": 2168,
      "confidence": 1.0
    },
    {
      "id": 153,
      "text": "झाडे",
      "sentence": 33,
      "start": 2170,
      "end": 2173,
      "confidence": 1.0
    },
    {
      "id": 154,
      "text": "पद्धत",
      "sentence": 33,
      "start": 2181,
      "end": 2186,
      "confidence": 1.0
    },
    {
      "id": 155,
      "text": "दिवस",
      "sentence": 33,
      "start": 2211,
      "end": 2219,
      "confidence": 1.0
    },
    {
      "id": 156,
      "text": "खारफुटी",
      "sentence": 34,
      "start": 2225,
      "end": 2233,
      "confidence": 1.0
    },
    {
      "id": 157,
      "text": "कत्तल",
      "sentence": 34,
      "start": 2235,
      "end": 2242,
      "confidence": 1.0
    },
    {
      "id": 158,
      "text": "प्रकार",
      "sentence": 34,
      "start": 2244,
      "end": 2251,
      "confidence": 1.0
    },
    {
      "id": 159,
      "text": "अस्वस्थता",
      "sentence": 34,
      "start": 2264,
      "end": 2271,
      "confidence": 1.0
    },
    {
      "id": 160,
      "text": "ठाकरे",
      "sentence": 35,
      "start": 2311,
      "end": 2315,
      "confidence": 1.0
    },
    {
      "id": 161,
      "text": "मुद्दा",
      "sentence": 35,
      "start": 2330,
      "end": 2333,
      "confidence": 1.0
    },
    {
      "id": 162,
      "text": "दिवस",
      "sentence": 35,
      "start": 2347,
      "end": 2350,
      "confidence": 1.0
    },
    {
      "id": 163,
      "text": "ठराव",
      "sentence": 37,
      "start": 2380,
      "end": 2385,
      "confidence": 1.0
    },
    {
      "id": 164,
      "text": "मुख्यमंत्री",
      "sentence": 37,
      "start": 2387,
      "end": 2398,
      "confidence": 1.0
    },
    {
      "id": 165,
      "text": "पोलिस",
      "sentence": 38,
      "start": 2415,
      "end": 2419,
      "confidence": 1.0
    },
    {
      "id": 166,
      "text": "कर्मचारी",
      "sentence": 38,
      "start": 2421,
      "end": 2426,
      "confidence": 1.0
    },
    {
      "id": 167,
      "text": "एनआरसी",
      "sentence": 39,
      "start": 2433,
      "end": 2437,
      "confidence": 1.0
    },
    {
      "id": 168,
      "text": "पाऊस",
      "sentence": 40,
      "start": 2481,
      "end": 2485,
      "confidence": 1.0
    }
  ],
  "clusters": [
    [
      16,
      17
    ],
    [
      19,
      20
    ],
    [
      51,
      53,
      62
    ],
    [
      55,
      65
    ],
    [
      63,
      67,
      71
    ],
    [
      58,
      69,
      134
    ],
    [
      66,
      70
    ],
    [
      77,
      78
    ],
    [
      79,
      80
    ],
    [
      81,
      82
    ],
    [
      94,
      95
    ],
    [
      102,
      104,
      110
    ],
    [
      100,
      106,
      109
    ],
    [
      124,
      125
    ],
    [
      142,
      143
    ],
    [
      28,
      152
    ],
    [
      148,
      154
    ],
    [
      149,
      155
    ],
    [
      150,
      156,
      165,
      166
    ],
    [
      144,
      157,
      168
    ],
    [
      145,
      158,
      161
    ],
    [
      159,
      162
    ],
    [
      147,
      164
    ],
    [
      160,
      167
    ],
    [
      7,
      131
    ]
  ]
}