{
  "document_id": "document_428",
  "sentences": [
    "एकदम मस्त.",
    "(संवाद तिसरा)",
    "एकूणच या चित्रपटाने पहिल्या आठवड्यात २०२.४२ कोटीची कमाई केल्याचे तरण आदर्श यांनी सांगितले.",
    "भाजपमध्ये गटबाजी असल्याबद्दल विचारता ते म्हणाले, पडळकर हे पक्षातून बाहेर गेले आहेत.",
    "उद्धव ठाकरे हे आज भगव्या रंगाचा सदरा परिधान करून मंत्रालयात आले होते.",
    "दोन्हीचीही जात, कूळ, वेळ, उच्चार आणि गाभाच वेगळा.",
    "ती ‘मिसेस ग्लॅडरॅग्ज 2003’ची मानकरी ठरली.",
    "जर कुणाला चुकून धक्का लागला तर काही खैर नाही.",
    "म्हणूनच कामांची यादी आणि त्यातही त्यांचा प्राधान्यक्रम ठरवून मगच कामाला लागा.",
    "वाचा – १३ लाख रुपयांचं घड्याळ चोरी ; चोर जेरबंद",
    "त्यांचे वक्तव्य प्रक्षोभक असून, त्यांच्यावर तातडीने गुन्हा दाखल करण्यात यायला हवा आणि त्यांना ताब्यात घेतले गेले पाहिजे, अशी मागणी त्यांनी केली.",
    "कृष्णानगर वुमेन्स कॉलेजच्या मुख्याध्यापक पदाचा कार्यभार येत्या ९ जूनपासून त्या हाती घेणार आहेत."
  ],
  "mentions": [
    {
      "id": 0,
      "text": "चित्रपटाने",
      "sentence": 2,
      "start": 34,
      "end": 42,
      "confidence": 1.0
    },
    {
      "id": 1,
      "text": "यांनी",
      "sentence": 2,
      "start": 87,
      "end": 91,
      "confidence": 1.0
    },
    {
      "id": 2,
      "text": "भाजपमध्ये",
      "sentence": 3,
      "start": 91,
      "end": 98,
      "confidence": 1.0
    },
    {
      "id": 3,
      "text": "ते",
      "sentence": 3,
      "start": 119,
      "end": 121,
      "confidence": 1.0
    },
    {
      "id": 4,
      "text": "पडळकर",
      "sentence": 3,
      "start": 131,
      "end": 138,
      "confidence": 1.0
    },
    {
      "id": 5,
      "text": "पक्षातून",
      "sentence": 3,
      "start": 142,
      "end": 149,
      "confidence": 1.0
    },
    {
      "id": 6,
      "text": "ठाकरे",
      "sentence": 4,
      "start": 166,
      "end": 171,
      "confidence": 1.0
    },
    {
      "id": 7,
      "text": "मंत्रालयात",
      "sentence": 4,
      "start": 208,
      "end": 216,
      "confidence": 1.0
    },
    {
      "id": 8,
      "text": "उच्चार",
      "sentence": 5,
      "start": 238,
      "end": 243,
      "confidence": 1.0
    },
    {
      "id": 9,
      "text": "गाभाच",
      "sentence": 5,
      "start": 248,
      "end": 252,
      "confidence": 1.0
    },
    {
      "id": 10,
      "text": "ती",
      "sentence": 6,
      "start": 251,
      "end": 253,
      "confidence": 1.0
    },
    {
      "id": 11,
      "text": "मानकरी",
      "sentence": 6,
      "start": 289,
      "end": 293,
      "confidence": 1.0
    },
    {
      "id": 12,
      "text": "कुणाला",
      "sentence": 7,
      "start": 297,
      "end": 302,
      "confidence": 1.0
    },
    {
      "id": 13,
      "text": "धक्का",
      "sentence": 7,
      "start": 310,
      "end": 314,
      "confidence": 1.0
    },
    {
      "id": 14,
      "text": "कामांची",
      "sentence": 8,
      "start": 338,
      "end": 344,
      "confidence": 1.0
    },
    {
      "id": 15,
      "text": "यादी",
      "sentence": 8,
      "start": 346,
      "end": 349,
      "confidence": 1.0
    },
    {
      "id": 16,
      "text": "त्यातही",
      "sentence": 8,
      "start": 354,
      "end": 359,
      "confidence": 1.0
    },
    {
      "id": 17,
      "text": "त्यांचा",
      "sentence": 8,
      "start": 360,
      "end": 365,
      "confidence": 1.0
    },
    {
      "id": 18,
      "text": "प्राधान्यक्रम",
      "sentence": 8,
      "start": 366,
      "end": 374,
      "confidence": 1.0
    },
    {
      "id": 19,
      "text": "कामाला",
      "sentence": 8,
      "start": 388,
      "end": 393,
      "confidence": 1.0
    },
    {
      "id": 20,
      "text": "घड्याळ",
      "sentence": 9,
      "start": 421,
      "end": 426,
      "confidence": 1.0
    },
    {
      "id": 21,
      "text": "चोरी",
      "sentence": 9,
      "start": 427,
      "end": 431,
      "confidence": 1.0
    },
    {
      "id": 22,
      "text": "त्यांचे",
      "sentence": 10,
      "start": 441,
      "end": 446,
      "confidence": 1.0
    },
    {
      "id": 23,
      "text": "वक्तव्य",
      "sentence": 10,
      "start": 447,
      "end": 452,
      "confidence": 1.0
    },
    {
      "id": 24,
      "text": "त्यांच्यावर",
      "sentence": 10,
      "start": 467,
      "end": 474,
      "confidence": 1.0
    },
    {
      "id": 25,
      "text": "गुन्हा",
      "sentence": 10,
      "start": 484,
      "end": 488,
      "confidence": 1.0
    },
    {
      "id": 26,
      "text": "त्यांना",
      "sentence": 10,
      "start": 508,
      "end": 512,
      "confidence": 1.0
    },
    {
      "id": 27,
      "text": "मागणी",
      "sentence": 10,
      "start": 537,
      "end": 541,
      "confidence": 1.0
    },
    {
      "id": 28,
      "text": "त्यांनी",
      "sentence": 10,
      "start": 542,
      "end": 546,
      "confidence": 1.0
    },
    {
      "id": 29,
      "text": "मुख्याध्यापक",
      "sentence": 11,
      "start": 578,
      "end": 586,
      "confidence": 1.0
    },
    {
      "id": 30,
      "text": "पदाचा",
      "sentence": 11,
      "start": 587,
      "end": 591,
      "confidence": 1.0
    },
    {
      "id": 31,
      "text": "कार्यभार",
      "sentence": 11,
      "start": 592,
      "end": 598,
      "confidence": 1.0
    },
    {
      "id": 32,
      "text": "जूनपासून",
      "sentence": 11,
      "start": 608,
      "end": 615,
      "confidence": 1.0
    },
    {
      "id": 33,
      "text": "त्या",
      "sentence": 11,
      "start": 616,
      "end": 618,
      "confidence": 1.0
    }
  ],
  "clusters": [
    [
      1,
      2
    ],
    [
      3,
      7
    ],
    [
      5,
      6
    ],
    [
      8,
      9
    ],
    [
      22,
      25
    ],
    [
      23,
      24
    ]
  ]
}