{
  "document_id": "document_57",
  "sentences": [
    "घाडगे हे काम करतात तर अप्पर मुख्य सचिव पदावर भगवान सहाय कार्यरत आहेत",
    "अंधेरीत एकतर्फी प्रेमातून त्या तरुणीची हत्या",
    "त्यांना खड्यासारखे वेचून काढले पाहिजे आणि ठेचूनही काढले पाहिजे.",
    "निवडणूक बिनविरोध करण्यासाठी राष्ट्रवादीचे नेते जयंत पाटील यांनी स्वता काँग्रेस नेत्या जयश्ा्राrताई पाटील यांच्याशी चर्चा केली.",
    "अकोला : पिकांचे नुकसान होऊनही विमा कंपनीकडून भरपाई मिळत नसल्याने अकोट तालुक्यातील शेतकरी संतप्त झाले आहेत.",
    "मिका सिंगविरोधात वर्सोवा पोलीस स्टेशनमध्ये विनयभंगाची तक्रार दाखल करण्यात आलाय.",
    "त्यांची मानसिकता बदलली.",
    "येवले चहावर कारवाई झाल्यानंतर आता अन्न आणि औषध प्रशासनानं उप्तादन बंद ठेवण्याचे आदेश दिले आहेत.",
    "बाहेरील खेळ",
    "तो प्रस्ताव त्या विभागाकडे गेल्यानंतर त्यावर अधीक्षक निर्णय घेतील.",
    "तत्पूर्वी शहरात प्रभागनिहाय दारूबंदीचा ठराव करावा लागणार आहे.",
    "प्रत्येक प्रभागातील किमान 25 टक्के महिलांनी दारूबंदीसाठी उत्पादन शुल्क विभागाला निवेदन द्यावे लागणार आहे.",
    "तसे निवेदन आल्यानंतर उत्पादन शुल्क विभाग या निवेदनावरील सह्यांची पडताळणी करेल.",
    "नंतर ते निवेदन जिल्हा अधीक्षक व जिल्हाधिकार्‍यांकडे पाठविण्यात येईल.",
    "त्यानंतर दारूबंदीवर निर्णय होऊ शकेल.जिल्हाधिकार्‍यांनी आदेश दिला तर उभी बाटली आडवी करण्यासाठी किमान 51 टक्के महिलांनी मतदान करणे आवश्यक आहे.",
    "तरच दारूबंदी शक्य आहे.",
    "ही सर्व प्रक्रिया वेळखाऊ आहे.शिवाय महिलांमध्ये जनजागृतीही करावी लागणार आहे.",
    "यासाठी सत्ताधारी मंडळींना आत्तापासूनच काम सुरू करावे लागेल.",
    "दरम्यान दारूबंदी होऊ नये यासाठी काही हितसबंधीयांनीही हालचाली सुरू केल्या आहेत.",
    "साक्री) येथील रहिवासी अनन्या शिंदे ही फर्स्ट रनरअप ठरली तसेच ती स्टाईल दिवा या किताबाची देखील मानकरी ठरली असल्याची माहिती तिचे प्रशिक्षक नंदकिशोर शेवाळे यांनी पत्रपरिषदेत दिली.",
    "आंतरराष्ट्रीय बाजारात सोन्याची मागणी वाढल्याने दर कडाडले आहेत.",
    "विकासाचे प्रश्‍न प्रलंबितच आहेत.",
    "प्रत्यक्षात वाढत्या एनपीएमुळे रिअल इस्टेट कंपन्यांना आपल्या योजना तडीस नेण्यासाठी अनंत अडचणींचा सामना करावा लागत आहे.",
    "ग्रीक, रोमन, अरबी, चिनी भाषेतील आहारावरील ग्रंथांत जिन्नस व पदार्थ यांचे गुणधर्म, आहारासंबंधी नियम यांची माहिती दिसते.",
    "गॅस पाइपलाइनसाठी जबरदस्तीने शेतकऱ्यांच्या जमिनी योग्य तो मोबदला न देता ताब्यात घेण्याचा प्रकार अतिशय संतापजनक आहे.",
    "अध्यक्षा शीतल सांगळे व बांधकाम सभापती मनीषा पवार यांनी याकामी नवीन प्रशासकीय इमारतीचा ५५ कोटींचा प्रस्ताव तयार केला.",
    "वेळापत्रक पूर्ण पणे कोलमडलंय.",
    "आत्मसन्मान असेल, तर सेनेने बाहेर पडावे.",
    "संजय राऊत यांच्या हस्ते बेळगाव येथील सार्वजनिक वाचनालयाने आयोजित केलेल्या बॅरीस्टर नाथ पै व्याख्यानमालेचं उदघाटन करण्यात आले.",
    "तेव्हा त्याने त्याचा चेला मक्सूद याच्याशी माझी गाठ घालून दिली.",
    "ही मालिका १ ऑगस्टपासून सुरु होईल.",
    "कर्मचाऱ्यांनी आपल्या हाताने या कारचे इंटीरिअर बनवले आहे.",
    "तिथे त्या महिलेने एका गोंडस बाळाला जन्म दिला.",
    "किर्लोस्कर वसुंधरा महोत्सवाचा उत्साहात समारोप",
    "तसेच अहिराणी साहित्य प्रकाशनाला अनुदान देण्याची घोषणा केली.",
    "या अपार्टमेंटमध्ये 100 कुटुंब राहतात."
  ],
  "mentions": [
    {
      "id": 0,
      "text": "सचिव",
      "sentence": 0,
      "start": 29,
      "end": 32,
      "confidence": 1.0
    },
    {
      "id": 1,
      "text": "पदावर",
      "sentence": 0,
      "start": 33,
      "end": 39,
      "confidence": 1.0
    },
    {
      "id": 2,
      "text": "अंधेरीत",
      "sentence": 1,
      "start": 0,
      "end": 7,
      "confidence": 1.0
    },
    {
      "id": 3,
      "text": "प्रेमातून",
      "sentence": 1,
      "start": 15,
      "end": 22,
      "confidence": 1.0
    },
    {
      "id": 4,
      "text": "त्या",
      "sentence": 1,
      "start": 23,
      "end": 25,
      "confidence": 1.0
    },
    {
      "id": 5,
      "text": "तरुणीची",
      "sentence": 1,
      "start": 26,
      "end": 32,
      "confidence": 1.0
    },
    {
      "id": 6,
      "text": "हत्या",
      "sentence": 1,
      "start": 33,
      "end": 36,
      "confidence": 1.0
    },
    {
      "id": 7,
      "text": "त्यांना",
      "sentence": 2,
      "start": 0,
      "end": 5,
      "confidence": 1.0
    },
    {
      "id": 8,
      "text": "खड्यासारखे",
      "sentence": 2,
      "start": 6,
      "end": 15,
      "confidence": 1.0
    },
    {
      "id": 9,
      "text": "राष्ट्रवादीचे",
      "sentence": 3,
      "start": 21,
      "end": 31,
      "confidence": 1.0
    },
    {
      "id": 10,
      "text": "नेते",
      "sentence": 3,
      "start": 32,
      "end": 35,
      "confidence": 1.0
    },
    {
      "id": 11,
      "text": "जयंत",
      "sentence": 3,
      "start": 36,
      "end": 40,
      "confidence": 1.0
    },
    {
      "id": 12,
      "text": "पाटील",
      "sentence": 3,
      "start": 41,
      "end": 46,
      "confidence": 1.0
    },
    {
      "id": 13,
      "text": "यांनी",
      "sentence": 3,
      "start": 47,
      "end": 51,
      "confidence": 1.0
    },
    {
      "id": 14,
      "text": "स्वता",
      "sentence": 3,
      "start": 52,
      "end": 56,
      "confidence": 1.0
    },
    {
      "id": 15,
      "text": "काँग्रेस",
      "sentence": 3,
      "start": 57,
      "end": 62,
      "confidence": 1.0
    },
    {
      "id": 16,
      "text": "नेत्या",
      "sentence": 3,
      "start": 63,
      "end": 67,
      "confidence": 1.0
    },
    {
      "id": 17,
      "text": "जयश्ा्राrताई",
      "sentence": 3,
      "start": 68,
      "end": 77,
      "confidence": 1.0
    },
    {
      "id": 18,
      "text": "पाटील",
      "sentence": 3,
      "start": 78,
      "end": 83,
      "confidence": 1.0
    },
    {
      "id": 19,
      "text": "चर्चा",
      "sentence": 3,
      "start": 91,
      "end": 95,
      "confidence": 1.0
    },
    {
      "id": 20,
      "text": "पिकांचे",
      "sentence": 4,
      "start": 8,
      "end": 13,
      "confidence": 1.0
    },
    {
      "id": 21,
      "text": "नुकसान",
      "sentence": 4,
      "start": 14,
      "end": 19,
      "confidence": 1.0
    },
    {
      "id": 22,
      "text": "विमा",
      "sentence": 4,
      "start": 26,
      "end": 29,
      "confidence": 1.0
    },
    {
      "id": 23,
      "text": "कंपनीकडून",
      "sentence": 4,
      "start": 30,
      "end": 39,
      "confidence": 1.0
    },
    {
      "id": 24,
      "text": "भरपाई",
      "sentence": 4,
      "start": 40,
      "end": 45,
      "confidence": 1.0
    },
    {
      "id": 25,
      "text": "शेतकरी",
      "sentence": 4,
      "start": 69,
      "end": 75,
      "confidence": 1.0
    },
    {
      "id": 26,
      "text": "मिका",
      "sentence": 5,
      "start": 0,
      "end": 3,
      "confidence": 1.0
    },
    {
      "id": 27,
      "text": "सिंगविरोधात",
      "sentence": 5,
      "start": 4,
      "end": 13,
      "confidence": 1.0
    },
    {
      "id": 28,
      "text": "पोलीस",
      "sentence": 5,
      "start": 21,
      "end": 25,
      "confidence": 1.0
    },
    {
      "id": 29,
      "text": "विनयभंगाची",
      "sentence": 5,
      "start": 36,
      "end": 45,
      "confidence": 1.0
    },
    {
      "id": 30,
      "text": "तक्रार",
      "sentence": 5,
      "start": 46,
      "end": 50,
      "confidence": 1.0
    },
    {
      "id": 31,
      "text": "त्यांची",
      "sentence": 6,
      "start": 0,
      "end": 5,
      "confidence": 1.0
    },
    {
      "id": 32,
      "text": "मानसिकता",
      "sentence": 6,
      "start": 6,
      "end": 13,
      "confidence": 1.0
    },
    {
      "id": 33,
      "text": "अन्न",
      "sentence": 7,
      "start": 30,
      "end": 33,
      "confidence": 1.0
    },
    {
      "id": 34,
      "text": "प्रशासनानं",
      "sentence": 7,
      "start": 42,
      "end": 50,
      "confidence": 1.0
    },
    {
      "id": 35,
      "text": "उप्तादन",
      "sentence": 7,
      "start": 51,
      "end": 57,
      "confidence": 1.0
    },
    {
      "id": 36,
      "text": "तो",
      "sentence": 9,
      "start": 0,
      "end": 1,
      "confidence": 1.0
    },
    {
      "id": 37,
      "text": "प्रस्ताव",
      "sentence": 9,
      "start": 2,
      "end": 7,
      "confidence": 1.0
    },
    {
      "id": 38,
      "text": "त्या",
      "sentence": 9,
      "start": 8,
      "end": 10,
      "confidence": 1.0
    },
    {
      "id": 39,
      "text": "विभागाकडे",
      "sentence": 9,
      "start": 11,
      "end": 18,
      "confidence": 1.0
    },
    {
      "id": 40,
      "text": "त्यावर",
      "sentence": 9,
      "start": 26,
      "end": 30,
      "confidence": 1.0
    },
    {
      "id": 41,
      "text": "अधीक्षक",
      "sentence": 9,
      "start": 31,
      "end": 37,
      "confidence": 1.0
    },
    {
      "id": 42,
      "text": "निर्णय",
      "sentence": 9,
      "start": 38,
      "end": 42,
      "confidence": 1.0
    },
    {
      "id": 43,
      "text": "शहरात",
      "sentence": 10,
      "start": 8,
      "end": 13,
      "confidence": 1.0
    },
    {
      "id": 44,
      "text": "ठराव",
      "sentence": 10,
      "start": 33,
      "end": 37,
      "confidence": 1.0
    },
    {
      "id": 45,
      "text": "महिलांनी",
      "sentence": 11,
      "start": 28,
      "end": 34,
      "confidence": 1.0
    },
    {
      "id": 46,
      "text": "दारूबंदीसाठी",
      "sentence": 11,
      "start": 35,
      "end": 44,
      "confidence": 1.0
    },
    {
      "id": 47,
      "text": "उत्पादन",
      "sentence": 11,
      "start": 45,
      "end": 51,
      "confidence": 1.0
    },
    {
      "id": 48,
      "text": "शुल्क",
      "sentence": 11,
      "start": 52,
      "end": 56,
      "confidence": 1.0
    },
    {
      "id": 49,
      "text": "विभागाला",
      "sentence": 11,
      "start": 57,
      "end": 64,
      "confidence": 1.0
    },
    {
      "id": 50,
      "text": "निवेदन",
      "sentence": 11,
      "start": 65,
      "end": 70,
      "confidence": 1.0
    },
    {
      "id": 51,
      "text": "निवेदन",
      "sentence": 12,
      "start": 4,
      "end": 9,
      "confidence": 1.0
    },
    {
      "id": 52,
      "text": "उत्पादन",
      "sentence": 12,
      "start": 16,
      "end": 22,
      "confidence": 1.0
    },
    {
      "id": 53,
      "text": "शुल्क",
      "sentence": 12,
      "start": 23,
      "end": 27,
      "confidence": 1.0
    },
    {
      "id": 54,
      "text": "विभाग",
      "sentence": 12,
      "start": 28,
      "end": 32,
      "confidence": 1.0
    },
    {
      "id": 55,
      "text": "निवेदनावरील",
      "sentence": 12,
      "start": 35,
      "end": 44,
      "confidence": 1.0
    },
    {
      "id": 56,
      "text": "सह्यांची",
      "sentence": 12,
      "start": 45,
      "end": 51,
      "confidence": 1.0
    },
    {
      "id": 57,
      "text": "पडताळणी",
      "sentence": 12,
      "start": 52,
      "end": 59,
      "confidence": 1.0
    },
    {
      "id": 58,
      "text": "ते",
      "sentence": 13,
      "start": 5,
      "end": 6,
      "confidence": 1.0
    },
    {
      "id": 59,
      "text": "निवेदन",
      "sentence": 13,
      "start": 7,
      "end": 12,
      "confidence": 1.0
    },
    {
      "id": 60,
      "text": "जिल्हा",
      "sentence": 13,
      "start": 13,
      "end": 17,
      "confidence": 1.0
    },
    {
      "id": 61,
      "text": "अधीक्षक",
      "sentence": 13,
      "start": 18,
      "end": 24,
      "confidence": 1.0
    },
    {
      "id": 62,
      "text": "जिल्हाधिकार्‍यांकडे",
      "sentence": 13,
      "start": 27,
      "end": 39,
      "confidence": 1.0
    },
    {
      "id": 63,
      "text": "दारूबंदीवर",
      "sentence": 14,
      "start": 8,
      "end": 16,
      "confidence": 1.0
    },
    {
      "id": 64,
      "text": "निर्णय",
      "sentence": 14,
      "start": 17,
      "end": 21,
      "confidence": 1.0
    },
    {
      "id": 65,
      "text": "जिल्हाधिकार्‍यांनी",
      "sentence": 14,
      "start": 29,
      "end": 41,
      "confidence": 1.0
    },
    {
      "id": 66,
      "text": "बाटली",
      "sentence": 14,
      "start": 57,
      "end": 61,
      "confidence": 1.0
    },
    {
      "id": 67,
      "text": "महिलांनी",
      "sentence": 14,
      "start": 85,
      "end": 91,
      "confidence": 1.0
    },
    {
      "id": 68,
      "text": "मतदान",
      "sentence": 14,
      "start": 92,
      "end": 96,
      "confidence": 1.0
    },
    {
      "id": 69,
      "text": "दारूबंदी",
      "sentence": 15,
      "start": 4,
      "end": 10,
      "confidence": 1.0
    },
    {
      "id": 70,
      "text": "प्रक्रिया",
      "sentence": 16,
      "start": 5,
      "end": 10,
      "confidence": 1.0
    },
    {
      "id": 71,
      "text": "महिलांमध्ये",
      "sentence": 16,
      "start": 31,
      "end": 38,
      "confidence": 1.0
    },
    {
      "id": 72,
      "text": "जनजागृतीही",
      "sentence": 16,
      "start": 39,
      "end": 48,
      "confidence": 1.0
    },
    {
      "id": 73,
      "text": "सत्ताधारी",
      "sentence": 17,
      "start": 6,
      "end": 12,
      "confidence": 1.0
    },
    {
      "id": 74,
      "text": "मंडळींना",
      "sentence": 17,
      "start": 13,
      "end": 19,
      "confidence": 1.0
    },
    {
      "id": 75,
      "text": "दारूबंदी",
      "sentence": 18,
      "start": 8,
      "end": 14,
      "confidence": 1.0
    },
    {
      "id": 76,
      "text": "हितसबंधीयांनीही",
      "sentence": 18,
      "start": 33,
      "end": 46,
      "confidence": 1.0
    },
    {
      "id": 77,
      "text": "हालचाली",
      "sentence": 18,
      "start": 47,
      "end": 53,
      "confidence": 1.0
    },
    {
      "id": 78,
      "text": "रहिवासी",
      "sentence": 19,
      "start": 11,
      "end": 17,
      "confidence": 1.0
    },
    {
      "id": 79,
      "text": "अनन्या",
      "sentence": 19,
      "start": 18,
      "end": 23,
      "confidence": 1.0
    },
    {
      "id": 80,
      "text": "शिंदे",
      "sentence": 19,
      "start": 24,
      "end": 28,
      "confidence": 1.0
    },
    {
      "id": 81,
      "text": "फर्स्ट",
      "sentence": 19,
      "start": 31,
      "end": 35,
      "confidence": 1.0
    },
    {
      "id": 82,
      "text": "रनरअप",
      "sentence": 19,
      "start": 36,
      "end": 42,
      "confidence": 1.0
    },
    {
      "id": 83,
      "text": "ती",
      "sentence": 19,
      "start": 52,
      "end": 53,
      "confidence": 1.0
    },
    {
      "id": 84,
      "text": "दिवा",
      "sentence": 19,
      "start": 60,
      "end": 63,
      "confidence": 1.0
    },
    {
      "id": 85,
      "text": "किताबाची",
      "sentence": 19,
      "start": 67,
      "end": 74,
      "confidence": 1.0
    },
    {
      "id": 86,
      "text": "मानकरी",
      "sentence": 19,
      "start": 81,
      "end": 86,
      "confidence": 1.0
    },
    {
      "id": 87,
      "text": "माहिती",
      "sentence": 19,
      "start": 95,
      "end": 99,
      "confidence": 1.0
    },
    {
      "id": 88,
      "text": "तिचे",
      "sentence": 19,
      "start": 100,
      "end": 103,
      "confidence": 1.0
    },
    {
      "id": 89,
      "text": "प्रशिक्षक",
      "sentence": 19,
      "start": 104,
      "end": 110,
      "confidence": 1.0
    },
    {
      "id": 90,
      "text": "नंदकिशोर",
      "sentence": 19,
      "start": 111,
      "end": 118,
      "confidence": 1.0
    },
    {
      "id": 91,
      "text": "शेवाळे",
      "sentence": 19,
      "start": 119,
      "end": 124,
      "confidence": 1.0
    },
    {
      "id": 92,
      "text": "यांनी",
      "sentence": 19,
      "start": 125,
      "end": 128,
      "confidence": 1.0
    },
    {
      "id": 93,
      "text": "पत्रपरिषदेत",
      "sentence": 19,
      "start": 129,
      "end": 138,
      "confidence": 1.0
    },
    {
      "id": 94,
      "text": "बाजारात",
      "sentence": 20,
      "start": 11,
      "end": 17,
      "confidence": 1.0
    },
    {
      "id": 95,
      "text": "सोन्याची",
      "sentence": 20,
      "start": 18,
      "end": 24,
      "confidence": 1.0
    },
    {
      "id": 96,
      "text": "मागणी",
      "sentence": 20,
      "start": 25,
      "end": 29,
      "confidence": 1.0
    },
    {
      "id": 97,
      "text": "विकासाचे",
      "sentence": 21,
      "start": 0,
      "end": 7,
      "confidence": 1.0
    },
    {
      "id": 98,
      "text": "प्रश्‍न",
      "sentence": 21,
      "start": 8,
      "end": 12,
      "confidence": 1.0
    },
    {
      "id": 99,
      "text": "एनपीएमुळे",
      "sentence": 22,
      "start": 11,
      "end": 18,
      "confidence": 1.0
    },
    {
      "id": 100,
      "text": "इस्टेट",
      "sentence": 22,
      "start": 24,
      "end": 29,
      "confidence": 1.0
    },
    {
      "id": 101,
      "text": "कंपन्यांना",
      "sentence": 22,
      "start": 30,
      "end": 37,
      "confidence": 1.0
    },
    {
      "id": 102,
      "text": "आपल्या",
      "sentence": 22,
      "start": 38,
      "end": 43,
      "confidence": 1.0
    },
    {
      "id": 103,
      "text": "योजना",
      "sentence": 22,
      "start": 44,
      "end": 48,
      "confidence": 1.0
    },
    {
      "id": 104,
      "text": "अडचणींचा",
      "sentence": 22,
      "start": 63,
      "end": 70,
      "confidence": 1.0
    },
    {
      "id": 105,
      "text": "सामना",
      "sentence": 22,
      "start": 71,
      "end": 75,
      "confidence": 1.0
    },
    {
      "id": 106,
      "text": "ग्रीक",
      "sentence": 23,
      "start": 0,
      "end": 4,
      "confidence": 1.0
    },
    {
      "id": 107,
      "text": "रोमन",
      "sentence": 23,
      "start": 6,
      "end": 10,
      "confidence": 1.0
    },
    {
      "id": 108,
      "text": "चिनी",
      "sentence": 23,
      "start": 18,
      "end": 22,
      "confidence": 1.0
    },
    {
      "id": 109,
      "text": "ग्रंथांत",
      "sentence": 23,
      "start": 38,
      "end": 44,
      "confidence": 1.0
    },
    {
      "id": 110,
      "text": "जिन्नस",
      "sentence": 23,
      "start": 45,
      "end": 50,
      "confidence": 1.0
    },
    {
      "id": 111,
      "text": "पदार्थ",
      "sentence": 23,
      "start": 53,
      "end": 57,
      "confidence": 1.0
    },
    {
      "id": 112,
      "text": "गुणधर्म",
      "sentence": 23,
      "start": 63,
      "end": 68,
      "confidence": 1.0
    },
    {
      "id": 113,
      "text": "आहारासंबंधी",
      "sentence": 23,
      "start": 70,
      "end": 79,
      "confidence": 1.0
    },
    {
      "id": 114,
      "text": "नियम",
      "sentence": 23,
      "start": 80,
      "end": 83,
      "confidence": 1.0
    },
    {
      "id": 115,
      "text": "माहिती",
      "sentence": 23,
      "start": 89,
      "end": 93,
      "confidence": 1.0
    },
    {
      "id": 116,
      "text": "पाइपलाइनसाठी",
      "sentence": 24,
      "start": 4,
      "end": 15,
      "confidence": 1.0
    },
    {
      "id": 117,
      "text": "जमिनी",
      "sentence": 24,
      "start": 37,
      "end": 41,
      "confidence": 1.0
    },
    {
      "id": 118,
      "text": "मोबदला",
      "sentence": 24,
      "start": 49,
      "end": 54,
      "confidence": 1.0
    },
    {
      "id": 119,
      "text": "ताब्यात",
      "sentence": 24,
      "start": 61,
      "end": 66,
      "confidence": 1.0
    },
    {
      "id": 120,
      "text": "प्रकार",
      "sentence": 24,
      "start": 75,
      "end": 79,
      "confidence": 1.0
    },
    {
      "id": 121,
      "text": "बांधकाम",
      "sentence": 25,
      "start": 19,
      "end": 25,
      "confidence": 1.0
    },
    {
      "id": 122,
      "text": "सभापती",
      "sentence": 25,
      "start": 26,
      "end": 31,
      "confidence": 1.0
    },
    {
      "id": 123,
      "text": "मनीषा",
      "sentence": 25,
      "start": 32,
      "end": 37,
      "confidence": 1.0
    },
    {
      "id": 124,
      "text": "पवार",
      "sentence": 25,
      "start": 38,
      "end": 42,
      "confidence": 1.0
    },
    {
      "id": 125,
      "text": "यांनी",
      "sentence": 25,
      "start": 43,
      "end": 46,
      "confidence": 1.0
    },
    {
      "id": 126,
      "text": "इमारतीचा",
      "sentence": 25,
      "start": 65,
      "end": 72,
      "confidence": 1.0
    },
    {
      "id": 127,
      "text": "प्रस्ताव",
      "sentence": 25,
      "start": 83,
      "end": 88,
      "confidence": 1.0
    },
    {
      "id": 128,
      "text": "वेळापत्रक",
      "sentence": 26,
      "start": 0,
      "end": 7,
      "confidence": 1.0
    },
    {
      "id": 129,
      "text": "आत्मसन्मान",
      "sentence": 27,
      "start": 0,
      "end": 9,
      "confidence": 1.0
    },
    {
      "id": 130,
      "text": "सेनेने",
      "sentence": 27,
      "start": 21,
      "end": 25,
      "confidence": 1.0
    },
    {
      "id": 131,
      "text": "राऊत",
      "sentence": 28,
      "start": 5,
      "end": 9,
      "confidence": 1.0
    },
    {
      "id": 132,
      "text": "हस्ते",
      "sentence": 28,
      "start": 16,
      "end": 19,
      "confidence": 1.0
    },
    {
      "id": 133,
      "text": "बेळगाव",
      "sentence": 28,
      "start": 20,
      "end": 25,
      "confidence": 1.0
    },
    {
      "id": 134,
      "text": "वाचनालयाने",
      "sentence": 28,
      "start": 37,
      "end": 45,
      "confidence": 1.0
    },
    {
      "id": 135,
      "text": "बॅरीस्टर",
      "sentence": 28,
      "start": 58,
      "end": 64,
      "confidence": 1.0
    },
    {
      "id": 136,
      "text": "व्याख्यानमालेचं",
      "sentence": 28,
      "start": 72,
      "end": 83,
      "confidence": 1.0
    },
    {
      "id": 137,
      "text": "उदघाटन",
      "sentence": 28,
      "start": 84,
      "end": 90,
      "confidence": 1.0
    },
    {
      "id": 138,
      "text": "त्याने",
      "sentence": 29,
      "start": 5,
      "end": 8,
      "confidence": 1.0
    },
    {
      "id": 139,
      "text": "त्याचा",
      "sentence": 29,
      "start": 9,
      "end": 13,
      "confidence": 1.0
    },
    {
      "id": 140,
      "text": "मक्सूद",
      "sentence": 29,
      "start": 19,
      "end": 24,
      "confidence": 1.0
    },
    {
      "id": 141,
      "text": "माझी",
      "sentence": 29,
      "start": 32,
      "end": 35,
      "confidence": 1.0
    },
    {
      "id": 142,
      "text": "मालिका",
      "sentence": 30,
      "start": 2,
      "end": 6,
      "confidence": 1.0
    },
    {
      "id": 143,
      "text": "ऑगस्टपासून",
      "sentence": 30,
      "start": 9,
      "end": 18,
      "confidence": 1.0
    },
    {
      "id": 144,
      "text": "कर्मचाऱ्यांनी",
      "sentence": 31,
      "start": 0,
      "end": 9,
      "confidence": 1.0
    },
    {
      "id": 145,
      "text": "आपल्या",
      "sentence": 31,
      "start": 10,
      "end": 15,
      "confidence": 1.0
    },
    {
      "id": 146,
      "text": "हाताने",
      "sentence": 31,
      "start": 16,
      "end": 20,
      "confidence": 1.0
    },
    {
      "id": 147,
      "text": "कारचे",
      "sentence": 31,
      "start": 23,
      "end": 27,
      "confidence": 1.0
    },
    {
      "id": 148,
      "text": "इंटीरिअर",
      "sentence": 31,
      "start": 28,
      "end": 35,
      "confidence": 1.0
    },
    {
      "id": 149,
      "text": "त्या",
      "sentence": 32,
      "start": 5,
      "end": 7,
      "confidence": 1.0
    },
    {
      "id": 150,
      "text": "महिलेने",
      "sentence": 32,
      "start": 8,
      "end": 13,
      "confidence": 1.0
    },
    {
      "id": 151,
      "text": "बाळाला",
      "sentence": 32,
      "start": 22,
      "end": 26,
      "confidence": 1.0
    },
    {
      "id": 152,
      "text": "जन्म",
      "sentence": 32,
      "start": 27,
      "end": 30,
      "confidence": 1.0
    },
    {
      "id": 153,
      "text": "किर्लोस्कर",
      "sentence": 33,
      "start": 0,
      "end": 9,
      "confidence": 1.0
    },
    {
      "id": 154,
      "text": "वसुंधरा",
      "sentence": 33,
      "start": 10,
      "end": 15,
      "confidence": 1.0
    },
    {
      "id": 155,
      "text": "महोत्सवाचा",
      "sentence": 33,
      "start": 16,
      "end": 24,
      "confidence": 1.0
    },
    {
      "id": 156,
      "text": "उत्साहात",
      "sentence": 33,
      "start": 25,
      "end": 31,
      "confidence": 1.0
    },
    {
      "id": 157,
      "text": "समारोप",
      "sentence": 33,
      "start": 32,
      "end": 37,
      "confidence": 1.0
    },
    {
      "id": 158,
      "text": "साहित्य",
      "sentence": 34,
      "start": 13,
      "end": 17,
      "confidence": 1.0
    },
    {
      "id": 159,
      "text": "प्रकाशनाला",
      "sentence": 34,
      "start": 18,
      "end": 26,
      "confidence": 1.0
    },
    {
      "id": 160,
      "text": "अनुदान",
      "sentence": 34,
      "start": 27,
      "end": 32,
      "confidence": 1.0
    },
    {
      "id": 161,
      "text": "घोषणा",
      "sentence": 34,
      "start": 40,
      "end": 44,
      "confidence": 1.0
    },
    {
      "id": 162,
      "text": "अपार्टमेंटमध्ये",
      "sentence": 35,
      "start": 2,
      "end": 12,
      "confidence": 1.0
    },
    {
      "id": 163,
      "text": "कुटुंब",
      "sentence": 35,
      "start": 18,
      "end": 22,
      "confidence": 1.0
    }
  ],
  "clusters": [
    [
      0,
      1
    ],
    [
      5,
      6
    ],
    [
      9,
      10
    ],
    [
      17,
      18,
      19,
      20
    ],
    [
      23,
      24,
      25
    ],
    [
      30,
      31
    ],
    [
      36,
      37
    ],
    [
      45,
      46
    ],
    [
      48,
      49,
      50
    ],
    [
      54,
      55,
      58
    ],
    [
      56,
      57
    ],
    [
      62,
      67,
      85,
      93,
      101
    ],
    [
      71,
      72,
      76,
      77,
      80,
      81
    ],
    [
      68,
      69,
      70,
      73,
      74,
      75
    ],
    [
      59,
      83,
      82
    ],
    [
      84,
      87
    ],
    [
      66,
      91,
      96
    ],
    [
      94,
      95
    ],
    [
      98,
      99
    ],
    [
      106,
      107,
      108,
      111,
      117
    ],
    [
      118,
      119,
      120,
      121
    ],
    [
      130,
      131,
      132
    ],
    [
      133,
      134
    ],
    [
      142,
      147
    ],
    [
      150,
      151
    ],
    [
      158,
      159,
      162,
      163
    ]
  ]
}