{
  "document_id": "document_59",
  "sentences": [
    "त्यावेळी या दोन तरुणांना पाण्याचा अंदाज न आल्याने पाण्यात बुडू लागले.",
    "त्रासून गावाच्या पाटलाने झाडाखाली पहाऱ्याला एका माणसाला बसवलं.",
    "आता वानरांची पंचाईत झाली.",
    "झाडाजवळ जाण्याचं साहस होईना.",
    "पहारेकऱ्याच्या हातात तीर-कमठा.",
    "पिकलेल्या फळांच्या वासाने वानरांचा जीव तडफडू लागला.",
    "मग त्यांना एक युक्ती सुचली.",
    "रात्री झाडावर चढून ती फळं खाऊ लागले आणि उजाडायच्या आत पसार.",
    "रात्री पहारा नव्हता ना!",
    "प्रत्येकाला जगण्याचा अधिकार आहे.",
    "श्री - आजी."
  ],
  "mentions": [
    {
      "id": 0,
      "text": "तरुणांना",
      "sentence": 0,
      "start": 13,
      "end": 19,
      "confidence": 1.0
    },
    {
      "id": 1,
      "text": "पाण्याचा",
      "sentence": 0,
      "start": 20,
      "end": 26,
      "confidence": 1.0
    },
    {
      "id": 2,
      "text": "पाण्यात",
      "sentence": 0,
      "start": 44,
      "end": 49,
      "confidence": 1.0
    },
    {
      "id": 3,
      "text": "पाटलाने",
      "sentence": 1,
      "start": 100,
      "end": 106,
      "confidence": 1.0
    },
    {
      "id": 4,
      "text": "पहाऱ्याला",
      "sentence": 1,
      "start": 116,
      "end": 122,
      "confidence": 1.0
    },
    {
      "id": 5,
      "text": "माणसाला",
      "sentence": 1,
      "start": 129,
      "end": 135,
      "confidence": 1.0
    },
    {
      "id": 6,
      "text": "वानरांची",
      "sentence": 2,
      "start": 154,
      "end": 160,
      "confidence": 1.0
    },
    {
      "id": 7,
      "text": "पंचाईत",
      "sentence": 2,
      "start": 162,
      "end": 168,
      "confidence": 1.0
    },
    {
      "id": 8,
      "text": "साहस",
      "sentence": 3,
      "start": 194,
      "end": 197,
      "confidence": 1.0
    },
    {
      "id": 9,
      "text": "पहारेकऱ्याच्या",
      "sentence": 4,
      "start": 206,
      "end": 216,
      "confidence": 1.0
    },
    {
      "id": 10,
      "text": "तीर-कमठा",
      "sentence": 4,
      "start": 222,
      "end": 230,
      "confidence": 1.0
    },
    {
      "id": 11,
      "text": "वासाने",
      "sentence": 5,
      "start": 247,
      "end": 251,
      "confidence": 1.0
    },
    {
      "id": 12,
      "text": "वानरांचा",
      "sentence": 5,
      "start": 252,
      "end": 258,
      "confidence": 1.0
    },
    {
      "id": 13,
      "text": "त्यांना",
      "sentence": 6,
      "start": 278,
      "end": 282,
      "confidence": 1.0
    },
    {
      "id": 14,
      "text": "युक्ती",
      "sentence": 6,
      "start": 286,
      "end": 289,
      "confidence": 1.0
    },
    {
      "id": 15,
      "text": "ती",
      "sentence": 7,
      "start": 312,
      "end": 313,
      "confidence": 1.0
    },
    {
      "id": 16,
      "text": "पहारा",
      "sentence": 8,
      "start": 344,
      "end": 348,
      "confidence": 1.0
    },
    {
      "id": 17,
      "text": "प्रत्येकाला",
      "sentence": 9,
      "start": 359,
      "end": 366,
      "confidence": 1.0
    },
    {
      "id": 18,
      "text": "अधिकार",
      "sentence": 9,
      "start": 374,
      "end": 378,
      "confidence": 1.0
    },
    {
      "id": 19,
      "text": "श्री",
      "sentence": 10,
      "start": 384,
      "end": 386,
      "confidence": 1.0
    }
  ],
  "clusters": [
    [
      1,
      2
    ],
    [
      5,
      9
    ],
    [
      6,
      14,
      16
    ],
    [
      12,
      18,
      19
    ]
  ]
}