{
  "document_id": "document_277",
  "sentences": [
    "एकच क्षण होता तो.",
    "लाकडांच्या फ्री पासचा फायदा घेऊन या लाकडांमधून चंदन, सिसम, रक्‍तचंदन, सागवान या दुर्मीळ वनस्पतींची चोरटी वाहतूकही वाढण्याचा धोका आहे.",
    "आपण आधी, एक कंपनी धोरण अद्याप जारी केले गेले नाही पुष्टी जे तात्पुरती प्रमाणपत्र मिळविण्यासाठी आपण अर्ज करत आहेत.",
    "यात माझे कौतुक करण्यासारखे खरे तर काहीच नाही.",
    "> २२ नोव्हेंबर २०१८",
    "या भागातील आदिवासी मुंबईच्या इतर भागात येऊन या भाज्या विकततात.",
    "मुंबई – मुसळधार पावसाने मुंबई, उपनगरासह परिसराला चांगलेच झोडपले आहे.",
    "या सिरीयलमध्ये अनिल कपूर जयसिंह राठोड या दहशतवाद विरोधी पथक प्रमुखाच्या भूमिकेत दिसणार आहे.",
    "जेलीफिश रात्रीच्या वेळी किंवा मध्यरात्री समुद्राच्या तळावर घोळक्याने जमतात.",
    "लोखंडी जाळीची चौकट कबाब",
    "ज्योतिष हे वेदाचे प्राचीन शास्त्र आहे.",
    "त्यांना आवरघालत वेशीबाहेर जाण्यासाठी",
    "१९७५ मध्ये पांडू हवालदारच्या रुपात दादा पुन्हा पडद्यावर आले.",
    "पांडू हवालदार मध्ये दादांनी ‘अशोक सराफ’ या उमद्या कलावंताला संधी दिली.",
    "यातूनच दादांची दूरदृष्टी दिसून येते.",
    "मुंबई पोलिसांचा हा हवालदार तिकीट्बारीवर MI6 च्या एजंटला भारी पडला.",
    "पांडू हवालदारमुळे मुंबईत MGM ला The Man With The Golden Gun लावायला सिनेमागृहे मिळेनात.",
    "कधी नव्हे ते जेम्स बॉंडचा सिनेमा महाराष्ट्रात फ्लॉप गेला.",
    "त्याचबरोबर दादांचा आलेख मात्र चढत गेला.",
    "लढाईत वेगाने आगेकूच करताना शत्रूच्या तळावर मोजकेच पण मर्मभेदी हल्ले करण्याची आवश्यकता असते.",
    "मीडिया रिपोर्टनुसार, मुंबई पोलिसांच्या सायबर सेलमध्ये एजाजची चौकशी करण्यात येत आहे.",
    "पुणे विभागीय क्रीडा समितीच्या सहकार्याने मध्य रेल्वेने शिवछत्रपती क्रीडानगरीत या स्पर्धेच्या संयोजनाची जबाबदारी स्वीकारली आहे.",
    "याचवेळी मोठय़ा संख्येने एकत्र आलेल्या या माजी लोकप्रतिनिधींसाठी ही जणू पर्वणीच ठरली होती.",
    "यासाठी पहिल्यांदाच ‘ऑप्टीकल वेरियबल इंक’चा वापर करण्यात आला आहे.",
    "हे धरण 30 टीएमसी (86 टक्के) भरले आहे.",
    "आपण गणिते कलम सैन्याने स्थान सोडले तेव्हा योग्य कार्य करील, असे सैन्याने स्वीकार करत आहेत.",
    "जिओ प्राईमची नोंदणी जी अजूनही मोफतच असल्यासारखी सुरु आहे त्याद्वारे हे सामने दाखवले जाणार आहेत.",
    "या बॅनर जाहिराती सामग्री सहसा उद्देश व्यक्ती संसाधन गेला जे संबंधित नाही.",
    "दुर्दैवाने, DDDS मूळ आज दृश्य नाही समान आहे.",
    "अद्याप याबाबत लष्कराकडून कोणतीही माहिती देण्यात आलेली नाही.",
    "शरीर सौष्ठव फोर्ड रेंजर्स मध्ये - संकलन.",
    "विजयसिंह मोहिते—पाटील, आ.",
    "त्यानंतर तीन ते चार महिन्यानंतर त्यांनी मंत्रीपदाची संधी दिली.",
    "\"धान्याचे कणीस\" टीप आवर्त शब्दांत आणि काही सजावट समाविष्ट आहे.",
    "म्हैसुरी खिल्लार आणि नकली खिल्लारांचे रंग काही वेळा कोसा किंवा जांभळट कोसा छटेचा येतो.",
    "तडे गेलेल्या भिंती, छत, तुटलेल्या दारे-खिडक्या, गळके पत्रे, यामुळे शाळेची इमारत मोडकळीस आली आहे.",
    "अविनाश महातेकर – मुंबई",
    "निवडणुकीमध्ये काँग्रेससह राष्टवादी काँग्रेस, व   भाजप, शिवसेनेनेही आपापले नगराध्यक्षपदासह नगरसेवक पदासाठी स्वतंत्र्य उमेदवार निवडणूक रिंगणात उतरविले होते.",
    "बस अपघातात चालकासह दोघे ठार",
    "स्वागताध्यक्ष डिकाप्पा पावशे आणि दिंडी संस्थापक निंगोजी पाटील यांच्या हस्ते सर्व मान्यवर व देणगीदारांचा वारकरी टोपी व श्रीफळ देऊन स्वागत करण्यात आले.",
    "आपण उशीरा अन्न सेवन करण्याची सवय असेल तर;",
    "नागपूरात भटक्या कुत्र्यांचा हैदोस पाहायला मिळत आहे.",
    "या वेळी केल्याने लक्ष न दिला गेलेला करून उडतो, आणि गडद अतिशय सहज गमावले करा.",
    "पंतप्रधान नरेंद्र मोदी यांनी मे 2014 मध्ये पंतप्रधानपद हाती घेतल्यापासून एकूण ८४ देशांचा दौरा केला आहे.",
    "परराष्ट्र व्यवहार राज्यमंत्री व्ही."
  ],
  "mentions": [
    {
      "id": 0,
      "text": "क्षण",
      "sentence": 0,
      "start": 4,
      "end": 7,
      "confidence": 1.0
    },
    {
      "id": 1,
      "text": "तो",
      "sentence": 0,
      "start": 13,
      "end": 14,
      "confidence": 1.0
    },
    {
      "id": 2,
      "text": "फायदा",
      "sentence": 1,
      "start": 35,
      "end": 40,
      "confidence": 1.0
    },
    {
      "id": 3,
      "text": "लाकडांमधून",
      "sentence": 1,
      "start": 48,
      "end": 57,
      "confidence": 1.0
    },
    {
      "id": 4,
      "text": "चंदन",
      "sentence": 1,
      "start": 59,
      "end": 63,
      "confidence": 1.0
    },
    {
      "id": 5,
      "text": "सिसम",
      "sentence": 1,
      "start": 64,
      "end": 68,
      "confidence": 1.0
    },
    {
      "id": 6,
      "text": "रक्‍तचंदन",
      "sentence": 1,
      "start": 69,
      "end": 77,
      "confidence": 1.0
    },
    {
      "id": 7,
      "text": "सागवान",
      "sentence": 1,
      "start": 78,
      "end": 84,
      "confidence": 1.0
    },
    {
      "id": 8,
      "text": "वनस्पतींची",
      "sentence": 1,
      "start": 91,
      "end": 99,
      "confidence": 1.0
    },
    {
      "id": 9,
      "text": "धोका",
      "sentence": 1,
      "start": 117,
      "end": 121,
      "confidence": 1.0
    },
    {
      "id": 10,
      "text": "आपण",
      "sentence": 2,
      "start": 152,
      "end": 155,
      "confidence": 1.0
    },
    {
      "id": 11,
      "text": "कंपनी",
      "sentence": 2,
      "start": 164,
      "end": 169,
      "confidence": 1.0
    },
    {
      "id": 12,
      "text": "धोरण",
      "sentence": 2,
      "start": 170,
      "end": 174,
      "confidence": 1.0
    },
    {
      "id": 13,
      "text": "पुष्टी",
      "sentence": 2,
      "start": 192,
      "end": 196,
      "confidence": 1.0
    },
    {
      "id": 14,
      "text": "प्रमाणपत्र",
      "sentence": 2,
      "start": 208,
      "end": 216,
      "confidence": 1.0
    },
    {
      "id": 15,
      "text": "आपण",
      "sentence": 2,
      "start": 222,
      "end": 225,
      "confidence": 1.0
    },
    {
      "id": 16,
      "text": "माझे",
      "sentence": 3,
      "start": 262,
      "end": 265,
      "confidence": 1.0
    },
    {
      "id": 17,
      "text": "कौतुक",
      "sentence": 3,
      "start": 267,
      "end": 271,
      "confidence": 1.0
    },
    {
      "id": 18,
      "text": "आदिवासी",
      "sentence": 5,
      "start": 330,
      "end": 335,
      "confidence": 1.0
    },
    {
      "id": 19,
      "text": "भागात",
      "sentence": 5,
      "start": 348,
      "end": 352,
      "confidence": 1.0
    },
    {
      "id": 20,
      "text": "भाज्या",
      "sentence": 5,
      "start": 361,
      "end": 365,
      "confidence": 1.0
    },
    {
      "id": 21,
      "text": "मुंबई",
      "sentence": 6,
      "start": 384,
      "end": 388,
      "confidence": 1.0
    },
    {
      "id": 22,
      "text": "पावसाने",
      "sentence": 6,
      "start": 397,
      "end": 403,
      "confidence": 1.0
    },
    {
      "id": 23,
      "text": "मुंबई",
      "sentence": 6,
      "start": 405,
      "end": 409,
      "confidence": 1.0
    },
    {
      "id": 24,
      "text": "परिसराला",
      "sentence": 6,
      "start": 420,
      "end": 428,
      "confidence": 1.0
    },
    {
      "id": 25,
      "text": "सिरीयलमध्ये",
      "sentence": 7,
      "start": 462,
      "end": 470,
      "confidence": 1.0
    },
    {
      "id": 26,
      "text": "कपूर",
      "sentence": 7,
      "start": 476,
      "end": 480,
      "confidence": 1.0
    },
    {
      "id": 27,
      "text": "जयसिंह",
      "sentence": 7,
      "start": 481,
      "end": 487,
      "confidence": 1.0
    },
    {
      "id": 28,
      "text": "राठोड",
      "sentence": 7,
      "start": 488,
      "end": 493,
      "confidence": 1.0
    },
    {
      "id": 29,
      "text": "दहशतवाद",
      "sentence": 7,
      "start": 495,
      "end": 503,
      "confidence": 1.0
    },
    {
      "id": 30,
      "text": "भूमिकेत",
      "sentence": 7,
      "start": 523,
      "end": 529,
      "confidence": 1.0
    },
    {
      "id": 31,
      "text": "जेलीफिश",
      "sentence": 8,
      "start": 555,
      "end": 562,
      "confidence": 1.0
    },
    {
      "id": 32,
      "text": "मध्यरात्री",
      "sentence": 8,
      "start": 580,
      "end": 587,
      "confidence": 1.0
    },
    {
      "id": 33,
      "text": "समुद्राच्या",
      "sentence": 8,
      "start": 588,
      "end": 596,
      "confidence": 1.0
    },
    {
      "id": 34,
      "text": "तळावर",
      "sentence": 8,
      "start": 597,
      "end": 602,
      "confidence": 1.0
    },
    {
      "id": 35,
      "text": "घोळक्याने",
      "sentence": 8,
      "start": 603,
      "end": 609,
      "confidence": 1.0
    },
    {
      "id": 36,
      "text": "जाळीची",
      "sentence": 9,
      "start": 635,
      "end": 641,
      "confidence": 1.0
    },
    {
      "id": 37,
      "text": "चौकट",
      "sentence": 9,
      "start": 642,
      "end": 647,
      "confidence": 1.0
    },
    {
      "id": 38,
      "text": "कबाब",
      "sentence": 9,
      "start": 648,
      "end": 652,
      "confidence": 1.0
    },
    {
      "id": 39,
      "text": "ज्योतिष",
      "sentence": 10,
      "start": 653,
      "end": 658,
      "confidence": 1.0
    },
    {
      "id": 40,
      "text": "वेदाचे",
      "sentence": 10,
      "start": 662,
      "end": 667,
      "confidence": 1.0
    },
    {
      "id": 41,
      "text": "शास्त्र",
      "sentence": 10,
      "start": 673,
      "end": 677,
      "confidence": 1.0
    },
    {
      "id": 42,
      "text": "त्यांना",
      "sentence": 11,
      "start": 689,
      "end": 693,
      "confidence": 1.0
    },
    {
      "id": 43,
      "text": "वेशीबाहेर",
      "sentence": 11,
      "start": 702,
      "end": 710,
      "confidence": 1.0
    },
    {
      "id": 44,
      "text": "पांडू",
      "sentence": 12,
      "start": 732,
      "end": 736,
      "confidence": 1.0
    },
    {
      "id": 45,
      "text": "रुपात",
      "sentence": 12,
      "start": 748,
      "end": 752,
      "confidence": 1.0
    },
    {
      "id": 46,
      "text": "दादा",
      "sentence": 12,
      "start": 754,
      "end": 758,
      "confidence": 1.0
    },
    {
      "id": 47,
      "text": "पांडू",
      "sentence": 13,
      "start": 777,
      "end": 781,
      "confidence": 1.0
    },
    {
      "id": 48,
      "text": "हवालदार",
      "sentence": 13,
      "start": 782,
      "end": 789,
      "confidence": 1.0
    },
    {
      "id": 49,
      "text": "दादांनी",
      "sentence": 13,
      "start": 794,
      "end": 800,
      "confidence": 1.0
    },
    {
      "id": 50,
      "text": "अशोक",
      "sentence": 13,
      "start": 804,
      "end": 809,
      "confidence": 1.0
    },
    {
      "id": 51,
      "text": "सराफ",
      "sentence": 13,
      "start": 810,
      "end": 814,
      "confidence": 1.0
    },
    {
      "id": 52,
      "text": "कलावंताला",
      "sentence": 13,
      "start": 822,
      "end": 831,
      "confidence": 1.0
    },
    {
      "id": 53,
      "text": "संधी",
      "sentence": 13,
      "start": 833,
      "end": 837,
      "confidence": 1.0
    },
    {
      "id": 54,
      "text": "दादांची",
      "sentence": 14,
      "start": 853,
      "end": 859,
      "confidence": 1.0
    },
    {
      "id": 55,
      "text": "दूरदृष्टी",
      "sentence": 14,
      "start": 860,
      "end": 868,
      "confidence": 1.0
    },
    {
      "id": 56,
      "text": "मुंबई",
      "sentence": 15,
      "start": 878,
      "end": 882,
      "confidence": 1.0
    },
    {
      "id": 57,
      "text": "पोलिसांचा",
      "sentence": 15,
      "start": 883,
      "end": 892,
      "confidence": 1.0
    },
    {
      "id": 58,
      "text": "हवालदार",
      "sentence": 15,
      "start": 893,
      "end": 900,
      "confidence": 1.0
    },
    {
      "id": 59,
      "text": "एजंटला",
      "sentence": 15,
      "start": 917,
      "end": 923,
      "confidence": 1.0
    },
    {
      "id": 60,
      "text": "पांडू",
      "sentence": 16,
      "start": 945,
      "end": 949,
      "confidence": 1.0
    },
    {
      "id": 61,
      "text": "हवालदारमुळे",
      "sentence": 16,
      "start": 950,
      "end": 960,
      "confidence": 1.0
    },
    {
      "id": 62,
      "text": "मुंबईत",
      "sentence": 16,
      "start": 961,
      "end": 966,
      "confidence": 1.0
    },
    {
      "id": 63,
      "text": "सिनेमागृहे",
      "sentence": 16,
      "start": 1015,
      "end": 1024,
      "confidence": 1.0
    },
    {
      "id": 64,
      "text": "जेम्स",
      "sentence": 17,
      "start": 1048,
      "end": 1052,
      "confidence": 1.0
    },
    {
      "id": 65,
      "text": "सिनेमा",
      "sentence": 17,
      "start": 1059,
      "end": 1064,
      "confidence": 1.0
    },
    {
      "id": 66,
      "text": "महाराष्ट्रात",
      "sentence": 17,
      "start": 1065,
      "end": 1075,
      "confidence": 1.0
    },
    {
      "id": 67,
      "text": "दादांचा",
      "sentence": 18,
      "start": 1098,
      "end": 1104,
      "confidence": 1.0
    },
    {
      "id": 68,
      "text": "लढाईत",
      "sentence": 19,
      "start": 1127,
      "end": 1133,
      "confidence": 1.0
    },
    {
      "id": 69,
      "text": "तळावर",
      "sentence": 19,
      "start": 1161,
      "end": 1166,
      "confidence": 1.0
    },
    {
      "id": 70,
      "text": "हल्ले",
      "sentence": 19,
      "start": 1182,
      "end": 1186,
      "confidence": 1.0
    },
    {
      "id": 71,
      "text": "आवश्यकता",
      "sentence": 19,
      "start": 1196,
      "end": 1204,
      "confidence": 1.0
    },
    {
      "id": 72,
      "text": "मीडिया",
      "sentence": 20,
      "start": 1219,
      "end": 1224,
      "confidence": 1.0
    },
    {
      "id": 73,
      "text": "रिपोर्टनुसार",
      "sentence": 20,
      "start": 1225,
      "end": 1235,
      "confidence": 1.0
    },
    {
      "id": 74,
      "text": "मुंबई",
      "sentence": 20,
      "start": 1237,
      "end": 1241,
      "confidence": 1.0
    },
    {
      "id": 75,
      "text": "सायबर",
      "sentence": 20,
      "start": 1252,
      "end": 1257,
      "confidence": 1.0
    },
    {
      "id": 76,
      "text": "सेलमध्ये",
      "sentence": 20,
      "start": 1258,
      "end": 1265,
      "confidence": 1.0
    },
    {
      "id": 77,
      "text": "एजाजची",
      "sentence": 20,
      "start": 1266,
      "end": 1272,
      "confidence": 1.0
    },
    {
      "id": 78,
      "text": "चौकशी",
      "sentence": 20,
      "start": 1273,
      "end": 1278,
      "confidence": 1.0
    },
    {
      "id": 79,
      "text": "सहकार्याने",
      "sentence": 21,
      "start": 1329,
      "end": 1338,
      "confidence": 1.0
    },
    {
      "id": 80,
      "text": "रेल्वेने",
      "sentence": 21,
      "start": 1343,
      "end": 1350,
      "confidence": 1.0
    },
    {
      "id": 81,
      "text": "क्रीडानगरीत",
      "sentence": 21,
      "start": 1360,
      "end": 1370,
      "confidence": 1.0
    },
    {
      "id": 82,
      "text": "संयोजनाची",
      "sentence": 21,
      "start": 1384,
      "end": 1393,
      "confidence": 1.0
    },
    {
      "id": 83,
      "text": "जबाबदारी",
      "sentence": 21,
      "start": 1395,
      "end": 1403,
      "confidence": 1.0
    },
    {
      "id": 84,
      "text": "संख्येने",
      "sentence": 22,
      "start": 1428,
      "end": 1434,
      "confidence": 1.0
    },
    {
      "id": 85,
      "text": "लोकप्रतिनिधींसाठी",
      "sentence": 22,
      "start": 1461,
      "end": 1477,
      "confidence": 1.0
    },
    {
      "id": 86,
      "text": "वापर",
      "sentence": 23,
      "start": 1547,
      "end": 1551,
      "confidence": 1.0
    },
    {
      "id": 87,
      "text": "टीएमसी",
      "sentence": 24,
      "start": 1588,
      "end": 1593,
      "confidence": 1.0
    },
    {
      "id": 88,
      "text": "आपण",
      "sentence": 25,
      "start": 1620,
      "end": 1623,
      "confidence": 1.0
    },
    {
      "id": 89,
      "text": "गणिते",
      "sentence": 25,
      "start": 1625,
      "end": 1629,
      "confidence": 1.0
    },
    {
      "id": 90,
      "text": "सैन्याने",
      "sentence": 25,
      "start": 1634,
      "end": 1640,
      "confidence": 1.0
    },
    {
      "id": 91,
      "text": "स्थान",
      "sentence": 25,
      "start": 1641,
      "end": 1645,
      "confidence": 1.0
    },
    {
      "id": 92,
      "text": "कार्य",
      "sentence": 25,
      "start": 1661,
      "end": 1665,
      "confidence": 1.0
    },
    {
      "id": 93,
      "text": "सैन्याने",
      "sentence": 25,
      "start": 1682,
      "end": 1688,
      "confidence": 1.0
    },
    {
      "id": 94,
      "text": "प्राईमची",
      "sentence": 26,
      "start": 1713,
      "end": 1720,
      "confidence": 1.0
    },
    {
      "id": 95,
      "text": "नोंदणी",
      "sentence": 26,
      "start": 1721,
      "end": 1727,
      "confidence": 1.0
    },
    {
      "id": 96,
      "text": "सामने",
      "sentence": 26,
      "start": 1785,
      "end": 1790,
      "confidence": 1.0
    },
    {
      "id": 97,
      "text": "बॅनर",
      "sentence": 27,
      "start": 1808,
      "end": 1812,
      "confidence": 1.0
    },
    {
      "id": 98,
      "text": "जाहिराती",
      "sentence": 27,
      "start": 1813,
      "end": 1821,
      "confidence": 1.0
    },
    {
      "id": 99,
      "text": "सामग्री",
      "sentence": 27,
      "start": 1822,
      "end": 1828,
      "confidence": 1.0
    },
    {
      "id": 100,
      "text": "उद्देश",
      "sentence": 27,
      "start": 1835,
      "end": 1840,
      "confidence": 1.0
    },
    {
      "id": 101,
      "text": "व्यक्ती",
      "sentence": 27,
      "start": 1841,
      "end": 1846,
      "confidence": 1.0
    },
    {
      "id": 102,
      "text": "संसाधन",
      "sentence": 27,
      "start": 1847,
      "end": 1853,
      "confidence": 1.0
    },
    {
      "id": 103,
      "text": "दृश्य",
      "sentence": 28,
      "start": 1908,
      "end": 1912,
      "confidence": 1.0
    },
    {
      "id": 104,
      "text": "लष्कराकडून",
      "sentence": 29,
      "start": 1943,
      "end": 1952,
      "confidence": 1.0
    },
    {
      "id": 105,
      "text": "माहिती",
      "sentence": 29,
      "start": 1959,
      "end": 1965,
      "confidence": 1.0
    },
    {
      "id": 106,
      "text": "शरीर",
      "sentence": 30,
      "start": 1988,
      "end": 1992,
      "confidence": 1.0
    },
    {
      "id": 107,
      "text": "सौष्ठव",
      "sentence": 30,
      "start": 1994,
      "end": 2000,
      "confidence": 1.0
    },
    {
      "id": 108,
      "text": "फोर्ड",
      "sentence": 30,
      "start": 2001,
      "end": 2005,
      "confidence": 1.0
    },
    {
      "id": 109,
      "text": "रेंजर्स",
      "sentence": 30,
      "start": 2006,
      "end": 2012,
      "confidence": 1.0
    },
    {
      "id": 110,
      "text": "संकलन",
      "sentence": 30,
      "start": 2017,
      "end": 2022,
      "confidence": 1.0
    },
    {
      "id": 111,
      "text": "विजयसिंह",
      "sentence": 31,
      "start": 2024,
      "end": 2032,
      "confidence": 1.0
    },
    {
      "id": 112,
      "text": "मोहिते—पाटील",
      "sentence": 31,
      "start": 2033,
      "end": 2045,
      "confidence": 1.0
    },
    {
      "id": 113,
      "text": "त्यांनी",
      "sentence": 32,
      "start": 2074,
      "end": 2079,
      "confidence": 1.0
    },
    {
      "id": 114,
      "text": "मंत्रीपदाची",
      "sentence": 32,
      "start": 2080,
      "end": 2089,
      "confidence": 1.0
    },
    {
      "id": 115,
      "text": "संधी",
      "sentence": 32,
      "start": 2090,
      "end": 2094,
      "confidence": 1.0
    },
    {
      "id": 116,
      "text": "धान्याचे",
      "sentence": 33,
      "start": 2104,
      "end": 2111,
      "confidence": 1.0
    },
    {
      "id": 117,
      "text": "शब्दांत",
      "sentence": 33,
      "start": 2132,
      "end": 2138,
      "confidence": 1.0
    },
    {
      "id": 118,
      "text": "सजावट",
      "sentence": 33,
      "start": 2147,
      "end": 2152,
      "confidence": 1.0
    },
    {
      "id": 119,
      "text": "खिल्लार",
      "sentence": 34,
      "start": 2179,
      "end": 2186,
      "confidence": 1.0
    },
    {
      "id": 120,
      "text": "खिल्लारांचे",
      "sentence": 34,
      "start": 2192,
      "end": 2201,
      "confidence": 1.0
    },
    {
      "id": 121,
      "text": "वेळा",
      "sentence": 34,
      "start": 2213,
      "end": 2216,
      "confidence": 1.0
    },
    {
      "id": 122,
      "text": "कोसा",
      "sentence": 34,
      "start": 2218,
      "end": 2222,
      "confidence": 1.0
    },
    {
      "id": 123,
      "text": "कोसा",
      "sentence": 34,
      "start": 2231,
      "end": 2235,
      "confidence": 1.0
    },
    {
      "id": 124,
      "text": "छटेचा",
      "sentence": 34,
      "start": 2236,
      "end": 2241,
      "confidence": 1.0
    },
    {
      "id": 125,
      "text": "भिंती",
      "sentence": 35,
      "start": 2272,
      "end": 2277,
      "confidence": 1.0
    },
    {
      "id": 126,
      "text": "दारे-खिडक्या",
      "sentence": 35,
      "start": 2291,
      "end": 2301,
      "confidence": 1.0
    },
    {
      "id": 127,
      "text": "पत्रे",
      "sentence": 35,
      "start": 2308,
      "end": 2312,
      "confidence": 1.0
    },
    {
      "id": 128,
      "text": "शाळेची",
      "sentence": 35,
      "start": 2321,
      "end": 2327,
      "confidence": 1.0
    },
    {
      "id": 129,
      "text": "इमारत",
      "sentence": 35,
      "start": 2328,
      "end": 2333,
      "confidence": 1.0
    },
    {
      "id": 130,
      "text": "अविनाश",
      "sentence": 36,
      "start": 2357,
      "end": 2363,
      "confidence": 1.0
    },
    {
      "id": 131,
      "text": "महातेकर",
      "sentence": 36,
      "start": 2364,
      "end": 2371,
      "confidence": 1.0
    },
    {
      "id": 132,
      "text": "मुंबई",
      "sentence": 36,
      "start": 2373,
      "end": 2377,
      "confidence": 1.0
    },
    {
      "id": 133,
      "text": "राष्टवादी",
      "sentence": 37,
      "start": 2402,
      "end": 2410,
      "confidence": 1.0
    },
    {
      "id": 134,
      "text": "काँग्रेस",
      "sentence": 37,
      "start": 2411,
      "end": 2418,
      "confidence": 1.0
    },
    {
      "id": 135,
      "text": "भाजप",
      "sentence": 37,
      "start": 2423,
      "end": 2427,
      "confidence": 1.0
    },
    {
      "id": 136,
      "text": "शिवसेनेनेही",
      "sentence": 37,
      "start": 2429,
      "end": 2439,
      "confidence": 1.0
    },
    {
      "id": 137,
      "text": "नगराध्यक्षपदासह",
      "sentence": 37,
      "start": 2443,
      "end": 2457,
      "confidence": 1.0
    },
    {
      "id": 138,
      "text": "नगरसेवक",
      "sentence": 37,
      "start": 2458,
      "end": 2465,
      "confidence": 1.0
    },
    {
      "id": 139,
      "text": "पदासाठी",
      "sentence": 37,
      "start": 2466,
      "end": 2473,
      "confidence": 1.0
    },
    {
      "id": 140,
      "text": "रिंगणात",
      "sentence": 37,
      "start": 2493,
      "end": 2500,
      "confidence": 1.0
    },
    {
      "id": 141,
      "text": "अपघातात",
      "sentence": 38,
      "start": 2531,
      "end": 2538,
      "confidence": 1.0
    },
    {
      "id": 142,
      "text": "दोघे",
      "sentence": 38,
      "start": 2547,
      "end": 2551,
      "confidence": 1.0
    },
    {
      "id": 143,
      "text": "डिकाप्पा",
      "sentence": 39,
      "start": 2570,
      "end": 2577,
      "confidence": 1.0
    },
    {
      "id": 144,
      "text": "पावशे",
      "sentence": 39,
      "start": 2578,
      "end": 2583,
      "confidence": 1.0
    },
    {
      "id": 145,
      "text": "दिंडी",
      "sentence": 39,
      "start": 2587,
      "end": 2591,
      "confidence": 1.0
    },
    {
      "id": 146,
      "text": "संस्थापक",
      "sentence": 39,
      "start": 2593,
      "end": 2600,
      "confidence": 1.0
    },
    {
      "id": 147,
      "text": "पाटील",
      "sentence": 39,
      "start": 2608,
      "end": 2613,
      "confidence": 1.0
    },
    {
      "id": 148,
      "text": "हस्ते",
      "sentence": 39,
      "start": 2623,
      "end": 2627,
      "confidence": 1.0
    },
    {
      "id": 149,
      "text": "देणगीदारांचा",
      "sentence": 39,
      "start": 2641,
      "end": 2652,
      "confidence": 1.0
    },
    {
      "id": 150,
      "text": "वारकरी",
      "sentence": 39,
      "start": 2653,
      "end": 2659,
      "confidence": 1.0
    },
    {
      "id": 151,
      "text": "श्रीफळ",
      "sentence": 39,
      "start": 2666,
      "end": 2671,
      "confidence": 1.0
    },
    {
      "id": 152,
      "text": "स्वागत",
      "sentence": 39,
      "start": 2677,
      "end": 2682,
      "confidence": 1.0
    },
    {
      "id": 153,
      "text": "आपण",
      "sentence": 40,
      "start": 2694,
      "end": 2697,
      "confidence": 1.0
    },
    {
      "id": 154,
      "text": "अन्न",
      "sentence": 40,
      "start": 2704,
      "end": 2707,
      "confidence": 1.0
    },
    {
      "id": 155,
      "text": "कुत्र्यांचा",
      "sentence": 41,
      "start": 2754,
      "end": 2763,
      "confidence": 1.0
    },
    {
      "id": 156,
      "text": "हैदोस",
      "sentence": 41,
      "start": 2764,
      "end": 2769,
      "confidence": 1.0
    },
    {
      "id": 157,
      "text": "लक्ष",
      "sentence": 42,
      "start": 2796,
      "end": 2799,
      "confidence": 1.0
    },
    {
      "id": 158,
      "text": "पंतप्रधान",
      "sentence": 43,
      "start": 2865,
      "end": 2873,
      "confidence": 1.0
    },
    {
      "id": 159,
      "text": "नरेंद्र",
      "sentence": 43,
      "start": 2874,
      "end": 2879,
      "confidence": 1.0
    },
    {
      "id": 160,
      "text": "मोदी",
      "sentence": 43,
      "start": 2880,
      "end": 2883,
      "confidence": 1.0
    },
    {
      "id": 161,
      "text": "त्यांनी",
      "sentence": 43,
      "start": 2884,
      "end": 2889,
      "confidence": 1.0
    },
    {
      "id": 162,
      "text": "पंतप्रधानपद",
      "sentence": 43,
      "start": 2901,
      "end": 2911,
      "confidence": 1.0
    },
    {
      "id": 163,
      "text": "देशांचा",
      "sentence": 43,
      "start": 2942,
      "end": 2948,
      "confidence": 1.0
    },
    {
      "id": 164,
      "text": "दौरा",
      "sentence": 43,
      "start": 2950,
      "end": 2954,
      "confidence": 1.0
    },
    {
      "id": 165,
      "text": "परराष्ट्र",
      "sentence": 44,
      "start": 2966,
      "end": 2973,
      "confidence": 1.0
    },
    {
      "id": 166,
      "text": "व्यवहार",
      "sentence": 44,
      "start": 2974,
      "end": 2980,
      "confidence": 1.0
    },
    {
      "id": 167,
      "text": "राज्यमंत्री",
      "sentence": 44,
      "start": 2981,
      "end": 2990,
      "confidence": 1.0
    }
  ],
  "clusters": [
    [
      0,
      1
    ],
    [
      2,
      4
    ],
    [
      5,
      6,
      7,
      8,
      9
    ],
    [
      12,
      17,
      115
    ],
    [
      21,
      24
    ],
    [
      23,
      26,
      28,
      69,
      75,
      91
    ],
    [
      32,
      33
    ],
    [
      34,
      35,
      38
    ],
    [
      50,
      52
    ],
    [
      55,
      56,
      58,
      59,
      60,
      61,
      67,
      71,
      73,
      74,
      82
    ],
    [
      62,
      63,
      64
    ],
    [
      70,
      92
    ],
    [
      78,
      79
    ],
    [
      93,
      94
    ],
    [
      95,
      96
    ],
    [
      108,
      109,
      110
    ],
    [
      118,
      121
    ],
    [
      122,
      123,
      124
    ],
    [
      126,
      127,
      128
    ],
    [
      132,
      133
    ],
    [
      143,
      144,
      146
    ],
    [
      149,
      150
    ],
    [
      154,
      155,
      156,
      157
    ],
    [
      159,
      160
    ],
    [
      162,
      163,
      164,
      165,
      166,
      167
    ]
  ]
}