{
  "document_id": "document_79",
  "sentences": [
    "बरेचसे वैज्ञानिक म्हणतात की हे विश्व सतत प्रसरण पावत आहे आणि एवढेच नव्हे तर त्या प्रसरण वेगाला त्वरण आहे.",
    "ते म्हणजे जसे घेणे तसे देणे.",
    "त्यामुळे फरक तेव्हाच जाणवेल जेव्हा प्रजा आपली जबाबदारी स्वीकारेल,  आपल्यासारख्या एका बिगर गोमंयकीयाने गोमंतकीयांना गोवा जपण्याविषयी धडे देणे हे काहींना खटकत असावे.",
    "हा प्रकार हेतुपरस्सर केला नसून ही पाठ्यपुस्तक निर्मिती मंडळाकडून चूक झाल्याचे राज्य सरकारने सांगितले.",
    "‘मिनआयन’वर हे सॉफ्टवेअर काम करेल.",
    "असे असले तरी गुगल ने त्यांच्या ‘आय लव्ह माय इंडिया’ असे सांगणाऱ्या ‘परदेस’ मधील बाबुजींची प्रतिमा वापरली आहे.",
    "त्या दिवशी त्या मुलीची संगीताची तालीम सुरू झाली.",
    "याचा खुलासा सुनील तटकरे यांनी कऱण्याची गरज आहे.",
    "लोकप्रतिनिधी आणि अधिकार्‍यांनी जनतेचे प्रश्‍न प्राधान्याने सोडविले पाहिजेत, तुम्ही कणकवलीत येणार की नाही ते सांगा अशी विचारणा करत तुम्ही येत नसाल तर मी तिथे येतो, असे सांगत स्वतःच आ.",
    "तिथे त्यांनी कार्यकर्त्यांना संबोधित करत कॉंग्रेससह भाजपवर जोरदार हल्ला चढविला.",
    "राज्यातील युती आणि केंद्रातील युतीमध्ये फरक असतो असे नमूद करून काँग्रेस अध्यक्ष राहुल गांधी यांनी लोकसभेसाठी काँग्रेस आणि बसपा यांची युती निश्चित होईल, असा विश्वास व्यक्त केला.",
    "कारण त्याने दृष्ट शक्तींच्या निर्दालनासाठी तीनवेळा अवतार घेतला.",
    "मोन्सेरात गटातर्फे  मडकईकर यांचे महापौरपदासाठी नाव  निश्‍चित करण्यात आले होते.",
    "जवळपास सात वर्षं हे ट्रॅ्क्स बनवण्याचं काम सुरू होतं.",
    "लोकांनी फक्त एकदा विचार करायला हवे .कि ज्या गोष्टीला आपण त्रास देत आहोत त्या जागी स्वतः राहिले असते तर ?",
    "जसे पक्षी मेले तसे आपण वारलो असतो तर ?",
    "फक्त विचारानेच भीती वाटते.",
    "येथे मनुष्य माणुसकी विसरलेला आहे.",
    "त्याला स्वतःच्या स्वार्थ आणि आनंदा शिवाय काही दिसत नाही.",
    "स्वतःला शेतकऱ्यांचा कैवारी समजणारा सदाभाऊ खोत मूग गिळून गप्प असल्याचं त्यांनी म्हटलं आहे.",
    "– विनायक होगाडे",
    "आता ही क्षमता 10 ची करण्यात आली आहे.",
    "पण, आम्ही केलेल्या अभ्यासाचा केंद्रबिंदू है सोशल मीडियाचा वापर आणि त्याचा तरुणांच्या मानसिक आरोग्यावर होणारा परिणाम यावर आहे.",
    "आमदार कपिल पाटील यांनी ओबीसी नेते छगन भुजबळ यांची प्रकृती गंभीर असल्याचं म्हटलं आहे.",
    "पहिल्या दिवशी पळस्पे फाटा येथे ७५ चालकांना हे यंत्र देण्यात आले.",
    "पुण्यात याआधीही गाड्या जाळण्याचे प्रकार झाले आहेत.",
    "सध्या वय वर्ष 20 च्या पुढे",
    "शाळा या चित्रपटासाठी पात्र निवड करणं असो किंवा ‘आम्ही ट्रॅव्हलकर’साठी केलेलं लेखन, तिने या दोन्ही आघाड्यांवर दर्जेदार काम करत स्वतःची ओळख निर्माण केली.",
    "डिसेंबर २०१४ मध्ये मुंबईच्या नॅशनल स्पोर्ट्स क्लब ऑफ इंडिया इथे आयोजित करण्यात आलेल्‍या एआयबी रोस्ट या कार्यक्रमात महिलांबाबत अत्यंत बिभस्त विनोद केले होते.",
    "हा समकाळ शतखंडित आहे.",
    "तसेच, उदाहरणार्थ, आपण अल्बम लॅटिन काही झेल वाक्यांश नाव तर: «प्रति Aspera जाहिरात Astra», ते कदाचित लोक खूप उत्सुक आहे, ते या अभिव्यक्ती भाषांतर शोधत जाईल.",
    "त्यांच्याकडून दुचाकी चाेरीचे वीस गुन्हे उघड झाले आहेत.",
    "‘जगबुडी’ची डागडुजी युद्धपातळीवर",
    "हा स्वतःच थांबून बघत होता."
  ],
  "mentions": [
    {
      "id": 0,
      "text": "वैज्ञानिक",
      "sentence": 0,
      "start": 7,
      "end": 16,
      "confidence": 1.0
    },
    {
      "id": 1,
      "text": "विश्व",
      "sentence": 0,
      "start": 25,
      "end": 30,
      "confidence": 1.0
    },
    {
      "id": 2,
      "text": "त्या",
      "sentence": 0,
      "start": 62,
      "end": 65,
      "confidence": 1.0
    },
    {
      "id": 3,
      "text": "प्रसरण",
      "sentence": 0,
      "start": 66,
      "end": 72,
      "confidence": 1.0
    },
    {
      "id": 4,
      "text": "त्वरण",
      "sentence": 0,
      "start": 80,
      "end": 85,
      "confidence": 1.0
    },
    {
      "id": 5,
      "text": "ते",
      "sentence": 1,
      "start": 87,
      "end": 89,
      "confidence": 1.0
    },
    {
      "id": 6,
      "text": "प्रजा",
      "sentence": 2,
      "start": 140,
      "end": 144,
      "confidence": 1.0
    },
    {
      "id": 7,
      "text": "गोमंयकीयाने",
      "sentence": 2,
      "start": 171,
      "end": 182,
      "confidence": 1.0
    },
    {
      "id": 8,
      "text": "गोमंतकीयांना",
      "sentence": 2,
      "start": 183,
      "end": 194,
      "confidence": 1.0
    },
    {
      "id": 9,
      "text": "काहींना",
      "sentence": 2,
      "start": 224,
      "end": 230,
      "confidence": 1.0
    },
    {
      "id": 10,
      "text": "प्रकार",
      "sentence": 3,
      "start": 240,
      "end": 245,
      "confidence": 1.0
    },
    {
      "id": 11,
      "text": "मंडळ",
      "sentence": 3,
      "start": 284,
      "end": 293,
      "confidence": 1.0
    },
    {
      "id": 12,
      "text": "सरकार",
      "sentence": 3,
      "start": 310,
      "end": 316,
      "confidence": 1.0
    },
    {
      "id": 13,
      "text": "मिनआयन",
      "sentence": 4,
      "start": 322,
      "end": 328,
      "confidence": 1.0
    },
    {
      "id": 14,
      "text": "सॉफ्टवेअर",
      "sentence": 4,
      "start": 334,
      "end": 341,
      "confidence": 1.0
    },
    {
      "id": 15,
      "text": "गुगल",
      "sentence": 5,
      "start": 355,
      "end": 359,
      "confidence": 1.0
    },
    {
      "id": 16,
      "text": "त्यांच्या",
      "sentence": 5,
      "start": 362,
      "end": 369,
      "confidence": 1.0
    },
    {
      "id": 17,
      "text": "इंडिया",
      "sentence": 5,
      "start": 385,
      "end": 390,
      "confidence": 1.0
    },
    {
      "id": 18,
      "text": "परदेस",
      "sentence": 5,
      "start": 401,
      "end": 406,
      "confidence": 1.0
    },
    {
      "id": 19,
      "text": "बाबुजी",
      "sentence": 5,
      "start": 413,
      "end": 420,
      "confidence": 1.0
    },
    {
      "id": 20,
      "text": "प्रतिमा",
      "sentence": 5,
      "start": 421,
      "end": 426,
      "confidence": 1.0
    },
    {
      "id": 21,
      "text": "दिवस",
      "sentence": 6,
      "start": 435,
      "end": 440,
      "confidence": 1.0
    },
    {
      "id": 22,
      "text": "मुलगी",
      "sentence": 6,
      "start": 445,
      "end": 450,
      "confidence": 1.0
    },
    {
      "id": 23,
      "text": "संगीत",
      "sentence": 6,
      "start": 451,
      "end": 458,
      "confidence": 1.0
    },
    {
      "id": 24,
      "text": "तालीम",
      "sentence": 6,
      "start": 459,
      "end": 463,
      "confidence": 1.0
    },
    {
      "id": 25,
      "text": "तटकरे",
      "sentence": 7,
      "start": 487,
      "end": 492,
      "confidence": 1.0
    },
    {
      "id": 26,
      "text": "लोकप्रतिनिधी",
      "sentence": 8,
      "start": 513,
      "end": 523,
      "confidence": 1.0
    },
    {
      "id": 27,
      "text": "अधिकारी",
      "sentence": 8,
      "start": 527,
      "end": 538,
      "confidence": 1.0
    },
    {
      "id": 28,
      "text": "जनता",
      "sentence": 8,
      "start": 539,
      "end": 544,
      "confidence": 1.0
    },
    {
      "id": 29,
      "text": "प्रश्‍न",
      "sentence": 8,
      "start": 545,
      "end": 550,
      "confidence": 1.0
    },
    {
      "id": 30,
      "text": "तुम्ही",
      "sentence": 8,
      "start": 573,
      "end": 578,
      "confidence": 1.0
    },
    {
      "id": 31,
      "text": "ते",
      "sentence": 8,
      "start": 593,
      "end": 595,
      "confidence": 1.0
    },
    {
      "id": 32,
      "text": "विचारणा",
      "sentence": 8,
      "start": 599,
      "end": 605,
      "confidence": 1.0
    },
    {
      "id": 33,
      "text": "तुम्ही",
      "sentence": 8,
      "start": 611,
      "end": 616,
      "confidence": 1.0
    },
    {
      "id": 34,
      "text": "मी",
      "sentence": 8,
      "start": 626,
      "end": 628,
      "confidence": 1.0
    },
    {
      "id": 35,
      "text": "स्वतःच",
      "sentence": 8,
      "start": 641,
      "end": 646,
      "confidence": 1.0
    },
    {
      "id": 36,
      "text": "त्यांनी",
      "sentence": 9,
      "start": 657,
      "end": 662,
      "confidence": 1.0
    },
    {
      "id": 37,
      "text": "कार्यकर्ता",
      "sentence": 9,
      "start": 663,
      "end": 673,
      "confidence": 1.0
    },
    {
      "id": 38,
      "text": "कॉंग्रेस",
      "sentence": 9,
      "start": 681,
      "end": 690,
      "confidence": 1.0
    },
    {
      "id": 39,
      "text": "भाजप",
      "sentence": 9,
      "start": 691,
      "end": 696,
      "confidence": 1.0
    },
    {
      "id": 40,
      "text": "हल्ला",
      "sentence": 9,
      "start": 704,
      "end": 708,
      "confidence": 1.0
    },
    {
      "id": 41,
      "text": "राज्य",
      "sentence": 10,
      "start": 715,
      "end": 723,
      "confidence": 1.0
    },
    {
      "id": 42,
      "text": "युती",
      "sentence": 10,
      "start": 724,
      "end": 728,
      "confidence": 1.0
    },
    {
      "id": 43,
      "text": "केंद्र",
      "sentence": 10,
      "start": 732,
      "end": 740,
      "confidence": 1.0
    },
    {
      "id": 44,
      "text": "युती",
      "sentence": 10,
      "start": 741,
      "end": 748,
      "confidence": 1.0
    },
    {
      "id": 45,
      "text": "काँग्रेस",
      "sentence": 10,
      "start": 771,
      "end": 777,
      "confidence": 1.0
    },
    {
      "id": 46,
      "text": "गांधी",
      "sentence": 10,
      "start": 789,
      "end": 793,
      "confidence": 1.0
    },
    {
      "id": 47,
      "text": "काँग्रेस",
      "sentence": 10,
      "start": 806,
      "end": 812,
      "confidence": 1.0
    },
    {
      "id": 48,
      "text": "बसपा",
      "sentence": 10,
      "start": 816,
      "end": 820,
      "confidence": 1.0
    },
    {
      "id": 49,
      "text": "युती",
      "sentence": 10,
      "start": 825,
      "end": 829,
      "confidence": 1.0
    },
    {
      "id": 50,
      "text": "विश्वास",
      "sentence": 10,
      "start": 843,
      "end": 848,
      "confidence": 1.0
    },
    {
      "id": 51,
      "text": "त्याने",
      "sentence": 11,
      "start": 857,
      "end": 862,
      "confidence": 1.0
    },
    {
      "id": 52,
      "text": "शक्ती",
      "sentence": 11,
      "start": 869,
      "end": 876,
      "confidence": 1.0
    },
    {
      "id": 53,
      "text": "निर्दातन",
      "sentence": 11,
      "start": 877,
      "end": 889,
      "confidence": 1.0
    },
    {
      "id": 54,
      "text": "अवतार",
      "sentence": 11,
      "start": 897,
      "end": 902,
      "confidence": 1.0
    },
    {
      "id": 55,
      "text": "मोन्सेरात",
      "sentence": 12,
      "start": 909,
      "end": 917,
      "confidence": 1.0
    },
    {
      "id": 56,
      "text": "मडकईकर",
      "sentence": 12,
      "start": 928,
      "end": 934,
      "confidence": 1.0
    },
    {
      "id": 57,
      "text": "महापौरपद",
      "sentence": 12,
      "start": 940,
      "end": 952,
      "confidence": 1.0
    },
    {
      "id": 58,
      "text": "वर्ष",
      "sentence": 13,
      "start": 981,
      "end": 985,
      "confidence": 1.0
    },
    {
      "id": 59,
      "text": "ट्रॅ्क्स",
      "sentence": 13,
      "start": 989,
      "end": 995,
      "confidence": 1.0
    },
    {
      "id": 60,
      "text": "विचार",
      "sentence": 14,
      "start": 1026,
      "end": 1030,
      "confidence": 1.0
    },
    {
      "id": 61,
      "text": "गोष्ट",
      "sentence": 14,
      "start": 1043,
      "end": 1049,
      "confidence": 1.0
    },
    {
      "id": 62,
      "text": "आपण",
      "sentence": 14,
      "start": 1050,
      "end": 1053,
      "confidence": 1.0
    },
    {
      "id": 63,
      "text": "त्रास",
      "sentence": 14,
      "start": 1058,
      "end": 1061,
      "confidence": 1.0
    },
    {
      "id": 64,
      "text": "जागा",
      "sentence": 14,
      "start": 1073,
      "end": 1076,
      "confidence": 1.0
    },
    {
      "id": 65,
      "text": "स्वतः",
      "sentence": 14,
      "start": 1077,
      "end": 1081,
      "confidence": 1.0
    },
    {
      "id": 66,
      "text": "पक्षी",
      "sentence": 15,
      "start": 1097,
      "end": 1101,
      "confidence": 1.0
    },
    {
      "id": 67,
      "text": "आपण",
      "sentence": 15,
      "start": 1108,
      "end": 1111,
      "confidence": 1.0
    },
    {
      "id": 68,
      "text": "विचार",
      "sentence": 16,
      "start": 1125,
      "end": 1132,
      "confidence": 1.0
    },
    {
      "id": 69,
      "text": "भीती",
      "sentence": 16,
      "start": 1133,
      "end": 1137,
      "confidence": 1.0
    },
    {
      "id": 70,
      "text": "मनुष्य",
      "sentence": 17,
      "start": 1145,
      "end": 1150,
      "confidence": 1.0
    },
    {
      "id": 71,
      "text": "माणुसकी",
      "sentence": 17,
      "start": 1151,
      "end": 1157,
      "confidence": 1.0
    },
    {
      "id": 72,
      "text": "त्याला",
      "sentence": 18,
      "start": 1166,
      "end": 1171,
      "confidence": 1.0
    },
    {
      "id": 73,
      "text": "स्वतःच्या",
      "sentence": 18,
      "start": 1172,
      "end": 1179,
      "confidence": 1.0
    },
    {
      "id": 74,
      "text": "स्वार्थ",
      "sentence": 18,
      "start": 1180,
      "end": 1185,
      "confidence": 1.0
    },
    {
      "id": 75,
      "text": "आनंद",
      "sentence": 18,
      "start": 1189,
      "end": 1194,
      "confidence": 1.0
    },
    {
      "id": 76,
      "text": "स्वतःला",
      "sentence": 19,
      "start": 1209,
      "end": 1214,
      "confidence": 1.0
    },
    {
      "id": 77,
      "text": "शेतकरी",
      "sentence": 19,
      "start": 1215,
      "end": 1224,
      "confidence": 1.0
    },
    {
      "id": 78,
      "text": "कैवारी",
      "sentence": 19,
      "start": 1225,
      "end": 1230,
      "confidence": 1.0
    },
    {
      "id": 79,
      "text": "सदाभाऊ",
      "sentence": 19,
      "start": 1231,
      "end": 1236,
      "confidence": 1.0
    },
    {
      "id": 80,
      "text": "त्यांनी",
      "sentence": 19,
      "start": 1257,
      "end": 1262,
      "confidence": 1.0
    },
    {
      "id": 81,
      "text": "विनायक",
      "sentence": 20,
      "start": 1270,
      "end": 1275,
      "confidence": 1.0
    },
    {
      "id": 82,
      "text": "क्षमता",
      "sentence": 21,
      "start": 1290,
      "end": 1294,
      "confidence": 1.0
    },
    {
      "id": 83,
      "text": "आम्ही",
      "sentence": 22,
      "start": 1309,
      "end": 1313,
      "confidence": 1.0
    },
    {
      "id": 84,
      "text": "अभ्यास",
      "sentence": 22,
      "start": 1319,
      "end": 1325,
      "confidence": 1.0
    },
    {
      "id": 85,
      "text": "केंद्रबिंदू",
      "sentence": 22,
      "start": 1326,
      "end": 1333,
      "confidence": 1.0
    },
    {
      "id": 86,
      "text": "मीडिया",
      "sentence": 22,
      "start": 1345,
      "end": 1351,
      "confidence": 1.0
    },
    {
      "id": 87,
      "text": "वापर",
      "sentence": 22,
      "start": 1352,
      "end": 1356,
      "confidence": 1.0
    },
    {
      "id": 88,
      "text": "त्याचा",
      "sentence": 22,
      "start": 1360,
      "end": 1365,
      "confidence": 1.0
    },
    {
      "id": 89,
      "text": "तरुण",
      "sentence": 22,
      "start": 1366,
      "end": 1374,
      "confidence": 1.0
    },
    {
      "id": 90,
      "text": "आरोग्य",
      "sentence": 22,
      "start": 1381,
      "end": 1388,
      "confidence": 1.0
    },
    {
      "id": 91,
      "text": "परिणाम",
      "sentence": 22,
      "start": 1394,
      "end": 1399,
      "confidence": 1.0
    },
    {
      "id": 92,
      "text": "आमदार",
      "sentence": 23,
      "start": 1406,
      "end": 1411,
      "confidence": 1.0
    },
    {
      "id": 93,
      "text": "कपिल",
      "sentence": 23,
      "start": 1412,
      "end": 1416,
      "confidence": 1.0
    },
    {
      "id": 94,
      "text": "पाटील",
      "sentence": 23,
      "start": 1417,
      "end": 1421,
      "confidence": 1.0
    },
    {
      "id": 95,
      "text": "नेते",
      "sentence": 23,
      "start": 1431,
      "end": 1434,
      "confidence": 1.0
    },
    {
      "id": 96,
      "text": "भुजबळ",
      "sentence": 23,
      "start": 1439,
      "end": 1444,
      "confidence": 1.0
    },
    {
      "id": 97,
      "text": "प्रकृती",
      "sentence": 23,
      "start": 1449,
      "end": 1454,
      "confidence": 1.0
    },
    {
      "id": 98,
      "text": "दिवस",
      "sentence": 24,
      "start": 1466,
      "end": 1471,
      "confidence": 1.0
    },
    {
      "id": 99,
      "text": "फाटा",
      "sentence": 24,
      "start": 1478,
      "end": 1482,
      "confidence": 1.0
    },
    {
      "id": 100,
      "text": "चालक",
      "sentence": 24,
      "start": 1489,
      "end": 1495,
      "confidence": 1.0
    },
    {
      "id": 101,
      "text": "यंत्र",
      "sentence": 24,
      "start": 1499,
      "end": 1503,
      "confidence": 1.0
    },
    {
      "id": 102,
      "text": "गाड्या",
      "sentence": 25,
      "start": 1525,
      "end": 1529,
      "confidence": 1.0
    },
    {
      "id": 103,
      "text": "प्रकार",
      "sentence": 25,
      "start": 1537,
      "end": 1542,
      "confidence": 1.0
    },
    {
      "id": 104,
      "text": "वर्ष",
      "sentence": 26,
      "start": 1554,
      "end": 1557,
      "confidence": 1.0
    },
    {
      "id": 105,
      "text": "शाळा",
      "sentence": 27,
      "start": 1569,
      "end": 1573,
      "confidence": 1.0
    },
    {
      "id": 106,
      "text": "चित्रपट",
      "sentence": 27,
      "start": 1577,
      "end": 1586,
      "confidence": 1.0
    },
    {
      "id": 107,
      "text": "पात्र",
      "sentence": 27,
      "start": 1587,
      "end": 1591,
      "confidence": 1.0
    },
    {
      "id": 108,
      "text": "आम्ही",
      "sentence": 27,
      "start": 1607,
      "end": 1611,
      "confidence": 1.0
    },
    {
      "id": 109,
      "text": "ट्रॅव्हलकर",
      "sentence": 27,
      "start": 1612,
      "end": 1620,
      "confidence": 1.0
    },
    {
      "id": 110,
      "text": "तिने",
      "sentence": 27,
      "start": 1636,
      "end": 1639,
      "confidence": 1.0
    },
    {
      "id": 111,
      "text": "आघाडी",
      "sentence": 27,
      "start": 1650,
      "end": 1658,
      "confidence": 1.0
    },
    {
      "id": 112,
      "text": "स्वतःची",
      "sentence": 27,
      "start": 1671,
      "end": 1676,
      "confidence": 1.0
    },
    {
      "id": 113,
      "text": "डिसेंबर",
      "sentence": 28,
      "start": 1689,
      "end": 1695,
      "confidence": 1.0
    },
    {
      "id": 114,
      "text": "मुंबई",
      "sentence": 28,
      "start": 1704,
      "end": 1711,
      "confidence": 1.0
    },
    {
      "id": 115,
      "text": "क्लब",
      "sentence": 28,
      "start": 1728,
      "end": 1731,
      "confidence": 1.0
    },
    {
      "id": 116,
      "text": "इंडिया",
      "sentence": 28,
      "start": 1735,
      "end": 1740,
      "confidence": 1.0
    },
    {
      "id": 117,
      "text": "एआयबी",
      "sentence": 28,
      "start": 1760,
      "end": 1764,
      "confidence": 1.0
    },
    {
      "id": 118,
      "text": "रोस्ट",
      "sentence": 28,
      "start": 1765,
      "end": 1769,
      "confidence": 1.0
    },
    {
      "id": 119,
      "text": "कार्यक्रम",
      "sentence": 28,
      "start": 1774,
      "end": 1783,
      "confidence": 1.0
    },
    {
      "id": 120,
      "text": "महिला",
      "sentence": 28,
      "start": 1784,
      "end": 1793,
      "confidence": 1.0
    },
    {
      "id": 121,
      "text": "विनोद",
      "sentence": 28,
      "start": 1806,
      "end": 1810,
      "confidence": 1.0
    },
    {
      "id": 122,
      "text": "समकाळ",
      "sentence": 29,
      "start": 1820,
      "end": 1825,
      "confidence": 1.0
    },
    {
      "id": 123,
      "text": "उदाहरण",
      "sentence": 30,
      "start": 1835,
      "end": 1843,
      "confidence": 1.0
    },
    {
      "id": 124,
      "text": "आपण",
      "sentence": 30,
      "start": 1846,
      "end": 1849,
      "confidence": 1.0
    },
    {
      "id": 125,
      "text": "अल्बम",
      "sentence": 30,
      "start": 1850,
      "end": 1854,
      "confidence": 1.0
    },
    {
      "id": 126,
      "text": "वाक्यांश",
      "sentence": 30,
      "start": 1866,
      "end": 1872,
      "confidence": 1.0
    },
    {
      "id": 127,
      "text": "ते",
      "sentence": 30,
      "start": 1909,
      "end": 1911,
      "confidence": 1.0
    },
    {
      "id": 128,
      "text": "ते",
      "sentence": 30,
      "start": 1931,
      "end": 1933,
      "confidence": 1.0
    },
    {
      "id": 129,
      "text": "अभिव्यक्ती",
      "sentence": 30,
      "start": 1937,
      "end": 1944,
      "confidence": 1.0
    },
    {
      "id": 130,
      "text": "भाषांतर",
      "sentence": 30,
      "start": 1945,
      "end": 1950,
      "confidence": 1.0
    },
    {
      "id": 131,
      "text": "त्यांच्याकडून",
      "sentence": 31,
      "start": 1958,
      "end": 1968,
      "confidence": 1.0
    },
    {
      "id": 132,
      "text": "दुचाकी",
      "sentence": 31,
      "start": 1969,
      "end": 1974,
      "confidence": 1.0
    },
    {
      "id": 133,
      "text": "चोरी",
      "sentence": 31,
      "start": 1975,
      "end": 1981,
      "confidence": 1.0
    },
    {
      "id": 134,
      "text": "गुन्हे",
      "sentence": 31,
      "start": 1987,
      "end": 1991,
      "confidence": 1.0
    },
    {
      "id": 135,
      "text": "डागडुजी",
      "sentence": 32,
      "start": 2009,
      "end": 2015,
      "confidence": 1.0
    },
    {
      "id": 136,
      "text": "स्वतःच",
      "sentence": 33,
      "start": 2028,
      "end": 2033,
      "confidence": 1.0
    }
  ],
  "clusters": [
    [
      1,
      2
    ],
    [
      8,
      9
    ],
    [
      15,
      16
    ],
    [
      17,
      19
    ],
    [
      22,
      23
    ],
    [
      24,
      25
    ],
    [
      35,
      36
    ],
    [
      42,
      45
    ],
    [
      46,
      47,
      48
    ],
    [
      58,
      63
    ],
    [
      60,
      61
    ],
    [
      83,
      86,
      88
    ],
    [
      91,
      93,
      94
    ],
    [
      97,
      100,
      101
    ],
    [
      103,
      104,
      105
    ],
    [
      106,
      107
    ],
    [
      111,
      112,
      113
    ],
    [
      118,
      119
    ],
    [
      122,
      123
    ],
    [
      129,
      130
    ]
  ]
}