{
  "document_id": "document_154",
  "sentences": [
    "एयरोनॉटिकल इंजिनीअरचे क्षेत्र विशेष आव्हानात्मक",
    "याबाबत पोलिसांतून मिळालेली माहिती अशी, येथील महावीर नगर येथे अमित शहा यांचा सार्थक नावाचा बंगला आहे.",
    "त्याचबरोबर गेल्या काही महिन्यांपासून चर्चेत राहिलेले ‘पद्मावत’ चिहिला चित्रपट आहे.",
    "या घटनेची माहिती मिळताच जिल्हा पोलीस अधीक्षक डॉ.",
    "प्रवीण मुंढे, अप्पर पोलीस अधीक्षक विशाल गायकवाड हे रत्नागिरीहून येथे रात्री उशिरा आले.",
    "तेव्हां संताजी भोसले बरोबर होते, त्यांणी बहुत पराक्रम करून त्या प्रसंगीं पार पडले.",
    "या कारणासाठी तो कंबर घेर, हिप घेर, कंबर, छाती प्रेरणा वर मोजण्यासाठी आवश्यक आहे.",
    "फेम इंडिया या दिल्लीस्थित मॅगझिनने देशातील सर्वोत्कृष्ट 25 संसदपटूंचा गौरव केला.",
    "घरातील फरशी डेटॉल किंवा लायझॉल ने पुसून घ्या.",
    "या पुढचं खग्रास ग्रहण सप्टेंबर २०२४मध्ये दिसणार आहे.",
    "तर सूर्यनारायणाच्या अागीपुढे पिके होरपळून चालले आहेत.",
    "पहिले काही भाग पाहा, वाटलं तर पुढचं पाहा नाही तर गोष्टीत काय होतं ते मी सांगेन.",
    "तर दुसऱ्या सामन्यात मननने पुण्याच्या निशाद चौघुलेचा 3-2 असा पराभव करून उपांत्यपूर्व फेरी गाठली.",
    "या समितीच्या शिफारशींवर मंत्रिमंडळाच्या बैठकीत चर्चा होण्याची शक्यता आहे.",
    "या गुढी पाडव्याच्या मुहूर्तावर मी अशी आशा करते कि, तुम्ही माझ्यावर आणि आमच्या सर्वांवर भरभरून खुप प्रेम कराल.",
    "एसटी बसगाड्यांना मोफत पार्किंग देणे हे नियमात बसत नाही.",
    "» नाक चोंदणे"
  ],
  "mentions": [
    {
      "id": 0,
      "text": "पोलिसांतून",
      "sentence": 1,
      "start": 50,
      "end": 59,
      "confidence": 1.0
    },
    {
      "id": 1,
      "text": "माहिती",
      "sentence": 1,
      "start": 68,
      "end": 73,
      "confidence": 1.0
    },
    {
      "id": 2,
      "text": "बंगला",
      "sentence": 1,
      "start": 147,
      "end": 151,
      "confidence": 1.0
    },
    {
      "id": 3,
      "text": "पद्मावत",
      "sentence": 2,
      "start": 198,
      "end": 204,
      "confidence": 1.0
    },
    {
      "id": 4,
      "text": "चित्रपट",
      "sentence": 2,
      "start": 227,
      "end": 233,
      "confidence": 1.0
    },
    {
      "id": 5,
      "text": "घटनेची",
      "sentence": 3,
      "start": 241,
      "end": 246,
      "confidence": 1.0
    },
    {
      "id": 6,
      "text": "माहिती",
      "sentence": 3,
      "start": 248,
      "end": 253,
      "confidence": 1.0
    },
    {
      "id": 7,
      "text": "अधीक्षक",
      "sentence": 3,
      "start": 286,
      "end": 291,
      "confidence": 1.0
    },
    {
      "id": 8,
      "text": "मुंढे",
      "sentence": 4,
      "start": 302,
      "end": 306,
      "confidence": 1.0
    },
    {
      "id": 9,
      "text": "अधीक्षक",
      "sentence": 4,
      "start": 321,
      "end": 326,
      "confidence": 1.0
    },
    {
      "id": 10,
      "text": "गायकवाड",
      "sentence": 4,
      "start": 332,
      "end": 338,
      "confidence": 1.0
    },
    {
      "id": 11,
      "text": "पराक्रम",
      "sentence": 5,
      "start": 434,
      "end": 439,
      "confidence": 1.0
    },
    {
      "id": 12,
      "text": "कारणासाठी",
      "sentence": 6,
      "start": 474,
      "end": 481,
      "confidence": 1.0
    },
    {
      "id": 13,
      "text": "तो",
      "sentence": 6,
      "start": 483,
      "end": 484,
      "confidence": 1.0
    },
    {
      "id": 14,
      "text": "कंबर",
      "sentence": 6,
      "start": 486,
      "end": 490,
      "confidence": 1.0
    },
    {
      "id": 15,
      "text": "कंबर",
      "sentence": 6,
      "start": 508,
      "end": 512,
      "confidence": 1.0
    },
    {
      "id": 16,
      "text": "छाती",
      "sentence": 6,
      "start": 515,
      "end": 519,
      "confidence": 1.0
    },
    {
      "id": 17,
      "text": "प्रेरणा",
      "sentence": 6,
      "start": 521,
      "end": 526,
      "confidence": 1.0
    },
    {
      "id": 18,
      "text": "इंडिया",
      "sentence": 7,
      "start": 567,
      "end": 572,
      "confidence": 1.0
    },
    {
      "id": 19,
      "text": "मॅगझिनने",
      "sentence": 7,
      "start": 583,
      "end": 590,
      "confidence": 1.0
    },
    {
      "id": 20,
      "text": "देशातील",
      "sentence": 7,
      "start": 592,
      "end": 598,
      "confidence": 1.0
    },
    {
      "id": 21,
      "text": "संसदपटूंचा",
      "sentence": 7,
      "start": 614,
      "end": 623,
      "confidence": 1.0
    },
    {
      "id": 22,
      "text": "गौरव",
      "sentence": 7,
      "start": 629,
      "end": 633,
      "confidence": 1.0
    },
    {
      "id": 23,
      "text": "फरशी",
      "sentence": 8,
      "start": 654,
      "end": 658,
      "confidence": 1.0
    },
    {
      "id": 24,
      "text": "डेटॉल",
      "sentence": 8,
      "start": 660,
      "end": 665,
      "confidence": 1.0
    },
    {
      "id": 25,
      "text": "ग्रहण",
      "sentence": 9,
      "start": 711,
      "end": 715,
      "confidence": 1.0
    },
    {
      "id": 26,
      "text": "सप्टेंबर",
      "sentence": 9,
      "start": 717,
      "end": 724,
      "confidence": 1.0
    },
    {
      "id": 27,
      "text": "पिके",
      "sentence": 10,
      "start": 786,
      "end": 789,
      "confidence": 1.0
    },
    {
      "id": 28,
      "text": "गोष्टीत",
      "sentence": 11,
      "start": 857,
      "end": 862,
      "confidence": 1.0
    },
    {
      "id": 29,
      "text": "ते",
      "sentence": 11,
      "start": 874,
      "end": 875,
      "confidence": 1.0
    },
    {
      "id": 30,
      "text": "मी",
      "sentence": 11,
      "start": 877,
      "end": 878,
      "confidence": 1.0
    },
    {
      "id": 31,
      "text": "सामन्यात",
      "sentence": 12,
      "start": 903,
      "end": 909,
      "confidence": 1.0
    },
    {
      "id": 32,
      "text": "पुण्याच्या",
      "sentence": 12,
      "start": 918,
      "end": 924,
      "confidence": 1.0
    },
    {
      "id": 33,
      "text": "पराभव",
      "sentence": 12,
      "start": 950,
      "end": 955,
      "confidence": 1.0
    },
    {
      "id": 34,
      "text": "फेरी",
      "sentence": 12,
      "start": 981,
      "end": 984,
      "confidence": 1.0
    },
    {
      "id": 35,
      "text": "शिफारशींवर",
      "sentence": 13,
      "start": 1015,
      "end": 1024,
      "confidence": 1.0
    },
    {
      "id": 36,
      "text": "बैठकीत",
      "sentence": 13,
      "start": 1039,
      "end": 1044,
      "confidence": 1.0
    },
    {
      "id": 37,
      "text": "चर्चा",
      "sentence": 13,
      "start": 1045,
      "end": 1049,
      "confidence": 1.0
    },
    {
      "id": 38,
      "text": "शक्यता",
      "sentence": 13,
      "start": 1075,
      "end": 1080,
      "confidence": 1.0
    },
    {
      "id": 39,
      "text": "पाडव्याच्या",
      "sentence": 14,
      "start": 1095,
      "end": 1103,
      "confidence": 1.0
    },
    {
      "id": 40,
      "text": "मुहूर्तावर",
      "sentence": 14,
      "start": 1105,
      "end": 1112,
      "confidence": 1.0
    },
    {
      "id": 41,
      "text": "मी",
      "sentence": 14,
      "start": 1114,
      "end": 1115,
      "confidence": 1.0
    },
    {
      "id": 42,
      "text": "तुम्ही",
      "sentence": 14,
      "start": 1134,
      "end": 1138,
      "confidence": 1.0
    },
    {
      "id": 43,
      "text": "माझ्यावर",
      "sentence": 14,
      "start": 1140,
      "end": 1146,
      "confidence": 1.0
    },
    {
      "id": 44,
      "text": "आमच्या",
      "sentence": 14,
      "start": 1154,
      "end": 1159,
      "confidence": 1.0
    },
    {
      "id": 45,
      "text": "प्रेम",
      "sentence": 14,
      "start": 1191,
      "end": 1195,
      "confidence": 1.0
    },
    {
      "id": 46,
      "text": "बसगाड्यांना",
      "sentence": 15,
      "start": 1221,
      "end": 1229,
      "confidence": 1.0
    },
    {
      "id": 47,
      "text": "पार्किंग",
      "sentence": 15,
      "start": 1236,
      "end": 1242,
      "confidence": 1.0
    },
    {
      "id": 48,
      "text": "नियमात",
      "sentence": 15,
      "start": 1254,
      "end": 1259,
      "confidence": 1.0
    }
  ],
  "clusters": [
    [
      2,
      9
    ],
    [
      6,
      7
    ],
    [
      10,
      11
    ],
    [
      12,
      13
    ],
    [
      15,
      16
    ]
  ]
}