{
  "document_id": "document_48",
  "sentences": [
    "पठारे इनडोअर स्टेडियममध्ये ही स्पर्धा पार पडली.",
    "त्या वेळी पोलिसांच्या गणवेशात २ नक्षलवादी घरात शिरले आणि त्यांनी सिकंदरला घराबाहेर बोलावले.",
    "काम आणि निवांत वेळ या दोन्हींसाठी उपयुक्त अशी त्याची रचना करण्यात आली आहे.",
    "\" असंही स्वामी म्हणाले.",
    "तब्बल चार ते पाच हजार कोळीबांधव यासाठी एकत्र जमतात.",
    "’ असा संस्कृतमध्ये आशीर्वादही देऊ शकतील… हे कसं शक्य आहे, असा प्रश्न तुम्हाला पडलाय का?",
    "टियूमेन, मॉस्को, सेंट पीटर्सबर्ग आणि आपल्या देशातील इतर शहरांमध्ये दूषित टाक्या उत्पादन स्वच्छताविषयक नियम व नियमांनुसार चालते.",
    "पुरस्काराला उत्तर देताना सौ.",
    "वेदांतिकाराजे म्हणाल्या की, मला मिळालेला हा पुरस्कार म्हणजे कर्तव्य सोशल ग्रुपच्या माध्यमातून केलेल्या कामाची पोहोचपावती आहे.",
    "प्रत्येकाने सामाजिक बांधिलकी जपलीच पाहिजे.",
    "नियोक्ते प्रशंसा.",
    "त्यांच्या चौकशीमधून खासगी क्लासेसचे काही शिक्षक आणि शेकडो विद्यार्थी पोलिसांच्या रडारवर आले असून हे सर्व याच परिसरातील असल्याचे सूत्रांनी सांगितले.",
    "वीज कोसळली तेव्हा विजांच्या कडकडाटासह जोरदार पाऊस कोसळत असल्याने, मंदिरातील सर्व कर्मचारी भोजनशाळेत होते.",
    "मोहिते-पाटील राष्ट्रवादीत असताना उत्तमराव जानकर, प्रकाश पाटील, के."
  ],
  "mentions": [
    {
      "id": 0,
      "text": "स्पर्धा",
      "sentence": 0,
      "start": 26,
      "end": 31,
      "confidence": 1.0
    },
    {
      "id": 1,
      "text": "गणवेशात",
      "sentence": 1,
      "start": 59,
      "end": 66,
      "confidence": 1.0
    },
    {
      "id": 2,
      "text": "नक्षलवादी",
      "sentence": 1,
      "start": 70,
      "end": 78,
      "confidence": 1.0
    },
    {
      "id": 3,
      "text": "घरात",
      "sentence": 1,
      "start": 79,
      "end": 83,
      "confidence": 1.0
    },
    {
      "id": 4,
      "text": "त्यांनी",
      "sentence": 1,
      "start": 91,
      "end": 96,
      "confidence": 1.0
    },
    {
      "id": 5,
      "text": "सिकंदरला",
      "sentence": 1,
      "start": 97,
      "end": 105,
      "confidence": 1.0
    },
    {
      "id": 6,
      "text": "त्याची",
      "sentence": 2,
      "start": 192,
      "end": 196,
      "confidence": 1.0
    },
    {
      "id": 7,
      "text": "रचना",
      "sentence": 2,
      "start": 197,
      "end": 201,
      "confidence": 1.0
    },
    {
      "id": 8,
      "text": "स्वामी",
      "sentence": 3,
      "start": 230,
      "end": 234,
      "confidence": 1.0
    },
    {
      "id": 9,
      "text": "कोळीबांधव",
      "sentence": 4,
      "start": 265,
      "end": 274,
      "confidence": 1.0
    },
    {
      "id": 10,
      "text": "संस्कृतमध्ये",
      "sentence": 5,
      "start": 306,
      "end": 315,
      "confidence": 1.0
    },
    {
      "id": 11,
      "text": "आशीर्वादही",
      "sentence": 5,
      "start": 316,
      "end": 325,
      "confidence": 1.0
    },
    {
      "id": 12,
      "text": "प्रश्न",
      "sentence": 5,
      "start": 355,
      "end": 359,
      "confidence": 1.0
    },
    {
      "id": 13,
      "text": "तुम्हाला",
      "sentence": 5,
      "start": 360,
      "end": 365,
      "confidence": 1.0
    },
    {
      "id": 14,
      "text": "टियूमेन",
      "sentence": 6,
      "start": 374,
      "end": 380,
      "confidence": 1.0
    },
    {
      "id": 15,
      "text": "मॉस्को",
      "sentence": 6,
      "start": 382,
      "end": 387,
      "confidence": 1.0
    },
    {
      "id": 16,
      "text": "सेंट",
      "sentence": 6,
      "start": 389,
      "end": 392,
      "confidence": 1.0
    },
    {
      "id": 17,
      "text": "पीटर्सबर्ग",
      "sentence": 6,
      "start": 393,
      "end": 401,
      "confidence": 1.0
    },
    {
      "id": 18,
      "text": "देशातील",
      "sentence": 6,
      "start": 409,
      "end": 415,
      "confidence": 1.0
    },
    {
      "id": 19,
      "text": "शहरांमध्ये",
      "sentence": 6,
      "start": 420,
      "end": 428,
      "confidence": 1.0
    },
    {
      "id": 20,
      "text": "टाक्या",
      "sentence": 6,
      "start": 435,
      "end": 440,
      "confidence": 1.0
    },
    {
      "id": 21,
      "text": "उत्पादन",
      "sentence": 6,
      "start": 441,
      "end": 447,
      "confidence": 1.0
    },
    {
      "id": 22,
      "text": "नियम",
      "sentence": 6,
      "start": 458,
      "end": 462,
      "confidence": 1.0
    },
    {
      "id": 23,
      "text": "नियमांनुसार",
      "sentence": 6,
      "start": 465,
      "end": 474,
      "confidence": 1.0
    },
    {
      "id": 24,
      "text": "पुरस्काराला",
      "sentence": 7,
      "start": 488,
      "end": 497,
      "confidence": 1.0
    },
    {
      "id": 25,
      "text": "वेदांतिकाराजे",
      "sentence": 8,
      "start": 512,
      "end": 522,
      "confidence": 1.0
    },
    {
      "id": 26,
      "text": "मला",
      "sentence": 8,
      "start": 532,
      "end": 535,
      "confidence": 1.0
    },
    {
      "id": 27,
      "text": "पुरस्कार",
      "sentence": 8,
      "start": 546,
      "end": 551,
      "confidence": 1.0
    },
    {
      "id": 28,
      "text": "कर्तव्य",
      "sentence": 8,
      "start": 559,
      "end": 564,
      "confidence": 1.0
    },
    {
      "id": 29,
      "text": "माध्यमातून",
      "sentence": 8,
      "start": 577,
      "end": 585,
      "confidence": 1.0
    },
    {
      "id": 30,
      "text": "कामाची",
      "sentence": 8,
      "start": 593,
      "end": 598,
      "confidence": 1.0
    },
    {
      "id": 31,
      "text": "बांधिलकी",
      "sentence": 9,
      "start": 641,
      "end": 647,
      "confidence": 1.0
    },
    {
      "id": 32,
      "text": "नियोक्ते",
      "sentence": 10,
      "start": 664,
      "end": 669,
      "confidence": 1.0
    },
    {
      "id": 33,
      "text": "प्रशंसा",
      "sentence": 10,
      "start": 670,
      "end": 676,
      "confidence": 1.0
    },
    {
      "id": 34,
      "text": "त्यांच्या",
      "sentence": 11,
      "start": 678,
      "end": 684,
      "confidence": 1.0
    },
    {
      "id": 35,
      "text": "चौकशीमधून",
      "sentence": 11,
      "start": 685,
      "end": 693,
      "confidence": 1.0
    },
    {
      "id": 36,
      "text": "क्लासेसचे",
      "sentence": 11,
      "start": 700,
      "end": 707,
      "confidence": 1.0
    },
    {
      "id": 37,
      "text": "शिक्षक",
      "sentence": 11,
      "start": 713,
      "end": 718,
      "confidence": 1.0
    },
    {
      "id": 38,
      "text": "विद्यार्थी",
      "sentence": 11,
      "start": 728,
      "end": 734,
      "confidence": 1.0
    },
    {
      "id": 39,
      "text": "रडारवर",
      "sentence": 11,
      "start": 745,
      "end": 751,
      "confidence": 1.0
    },
    {
      "id": 40,
      "text": "सूत्रांनी",
      "sentence": 11,
      "start": 791,
      "end": 797,
      "confidence": 1.0
    },
    {
      "id": 41,
      "text": "पाऊस",
      "sentence": 12,
      "start": 841,
      "end": 845,
      "confidence": 1.0
    },
    {
      "id": 42,
      "text": "मंदिरातील",
      "sentence": 12,
      "start": 861,
      "end": 868,
      "confidence": 1.0
    },
    {
      "id": 43,
      "text": "कर्मचारी",
      "sentence": 12,
      "start": 873,
      "end": 879,
      "confidence": 1.0
    },
    {
      "id": 44,
      "text": "भोजनशाळेत",
      "sentence": 12,
      "start": 880,
      "end": 889,
      "confidence": 1.0
    },
    {
      "id": 45,
      "text": "मोहिते-पाटील",
      "sentence": 13,
      "start": 908,
      "end": 921,
      "confidence": 1.0
    },
    {
      "id": 46,
      "text": "राष्ट्रवादीत",
      "sentence": 13,
      "start": 922,
      "end": 931,
      "confidence": 1.0
    },
    {
      "id": 47,
      "text": "उत्तमराव",
      "sentence": 13,
      "start": 941,
      "end": 948,
      "confidence": 1.0
    },
    {
      "id": 48,
      "text": "प्रकाश",
      "sentence": 13,
      "start": 956,
      "end": 961,
      "confidence": 1.0
    },
    {
      "id": 49,
      "text": "पाटील",
      "sentence": 13,
      "start": 962,
      "end": 967,
      "confidence": 1.0
    }
  ],
  "clusters": [
    [
      4,
      6
    ],
    [
      9,
      10,
      11,
      41
    ],
    [
      32,
      36
    ],
    [
      33,
      34,
      35
    ]
  ]
}