{
  "document_id": "document_349",
  "sentences": [
    "क्रेडिट कार्डसारखी कर्जे ही अधिकाधिक व्याजदराची असतात व त्याची जास्त वेळ परतफेड न करणे खात्याला मोठ्या प्रमाणात गळती लावू शकते.",
    "यंदा सरासरीच्या 97 टक्के पाऊस पडेल, असं भाकीत आयएमडीने वर्तवलं.",
    "सूरज भुईंगडे, रोहित पवते, श्रेयस पाटील (सर्व परीते), आदीं बरोबरच 100 हून अधिक कुस्त्या झाल्या.",
    "तेलंगणाच्या नालगोंडा मतदारसंघातील खासदार उत्तम कुमार रेड्डी यांना हे बलात्कार व हत्याकांड शहरातील सर्वात सुरक्षित भागात झाल्याचे म्हटले.",
    "या उपक्रमाअंतर्गत युवकांसाठी विवेकी विचार व व्यसनमुक्ती याचे प्रशिक्षण घेतले जाणार आहे असे प्रतिपादन डॉ.",
    "हमीद दाभोलकर यांनी केले.",
    "Lake Hickory Rotary Club, Hickory, North Carolina - Home - New Member: Rob Dickerson,आपण येथे माहिती पाहू शकता संबंधित लेख पाहू इच्छित असल्यास हा लेख, तथापि अचूक लिहिले होते:Hollister,",
    "या दोघांनी त्याला गुवाहाटी येथून मुंबईत बोलाविले होते, मात्र इंद्राणीच्या कटाची माहिती समजताच त्याने तेथून पळ काढला.",
    "जर पहिल्यांदा आपण अशा कुशलतेचे व्यवस्थापन करू शकला नाही तर आपल्या मस्तकावरील जाड पुस्तकासह अपार्टमेंट सुमारे चालण्याचा प्रयत्न करा, आपल्या हाताने त्याचा आधार घेत नाही.",
    "आम्ही व्हिस्की उत्पादन प्रक्रिया सर्व कमी बारा वर्षे फार काळ टिकत वर्णन करता भोक आपण येथे नाही.",
    "आपल्या मापदंडांद्वारे आपल्या शोधाला कमी करणे, आपण शक्यता कमीत कमी करा",
    "क:पदार्थ वाटे प्राण",
    "आणि ’आयी बहार’, ’आज लागी लागी’ ही अत्यंत मोहक गाणी मला ऐकायला मिळाली!",
    "आता उभय संघातील दुसरा आणि शेवटचा वनडे सामना मंगळवारी खेळविला जाणार आहे.",
    "1 9 0 9 पर्यंत शासक सुल्तान अब्दुल-हमीद दुसराचा नाश झाला.",
    "उज्वलचा गळ्याला दूप्पटा आवळलेला होता.",
    "विष्णू सुर्या वाघ यांच्या मासिक स्मृती दिनाचे औचित्य साधून ‘विष्णूस्मृती’ या श्रध्दांजली कार्यक्रमाचे आयोजन करण्यात आले होते.",
    "विजय शंकरचा चौथ्या क्रमांकासाठी विचार झाल्यास रायुडूचा पत्ता कट होऊ शकतो.",
    "कळवा, मुंब्रा, दिवा…ठाणे पल्ल्याआड हगणदारी जोरात ठाणे- मुंबई शहर हगणदारीमुक्त झाले असल्याचा अहवाल मुंबई महापालिकेने सादर केला असतानाच स्मार्ट सिटीकडे झेप घेणार्‍या ठाण्यात मात्र तब्बल.",
    "एक शक्तिशाली प्रोसेसर आपण पटकन फोटो आणि दस्तऐवज उपलब्ध पाहू देते.",
    "सर्व केल्यानंतर, सामान्य आहार दरम्यान शरीर ताण आहे.",
    "श्यूच्या गावात पोचेपर्यंत तो सायकलरिक्षावाला मागे वळून अखंड बडबडत होता.",
    "श्यू मधून मधून त्याचं बोलणं अनुवाद करत मला सांगत होती.",
    "यावर्षी पाउस जास्त झाला त्यामुळे पीचच्या फ़ळांचं नुकसान झालं आहे.",
    "फ़ळांच्या साली काळ्या पडल्या त्यामुळे भाव कमी आला.",
    "नुकसान झालं.",
    "सरकारी मदत मिळाली तरच निभाव लागणार यावर्षी वगैरे.",
    "मला एकदम मी नाशिकजवळच्या द्राक्षांच्या मळेवाल्यांची गार्‍हाणी ऐकतेय असा भास झाला.",
    "लष्करी मोहिमांवरुन अशा प्रकारे राजकारण करणे योग्य नाही असे मत निवृत्त लेफ्टनंट जनरल डी."
  ],
  "mentions": [
    {
      "id": 0,
      "text": "कर्जे",
      "sentence": 0,
      "start": 17,
      "end": 21,
      "confidence": 1.0
    },
    {
      "id": 1,
      "text": "त्याची",
      "sentence": 0,
      "start": 45,
      "end": 49,
      "confidence": 1.0
    },
    {
      "id": 2,
      "text": "खात्याला",
      "sentence": 0,
      "start": 67,
      "end": 74,
      "confidence": 1.0
    },
    {
      "id": 3,
      "text": "पाऊस",
      "sentence": 1,
      "start": 110,
      "end": 114,
      "confidence": 1.0
    },
    {
      "id": 4,
      "text": "भाकीत",
      "sentence": 1,
      "start": 126,
      "end": 131,
      "confidence": 1.0
    },
    {
      "id": 5,
      "text": "आयएमडीने",
      "sentence": 1,
      "start": 132,
      "end": 139,
      "confidence": 1.0
    },
    {
      "id": 6,
      "text": "सूरज",
      "sentence": 2,
      "start": 151,
      "end": 155,
      "confidence": 1.0
    },
    {
      "id": 7,
      "text": "भुईंगडे",
      "sentence": 2,
      "start": 156,
      "end": 162,
      "confidence": 1.0
    },
    {
      "id": 8,
      "text": "श्रेयस",
      "sentence": 2,
      "start": 177,
      "end": 182,
      "confidence": 1.0
    },
    {
      "id": 9,
      "text": "पाटील",
      "sentence": 2,
      "start": 183,
      "end": 187,
      "confidence": 1.0
    },
    {
      "id": 10,
      "text": "कुस्त्या",
      "sentence": 2,
      "start": 211,
      "end": 217,
      "confidence": 1.0
    },
    {
      "id": 11,
      "text": "तेलंगणाच्या",
      "sentence": 3,
      "start": 227,
      "end": 236,
      "confidence": 1.0
    },
    {
      "id": 12,
      "text": "नालगोंडा",
      "sentence": 3,
      "start": 237,
      "end": 244,
      "confidence": 1.0
    },
    {
      "id": 13,
      "text": "मतदारसंघातील",
      "sentence": 3,
      "start": 245,
      "end": 256,
      "confidence": 1.0
    },
    {
      "id": 14,
      "text": "खासदार",
      "sentence": 3,
      "start": 257,
      "end": 262,
      "confidence": 1.0
    },
    {
      "id": 15,
      "text": "कुमार",
      "sentence": 3,
      "start": 268,
      "end": 272,
      "confidence": 1.0
    },
    {
      "id": 16,
      "text": "रेड्डी",
      "sentence": 3,
      "start": 273,
      "end": 277,
      "confidence": 1.0
    },
    {
      "id": 17,
      "text": "बलात्कार",
      "sentence": 3,
      "start": 284,
      "end": 291,
      "confidence": 1.0
    },
    {
      "id": 18,
      "text": "हत्याकांड",
      "sentence": 3,
      "start": 294,
      "end": 301,
      "confidence": 1.0
    },
    {
      "id": 19,
      "text": "भागात",
      "sentence": 3,
      "start": 321,
      "end": 325,
      "confidence": 1.0
    },
    {
      "id": 20,
      "text": "उपक्रमाअंतर्गत",
      "sentence": 4,
      "start": 332,
      "end": 343,
      "confidence": 1.0
    },
    {
      "id": 21,
      "text": "युवकांसाठी",
      "sentence": 4,
      "start": 344,
      "end": 353,
      "confidence": 1.0
    },
    {
      "id": 22,
      "text": "विचार",
      "sentence": 4,
      "start": 359,
      "end": 363,
      "confidence": 1.0
    },
    {
      "id": 23,
      "text": "व्यसनमुक्ती",
      "sentence": 4,
      "start": 366,
      "end": 375,
      "confidence": 1.0
    },
    {
      "id": 24,
      "text": "प्रशिक्षण",
      "sentence": 4,
      "start": 382,
      "end": 389,
      "confidence": 1.0
    },
    {
      "id": 25,
      "text": "प्रतिपादन",
      "sentence": 4,
      "start": 406,
      "end": 413,
      "confidence": 1.0
    },
    {
      "id": 26,
      "text": "हमीद",
      "sentence": 5,
      "start": 418,
      "end": 422,
      "confidence": 1.0
    },
    {
      "id": 27,
      "text": "दाभोलकर",
      "sentence": 5,
      "start": 423,
      "end": 429,
      "confidence": 1.0
    },
    {
      "id": 28,
      "text": "Lake",
      "sentence": 6,
      "start": 437,
      "end": 441,
      "confidence": 1.0
    },
    {
      "id": 29,
      "text": "Rotary",
      "sentence": 6,
      "start": 450,
      "end": 456,
      "confidence": 1.0
    },
    {
      "id": 30,
      "text": "Club",
      "sentence": 6,
      "start": 457,
      "end": 461,
      "confidence": 1.0
    },
    {
      "id": 31,
      "text": "Carolina",
      "sentence": 6,
      "start": 478,
      "end": 486,
      "confidence": 1.0
    },
    {
      "id": 32,
      "text": "आपण",
      "sentence": 6,
      "start": 522,
      "end": 526,
      "confidence": 1.0
    },
    {
      "id": 33,
      "text": "माहिती",
      "sentence": 6,
      "start": 531,
      "end": 536,
      "confidence": 1.0
    },
    {
      "id": 34,
      "text": "दोघांनी",
      "sentence": 7,
      "start": 605,
      "end": 611,
      "confidence": 1.0
    },
    {
      "id": 35,
      "text": "त्याला",
      "sentence": 7,
      "start": 612,
      "end": 616,
      "confidence": 1.0
    },
    {
      "id": 36,
      "text": "गुवाहाटी",
      "sentence": 7,
      "start": 617,
      "end": 624,
      "confidence": 1.0
    },
    {
      "id": 37,
      "text": "मुंबईत",
      "sentence": 7,
      "start": 632,
      "end": 637,
      "confidence": 1.0
    },
    {
      "id": 38,
      "text": "इंद्राणीच्या",
      "sentence": 7,
      "start": 653,
      "end": 662,
      "confidence": 1.0
    },
    {
      "id": 39,
      "text": "कटाची",
      "sentence": 7,
      "start": 663,
      "end": 668,
      "confidence": 1.0
    },
    {
      "id": 40,
      "text": "माहिती",
      "sentence": 7,
      "start": 669,
      "end": 674,
      "confidence": 1.0
    },
    {
      "id": 41,
      "text": "त्याने",
      "sentence": 7,
      "start": 680,
      "end": 684,
      "confidence": 1.0
    },
    {
      "id": 42,
      "text": "आपण",
      "sentence": 8,
      "start": 708,
      "end": 712,
      "confidence": 1.0
    },
    {
      "id": 43,
      "text": "व्यवस्थापन",
      "sentence": 8,
      "start": 723,
      "end": 731,
      "confidence": 1.0
    },
    {
      "id": 44,
      "text": "आपल्या",
      "sentence": 8,
      "start": 747,
      "end": 752,
      "confidence": 1.0
    },
    {
      "id": 45,
      "text": "पुस्तकासह",
      "sentence": 8,
      "start": 766,
      "end": 773,
      "confidence": 1.0
    },
    {
      "id": 46,
      "text": "अपार्टमेंट",
      "sentence": 8,
      "start": 774,
      "end": 782,
      "confidence": 1.0
    },
    {
      "id": 47,
      "text": "प्रयत्न",
      "sentence": 8,
      "start": 793,
      "end": 798,
      "confidence": 1.0
    },
    {
      "id": 48,
      "text": "आपल्या",
      "sentence": 8,
      "start": 803,
      "end": 808,
      "confidence": 1.0
    },
    {
      "id": 49,
      "text": "हाताने",
      "sentence": 8,
      "start": 809,
      "end": 813,
      "confidence": 1.0
    },
    {
      "id": 50,
      "text": "त्याचा",
      "sentence": 8,
      "start": 814,
      "end": 818,
      "confidence": 1.0
    },
    {
      "id": 51,
      "text": "आधार",
      "sentence": 8,
      "start": 819,
      "end": 823,
      "confidence": 1.0
    },
    {
      "id": 52,
      "text": "आम्ही",
      "sentence": 9,
      "start": 830,
      "end": 834,
      "confidence": 1.0
    },
    {
      "id": 53,
      "text": "व्हिस्की",
      "sentence": 9,
      "start": 835,
      "end": 841,
      "confidence": 1.0
    },
    {
      "id": 54,
      "text": "उत्पादन",
      "sentence": 9,
      "start": 842,
      "end": 847,
      "confidence": 1.0
    },
    {
      "id": 55,
      "text": "प्रक्रिया",
      "sentence": 9,
      "start": 848,
      "end": 854,
      "confidence": 1.0
    },
    {
      "id": 56,
      "text": "आपण",
      "sentence": 9,
      "start": 897,
      "end": 901,
      "confidence": 1.0
    },
    {
      "id": 57,
      "text": "आपल्या",
      "sentence": 10,
      "start": 908,
      "end": 913,
      "confidence": 1.0
    },
    {
      "id": 58,
      "text": "मापदंडांद्वारे",
      "sentence": 10,
      "start": 914,
      "end": 926,
      "confidence": 1.0
    },
    {
      "id": 59,
      "text": "आपल्या",
      "sentence": 10,
      "start": 927,
      "end": 932,
      "confidence": 1.0
    },
    {
      "id": 60,
      "text": "आपण",
      "sentence": 10,
      "start": 949,
      "end": 953,
      "confidence": 1.0
    },
    {
      "id": 61,
      "text": "शक्यता",
      "sentence": 10,
      "start": 954,
      "end": 959,
      "confidence": 1.0
    },
    {
      "id": 62,
      "text": "पदार्थ",
      "sentence": 11,
      "start": 970,
      "end": 975,
      "confidence": 1.0
    },
    {
      "id": 63,
      "text": "प्राण",
      "sentence": 11,
      "start": 981,
      "end": 984,
      "confidence": 1.0
    },
    {
      "id": 64,
      "text": "बहार",
      "sentence": 12,
      "start": 994,
      "end": 998,
      "confidence": 1.0
    },
    {
      "id": 65,
      "text": "गाणी",
      "sentence": 12,
      "start": 1023,
      "end": 1027,
      "confidence": 1.0
    },
    {
      "id": 66,
      "text": "मला",
      "sentence": 12,
      "start": 1028,
      "end": 1031,
      "confidence": 1.0
    },
    {
      "id": 67,
      "text": "वनडे",
      "sentence": 13,
      "start": 1063,
      "end": 1067,
      "confidence": 1.0
    },
    {
      "id": 68,
      "text": "सामना",
      "sentence": 13,
      "start": 1068,
      "end": 1072,
      "confidence": 1.0
    },
    {
      "id": 69,
      "text": "शासक",
      "sentence": 14,
      "start": 1101,
      "end": 1105,
      "confidence": 1.0
    },
    {
      "id": 70,
      "text": "सुल्तान",
      "sentence": 14,
      "start": 1106,
      "end": 1112,
      "confidence": 1.0
    },
    {
      "id": 71,
      "text": "अब्दुल-हमीद",
      "sentence": 14,
      "start": 1113,
      "end": 1124,
      "confidence": 1.0
    },
    {
      "id": 72,
      "text": "गळ्याला",
      "sentence": 15,
      "start": 1149,
      "end": 1155,
      "confidence": 1.0
    },
    {
      "id": 73,
      "text": "दूप्पटा",
      "sentence": 15,
      "start": 1156,
      "end": 1162,
      "confidence": 1.0
    },
    {
      "id": 74,
      "text": "विष्णू",
      "sentence": 16,
      "start": 1171,
      "end": 1176,
      "confidence": 1.0
    },
    {
      "id": 75,
      "text": "सुर्या",
      "sentence": 16,
      "start": 1177,
      "end": 1181,
      "confidence": 1.0
    },
    {
      "id": 76,
      "text": "स्मृती",
      "sentence": 16,
      "start": 1194,
      "end": 1198,
      "confidence": 1.0
    },
    {
      "id": 77,
      "text": "दिनाचे",
      "sentence": 16,
      "start": 1199,
      "end": 1204,
      "confidence": 1.0
    },
    {
      "id": 78,
      "text": "औचित्य",
      "sentence": 16,
      "start": 1205,
      "end": 1210,
      "confidence": 1.0
    },
    {
      "id": 79,
      "text": "विष्णूस्मृती",
      "sentence": 16,
      "start": 1218,
      "end": 1228,
      "confidence": 1.0
    },
    {
      "id": 80,
      "text": "श्रध्दांजली",
      "sentence": 16,
      "start": 1233,
      "end": 1242,
      "confidence": 1.0
    },
    {
      "id": 81,
      "text": "कार्यक्रमाचे",
      "sentence": 16,
      "start": 1243,
      "end": 1251,
      "confidence": 1.0
    },
    {
      "id": 82,
      "text": "आयोजन",
      "sentence": 16,
      "start": 1252,
      "end": 1257,
      "confidence": 1.0
    },
    {
      "id": 83,
      "text": "क्रमांकासाठी",
      "sentence": 17,
      "start": 1291,
      "end": 1301,
      "confidence": 1.0
    },
    {
      "id": 84,
      "text": "रायुडूचा",
      "sentence": 17,
      "start": 1311,
      "end": 1317,
      "confidence": 1.0
    },
    {
      "id": 85,
      "text": "पत्ता",
      "sentence": 17,
      "start": 1318,
      "end": 1321,
      "confidence": 1.0
    },
    {
      "id": 86,
      "text": "मुंब्रा",
      "sentence": 18,
      "start": 1340,
      "end": 1345,
      "confidence": 1.0
    },
    {
      "id": 87,
      "text": "दिवा",
      "sentence": 18,
      "start": 1347,
      "end": 1350,
      "confidence": 1.0
    },
    {
      "id": 88,
      "text": "हगणदारी",
      "sentence": 18,
      "start": 1366,
      "end": 1372,
      "confidence": 1.0
    },
    {
      "id": 89,
      "text": "मुंबई",
      "sentence": 18,
      "start": 1386,
      "end": 1390,
      "confidence": 1.0
    },
    {
      "id": 90,
      "text": "अहवाल",
      "sentence": 18,
      "start": 1420,
      "end": 1424,
      "confidence": 1.0
    },
    {
      "id": 91,
      "text": "मुंबई",
      "sentence": 18,
      "start": 1425,
      "end": 1429,
      "confidence": 1.0
    },
    {
      "id": 92,
      "text": "महापालिकेने",
      "sentence": 18,
      "start": 1430,
      "end": 1439,
      "confidence": 1.0
    },
    {
      "id": 93,
      "text": "सिटीकडे",
      "sentence": 18,
      "start": 1463,
      "end": 1469,
      "confidence": 1.0
    },
    {
      "id": 94,
      "text": "प्रोसेसर",
      "sentence": 19,
      "start": 1506,
      "end": 1513,
      "confidence": 1.0
    },
    {
      "id": 95,
      "text": "आपण",
      "sentence": 19,
      "start": 1514,
      "end": 1518,
      "confidence": 1.0
    },
    {
      "id": 96,
      "text": "फोटो",
      "sentence": 19,
      "start": 1524,
      "end": 1527,
      "confidence": 1.0
    },
    {
      "id": 97,
      "text": "दस्तऐवज",
      "sentence": 19,
      "start": 1531,
      "end": 1537,
      "confidence": 1.0
    },
    {
      "id": 98,
      "text": "शरीर",
      "sentence": 20,
      "start": 1573,
      "end": 1577,
      "confidence": 1.0
    },
    {
      "id": 99,
      "text": "श्यूच्या",
      "sentence": 21,
      "start": 1588,
      "end": 1593,
      "confidence": 1.0
    },
    {
      "id": 100,
      "text": "गावात",
      "sentence": 21,
      "start": 1594,
      "end": 1598,
      "confidence": 1.0
    },
    {
      "id": 101,
      "text": "तो",
      "sentence": 21,
      "start": 1606,
      "end": 1608,
      "confidence": 1.0
    },
    {
      "id": 102,
      "text": "सायकलरिक्षावाला",
      "sentence": 21,
      "start": 1609,
      "end": 1622,
      "confidence": 1.0
    },
    {
      "id": 103,
      "text": "श्यू",
      "sentence": 22,
      "start": 1637,
      "end": 1640,
      "confidence": 1.0
    },
    {
      "id": 104,
      "text": "मला",
      "sentence": 22,
      "start": 1667,
      "end": 1670,
      "confidence": 1.0
    },
    {
      "id": 105,
      "text": "पाउस",
      "sentence": 23,
      "start": 1685,
      "end": 1689,
      "confidence": 1.0
    },
    {
      "id": 106,
      "text": "नुकसान",
      "sentence": 23,
      "start": 1715,
      "end": 1720,
      "confidence": 1.0
    },
    {
      "id": 107,
      "text": "नुकसान",
      "sentence": 25,
      "start": 1772,
      "end": 1777,
      "confidence": 1.0
    },
    {
      "id": 108,
      "text": "निभाव",
      "sentence": 26,
      "start": 1801,
      "end": 1805,
      "confidence": 1.0
    },
    {
      "id": 109,
      "text": "मला",
      "sentence": 27,
      "start": 1819,
      "end": 1822,
      "confidence": 1.0
    },
    {
      "id": 110,
      "text": "मी",
      "sentence": 27,
      "start": 1827,
      "end": 1828,
      "confidence": 1.0
    },
    {
      "id": 111,
      "text": "मळेवाल्यांची",
      "sentence": 27,
      "start": 1851,
      "end": 1860,
      "confidence": 1.0
    },
    {
      "id": 112,
      "text": "गार्‍हाणी",
      "sentence": 27,
      "start": 1861,
      "end": 1868,
      "confidence": 1.0
    },
    {
      "id": 113,
      "text": "मोहिमांवरुन",
      "sentence": 28,
      "start": 1889,
      "end": 1898,
      "confidence": 1.0
    },
    {
      "id": 114,
      "text": "राजकारण",
      "sentence": 28,
      "start": 1908,
      "end": 1915,
      "confidence": 1.0
    },
    {
      "id": 115,
      "text": "जनरल",
      "sentence": 28,
      "start": 1944,
      "end": 1949,
      "confidence": 1.0
    }
  ],
  "clusters": [
    [
      0,
      1
    ],
    [
      3,
      4
    ],
    [
      6,
      7
    ],
    [
      8,
      9
    ],
    [
      10,
      11
    ],
    [
      17,
      18,
      19
    ],
    [
      20,
      21,
      22
    ],
    [
      31,
      32
    ],
    [
      33,
      34,
      35,
      36,
      37
    ],
    [
      38,
      39
    ],
    [
      41,
      42
    ],
    [
      43,
      57,
      59,
      64,
      72,
      73,
      75,
      77
    ],
    [
      45,
      46
    ],
    [
      49,
      55
    ],
    [
      61,
      66
    ],
    [
      88,
      89,
      90
    ],
    [
      95,
      96,
      97
    ],
    [
      105,
      106
    ]
  ]
}