{
  "document_id": "document_372",
  "sentences": [
    "सरकार शेतकऱ्यांच्या मागण्यांचा विचार कारेलही.",
    "तसेच   राष्ट्रवादीला ताकद मिळू शकते, असे सांगितले जात आहे.",
    "कल्याण-ठाणे दरम्यानच्या अप धिम्या मार्गावर रविवारी सकाळी 11.20 ते दुपारी 4.20 या कालावधीत ब्लॉक घेण्यात आला आहे.",
    "पण अधिक शक्तिशाली, आणि संबंधानुसार अधिक महाग मॉडेल आहेत.",
    "यशस्वी विद्यार्थ्यांना रोख स्वरूपात पारितोषिक, गौरवचिन्ह व प्रमाणपत्र देऊन गौरविण्यात",
    "ट्विटरवर ५३ मिलियनहून जास्त फॉलोअर्स सध्या ट्रम्प यांचे आहेत.",
    "‘गोळीबार हा काही छातीवर करायचा नसतो.",
    "त्याची गुणवत्ता र्हास चिडून ठरतो.",
    "गेल्या दोन दिवसांपासून हे विमान तेथून हटविण्यासाठी प्रयत्न सुरू होते.",
    "त्या रागान त्येना झोपेचे गोळये खाल्ल्यान.",
    "खाजगी वाहतूक कमी करून सार्वजनिक वाहतूक वाढल्यानंतरच कार्बन उत्सर्जन कमी होवून पर्यावरण रक्षण होणार आहे.",
    "या खर्ड्यासाठी लोखंडी खोलगट तवा असल्यास उत्तम.",
    "सोबतच बिद्रेे यांनी कुरूंदकर आणि त्यांच्यातील मोबाईल संभाषण घरातील कॉम्प्युटरमधील डिस्कमध्ये सेव्ह केल्याचे पुरावे पोलिसांना मिळाले आहेत.",
    "पण फ्री काहीही नाही.",
    "तो तडक त्याच्या घराच्या दिशेने चालू लागला.",
    "सायन स्थानकाच्या बाहेर पडलं की समोरच सायन-वांद्रा लिंक रोड सुरू होतो.",
    "पण या प्रेमाला एक करुण किनारही आहे.",
    "सिटी डॉन Tula प्रदेश - प्रदेशात लोकसंख्या एक तृतीयांश 60 किलोमीटर अंतरावर Tula पासून.",
    "जय महाराष्ट्र न्यूज, मुंबई काँग्रेसचा बालेकिल्ला असलेल्या कर्नाटकमध्ये गड राखणे पक्षाला शक्य झाले नसल्याचे चित्र",
    "\"प्रगती तुपाच्या वंगणाची\" या लेखात(म.टा.दि.३१ जुलै) राजेश घासकडवी लिहितात की कर्ज काढून तूप खा हे वचन चार्वाकाचे नाही.त्याचे मूळवचन टीकाकारांनी बदलले आहे.",
    "वास्तविक जीवनात एक ओरिएंटल स्त्री, अशा कपडे न स्वीकारलेले असेल.",
    "एका लायनीत दोन-तीन धाबे आणि पुढे एक दोन मजली हॉटेल होते.",
    "३० जून रोजीचा पाणीसाठा ९९.७९ दशलक्ष घनमीटर इतका आहे.",
    "शनिवारी सार्वजनिक बँकांच्या प्रमुखांची अर्थमंत्री निर्मला सीतारामन यांच्यासोबत बैठक होणार आहे.",
    "3G काय आहे?",
    "इंदिरानगर)  यांचा डेंग्यू सदृष्य आजाराने मृत्यू झाल्याचे सांगण्यात आले.",
    "आजकाल, व्यापारी अनेक उत्कृष्ट पुस्तके आहेत, ते संबंधित माहिती थेट गणना बाजू विनिमय व्यापार विषयक भरपूर शोधू शकता, व्यापार, मानसिक बाजू, अधिक एक अतिशय महत्वाचा घटक सर्व प्रकारच्या -  जोखीम व्यवस्थापन.",
    "हांदे आणि त्या तरुणाला शिवसैनिकांनी तातडीने मरोळच्या सेव्हन हिल्स रुग्णालयात नेले, परंतु तोपर्यंत त्यांची प्राणज्योत मालवली होती.",
    "अंजू व डॉ.",
    "ऊर्मी बडोदा, फरीदाआंटी वसरेवा अंधेरी, अगदी रत्नागिरीचेही मणी नायर आहेत.",
    "‘अग्नी-५’ची अंतिम चाचणी यशस्वी",
    "समीक्षक सक्ती O`Genri कथा आधारित कामगिरी अलेक्झांडर Shirvindt दिशा अंतर्गत थिएटर त्याच्या भागांच्या आपापसांत चांगली स्पर्धात्मक स्थान आहे असा आपला विश्वास.",
    "मात्र या वासनाकांड प्रकरणात न्यायालयानं आरोपींना जामीन मंजूर केला.",
    "पळसदेव मंदिर",
    "हा काळ संघर्षाचा असेल.",
    "राज्यातील मी एकमेव असा जिल्हाध्यक्ष आहे, की ज्याने स्वबळावर जि."
  ],
  "mentions": [
    {
      "id": 0,
      "text": "सरकार",
      "sentence": 0,
      "start": 0,
      "end": 5,
      "confidence": 1.0
    },
    {
      "id": 1,
      "text": "विचार",
      "sentence": 0,
      "start": 30,
      "end": 34,
      "confidence": 1.0
    },
    {
      "id": 2,
      "text": "राष्ट्रवादीला",
      "sentence": 1,
      "start": 9,
      "end": 20,
      "confidence": 1.0
    },
    {
      "id": 3,
      "text": "ताकद",
      "sentence": 1,
      "start": 21,
      "end": 25,
      "confidence": 1.0
    },
    {
      "id": 4,
      "text": "कल्याण-ठाणे",
      "sentence": 2,
      "start": 109,
      "end": 120,
      "confidence": 1.0
    },
    {
      "id": 5,
      "text": "मार्गावर",
      "sentence": 2,
      "start": 139,
      "end": 146,
      "confidence": 1.0
    },
    {
      "id": 6,
      "text": "कालावधीत",
      "sentence": 2,
      "start": 182,
      "end": 190,
      "confidence": 1.0
    },
    {
      "id": 7,
      "text": "ब्लॉक",
      "sentence": 2,
      "start": 191,
      "end": 195,
      "confidence": 1.0
    },
    {
      "id": 8,
      "text": "मॉडेल",
      "sentence": 3,
      "start": 269,
      "end": 274,
      "confidence": 1.0
    },
    {
      "id": 9,
      "text": "विद्यार्थ्यांना",
      "sentence": 4,
      "start": 288,
      "end": 301,
      "confidence": 1.0
    },
    {
      "id": 10,
      "text": "स्वरूपात",
      "sentence": 4,
      "start": 306,
      "end": 313,
      "confidence": 1.0
    },
    {
      "id": 11,
      "text": "पारितोषिक",
      "sentence": 4,
      "start": 314,
      "end": 323,
      "confidence": 1.0
    },
    {
      "id": 12,
      "text": "गौरवचिन्ह",
      "sentence": 4,
      "start": 325,
      "end": 334,
      "confidence": 1.0
    },
    {
      "id": 13,
      "text": "प्रमाणपत्र",
      "sentence": 4,
      "start": 337,
      "end": 346,
      "confidence": 1.0
    },
    {
      "id": 14,
      "text": "ट्विटरवर",
      "sentence": 5,
      "start": 358,
      "end": 365,
      "confidence": 1.0
    },
    {
      "id": 15,
      "text": "फॉलोअर्स",
      "sentence": 5,
      "start": 384,
      "end": 391,
      "confidence": 1.0
    },
    {
      "id": 16,
      "text": "ट्रम्प",
      "sentence": 5,
      "start": 398,
      "end": 402,
      "confidence": 1.0
    },
    {
      "id": 17,
      "text": "गोळीबार",
      "sentence": 6,
      "start": 415,
      "end": 422,
      "confidence": 1.0
    },
    {
      "id": 18,
      "text": "छातीवर",
      "sentence": 6,
      "start": 432,
      "end": 437,
      "confidence": 1.0
    },
    {
      "id": 19,
      "text": "त्याची",
      "sentence": 7,
      "start": 444,
      "end": 449,
      "confidence": 1.0
    },
    {
      "id": 20,
      "text": "गुणवत्ता",
      "sentence": 7,
      "start": 450,
      "end": 456,
      "confidence": 1.0
    },
    {
      "id": 21,
      "text": "र्हास",
      "sentence": 7,
      "start": 457,
      "end": 461,
      "confidence": 1.0
    },
    {
      "id": 22,
      "text": "दिवसांपासून",
      "sentence": 8,
      "start": 477,
      "end": 487,
      "confidence": 1.0
    },
    {
      "id": 23,
      "text": "विमान",
      "sentence": 8,
      "start": 490,
      "end": 494,
      "confidence": 1.0
    },
    {
      "id": 24,
      "text": "प्रयत्न",
      "sentence": 8,
      "start": 507,
      "end": 512,
      "confidence": 1.0
    },
    {
      "id": 25,
      "text": "झोपेचे",
      "sentence": 9,
      "start": 532,
      "end": 537,
      "confidence": 1.0
    },
    {
      "id": 26,
      "text": "वाहतूक",
      "sentence": 10,
      "start": 551,
      "end": 556,
      "confidence": 1.0
    },
    {
      "id": 27,
      "text": "वाहतूक",
      "sentence": 10,
      "start": 568,
      "end": 573,
      "confidence": 1.0
    },
    {
      "id": 28,
      "text": "कार्बन",
      "sentence": 10,
      "start": 588,
      "end": 593,
      "confidence": 1.0
    },
    {
      "id": 29,
      "text": "उत्सर्जन",
      "sentence": 10,
      "start": 594,
      "end": 600,
      "confidence": 1.0
    },
    {
      "id": 30,
      "text": "पर्यावरण",
      "sentence": 10,
      "start": 609,
      "end": 615,
      "confidence": 1.0
    },
    {
      "id": 31,
      "text": "रक्षण",
      "sentence": 10,
      "start": 616,
      "end": 620,
      "confidence": 1.0
    },
    {
      "id": 32,
      "text": "खर्ड्यासाठी",
      "sentence": 11,
      "start": 628,
      "end": 637,
      "confidence": 1.0
    },
    {
      "id": 33,
      "text": "बिद्रेे",
      "sentence": 12,
      "start": 662,
      "end": 667,
      "confidence": 1.0
    },
    {
      "id": 34,
      "text": "कुरूंदकर",
      "sentence": 12,
      "start": 674,
      "end": 681,
      "confidence": 1.0
    },
    {
      "id": 35,
      "text": "मोबाईल",
      "sentence": 12,
      "start": 696,
      "end": 702,
      "confidence": 1.0
    },
    {
      "id": 36,
      "text": "संभाषण",
      "sentence": 12,
      "start": 703,
      "end": 708,
      "confidence": 1.0
    },
    {
      "id": 37,
      "text": "डिस्कमध्ये",
      "sentence": 12,
      "start": 725,
      "end": 733,
      "confidence": 1.0
    },
    {
      "id": 38,
      "text": "पुरावे",
      "sentence": 12,
      "start": 742,
      "end": 746,
      "confidence": 1.0
    },
    {
      "id": 39,
      "text": "पोलिसांना",
      "sentence": 12,
      "start": 747,
      "end": 754,
      "confidence": 1.0
    },
    {
      "id": 40,
      "text": "तो",
      "sentence": 14,
      "start": 775,
      "end": 776,
      "confidence": 1.0
    },
    {
      "id": 41,
      "text": "त्याच्या",
      "sentence": 14,
      "start": 782,
      "end": 787,
      "confidence": 1.0
    },
    {
      "id": 42,
      "text": "घराच्या",
      "sentence": 14,
      "start": 788,
      "end": 794,
      "confidence": 1.0
    },
    {
      "id": 43,
      "text": "दिशेने",
      "sentence": 14,
      "start": 795,
      "end": 800,
      "confidence": 1.0
    },
    {
      "id": 44,
      "text": "सायन",
      "sentence": 15,
      "start": 808,
      "end": 812,
      "confidence": 1.0
    },
    {
      "id": 45,
      "text": "सायन-वांद्रा",
      "sentence": 15,
      "start": 839,
      "end": 850,
      "confidence": 1.0
    },
    {
      "id": 46,
      "text": "लिंक",
      "sentence": 15,
      "start": 851,
      "end": 855,
      "confidence": 1.0
    },
    {
      "id": 47,
      "text": "प्रेमाला",
      "sentence": 16,
      "start": 868,
      "end": 874,
      "confidence": 1.0
    },
    {
      "id": 48,
      "text": "किनारही",
      "sentence": 16,
      "start": 882,
      "end": 888,
      "confidence": 1.0
    },
    {
      "id": 49,
      "text": "सिटी",
      "sentence": 17,
      "start": 890,
      "end": 893,
      "confidence": 1.0
    },
    {
      "id": 50,
      "text": "डॉन",
      "sentence": 17,
      "start": 894,
      "end": 897,
      "confidence": 1.0
    },
    {
      "id": 51,
      "text": "Tula",
      "sentence": 17,
      "start": 898,
      "end": 902,
      "confidence": 1.0
    },
    {
      "id": 52,
      "text": "प्रदेश",
      "sentence": 17,
      "start": 903,
      "end": 908,
      "confidence": 1.0
    },
    {
      "id": 53,
      "text": "प्रदेशात",
      "sentence": 17,
      "start": 911,
      "end": 918,
      "confidence": 1.0
    },
    {
      "id": 54,
      "text": "लोकसंख्या",
      "sentence": 17,
      "start": 919,
      "end": 926,
      "confidence": 1.0
    },
    {
      "id": 55,
      "text": "तृतीयांश",
      "sentence": 17,
      "start": 930,
      "end": 937,
      "confidence": 1.0
    },
    {
      "id": 56,
      "text": "अंतरावर",
      "sentence": 17,
      "start": 950,
      "end": 956,
      "confidence": 1.0
    },
    {
      "id": 57,
      "text": "Tula",
      "sentence": 17,
      "start": 957,
      "end": 961,
      "confidence": 1.0
    },
    {
      "id": 58,
      "text": "महाराष्ट्र",
      "sentence": 18,
      "start": 971,
      "end": 979,
      "confidence": 1.0
    },
    {
      "id": 59,
      "text": "न्यूज",
      "sentence": 18,
      "start": 980,
      "end": 984,
      "confidence": 1.0
    },
    {
      "id": 60,
      "text": "मुंबई",
      "sentence": 18,
      "start": 986,
      "end": 990,
      "confidence": 1.0
    },
    {
      "id": 61,
      "text": "बालेकिल्ला",
      "sentence": 18,
      "start": 1000,
      "end": 1008,
      "confidence": 1.0
    },
    {
      "id": 62,
      "text": "कर्नाटकमध्ये",
      "sentence": 18,
      "start": 1018,
      "end": 1028,
      "confidence": 1.0
    },
    {
      "id": 63,
      "text": "पक्षाला",
      "sentence": 18,
      "start": 1038,
      "end": 1043,
      "confidence": 1.0
    },
    {
      "id": 64,
      "text": "चित्र",
      "sentence": 18,
      "start": 1057,
      "end": 1061,
      "confidence": 1.0
    },
    {
      "id": 65,
      "text": "प्रगती",
      "sentence": 19,
      "start": 1064,
      "end": 1069,
      "confidence": 1.0
    },
    {
      "id": 66,
      "text": "तुपाच्या",
      "sentence": 19,
      "start": 1070,
      "end": 1076,
      "confidence": 1.0
    },
    {
      "id": 67,
      "text": "वंगणाची",
      "sentence": 19,
      "start": 1077,
      "end": 1083,
      "confidence": 1.0
    },
    {
      "id": 68,
      "text": "लेखात",
      "sentence": 19,
      "start": 1088,
      "end": 1093,
      "confidence": 1.0
    },
    {
      "id": 69,
      "text": "म.टा.दि",
      "sentence": 19,
      "start": 1094,
      "end": 1101,
      "confidence": 1.0
    },
    {
      "id": 70,
      "text": "जुलै",
      "sentence": 19,
      "start": 1104,
      "end": 1107,
      "confidence": 1.0
    },
    {
      "id": 71,
      "text": "राजेश",
      "sentence": 19,
      "start": 1109,
      "end": 1113,
      "confidence": 1.0
    },
    {
      "id": 72,
      "text": "कर्ज",
      "sentence": 19,
      "start": 1130,
      "end": 1133,
      "confidence": 1.0
    },
    {
      "id": 73,
      "text": "चार्वाकाचे",
      "sentence": 19,
      "start": 1149,
      "end": 1157,
      "confidence": 1.0
    },
    {
      "id": 74,
      "text": "त्याचे",
      "sentence": 19,
      "start": 1162,
      "end": 1167,
      "confidence": 1.0
    },
    {
      "id": 75,
      "text": "मूळवचन",
      "sentence": 19,
      "start": 1168,
      "end": 1174,
      "confidence": 1.0
    },
    {
      "id": 76,
      "text": "टीकाकारांनी",
      "sentence": 19,
      "start": 1175,
      "end": 1184,
      "confidence": 1.0
    },
    {
      "id": 77,
      "text": "जीवनात",
      "sentence": 20,
      "start": 1195,
      "end": 1200,
      "confidence": 1.0
    },
    {
      "id": 78,
      "text": "स्त्री",
      "sentence": 20,
      "start": 1214,
      "end": 1217,
      "confidence": 1.0
    },
    {
      "id": 79,
      "text": "कपडे",
      "sentence": 20,
      "start": 1223,
      "end": 1227,
      "confidence": 1.0
    },
    {
      "id": 80,
      "text": "लायनीत",
      "sentence": 21,
      "start": 1236,
      "end": 1242,
      "confidence": 1.0
    },
    {
      "id": 81,
      "text": "धाबे",
      "sentence": 21,
      "start": 1252,
      "end": 1256,
      "confidence": 1.0
    },
    {
      "id": 82,
      "text": "हॉटेल",
      "sentence": 21,
      "start": 1270,
      "end": 1274,
      "confidence": 1.0
    },
    {
      "id": 83,
      "text": "पाणीसाठा",
      "sentence": 22,
      "start": 1291,
      "end": 1298,
      "confidence": 1.0
    },
    {
      "id": 84,
      "text": "घनमीटर",
      "sentence": 22,
      "start": 1313,
      "end": 1319,
      "confidence": 1.0
    },
    {
      "id": 85,
      "text": "अर्थमंत्री",
      "sentence": 23,
      "start": 1361,
      "end": 1369,
      "confidence": 1.0
    },
    {
      "id": 86,
      "text": "निर्मला",
      "sentence": 23,
      "start": 1370,
      "end": 1376,
      "confidence": 1.0
    },
    {
      "id": 87,
      "text": "सीतारामन",
      "sentence": 23,
      "start": 1377,
      "end": 1385,
      "confidence": 1.0
    },
    {
      "id": 88,
      "text": "बैठक",
      "sentence": 23,
      "start": 1396,
      "end": 1400,
      "confidence": 1.0
    },
    {
      "id": 89,
      "text": "इंदिरानगर",
      "sentence": 25,
      "start": 1419,
      "end": 1427,
      "confidence": 1.0
    },
    {
      "id": 90,
      "text": "डेंग्यू",
      "sentence": 25,
      "start": 1436,
      "end": 1441,
      "confidence": 1.0
    },
    {
      "id": 91,
      "text": "आजाराने",
      "sentence": 25,
      "start": 1448,
      "end": 1454,
      "confidence": 1.0
    },
    {
      "id": 92,
      "text": "मृत्यू",
      "sentence": 25,
      "start": 1455,
      "end": 1459,
      "confidence": 1.0
    },
    {
      "id": 93,
      "text": "व्यापारी",
      "sentence": 26,
      "start": 1483,
      "end": 1489,
      "confidence": 1.0
    },
    {
      "id": 94,
      "text": "पुस्तके",
      "sentence": 26,
      "start": 1500,
      "end": 1505,
      "confidence": 1.0
    },
    {
      "id": 95,
      "text": "ते",
      "sentence": 26,
      "start": 1514,
      "end": 1515,
      "confidence": 1.0
    },
    {
      "id": 96,
      "text": "माहिती",
      "sentence": 26,
      "start": 1523,
      "end": 1528,
      "confidence": 1.0
    },
    {
      "id": 97,
      "text": "गणना",
      "sentence": 26,
      "start": 1533,
      "end": 1537,
      "confidence": 1.0
    },
    {
      "id": 98,
      "text": "बाजू",
      "sentence": 26,
      "start": 1538,
      "end": 1541,
      "confidence": 1.0
    },
    {
      "id": 99,
      "text": "विनिमय",
      "sentence": 26,
      "start": 1542,
      "end": 1547,
      "confidence": 1.0
    },
    {
      "id": 100,
      "text": "व्यापार",
      "sentence": 26,
      "start": 1548,
      "end": 1553,
      "confidence": 1.0
    },
    {
      "id": 101,
      "text": "व्यापार",
      "sentence": 26,
      "start": 1576,
      "end": 1581,
      "confidence": 1.0
    },
    {
      "id": 102,
      "text": "बाजू",
      "sentence": 26,
      "start": 1588,
      "end": 1591,
      "confidence": 1.0
    },
    {
      "id": 103,
      "text": "प्रकारच्या",
      "sentence": 26,
      "start": 1614,
      "end": 1621,
      "confidence": 1.0
    },
    {
      "id": 104,
      "text": "जोखीम",
      "sentence": 26,
      "start": 1626,
      "end": 1631,
      "confidence": 1.0
    },
    {
      "id": 105,
      "text": "व्यवस्थापन",
      "sentence": 26,
      "start": 1632,
      "end": 1639,
      "confidence": 1.0
    },
    {
      "id": 106,
      "text": "हांदे",
      "sentence": 27,
      "start": 1641,
      "end": 1645,
      "confidence": 1.0
    },
    {
      "id": 107,
      "text": "तरुणाला",
      "sentence": 27,
      "start": 1654,
      "end": 1660,
      "confidence": 1.0
    },
    {
      "id": 108,
      "text": "शिवसैनिकांनी",
      "sentence": 27,
      "start": 1661,
      "end": 1672,
      "confidence": 1.0
    },
    {
      "id": 109,
      "text": "हिल्स",
      "sentence": 27,
      "start": 1694,
      "end": 1698,
      "confidence": 1.0
    },
    {
      "id": 110,
      "text": "रुग्णालयात",
      "sentence": 27,
      "start": 1699,
      "end": 1708,
      "confidence": 1.0
    },
    {
      "id": 111,
      "text": "त्यांची",
      "sentence": 27,
      "start": 1724,
      "end": 1729,
      "confidence": 1.0
    },
    {
      "id": 112,
      "text": "प्राणज्योत",
      "sentence": 27,
      "start": 1730,
      "end": 1738,
      "confidence": 1.0
    },
    {
      "id": 113,
      "text": "ऊर्मी",
      "sentence": 29,
      "start": 1756,
      "end": 1759,
      "confidence": 1.0
    },
    {
      "id": 114,
      "text": "बडोदा",
      "sentence": 29,
      "start": 1760,
      "end": 1765,
      "confidence": 1.0
    },
    {
      "id": 115,
      "text": "फरीदाआंटी",
      "sentence": 29,
      "start": 1767,
      "end": 1775,
      "confidence": 1.0
    },
    {
      "id": 116,
      "text": "वसरेवा",
      "sentence": 29,
      "start": 1776,
      "end": 1781,
      "confidence": 1.0
    },
    {
      "id": 117,
      "text": "अंधेरी",
      "sentence": 29,
      "start": 1782,
      "end": 1787,
      "confidence": 1.0
    },
    {
      "id": 118,
      "text": "नायर",
      "sentence": 29,
      "start": 1811,
      "end": 1815,
      "confidence": 1.0
    },
    {
      "id": 119,
      "text": "अग्नी-५’ची",
      "sentence": 30,
      "start": 1818,
      "end": 1827,
      "confidence": 1.0
    },
    {
      "id": 120,
      "text": "चाचणी",
      "sentence": 30,
      "start": 1834,
      "end": 1839,
      "confidence": 1.0
    },
    {
      "id": 121,
      "text": "समीक्षक",
      "sentence": 31,
      "start": 1847,
      "end": 1853,
      "confidence": 1.0
    },
    {
      "id": 122,
      "text": "सक्ती",
      "sentence": 31,
      "start": 1854,
      "end": 1858,
      "confidence": 1.0
    },
    {
      "id": 123,
      "text": "कामगिरी",
      "sentence": 31,
      "start": 1878,
      "end": 1884,
      "confidence": 1.0
    },
    {
      "id": 124,
      "text": "अलेक्झांडर",
      "sentence": 31,
      "start": 1885,
      "end": 1894,
      "confidence": 1.0
    },
    {
      "id": 125,
      "text": "दिशा",
      "sentence": 31,
      "start": 1905,
      "end": 1908,
      "confidence": 1.0
    },
    {
      "id": 126,
      "text": "थिएटर",
      "sentence": 31,
      "start": 1917,
      "end": 1922,
      "confidence": 1.0
    },
    {
      "id": 127,
      "text": "त्याच्या",
      "sentence": 31,
      "start": 1923,
      "end": 1928,
      "confidence": 1.0
    },
    {
      "id": 128,
      "text": "भागांच्या",
      "sentence": 31,
      "start": 1929,
      "end": 1936,
      "confidence": 1.0
    },
    {
      "id": 129,
      "text": "आपला",
      "sentence": 31,
      "start": 1953,
      "end": 1957,
      "confidence": 1.0
    },
    {
      "id": 130,
      "text": "विश्वास",
      "sentence": 31,
      "start": 1958,
      "end": 1963,
      "confidence": 1.0
    },
    {
      "id": 131,
      "text": "वासनाकांड",
      "sentence": 32,
      "start": 1972,
      "end": 1980,
      "confidence": 1.0
    },
    {
      "id": 132,
      "text": "न्यायालयानं",
      "sentence": 32,
      "start": 1989,
      "end": 1997,
      "confidence": 1.0
    },
    {
      "id": 133,
      "text": "आरोपींना",
      "sentence": 32,
      "start": 1998,
      "end": 2005,
      "confidence": 1.0
    },
    {
      "id": 134,
      "text": "जामीन",
      "sentence": 32,
      "start": 2006,
      "end": 2010,
      "confidence": 1.0
    },
    {
      "id": 135,
      "text": "पळसदेव",
      "sentence": 33,
      "start": 2012,
      "end": 2018,
      "confidence": 1.0
    },
    {
      "id": 136,
      "text": "मंदिर",
      "sentence": 33,
      "start": 2019,
      "end": 2023,
      "confidence": 1.0
    },
    {
      "id": 137,
      "text": "संघर्षाचा",
      "sentence": 34,
      "start": 2031,
      "end": 2038,
      "confidence": 1.0
    },
    {
      "id": 138,
      "text": "मी",
      "sentence": 35,
      "start": 2049,
      "end": 2050,
      "confidence": 1.0
    },
    {
      "id": 139,
      "text": "जिल्हाध्यक्ष",
      "sentence": 35,
      "start": 2060,
      "end": 2070,
      "confidence": 1.0
    },
    {
      "id": 140,
      "text": "ज्याने",
      "sentence": 35,
      "start": 2077,
      "end": 2081,
      "confidence": 1.0
    }
  ],
  "clusters": [
    [
      24,
      25
    ],
    [
      31,
      32
    ],
    [
      46,
      47,
      48
    ],
    [
      55,
      56
    ],
    [
      65,
      66
    ],
    [
      70,
      77
    ],
    [
      71,
      72
    ],
    [
      81,
      85
    ],
    [
      93,
      94
    ],
    [
      97,
      98,
      102
    ],
    [
      99,
      101
    ],
    [
      117,
      118,
      119,
      116
    ],
    [
      125,
      126
    ],
    [
      129,
      131
    ],
    [
      134,
      139
    ],
    [
      136,
      138
    ]
  ]
}