{
  "document_id": "document_162",
  "sentences": [
    "१९२९ साली प्रभात फिल्म कंपनीची स्थापना केली.",
    "त्यादिवशी ते आपल्या संपुर्ण कुटुंबाला घेऊन पवनारच्या दत्तरामपूर आश्रमात गेले होते.",
    "मुंबई इंडियन्स आणि चेन्नई दोन्ही उत्कृष्ट संघ आहेत यावेळी त्याने आय़पीएलच्या यंदाच्या हंगामात दिल्ली कॅपिटल्सने चांगली कामगिरी केली पण अंतिम फेरीपर्यंत मजल मारता आली नाही, याची खंतही व्यक्त केली.",
    "बऱ्यापैकी संक्षिप्त स्टुडिओ आणि 1-2-3-4 बेडरूममध्ये अपार्टमेंट खरेदी केले जाऊ शकतात.",
    "चेशायरमध्ये मीठ तयार होत होतं, मिठाचे खडकही सापडले होते, तरीही इंग्लंडला मिठासाठी परदेशावर अवलंबून राहावं लागतंय याचं दु:ख एलिझाबेथ राणीला होत होतं.",
    "तर दुसरीकडे शिवसेनेच्या पदाधिका-यांनी तितक्याच आक्रमपणे भाजपच्या पदाधिका-यांन प्रत्युत्तर दिले आहे.",
    "आठवड्याभरापूर्वी  नाशिक जिल्ह्यातही अशीच एक घटना घडली होती.",
    "या चॉकलेट केक अपवाद न करता सर्व आवाहन होईल.",
    "त्याला पाठिंबा दिला नाही तर त्याची प्रतिभा नष्ट होईल.",
    "नामदेव, तुकाराम, सेना न्हावी, गोरा कुंभार, चोखामेळा अशा अनेक संतांनी त्यांच्या अभंगवाणीतून समाज प्रबोधन केले.",
    "संसारात राहून सुध्दा ईश्र्वर भक्ती करुन परमार्थ साधला जाऊ शकतो हे लोकांना सांगितले.",
    "कर्मठ उच्चवर्णियांनी निर्माण केलेली उच्चनीच, जातीभेद ही परंपरा मोडीत काढण्यासाठी उपदेश केला.",
    "स्वत:ही तसे वागले.",
    "त्यांनी निर्माण केलेले काव्य, अभंग, यांचाच जनतेवर इतका प्रचंड प्रभाव पडला की इतर काही चमत्कारांनी त्यांचे मोठेपण सिध्द करण्याची काहीच गरज नसावी.",
    "तुकाराम चौक ते कौलखेड या."
  ],
  "mentions": [
    {
      "id": 0,
      "text": "प्रभात",
      "sentence": 0,
      "start": 7,
      "end": 11,
      "confidence": 1.0
    },
    {
      "id": 1,
      "text": "कंपनीची",
      "sentence": 0,
      "start": 19,
      "end": 24,
      "confidence": 1.0
    },
    {
      "id": 2,
      "text": "ते",
      "sentence": 1,
      "start": 53,
      "end": 54,
      "confidence": 1.0
    },
    {
      "id": 3,
      "text": "कुटुंबाला",
      "sentence": 1,
      "start": 68,
      "end": 74,
      "confidence": 1.0
    },
    {
      "id": 4,
      "text": "दत्तरामपूर",
      "sentence": 1,
      "start": 89,
      "end": 96,
      "confidence": 1.0
    },
    {
      "id": 5,
      "text": "आश्रमात",
      "sentence": 1,
      "start": 97,
      "end": 102,
      "confidence": 1.0
    },
    {
      "id": 6,
      "text": "मुंबई",
      "sentence": 2,
      "start": 105,
      "end": 109,
      "confidence": 1.0
    },
    {
      "id": 7,
      "text": "इंडियन्स",
      "sentence": 2,
      "start": 110,
      "end": 116,
      "confidence": 1.0
    },
    {
      "id": 8,
      "text": "चेन्नई",
      "sentence": 2,
      "start": 120,
      "end": 124,
      "confidence": 1.0
    },
    {
      "id": 9,
      "text": "त्याने",
      "sentence": 2,
      "start": 145,
      "end": 148,
      "confidence": 1.0
    },
    {
      "id": 10,
      "text": "हंगामात",
      "sentence": 2,
      "start": 167,
      "end": 172,
      "confidence": 1.0
    },
    {
      "id": 11,
      "text": "दिल्ली",
      "sentence": 2,
      "start": 174,
      "end": 178,
      "confidence": 1.0
    },
    {
      "id": 12,
      "text": "कॅपिटल्सने",
      "sentence": 2,
      "start": 179,
      "end": 187,
      "confidence": 1.0
    },
    {
      "id": 13,
      "text": "कामगिरी",
      "sentence": 2,
      "start": 194,
      "end": 199,
      "confidence": 1.0
    },
    {
      "id": 14,
      "text": "खंतही",
      "sentence": 2,
      "start": 234,
      "end": 238,
      "confidence": 1.0
    },
    {
      "id": 15,
      "text": "स्टुडिओ",
      "sentence": 3,
      "start": 251,
      "end": 256,
      "confidence": 1.0
    },
    {
      "id": 16,
      "text": "बेडरूममध्ये",
      "sentence": 3,
      "start": 269,
      "end": 277,
      "confidence": 1.0
    },
    {
      "id": 17,
      "text": "अपार्टमेंट",
      "sentence": 3,
      "start": 278,
      "end": 284,
      "confidence": 1.0
    },
    {
      "id": 18,
      "text": "चेशायरमध्ये",
      "sentence": 4,
      "start": 298,
      "end": 307,
      "confidence": 1.0
    },
    {
      "id": 19,
      "text": "मिठाचे",
      "sentence": 4,
      "start": 322,
      "end": 326,
      "confidence": 1.0
    },
    {
      "id": 20,
      "text": "इंग्लंडला",
      "sentence": 4,
      "start": 343,
      "end": 349,
      "confidence": 1.0
    },
    {
      "id": 21,
      "text": "मिठासाठी",
      "sentence": 4,
      "start": 350,
      "end": 356,
      "confidence": 1.0
    },
    {
      "id": 22,
      "text": "परदेशावर",
      "sentence": 4,
      "start": 357,
      "end": 363,
      "confidence": 1.0
    },
    {
      "id": 23,
      "text": "दु:ख",
      "sentence": 4,
      "start": 380,
      "end": 384,
      "confidence": 1.0
    },
    {
      "id": 24,
      "text": "एलिझाबेथ",
      "sentence": 4,
      "start": 385,
      "end": 391,
      "confidence": 1.0
    },
    {
      "id": 25,
      "text": "राणीला",
      "sentence": 4,
      "start": 392,
      "end": 396,
      "confidence": 1.0
    },
    {
      "id": 26,
      "text": "शिवसेनेच्या",
      "sentence": 5,
      "start": 410,
      "end": 417,
      "confidence": 1.0
    },
    {
      "id": 27,
      "text": "पदाधिका-यांनी",
      "sentence": 5,
      "start": 418,
      "end": 429,
      "confidence": 1.0
    },
    {
      "id": 28,
      "text": "भाजपच्या",
      "sentence": 5,
      "start": 439,
      "end": 445,
      "confidence": 1.0
    },
    {
      "id": 29,
      "text": "पदाधिका-यांन",
      "sentence": 5,
      "start": 446,
      "end": 456,
      "confidence": 1.0
    },
    {
      "id": 30,
      "text": "प्रत्युत्तर",
      "sentence": 5,
      "start": 457,
      "end": 463,
      "confidence": 1.0
    },
    {
      "id": 31,
      "text": "नाशिक",
      "sentence": 6,
      "start": 476,
      "end": 480,
      "confidence": 1.0
    },
    {
      "id": 32,
      "text": "जिल्ह्यातही",
      "sentence": 6,
      "start": 481,
      "end": 488,
      "confidence": 1.0
    },
    {
      "id": 33,
      "text": "घटना",
      "sentence": 6,
      "start": 497,
      "end": 500,
      "confidence": 1.0
    },
    {
      "id": 34,
      "text": "अपवाद",
      "sentence": 7,
      "start": 521,
      "end": 525,
      "confidence": 1.0
    },
    {
      "id": 35,
      "text": "आवाहन",
      "sentence": 7,
      "start": 538,
      "end": 542,
      "confidence": 1.0
    },
    {
      "id": 36,
      "text": "त्याला",
      "sentence": 8,
      "start": 547,
      "end": 550,
      "confidence": 1.0
    },
    {
      "id": 37,
      "text": "पाठिंबा",
      "sentence": 8,
      "start": 551,
      "end": 556,
      "confidence": 1.0
    },
    {
      "id": 38,
      "text": "त्याची",
      "sentence": 8,
      "start": 567,
      "end": 571,
      "confidence": 1.0
    },
    {
      "id": 39,
      "text": "प्रतिभा",
      "sentence": 8,
      "start": 572,
      "end": 576,
      "confidence": 1.0
    },
    {
      "id": 40,
      "text": "नामदेव",
      "sentence": 9,
      "start": 587,
      "end": 592,
      "confidence": 1.0
    },
    {
      "id": 41,
      "text": "तुकाराम",
      "sentence": 9,
      "start": 594,
      "end": 599,
      "confidence": 1.0
    },
    {
      "id": 42,
      "text": "सेना",
      "sentence": 9,
      "start": 601,
      "end": 604,
      "confidence": 1.0
    },
    {
      "id": 43,
      "text": "न्हावी",
      "sentence": 9,
      "start": 605,
      "end": 609,
      "confidence": 1.0
    },
    {
      "id": 44,
      "text": "गोरा",
      "sentence": 9,
      "start": 611,
      "end": 614,
      "confidence": 1.0
    },
    {
      "id": 45,
      "text": "कुंभार",
      "sentence": 9,
      "start": 615,
      "end": 619,
      "confidence": 1.0
    },
    {
      "id": 46,
      "text": "चोखामेळा",
      "sentence": 9,
      "start": 621,
      "end": 627,
      "confidence": 1.0
    },
    {
      "id": 47,
      "text": "संतांनी",
      "sentence": 9,
      "start": 638,
      "end": 643,
      "confidence": 1.0
    },
    {
      "id": 48,
      "text": "त्यांच्या",
      "sentence": 9,
      "start": 644,
      "end": 649,
      "confidence": 1.0
    },
    {
      "id": 49,
      "text": "अभंगवाणीतून",
      "sentence": 9,
      "start": 650,
      "end": 659,
      "confidence": 1.0
    },
    {
      "id": 50,
      "text": "समाज",
      "sentence": 9,
      "start": 660,
      "end": 663,
      "confidence": 1.0
    },
    {
      "id": 51,
      "text": "प्रबोधन",
      "sentence": 9,
      "start": 664,
      "end": 669,
      "confidence": 1.0
    },
    {
      "id": 52,
      "text": "संसारात",
      "sentence": 10,
      "start": 676,
      "end": 681,
      "confidence": 1.0
    },
    {
      "id": 53,
      "text": "ईश्र्वर",
      "sentence": 10,
      "start": 689,
      "end": 693,
      "confidence": 1.0
    },
    {
      "id": 54,
      "text": "भक्ती",
      "sentence": 10,
      "start": 694,
      "end": 697,
      "confidence": 1.0
    },
    {
      "id": 55,
      "text": "परमार्थ",
      "sentence": 10,
      "start": 701,
      "end": 706,
      "confidence": 1.0
    },
    {
      "id": 56,
      "text": "लोकांना",
      "sentence": 10,
      "start": 718,
      "end": 722,
      "confidence": 1.0
    },
    {
      "id": 57,
      "text": "उच्चवर्णियांनी",
      "sentence": 11,
      "start": 731,
      "end": 741,
      "confidence": 1.0
    },
    {
      "id": 58,
      "text": "जातीभेद",
      "sentence": 11,
      "start": 757,
      "end": 762,
      "confidence": 1.0
    },
    {
      "id": 59,
      "text": "परंपरा",
      "sentence": 11,
      "start": 767,
      "end": 771,
      "confidence": 1.0
    },
    {
      "id": 60,
      "text": "उपदेश",
      "sentence": 11,
      "start": 785,
      "end": 789,
      "confidence": 1.0
    },
    {
      "id": 61,
      "text": "स्वत:ही",
      "sentence": 12,
      "start": 796,
      "end": 800,
      "confidence": 1.0
    },
    {
      "id": 62,
      "text": "त्यांनी",
      "sentence": 13,
      "start": 810,
      "end": 814,
      "confidence": 1.0
    },
    {
      "id": 63,
      "text": "काव्य",
      "sentence": 13,
      "start": 822,
      "end": 825,
      "confidence": 1.0
    },
    {
      "id": 64,
      "text": "अभंग",
      "sentence": 13,
      "start": 827,
      "end": 830,
      "confidence": 1.0
    },
    {
      "id": 65,
      "text": "जनतेवर",
      "sentence": 13,
      "start": 839,
      "end": 844,
      "confidence": 1.0
    },
    {
      "id": 66,
      "text": "प्रभाव",
      "sentence": 13,
      "start": 850,
      "end": 854,
      "confidence": 1.0
    },
    {
      "id": 67,
      "text": "चमत्कारांनी",
      "sentence": 13,
      "start": 866,
      "end": 873,
      "confidence": 1.0
    },
    {
      "id": 68,
      "text": "त्यांचे",
      "sentence": 13,
      "start": 874,
      "end": 877,
      "confidence": 1.0
    },
    {
      "id": 69,
      "text": "मोठेपण",
      "sentence": 13,
      "start": 878,
      "end": 883,
      "confidence": 1.0
    },
    {
      "id": 70,
      "text": "तुकाराम",
      "sentence": 14,
      "start": 903,
      "end": 908,
      "confidence": 1.0
    }
  ],
  "clusters": [
    [
      45,
      47
    ],
    [
      8,
      9
    ],
    [
      15,
      16
    ],
    [
      24,
      25,
      28
    ],
    [
      31,
      32
    ],
    [
      56,
      57
    ],
    [
      41,
      42
    ]
  ]
}