{
  "document_id": "document_87",
  "sentences": [
    "आणि यावेळचं कारण म्हणजे सारानं तिचं ग्रॅज्युएशन पूर्ण केलंय.",
    "या गावाला नांव मिळाले ते भीमा नदीवरून.",
    "दुपारी नानासाहेब यांचे पार्थिव अंत्यदर्शनासाठी पेठ नाका येथील ‘सम्राट’ या निवासस्थानी आणण्यात आले.",
    "तर बांधकाम विभागानेही कानावर हात ठेवले आहेत.",
    "वृत्तसंस्था/ लिस्बन",
    "चित्रपटाची सुरुवात होते तेव्हा हि नेहमीचीच यशस्वी नवरा आणि त्याला साथ देणारी पत्नी, कामातल्या व्यस्ततेमुळे येणारे त्यांच्या नात्यातले दुरावे अशी कथा आहे का काय असं वाटलं.",
    "दुसरी गोष्ट - त्याच्या स्वत: च्या तयार करण्यासाठी.",
    "त्यानंतर पोलिसांनी त्यांना पाठलाग करून पकडले.",
    "अशा परिस्थितीत पक्षाने आदेश दिल्यास आपण पंतप्रधानपदाचे उमेदवार होण्यास तयार आहोत हे त्यांचे वक्तव्य सत्तेशिवाय गलितगात्र बनलेल्या सरंजामी नेतृत्वाला किंवा कार्यकर्त्यांना कितपत उमेद देणारे ठरेल याची शंकाच वाटते.",
    "गणपतीत काय असतं पाहायला?",
    "अशी माहिती आहे की, ते कपिल शर्मा शोमध्ये पुन्हा वापसी करणार आहेत.",
    "जे अतिरिक्त शुल्क वापरले जाऊ शकते एक मिनी फ्रीज, आहे.",
    "त्यामुळे २०१८ साली बुडापेस्ट येथे झालेल्या जागतिक स्पर्धेत रौप्यपदक मिळवणारा बजरंग यावेळी सुवर्णपदक पटकावणार असे वाटत होते.",
    "एक व्यक्ती अस्थी व स्नायू दोन्ही प्रणाली काही समस्या असल्यास, आपण फक्त एक ऑर्थोपेडिक सर्जन सल्लामसलत करून खरेदी करणे आवश्यक आहे.",
    "पण थोड्याच वेळात डॉक्टर ऑपरेशन थिएटरमधून प्रतीक्षादालनात, चिंताक्रांत अवस्थेत बाहेर आले आणि सांगू लागले की पेशंट उठून बसतोय.",
    "प्रत्येकजण हे झाड, झुरणे, जसे सर्वत्र वाढत जे माहीत आहे.",
    "एकटं राहून समर्थपणे जगणा-या स्त्रियांसाठी हा एक सकारात्मक बदल म्हणायला हवा.",
    "तर, काहींनी, “क्रिकेटला आधीपासूनच राजकारणाची जोड आहे.",
    "हशा विरून क्षणात हळवेपणा येतो.",
    "तुहलौ श्रीनौनै अरजुनसिंघनें न्याऊ करमार कै भगाइ दए अरु लूट लए.",
    "रुममध्ये किंमत येथे प्रस्तावित वैशिष्ट्ये आणि सेवा गुणवत्ता पूर्णपणे सुसंगत आहे.",
    "कोल्हापूर वेस येथील व्यापारी युवक मित्र मंडळातर्फे आकर्षक मूर्ती प्रतिष्ठापना केली आहे.",
    "`डर्टी पिक्चर करनेवाली डर्टी भाषा बोल गयी`, अशी सुरुवात असणारी ही कविता सध्या सोशल मीडियावर चर्चेचा विषय बनली आहे.",
    "आजच्या धावपळीच्या काळात स्वत:कडे लक्ष द्यायलाही पुरेसा वेळ मिळत नाही.",
    "कुलाबा-बांद्रा-सीप्झ असा मेट्रो-3 चा कॉरिडॉर असून त्यावरच्या बोगद्याचे पहिले काम छत्रपती शिवाजी महाराज आंतरराष्ट्रीय विमानतळ येथे 24 सप्टेंबर रोजी पूर्ण करण्यात आले होते.",
    "उपकरणे प्रदान",
    "संदीप म्हणाला की, त्याने सनीच्या ऑटोग्राफच्या मदतीने खूप पैसा कमावला.",
    "दुसरा रंग रबर बँड आणखी जोडी - ते स्तंभ रबर बँड एक जोडी खाली टाकून.",
    "आम्ही आत शिरतो.",
    "निदान मला तरी तितकच माहीत होतं.",
    "जगभरातल्या एकूण चहा उत्पादनापैकी ६ टक्के चहा हा आपल्या आसाममध्ये होतो असे भूगोलात शिकवले होते किंबहुना पाठच करून घेतलेले शाळेत.",
    "त्यामुळे आसाम = चहा असे एक समीकरणच तयार होते डोक्यात.",
    "त्याव्यतिरिक्त आसामबद्दल काही म्हणजे काहीच माहीत नव्हतं मला़ .",
    "30 सप्टेंबरच्या डेडलाईनपूर्वी मानांकनात आठवे स्थान कायम राखले तरच लंकन संघ विश्वचषकासाठी थेट पात्र ठरेल.",
    "आज आणीबाणी नसली तरी सततच्या विजयानं भाजप नेत्यांच्या जीभा सैल झाल्यात (संदर्भः दिलीप कांबळे यांचं ताजं वक्तव्य ),त्यांच्या देहबोलीतही बदल झालाय आणि सत्तेचा जो एक कैफ चढतो तो ही अनेकांना चढताना दिसत आहे.",
    "साफसफाई , कचरा गोळा करून त्याची वाहतूक करणे तसेच घनकचरा प्रकल्प या साठी 128 कोटी रुपयांचा खर्च अपेक्षित असल्याने त्याची वसुली थेट नागरिकां कडून करण्यासाठी सत्ताधारी यांनी बहुमताने मंजुरी दिली .",
    "या बोटीच्या सहाय्याने पलायन करणा-या होडय़ा रोखण्यात मदत झाली.",
    "मुंबई पोलीस आयुक्त पदावरून निवृत्त होतानाच शर्मा यांना तेलगी प्रकरणात अटक करण्यात आली.",
    "राजमाचीकर यांची भूमिका अशी, की दिल्लीतील बलात्काराची घटना निषिध्द आहे.",
    "यावरून त्यांना इतर ठिकाणी झालेल्या तोडफोडीविषयी कोणतीच सहानुभूती नसल्याचे स्पष्ट होते.",
    "ही विशेषता दोन्ही पर्यटकांसाठी आणि शोध इंजिने इतकी आहेत (Alt - एक मोठे प्रमाणात), पण अनेक वेबमास्टर त्यांना अन्याय दुर्लक्ष.",
    "ग्लास किरण अल्ट्राव्हायोलेट प्रतिरोधक आहे आणि कोणत्याही संरक्षणाची गरज नाही."
  ],
  "mentions": [
    {
      "id": 0,
      "text": "सारानं",
      "sentence": 0,
      "start": 17,
      "end": 22,
      "confidence": 1.0
    },
    {
      "id": 1,
      "text": "तिचं",
      "sentence": 0,
      "start": 24,
      "end": 28,
      "confidence": 1.0
    },
    {
      "id": 2,
      "text": "गावाला",
      "sentence": 1,
      "start": 37,
      "end": 42,
      "confidence": 1.0
    },
    {
      "id": 3,
      "text": "भीमा",
      "sentence": 1,
      "start": 57,
      "end": 61,
      "confidence": 1.0
    },
    {
      "id": 4,
      "text": "नदीवरून",
      "sentence": 1,
      "start": 62,
      "end": 68,
      "confidence": 1.0
    },
    {
      "id": 5,
      "text": "नानासाहेब",
      "sentence": 2,
      "start": 77,
      "end": 86,
      "confidence": 1.0
    },
    {
      "id": 6,
      "text": "पार्थिव",
      "sentence": 2,
      "start": 93,
      "end": 99,
      "confidence": 1.0
    },
    {
      "id": 7,
      "text": "नाका",
      "sentence": 2,
      "start": 117,
      "end": 121,
      "confidence": 1.0
    },
    {
      "id": 8,
      "text": "सम्राट",
      "sentence": 2,
      "start": 128,
      "end": 133,
      "confidence": 1.0
    },
    {
      "id": 9,
      "text": "निवासस्थानी",
      "sentence": 2,
      "start": 139,
      "end": 149,
      "confidence": 1.0
    },
    {
      "id": 10,
      "text": "विभागानेही",
      "sentence": 3,
      "start": 167,
      "end": 176,
      "confidence": 1.0
    },
    {
      "id": 11,
      "text": "कानावर",
      "sentence": 3,
      "start": 177,
      "end": 183,
      "confidence": 1.0
    },
    {
      "id": 12,
      "text": "वृत्तसंस्था",
      "sentence": 4,
      "start": 196,
      "end": 205,
      "confidence": 1.0
    },
    {
      "id": 13,
      "text": "लिस्बन",
      "sentence": 4,
      "start": 207,
      "end": 212,
      "confidence": 1.0
    },
    {
      "id": 14,
      "text": "चित्रपटाची",
      "sentence": 5,
      "start": 213,
      "end": 222,
      "confidence": 1.0
    },
    {
      "id": 15,
      "text": "नवरा",
      "sentence": 5,
      "start": 247,
      "end": 251,
      "confidence": 1.0
    },
    {
      "id": 16,
      "text": "त्याला",
      "sentence": 5,
      "start": 256,
      "end": 260,
      "confidence": 1.0
    },
    {
      "id": 17,
      "text": "पत्नी",
      "sentence": 5,
      "start": 273,
      "end": 277,
      "confidence": 1.0
    },
    {
      "id": 18,
      "text": "व्यस्ततेमुळे",
      "sentence": 5,
      "start": 288,
      "end": 297,
      "confidence": 1.0
    },
    {
      "id": 19,
      "text": "त्यांच्या",
      "sentence": 5,
      "start": 303,
      "end": 309,
      "confidence": 1.0
    },
    {
      "id": 20,
      "text": "नात्यातले",
      "sentence": 5,
      "start": 310,
      "end": 317,
      "confidence": 1.0
    },
    {
      "id": 21,
      "text": "दुरावे",
      "sentence": 5,
      "start": 318,
      "end": 323,
      "confidence": 1.0
    },
    {
      "id": 22,
      "text": "गोष्ट",
      "sentence": 6,
      "start": 347,
      "end": 351,
      "confidence": 1.0
    },
    {
      "id": 23,
      "text": "त्याच्या",
      "sentence": 6,
      "start": 354,
      "end": 360,
      "confidence": 1.0
    },
    {
      "id": 24,
      "text": "पोलिसांनी",
      "sentence": 7,
      "start": 384,
      "end": 392,
      "confidence": 1.0
    },
    {
      "id": 25,
      "text": "त्यांना",
      "sentence": 7,
      "start": 393,
      "end": 398,
      "confidence": 1.0
    },
    {
      "id": 26,
      "text": "परिस्थितीत",
      "sentence": 8,
      "start": 417,
      "end": 425,
      "confidence": 1.0
    },
    {
      "id": 27,
      "text": "पक्षाने",
      "sentence": 8,
      "start": 426,
      "end": 432,
      "confidence": 1.0
    },
    {
      "id": 28,
      "text": "आपण",
      "sentence": 8,
      "start": 442,
      "end": 446,
      "confidence": 1.0
    },
    {
      "id": 29,
      "text": "त्यांचे",
      "sentence": 8,
      "start": 478,
      "end": 483,
      "confidence": 1.0
    },
    {
      "id": 30,
      "text": "वक्तव्य",
      "sentence": 8,
      "start": 484,
      "end": 490,
      "confidence": 1.0
    },
    {
      "id": 31,
      "text": "नेतृत्वाला",
      "sentence": 8,
      "start": 518,
      "end": 527,
      "confidence": 1.0
    },
    {
      "id": 32,
      "text": "कार्यकर्त्यांना",
      "sentence": 8,
      "start": 535,
      "end": 546,
      "confidence": 1.0
    },
    {
      "id": 33,
      "text": "उमेद",
      "sentence": 8,
      "start": 559,
      "end": 563,
      "confidence": 1.0
    },
    {
      "id": 34,
      "text": "शंकाच",
      "sentence": 8,
      "start": 577,
      "end": 582,
      "confidence": 1.0
    },
    {
      "id": 35,
      "text": "गणपतीत",
      "sentence": 9,
      "start": 589,
      "end": 595,
      "confidence": 1.0
    },
    {
      "id": 36,
      "text": "माहिती",
      "sentence": 10,
      "start": 609,
      "end": 614,
      "confidence": 1.0
    },
    {
      "id": 37,
      "text": "ते",
      "sentence": 10,
      "start": 622,
      "end": 624,
      "confidence": 1.0
    },
    {
      "id": 38,
      "text": "कपिल",
      "sentence": 10,
      "start": 625,
      "end": 629,
      "confidence": 1.0
    },
    {
      "id": 39,
      "text": "शर्मा",
      "sentence": 10,
      "start": 630,
      "end": 634,
      "confidence": 1.0
    },
    {
      "id": 40,
      "text": "शोमध्ये",
      "sentence": 10,
      "start": 635,
      "end": 641,
      "confidence": 1.0
    },
    {
      "id": 41,
      "text": "वापसी",
      "sentence": 10,
      "start": 649,
      "end": 653,
      "confidence": 1.0
    },
    {
      "id": 42,
      "text": "शुल्क",
      "sentence": 11,
      "start": 666,
      "end": 670,
      "confidence": 1.0
    },
    {
      "id": 43,
      "text": "मिनी",
      "sentence": 11,
      "start": 689,
      "end": 693,
      "confidence": 1.0
    },
    {
      "id": 44,
      "text": "फ्रीज",
      "sentence": 11,
      "start": 694,
      "end": 698,
      "confidence": 1.0
    },
    {
      "id": 45,
      "text": "बुडापेस्ट",
      "sentence": 12,
      "start": 714,
      "end": 721,
      "confidence": 1.0
    },
    {
      "id": 46,
      "text": "स्पर्धेत",
      "sentence": 12,
      "start": 736,
      "end": 742,
      "confidence": 1.0
    },
    {
      "id": 47,
      "text": "रौप्यपदक",
      "sentence": 12,
      "start": 743,
      "end": 750,
      "confidence": 1.0
    },
    {
      "id": 48,
      "text": "बजरंग",
      "sentence": 12,
      "start": 761,
      "end": 766,
      "confidence": 1.0
    },
    {
      "id": 49,
      "text": "सुवर्णपदक",
      "sentence": 12,
      "start": 776,
      "end": 784,
      "confidence": 1.0
    },
    {
      "id": 50,
      "text": "व्यक्ती",
      "sentence": 13,
      "start": 798,
      "end": 802,
      "confidence": 1.0
    },
    {
      "id": 51,
      "text": "अस्थी",
      "sentence": 13,
      "start": 803,
      "end": 807,
      "confidence": 1.0
    },
    {
      "id": 52,
      "text": "स्नायू",
      "sentence": 13,
      "start": 810,
      "end": 814,
      "confidence": 1.0
    },
    {
      "id": 53,
      "text": "प्रणाली",
      "sentence": 13,
      "start": 820,
      "end": 825,
      "confidence": 1.0
    },
    {
      "id": 54,
      "text": "समस्या",
      "sentence": 13,
      "start": 830,
      "end": 835,
      "confidence": 1.0
    },
    {
      "id": 55,
      "text": "आपण",
      "sentence": 13,
      "start": 842,
      "end": 846,
      "confidence": 1.0
    },
    {
      "id": 56,
      "text": "सर्जन",
      "sentence": 13,
      "start": 861,
      "end": 865,
      "confidence": 1.0
    },
    {
      "id": 57,
      "text": "वेळात",
      "sentence": 14,
      "start": 890,
      "end": 894,
      "confidence": 1.0
    },
    {
      "id": 58,
      "text": "डॉक्टर",
      "sentence": 14,
      "start": 895,
      "end": 900,
      "confidence": 1.0
    },
    {
      "id": 59,
      "text": "थिएटरमधून",
      "sentence": 14,
      "start": 911,
      "end": 919,
      "confidence": 1.0
    },
    {
      "id": 60,
      "text": "प्रतीक्षादालनात",
      "sentence": 14,
      "start": 920,
      "end": 932,
      "confidence": 1.0
    },
    {
      "id": 61,
      "text": "अवस्थेत",
      "sentence": 14,
      "start": 942,
      "end": 948,
      "confidence": 1.0
    },
    {
      "id": 62,
      "text": "पेशंट",
      "sentence": 14,
      "start": 970,
      "end": 974,
      "confidence": 1.0
    },
    {
      "id": 63,
      "text": "स्त्रियांसाठी",
      "sentence": 16,
      "start": 1033,
      "end": 1043,
      "confidence": 1.0
    },
    {
      "id": 64,
      "text": "काहींनी",
      "sentence": 17,
      "start": 1073,
      "end": 1078,
      "confidence": 1.0
    },
    {
      "id": 65,
      "text": "क्रिकेटला",
      "sentence": 17,
      "start": 1083,
      "end": 1090,
      "confidence": 1.0
    },
    {
      "id": 66,
      "text": "राजकारणाची",
      "sentence": 17,
      "start": 1101,
      "end": 1110,
      "confidence": 1.0
    },
    {
      "id": 67,
      "text": "हळवेपणा",
      "sentence": 18,
      "start": 1135,
      "end": 1142,
      "confidence": 1.0
    },
    {
      "id": 68,
      "text": "तुहलौ",
      "sentence": 19,
      "start": 1148,
      "end": 1153,
      "confidence": 1.0
    },
    {
      "id": 69,
      "text": "रुममध्ये",
      "sentence": 20,
      "start": 1202,
      "end": 1208,
      "confidence": 1.0
    },
    {
      "id": 70,
      "text": "किंमत",
      "sentence": 20,
      "start": 1209,
      "end": 1214,
      "confidence": 1.0
    },
    {
      "id": 71,
      "text": "वैशिष्ट्ये",
      "sentence": 20,
      "start": 1224,
      "end": 1231,
      "confidence": 1.0
    },
    {
      "id": 72,
      "text": "सेवा",
      "sentence": 20,
      "start": 1236,
      "end": 1239,
      "confidence": 1.0
    },
    {
      "id": 73,
      "text": "गुणवत्ता",
      "sentence": 20,
      "start": 1240,
      "end": 1246,
      "confidence": 1.0
    },
    {
      "id": 74,
      "text": "कोल्हापूर",
      "sentence": 21,
      "start": 1264,
      "end": 1272,
      "confidence": 1.0
    },
    {
      "id": 75,
      "text": "व्यापारी",
      "sentence": 21,
      "start": 1283,
      "end": 1289,
      "confidence": 1.0
    },
    {
      "id": 76,
      "text": "युवक",
      "sentence": 21,
      "start": 1290,
      "end": 1293,
      "confidence": 1.0
    },
    {
      "id": 77,
      "text": "मित्र",
      "sentence": 21,
      "start": 1294,
      "end": 1297,
      "confidence": 1.0
    },
    {
      "id": 78,
      "text": "मूर्ती",
      "sentence": 21,
      "start": 1314,
      "end": 1318,
      "confidence": 1.0
    },
    {
      "id": 79,
      "text": "प्रतिष्ठापना",
      "sentence": 21,
      "start": 1319,
      "end": 1328,
      "confidence": 1.0
    },
    {
      "id": 80,
      "text": "पिक्चर",
      "sentence": 22,
      "start": 1337,
      "end": 1342,
      "confidence": 1.0
    },
    {
      "id": 81,
      "text": "भाषा",
      "sentence": 22,
      "start": 1355,
      "end": 1359,
      "confidence": 1.0
    },
    {
      "id": 82,
      "text": "कविता",
      "sentence": 22,
      "start": 1386,
      "end": 1390,
      "confidence": 1.0
    },
    {
      "id": 83,
      "text": "मीडियावर",
      "sentence": 22,
      "start": 1403,
      "end": 1409,
      "confidence": 1.0
    },
    {
      "id": 84,
      "text": "विषय",
      "sentence": 22,
      "start": 1417,
      "end": 1420,
      "confidence": 1.0
    },
    {
      "id": 85,
      "text": "काळात",
      "sentence": 23,
      "start": 1443,
      "end": 1447,
      "confidence": 1.0
    },
    {
      "id": 86,
      "text": "लक्ष",
      "sentence": 23,
      "start": 1455,
      "end": 1458,
      "confidence": 1.0
    },
    {
      "id": 87,
      "text": "कुलाबा-बांद्रा-सीप्झ",
      "sentence": 24,
      "start": 1481,
      "end": 1498,
      "confidence": 1.0
    },
    {
      "id": 88,
      "text": "मेट्रो-3",
      "sentence": 24,
      "start": 1502,
      "end": 1508,
      "confidence": 1.0
    },
    {
      "id": 89,
      "text": "त्यावरच्या",
      "sentence": 24,
      "start": 1525,
      "end": 1533,
      "confidence": 1.0
    },
    {
      "id": 90,
      "text": "बोगद्याचे",
      "sentence": 24,
      "start": 1534,
      "end": 1540,
      "confidence": 1.0
    },
    {
      "id": 91,
      "text": "छत्रपती",
      "sentence": 24,
      "start": 1552,
      "end": 1558,
      "confidence": 1.0
    },
    {
      "id": 92,
      "text": "शिवाजी",
      "sentence": 24,
      "start": 1559,
      "end": 1564,
      "confidence": 1.0
    },
    {
      "id": 93,
      "text": "महाराज",
      "sentence": 24,
      "start": 1565,
      "end": 1570,
      "confidence": 1.0
    },
    {
      "id": 94,
      "text": "विमानतळ",
      "sentence": 24,
      "start": 1582,
      "end": 1588,
      "confidence": 1.0
    },
    {
      "id": 95,
      "text": "सप्टेंबर",
      "sentence": 24,
      "start": 1602,
      "end": 1609,
      "confidence": 1.0
    },
    {
      "id": 96,
      "text": "उपकरणे",
      "sentence": 25,
      "start": 1626,
      "end": 1631,
      "confidence": 1.0
    },
    {
      "id": 97,
      "text": "संदीप",
      "sentence": 26,
      "start": 1639,
      "end": 1643,
      "confidence": 1.0
    },
    {
      "id": 98,
      "text": "त्याने",
      "sentence": 26,
      "start": 1654,
      "end": 1658,
      "confidence": 1.0
    },
    {
      "id": 99,
      "text": "पैसा",
      "sentence": 26,
      "start": 1690,
      "end": 1693,
      "confidence": 1.0
    },
    {
      "id": 100,
      "text": "ते",
      "sentence": 27,
      "start": 1733,
      "end": 1735,
      "confidence": 1.0
    },
    {
      "id": 101,
      "text": "स्तंभ",
      "sentence": 27,
      "start": 1736,
      "end": 1740,
      "confidence": 1.0
    },
    {
      "id": 102,
      "text": "आम्ही",
      "sentence": 28,
      "start": 1765,
      "end": 1769,
      "confidence": 1.0
    },
    {
      "id": 103,
      "text": "मला",
      "sentence": 29,
      "start": 1778,
      "end": 1781,
      "confidence": 1.0
    },
    {
      "id": 104,
      "text": "उत्पादनापैकी",
      "sentence": 30,
      "start": 1799,
      "end": 1808,
      "confidence": 1.0
    },
    {
      "id": 105,
      "text": "भूगोलात",
      "sentence": 30,
      "start": 1844,
      "end": 1850,
      "confidence": 1.0
    },
    {
      "id": 106,
      "text": "शाळेत",
      "sentence": 30,
      "start": 1874,
      "end": 1879,
      "confidence": 1.0
    },
    {
      "id": 107,
      "text": "आसाम",
      "sentence": 31,
      "start": 1886,
      "end": 1890,
      "confidence": 1.0
    },
    {
      "id": 108,
      "text": "समीकरणच",
      "sentence": 31,
      "start": 1903,
      "end": 1909,
      "confidence": 1.0
    },
    {
      "id": 109,
      "text": "डोक्यात",
      "sentence": 31,
      "start": 1918,
      "end": 1923,
      "confidence": 1.0
    },
    {
      "id": 110,
      "text": "मला़",
      "sentence": 32,
      "start": 1964,
      "end": 1968,
      "confidence": 1.0
    },
    {
      "id": 111,
      "text": "डेडलाईनपूर्वी",
      "sentence": 33,
      "start": 1984,
      "end": 1994,
      "confidence": 1.0
    },
    {
      "id": 112,
      "text": "मानांकनात",
      "sentence": 33,
      "start": 1995,
      "end": 2003,
      "confidence": 1.0
    },
    {
      "id": 113,
      "text": "स्थान",
      "sentence": 33,
      "start": 2009,
      "end": 2013,
      "confidence": 1.0
    },
    {
      "id": 114,
      "text": "लंकन",
      "sentence": 33,
      "start": 2028,
      "end": 2032,
      "confidence": 1.0
    },
    {
      "id": 115,
      "text": "विश्वचषकासाठी",
      "sentence": 33,
      "start": 2037,
      "end": 2048,
      "confidence": 1.0
    },
    {
      "id": 116,
      "text": "आणीबाणी",
      "sentence": 34,
      "start": 2056,
      "end": 2063,
      "confidence": 1.0
    },
    {
      "id": 117,
      "text": "विजयानं",
      "sentence": 34,
      "start": 2075,
      "end": 2080,
      "confidence": 1.0
    },
    {
      "id": 118,
      "text": "भाजप",
      "sentence": 34,
      "start": 2081,
      "end": 2085,
      "confidence": 1.0
    },
    {
      "id": 119,
      "text": "जीभा",
      "sentence": 34,
      "start": 2094,
      "end": 2097,
      "confidence": 1.0
    },
    {
      "id": 120,
      "text": "कांबळे",
      "sentence": 34,
      "start": 2118,
      "end": 2123,
      "confidence": 1.0
    },
    {
      "id": 121,
      "text": "वक्तव्य",
      "sentence": 34,
      "start": 2131,
      "end": 2137,
      "confidence": 1.0
    },
    {
      "id": 122,
      "text": "त्यांच्या",
      "sentence": 34,
      "start": 2140,
      "end": 2146,
      "confidence": 1.0
    },
    {
      "id": 123,
      "text": "अनेकांना",
      "sentence": 34,
      "start": 2194,
      "end": 2200,
      "confidence": 1.0
    },
    {
      "id": 124,
      "text": "साफसफाई",
      "sentence": 35,
      "start": 2215,
      "end": 2221,
      "confidence": 1.0
    },
    {
      "id": 125,
      "text": "कचरा",
      "sentence": 35,
      "start": 2225,
      "end": 2229,
      "confidence": 1.0
    },
    {
      "id": 126,
      "text": "वाहतूक",
      "sentence": 35,
      "start": 2242,
      "end": 2247,
      "confidence": 1.0
    },
    {
      "id": 127,
      "text": "घनकचरा",
      "sentence": 35,
      "start": 2262,
      "end": 2268,
      "confidence": 1.0
    },
    {
      "id": 128,
      "text": "प्रकल्प",
      "sentence": 35,
      "start": 2269,
      "end": 2274,
      "confidence": 1.0
    },
    {
      "id": 129,
      "text": "कोटी",
      "sentence": 35,
      "start": 2286,
      "end": 2290,
      "confidence": 1.0
    },
    {
      "id": 130,
      "text": "खर्च",
      "sentence": 35,
      "start": 2298,
      "end": 2302,
      "confidence": 1.0
    },
    {
      "id": 131,
      "text": "नागरिकां",
      "sentence": 35,
      "start": 2335,
      "end": 2342,
      "confidence": 1.0
    },
    {
      "id": 132,
      "text": "सत्ताधारी",
      "sentence": 35,
      "start": 2356,
      "end": 2363,
      "confidence": 1.0
    },
    {
      "id": 133,
      "text": "बहुमताने",
      "sentence": 35,
      "start": 2369,
      "end": 2375,
      "confidence": 1.0
    },
    {
      "id": 134,
      "text": "मंजुरी",
      "sentence": 35,
      "start": 2376,
      "end": 2381,
      "confidence": 1.0
    },
    {
      "id": 135,
      "text": "पलायन",
      "sentence": 36,
      "start": 2405,
      "end": 2410,
      "confidence": 1.0
    },
    {
      "id": 136,
      "text": "होडय़ा",
      "sentence": 36,
      "start": 2419,
      "end": 2423,
      "confidence": 1.0
    },
    {
      "id": 137,
      "text": "मुंबई",
      "sentence": 37,
      "start": 2441,
      "end": 2445,
      "confidence": 1.0
    },
    {
      "id": 138,
      "text": "पोलीस",
      "sentence": 37,
      "start": 2446,
      "end": 2450,
      "confidence": 1.0
    },
    {
      "id": 139,
      "text": "आयुक्त",
      "sentence": 37,
      "start": 2451,
      "end": 2456,
      "confidence": 1.0
    },
    {
      "id": 140,
      "text": "पदावरून",
      "sentence": 37,
      "start": 2457,
      "end": 2462,
      "confidence": 1.0
    },
    {
      "id": 141,
      "text": "शर्मा",
      "sentence": 37,
      "start": 2475,
      "end": 2479,
      "confidence": 1.0
    },
    {
      "id": 142,
      "text": "त्यांना",
      "sentence": 37,
      "start": 2480,
      "end": 2485,
      "confidence": 1.0
    },
    {
      "id": 143,
      "text": "राजमाचीकर",
      "sentence": 38,
      "start": 2510,
      "end": 2518,
      "confidence": 1.0
    },
    {
      "id": 144,
      "text": "भूमिका",
      "sentence": 38,
      "start": 2525,
      "end": 2530,
      "confidence": 1.0
    },
    {
      "id": 145,
      "text": "बलात्काराची",
      "sentence": 38,
      "start": 2547,
      "end": 2555,
      "confidence": 1.0
    },
    {
      "id": 146,
      "text": "घटना",
      "sentence": 38,
      "start": 2556,
      "end": 2559,
      "confidence": 1.0
    },
    {
      "id": 147,
      "text": "त्यांना",
      "sentence": 39,
      "start": 2568,
      "end": 2573,
      "confidence": 1.0
    },
    {
      "id": 148,
      "text": "ठिकाणी",
      "sentence": 39,
      "start": 2579,
      "end": 2584,
      "confidence": 1.0
    },
    {
      "id": 149,
      "text": "तोडफोडीविषयी",
      "sentence": 39,
      "start": 2591,
      "end": 2601,
      "confidence": 1.0
    },
    {
      "id": 150,
      "text": "सहानुभूती",
      "sentence": 39,
      "start": 2610,
      "end": 2618,
      "confidence": 1.0
    },
    {
      "id": 151,
      "text": "पर्यटकांसाठी",
      "sentence": 40,
      "start": 2645,
      "end": 2654,
      "confidence": 1.0
    },
    {
      "id": 152,
      "text": "इंजिने",
      "sentence": 40,
      "start": 2663,
      "end": 2668,
      "confidence": 1.0
    },
    {
      "id": 153,
      "text": "प्रमाणात",
      "sentence": 40,
      "start": 2689,
      "end": 2695,
      "confidence": 1.0
    },
    {
      "id": 154,
      "text": "वेबमास्टर",
      "sentence": 40,
      "start": 2706,
      "end": 2714,
      "confidence": 1.0
    },
    {
      "id": 155,
      "text": "त्यांना",
      "sentence": 40,
      "start": 2715,
      "end": 2720,
      "confidence": 1.0
    },
    {
      "id": 156,
      "text": "अन्याय",
      "sentence": 40,
      "start": 2721,
      "end": 2726,
      "confidence": 1.0
    },
    {
      "id": 157,
      "text": "दुर्लक्ष",
      "sentence": 40,
      "start": 2727,
      "end": 2732,
      "confidence": 1.0
    },
    {
      "id": 158,
      "text": "ग्लास",
      "sentence": 41,
      "start": 2738,
      "end": 2742,
      "confidence": 1.0
    },
    {
      "id": 159,
      "text": "किरण",
      "sentence": 41,
      "start": 2743,
      "end": 2746,
      "confidence": 1.0
    },
    {
      "id": 160,
      "text": "प्रतिरोधक",
      "sentence": 41,
      "start": 2760,
      "end": 2767,
      "confidence": 1.0
    },
    {
      "id": 161,
      "text": "संरक्षणाची",
      "sentence": 41,
      "start": 2780,
      "end": 2788,
      "confidence": 1.0
    }
  ],
  "clusters": [
    [
      0,
      1
    ],
    [
      3,
      4
    ],
    [
      17,
      18
    ],
    [
      33,
      35
    ],
    [
      113,
      114
    ],
    [
      123,
      124
    ],
    [
      130,
      131,
      135,
      136
    ],
    [
      132,
      137
    ],
    [
      140,
      143,
      148
    ],
    [
      144,
      147,
      151
    ]
  ]
}