{
  "document_id": "document_229",
  "sentences": [
    "शुद्ध नियमित पाणी",
    "कर्तव्याच्या जोरावर मी पुढील वाटचाल करेन.",
    "ज्यास नेमके, नेटके आणि प्रभावी लेखन करायचे असल्यास त्याने दासबोधाला आपला गुरु मानावा.",
    "मीठ - घेऊन चवीनुसार;",
    "सोमवारी रात्री उशीरा मोहन जोशी यांची उमेदवारी जाहीर झाली.",
    "मराठा आरक्षणाला विरोध करत काही जणांनी सुप्रीम कोर्टात धाव घेतली होती.",
    "मॉस्को - रशियाची राजधानी मॉस्कोत विक्रमी 43 सेंटीमीटर हिमवृष्टी झाल्याचे वृत्त आहे.",
    "यात एकाचा मृत्यू झाला तर पाचजण जखमी झाले.",
    "पिंपरी-चिंचवड शहरात गेल्या काही दिवसांपासून महिला आणि मुलींच्या अत्याचाराच्या घटनांमध्ये वाढ झालेली आहे.",
    "राज्याच्या बाहेरून आलेल्या सुरक्षारक्षकांना येथे नोकरीसाठी कोणत्याही प्रकारचे शस्त्र बाळगता येणार नसून यापुढे आता केवळ आस्थापनांनी विनंती केल्यासच त्यांना शस्त्र परवाना देण्याची घोषणा गृहमंत्री आर."
  ],
  "mentions": [
    {
      "id": 0,
      "text": "पाणी",
      "sentence": 0,
      "start": 11,
      "end": 15,
      "confidence": 1.0
    },
    {
      "id": 1,
      "text": "कर्तव्याच्या",
      "sentence": 1,
      "start": 16,
      "end": 26,
      "confidence": 1.0
    },
    {
      "id": 2,
      "text": "मी",
      "sentence": 1,
      "start": 36,
      "end": 38,
      "confidence": 1.0
    },
    {
      "id": 3,
      "text": "त्याने",
      "sentence": 2,
      "start": 96,
      "end": 100,
      "confidence": 1.0
    },
    {
      "id": 4,
      "text": "दासबोधाला",
      "sentence": 2,
      "start": 101,
      "end": 109,
      "confidence": 1.0
    },
    {
      "id": 5,
      "text": "गुरु",
      "sentence": 2,
      "start": 116,
      "end": 120,
      "confidence": 1.0
    },
    {
      "id": 6,
      "text": "मोहन",
      "sentence": 4,
      "start": 172,
      "end": 177,
      "confidence": 1.0
    },
    {
      "id": 7,
      "text": "जोशी",
      "sentence": 4,
      "start": 178,
      "end": 182,
      "confidence": 1.0
    },
    {
      "id": 8,
      "text": "उमेदवारी",
      "sentence": 4,
      "start": 189,
      "end": 196,
      "confidence": 1.0
    },
    {
      "id": 9,
      "text": "मराठा",
      "sentence": 5,
      "start": 212,
      "end": 217,
      "confidence": 1.0
    },
    {
      "id": 10,
      "text": "आरक्षणाला",
      "sentence": 5,
      "start": 218,
      "end": 226,
      "confidence": 1.0
    },
    {
      "id": 11,
      "text": "जणांनी",
      "sentence": 5,
      "start": 241,
      "end": 247,
      "confidence": 1.0
    },
    {
      "id": 12,
      "text": "सुप्रीम",
      "sentence": 5,
      "start": 247,
      "end": 254,
      "confidence": 1.0
    },
    {
      "id": 13,
      "text": "मॉस्को",
      "sentence": 6,
      "start": 282,
      "end": 288,
      "confidence": 1.0
    },
    {
      "id": 14,
      "text": "रशियाची",
      "sentence": 6,
      "start": 291,
      "end": 298,
      "confidence": 1.0
    },
    {
      "id": 15,
      "text": "राजधानी",
      "sentence": 6,
      "start": 299,
      "end": 305,
      "confidence": 1.0
    },
    {
      "id": 16,
      "text": "हिमवृष्टी",
      "sentence": 6,
      "start": 329,
      "end": 337,
      "confidence": 1.0
    },
    {
      "id": 17,
      "text": "वृत्त",
      "sentence": 6,
      "start": 347,
      "end": 351,
      "confidence": 1.0
    },
    {
      "id": 18,
      "text": "मृत्यू",
      "sentence": 7,
      "start": 364,
      "end": 369,
      "confidence": 1.0
    },
    {
      "id": 19,
      "text": "पिंपरी-चिंचवड",
      "sentence": 8,
      "start": 393,
      "end": 407,
      "confidence": 1.0
    },
    {
      "id": 20,
      "text": "शहरात",
      "sentence": 8,
      "start": 408,
      "end": 413,
      "confidence": 1.0
    },
    {
      "id": 21,
      "text": "दिवसांपासून",
      "sentence": 8,
      "start": 423,
      "end": 433,
      "confidence": 1.0
    },
    {
      "id": 22,
      "text": "महिला",
      "sentence": 8,
      "start": 434,
      "end": 439,
      "confidence": 1.0
    },
    {
      "id": 23,
      "text": "घटनांमध्ये",
      "sentence": 8,
      "start": 463,
      "end": 472,
      "confidence": 1.0
    },
    {
      "id": 24,
      "text": "सुरक्षारक्षकांना",
      "sentence": 9,
      "start": 497,
      "end": 512,
      "confidence": 1.0
    },
    {
      "id": 25,
      "text": "नोकरीसाठी",
      "sentence": 9,
      "start": 516,
      "end": 525,
      "confidence": 1.0
    },
    {
      "id": 26,
      "text": "प्रकारचे",
      "sentence": 9,
      "start": 531,
      "end": 538,
      "confidence": 1.0
    },
    {
      "id": 27,
      "text": "शस्त्र",
      "sentence": 9,
      "start": 539,
      "end": 544,
      "confidence": 1.0
    },
    {
      "id": 28,
      "text": "आस्थापनांनी",
      "sentence": 9,
      "start": 577,
      "end": 588,
      "confidence": 1.0
    },
    {
      "id": 29,
      "text": "त्यांना",
      "sentence": 9,
      "start": 599,
      "end": 605,
      "confidence": 1.0
    },
    {
      "id": 30,
      "text": "शस्त्र",
      "sentence": 9,
      "start": 605,
      "end": 610,
      "confidence": 1.0
    },
    {
      "id": 31,
      "text": "घोषणा",
      "sentence": 9,
      "start": 622,
      "end": 627,
      "confidence": 1.0
    },
    {
      "id": 32,
      "text": "गृहमंत्री",
      "sentence": 9,
      "start": 628,
      "end": 637,
      "confidence": 1.0
    }
  ],
  "clusters": [
    [
      3,
      5
    ],
    [
      19,
      22
    ],
    [
      23,
      25
    ],
    [
      17,
      18
    ],
    [
      14,
      15
    ],
    [
      29,
      30
    ]
  ]
}