{
  "document_id": "document_197",
  "sentences": [
    "ते कालांतराने मुलांसोबत त्यांच्या भाषेत संवाद साधू लागले.",
    "त्यामुळे महाराष्ट्र झोपडपट्टी क्षेत्र (सु."
  ],
  "mentions": [
    {
      "id": 0,
      "text": "ते",
      "sentence": 0,
      "start": 0,
      "end": 2,
      "confidence": 1.0
    },
    {
      "id": 1,
      "text": "मुलां",
      "sentence": 0,
      "start": 13,
      "end": 17,
      "confidence": 1.0
    },
    {
      "id": 2,
      "text": "त्यांच्या",
      "sentence": 0,
      "start": 23,
      "end": 30,
      "confidence": 1.0
    },
    {
      "id": 3,
      "text": "भाषे",
      "sentence": 0,
      "start": 31,
      "end": 35,
      "confidence": 1.0
    },
    {
      "id": 4,
      "text": "संवाद",
      "sentence": 0,
      "start": 37,
      "end": 42,
      "confidence": 1.0
    },
    {
      "id": 5,
      "text": "महाराष्ट्र",
      "sentence": 1,
      "start": 61,
      "end": 69,
      "confidence": 1.0
    },
    {
      "id": 6,
      "text": "झोपडपट्टी",
      "sentence": 1,
      "start": 70,
      "end": 79,
      "confidence": 1.0
    }
  ],
  "clusters": [
    [
      0,
      2
    ]
  ]
}