{
  "document_id": "document_293",
  "sentences": [
    "नवरा नि बायकोचे सात-जन्मांचे कॉन्ट्रॅक्ट असते ते सलग सात जन्मांचे की सलग सात (लक्ष-चौर्‍यांशीपैकी) 'मनुष्यजन्मांचे'?",
    "तसे असेल तर ते दोघेही एकाच वेळी मनुष्य म्हणून, विरुद्ध लिंगी, समवयस्क, एकाच भूभागावर, एकाच धर्मात, एकाच जातीत, पत्रिका जुळावी अशा मुहूर्तावर, आपल्या देशी दोघांच्या आईबापांचेही 'कन्सेंट' मिळावेत अशा आईबापांपोटी...",
    "वगैरे निकष पुरे करत योग्य वयात लग्न करण्याची प्रोबॅबिलिटी किती, ती किमान ७ भागिले लक्ष-चौर्‍यांशी इतकी आहे काय?",
    "मुळात लक्ष चौर्‍यांशीच्या हिशोबात एकाहुन अधिक मनुष्यजन्म मिळतात का?",
    "मनुष्यजन्म दुर्लभ असतो, लक्ष चौर्‍यांशीत एकदाच मिळतो असे ऐकून आहे, तर दुसरीकडे हे सात मनुष्यजन्माचे कॉन्ट्रॅक्ट एकाच व्यवस्थेमधे कसे काय बसते ब्वा?",
    "घर कापड आदर्श आपल्या खोलीत आतील मध्ये फिट पाहिजे हे विसरू नका.",
    "लंडन : ब्रिटनच्या पंतप्रधान थेरेसा मे यांचा वारसदार निवडण्यासाठी सुरू असलेली मतदानाची प्रक्रिया काल (सोमवार) संध्याकाळी संपली.",
    "निराशेच्या आहारी गेलेली व्यक्ती आत्महत्या करू शकते का?",
    "आपल्या स्टोअर मध्ये चालतो होईल याचा विचार करा, आणि आपण आपल्या उत्पादन त्यांना स्वारस्य मिळवू शकता तर?",
    "खूप सुंदर लिंग पुनरावलोकने औषध प्रत्यक्षात मासिक पाळी येण्याअगोदर सिंड्रोम संबद्ध वेदना काढून टाकते नोंदवले.",
    "जसीम हे उत्तरप्रदेश मधील धमौरा या गावतील रहिवासी आहेत.",
    "2019 पासून कंपनीच्या विक्रीमध्ये वाढ होईल असे नेस्लेचे मत आहे.",
    "पार्किंगवर काहीतरी पर्याय काढण्यात यावा, असा प्रेक्षकवर्गातून नाराजीचा सूर उमटत आहे.",
    "भूंकपाची तीव्रता 3.2 रिश्टर स्केल इतकी होती.",
    "तथापि, या स्टेजला संबंध अजूनही काहीतरी दुरुस्त करण्यासाठी संधी आहे.",
    "शिवेंद्रराजे भोसले, माजी आमदार विक्रमसिंह पाटणकर, राष्ट्रवादीचे जिल्हाध्यक्ष सुनील माने व पदाधिकारी उपस्थित होते.",
    "तो चव फक्त एक बाब आहे.",
    "माझाही आवाज दाबण्याचा प्रयत्न केला, असे प्रकाश आंबेडकरांनी म्हटलंय.",
    "त्यांना एक अंडे पोहोचते, एक बीजांडाचे तयार करण्यासाठी तो खपाचा, आणि दुसरा दुय्यम मध्यवर्ती भाग सह कनेक्ट केले आहे.",
    "त्यावेळी तातडीने माहिम पोलिसात धाव घेत ती हरविली असल्याची तक्रार केली.",
    "सौंदर्य आणि शुद्धता स्तुत्य साठी शोध.",
    "पण घाईघाईने क्रिया एक परिणाम म्हणून फार गंभीर परिणाम होतील, असेल.",
    "मुंबई: आपली दखल सिनेसृष्टीहीलाही घ्यायला लावणारे डोंबिवली स्थानकाने दररोजची प्रवाशांची गर्दी आणि दररोजच्या उत्पन्नाबाबत अव्वल क्रमांक पटकावला आहे.",
    "माढा | माढा लोकसभा मतदारसंघातून भाजपतर्फे रणजितसिंह नाईक निंबाळकरांच्या नावावर शिक्कामोर्तब झाला असून राष्ट्रवादीच्या संजय शिंदेंसोबत त्यांची कांटे की टक्कर होणार आहे.",
    "- रविवारी (10 मार्च)रात्री पृथ्वीराज चव्हाण यांच्याशी चर्चा झाली",
    "गीतेश केंद्रातील रविवारच्या शाळेत यायचा, सहलीमध्ये सहभागी व्हायचा.",
    "बाळासाहेब ठाकरे यांची कोळी मंदिरापेक्षा कमी नाही - राऊत",
    "तर तसेही म्हणता येणार नाही.",
    "दिग्दर्शकाचं महत्त्वाचं काम म्हणजे हा गर्भित अर्थ प्रेक्षकापर्यंत पोहोचवणं.",
    "मुंबई : आत्मचरित्रातून खाजगी आयुष्य उघड करताना अनेक तरुणींवर शिंतोडे उडवणारा अभिनेता नवाझुद्दीन सिद्दीकीला अखेर उपरती आली आहे.",
    "केदार तुम्ही छान लिहिताय यात वाद्च नाहि पन माझ्या मते तुम्हि हे लिखाण रंगीबेरंगी वर न करता एखादा वेगळा बिबि करुन करा म्हणजे कधीही वाचायचे झाल्यास सोप्पे पडेल आणि कोणालाहि लवकर सापडेल आणि वाहुन जाणार नाही.",
    "त्यानंतर मेहमुदुल्लाहने मोहम्मद मिथुन (21), मोसादेक हुसेन (26), मेहदी हसन (नाबाद 5) यांना साथीला घेत संघाची धावसंख्या तीनशे पार केली.",
    "आजचे परधर्मात असलेले हिंदू हे त्या काळात बाटवल्या गेलेल्या हिंदूंचेच वंशज आहेत.",
    "तो देते लँडलाईन्स, आधुनिक फर्निचर व इतर सामानसुमान आणि एक खाजगी स्नानगृह.",
    "दादर आणि कुर्ला या स्टेशनवर तीनही रेल्वे मार्गांचे प्रवासी प्रवास करतात.",
    "स्वप्निलनं त्याला मिळालेल्या या संधीचं अक्षरश: सोनं केलं.",
    "रशियन फेडरेशन आर्थिक प्रणाली विकास अलिकडील वर्षांत लक्षातही प्रसिध्द झाले.",
    "बुधवारी 4 रोजी तिसर्‍या जेएमएफसी न्यायालयात अ‍ॅड.",
    "यामध्ये बीएस-6 मानक 1.5 लीटर पेट्रोल आणि 1.5 लीटर डिझेल इंजिन देण्यात आलेले आहेत.",
    "चीनच्या माइक्रोब्लॉगिंग साईट Weibo ने दिलेल्या माहितीनुसार, या फोन मे किंवा जून मध्ये लॉन्च होण्याची संभावना आहे.",
    "बाहेर देशांमधील बँकांमध्ये साठवलेला काळा पैसा आणला म्हणजे झाले असे नाही, तर आपल्या देशातील काळ्या पैशांचे प्रमाण कमी करण्यासाठीही प्रयत्न करावे लागतील.",
    "आणि दोन सेकंदात भाजला जातो.",
    "कॅन्टीनच्या जेवणात पुन्हा एकदा झुरळ आढळल्याने आमदारांच्या आरोग्याचा प्रश्न निर्माण झाला आहे.",
    "हे प्रतिस्पर्धी एक निवारक प्रभाव आहे.",
    "त्यावर बोलताना उर्मिला यांनी बॉलिवूडला चांगलंच सुनावलं.",
    "ही अत्यंत महत्त्वाची गोष्ट आहे.",
    "कचर्‍यातून सोनं शोधण्यासाठी सातत्याने प्रयत्नशील असणार्‍या नगरसेवक अरविंद म्हात्रे यांचे सर्वच स्तरातून कौतुक केले जात आहे.",
    "त्याहीपेक्षा भायानक आकडे आहेत ते बालकांमध्ये असलेला रक्तक्षय, सहा वर्षांखालील 58 टक्के मुलांना रक्तक्षय असल्याचे राष्ट्रीय कौटुंबिक आरोग्य सर्वेक्षणात दिसून आले यामागचे कारण म्हणजे अयोग्य आहार किंवा कमी आहार.",
    "कारण गळती बंद करताना कंत्राटदारांच्या ‘रिंग’ला वेसण घालणार्‍या अधिकार्‍याची तडकाफडकी बदली केल्यानंतर हे काम वरिष्ठ अधिकार्‍यांविनाच ‘चालू’ ठेवण्यात आले आहे.",
    "काल अख्या दिवसभरात एमआयडीसी सीईओ, प्रधान सचिव यांच्यासोबत बैठका झाल्या.",
    "ऑफिस वरून आल्यावर मी दमलो अशी जराही तक्रार न करता आमच्याशी खेळणारे आणि आम्हाला बाहेर फिरायला घेऊन जाणारे माझे बाबा...",
    "आम्हाला आयुष्यात बेस्ट देण्यासाठी धडपडणारे माझे बाबा...",
    "खा आणि वजन कमी",
    "बुलट्रॉलींग व एलईडी लाईटद्वारे होणाऱया मच्छीमारीचा विषयही चर्चेत आला.",
    "त्यामुळे मुख्यमंत्र्यांना निवेदन दिलं आणि मी निघालो, असं धनंजय मुंडे यांनी म्हटलं आहे.",
    "Loading."
  ],
  "mentions": [
    {
      "id": 0,
      "text": "नवरा",
      "sentence": 0,
      "start": 0,
      "end": 4,
      "confidence": 1.0
    },
    {
      "id": 1,
      "text": "बायकोचे",
      "sentence": 0,
      "start": 7,
      "end": 13,
      "confidence": 1.0
    },
    {
      "id": 2,
      "text": "कॉन्ट्रॅक्ट",
      "sentence": 0,
      "start": 24,
      "end": 33,
      "confidence": 1.0
    },
    {
      "id": 3,
      "text": "ते",
      "sentence": 0,
      "start": 40,
      "end": 42,
      "confidence": 1.0
    },
    {
      "id": 4,
      "text": "जन्मांचे",
      "sentence": 0,
      "start": 52,
      "end": 59,
      "confidence": 1.0
    },
    {
      "id": 5,
      "text": "जन्मांचे",
      "sentence": 0,
      "start": 84,
      "end": 91,
      "confidence": 1.0
    },
    {
      "id": 6,
      "text": "मनुष्यजन्मांचे",
      "sentence": 0,
      "start": 94,
      "end": 108,
      "confidence": 1.0
    },
    {
      "id": 7,
      "text": "ते",
      "sentence": 1,
      "start": 118,
      "end": 120,
      "confidence": 1.0
    },
    {
      "id": 8,
      "text": "दोघेही",
      "sentence": 1,
      "start": 121,
      "end": 127,
      "confidence": 1.0
    },
    {
      "id": 9,
      "text": "मनुष्य",
      "sentence": 1,
      "start": 136,
      "end": 141,
      "confidence": 1.0
    },
    {
      "id": 10,
      "text": "भूभागावर",
      "sentence": 1,
      "start": 180,
      "end": 187,
      "confidence": 1.0
    },
    {
      "id": 11,
      "text": "धर्मात",
      "sentence": 1,
      "start": 196,
      "end": 201,
      "confidence": 1.0
    },
    {
      "id": 12,
      "text": "जातीत",
      "sentence": 1,
      "start": 210,
      "end": 215,
      "confidence": 1.0
    },
    {
      "id": 13,
      "text": "पत्रिका",
      "sentence": 1,
      "start": 218,
      "end": 224,
      "confidence": 1.0
    },
    {
      "id": 14,
      "text": "मुहूर्तावर",
      "sentence": 1,
      "start": 235,
      "end": 242,
      "confidence": 1.0
    },
    {
      "id": 15,
      "text": "आपल्या",
      "sentence": 1,
      "start": 245,
      "end": 250,
      "confidence": 1.0
    },
    {
      "id": 16,
      "text": "आईबापांचेही",
      "sentence": 1,
      "start": 258,
      "end": 267,
      "confidence": 1.0
    },
    {
      "id": 17,
      "text": "कन्सेंट",
      "sentence": 1,
      "start": 271,
      "end": 278,
      "confidence": 1.0
    },
    {
      "id": 18,
      "text": "आईबापांपोटी",
      "sentence": 1,
      "start": 287,
      "end": 296,
      "confidence": 1.0
    },
    {
      "id": 19,
      "text": "निकष",
      "sentence": 2,
      "start": 303,
      "end": 307,
      "confidence": 1.0
    },
    {
      "id": 20,
      "text": "लग्न",
      "sentence": 2,
      "start": 321,
      "end": 324,
      "confidence": 1.0
    },
    {
      "id": 21,
      "text": "प्रोबॅबिलिटी",
      "sentence": 2,
      "start": 334,
      "end": 344,
      "confidence": 1.0
    },
    {
      "id": 22,
      "text": "ती",
      "sentence": 2,
      "start": 350,
      "end": 352,
      "confidence": 1.0
    },
    {
      "id": 23,
      "text": "लक्ष-चौर्‍यांशी",
      "sentence": 2,
      "start": 363,
      "end": 376,
      "confidence": 1.0
    },
    {
      "id": 24,
      "text": "लक्ष",
      "sentence": 3,
      "start": 384,
      "end": 387,
      "confidence": 1.0
    },
    {
      "id": 25,
      "text": "मनुष्यजन्म",
      "sentence": 3,
      "start": 407,
      "end": 416,
      "confidence": 1.0
    },
    {
      "id": 26,
      "text": "मनुष्यजन्म",
      "sentence": 4,
      "start": 423,
      "end": 432,
      "confidence": 1.0
    },
    {
      "id": 27,
      "text": "लक्ष",
      "sentence": 4,
      "start": 442,
      "end": 445,
      "confidence": 1.0
    },
    {
      "id": 28,
      "text": "कॉन्ट्रॅक्ट",
      "sentence": 4,
      "start": 477,
      "end": 486,
      "confidence": 1.0
    },
    {
      "id": 29,
      "text": "व्यवस्थेमधे",
      "sentence": 4,
      "start": 495,
      "end": 505,
      "confidence": 1.0
    },
    {
      "id": 30,
      "text": "कापड",
      "sentence": 5,
      "start": 517,
      "end": 521,
      "confidence": 1.0
    },
    {
      "id": 31,
      "text": "आपल्या",
      "sentence": 5,
      "start": 527,
      "end": 532,
      "confidence": 1.0
    },
    {
      "id": 32,
      "text": "खोलीत",
      "sentence": 5,
      "start": 533,
      "end": 538,
      "confidence": 1.0
    },
    {
      "id": 33,
      "text": "लंडन",
      "sentence": 6,
      "start": 563,
      "end": 567,
      "confidence": 1.0
    },
    {
      "id": 34,
      "text": "ब्रिटनच्या",
      "sentence": 6,
      "start": 570,
      "end": 577,
      "confidence": 1.0
    },
    {
      "id": 35,
      "text": "पंतप्रधान",
      "sentence": 6,
      "start": 578,
      "end": 585,
      "confidence": 1.0
    },
    {
      "id": 36,
      "text": "वारसदार",
      "sentence": 6,
      "start": 601,
      "end": 607,
      "confidence": 1.0
    },
    {
      "id": 37,
      "text": "प्रक्रिया",
      "sentence": 6,
      "start": 626,
      "end": 631,
      "confidence": 1.0
    },
    {
      "id": 38,
      "text": "सोमवार",
      "sentence": 6,
      "start": 637,
      "end": 643,
      "confidence": 1.0
    },
    {
      "id": 39,
      "text": "संध्याकाळी",
      "sentence": 6,
      "start": 645,
      "end": 652,
      "confidence": 1.0
    },
    {
      "id": 40,
      "text": "निराशेच्या",
      "sentence": 7,
      "start": 659,
      "end": 666,
      "confidence": 1.0
    },
    {
      "id": 41,
      "text": "व्यक्ती",
      "sentence": 7,
      "start": 678,
      "end": 682,
      "confidence": 1.0
    },
    {
      "id": 42,
      "text": "आत्महत्या",
      "sentence": 7,
      "start": 683,
      "end": 689,
      "confidence": 1.0
    },
    {
      "id": 43,
      "text": "आपल्या",
      "sentence": 8,
      "start": 699,
      "end": 704,
      "confidence": 1.0
    },
    {
      "id": 44,
      "text": "स्टोअर",
      "sentence": 8,
      "start": 705,
      "end": 709,
      "confidence": 1.0
    },
    {
      "id": 45,
      "text": "विचार",
      "sentence": 8,
      "start": 725,
      "end": 729,
      "confidence": 1.0
    },
    {
      "id": 46,
      "text": "आपण",
      "sentence": 8,
      "start": 739,
      "end": 742,
      "confidence": 1.0
    },
    {
      "id": 47,
      "text": "आपल्या",
      "sentence": 8,
      "start": 743,
      "end": 748,
      "confidence": 1.0
    },
    {
      "id": 48,
      "text": "उत्पादन",
      "sentence": 8,
      "start": 749,
      "end": 754,
      "confidence": 1.0
    },
    {
      "id": 49,
      "text": "त्यांना",
      "sentence": 8,
      "start": 755,
      "end": 759,
      "confidence": 1.0
    },
    {
      "id": 50,
      "text": "स्वारस्य",
      "sentence": 8,
      "start": 760,
      "end": 765,
      "confidence": 1.0
    },
    {
      "id": 51,
      "text": "लिंग",
      "sentence": 9,
      "start": 777,
      "end": 780,
      "confidence": 1.0
    },
    {
      "id": 52,
      "text": "पुनरावलोकने",
      "sentence": 9,
      "start": 781,
      "end": 790,
      "confidence": 1.0
    },
    {
      "id": 53,
      "text": "पाळी",
      "sentence": 9,
      "start": 811,
      "end": 815,
      "confidence": 1.0
    },
    {
      "id": 54,
      "text": "सिंड्रोम",
      "sentence": 9,
      "start": 824,
      "end": 830,
      "confidence": 1.0
    },
    {
      "id": 55,
      "text": "वेदना",
      "sentence": 9,
      "start": 836,
      "end": 840,
      "confidence": 1.0
    },
    {
      "id": 56,
      "text": "उत्तरप्रदेश",
      "sentence": 10,
      "start": 858,
      "end": 866,
      "confidence": 1.0
    },
    {
      "id": 57,
      "text": "धमौरा",
      "sentence": 10,
      "start": 874,
      "end": 879,
      "confidence": 1.0
    },
    {
      "id": 58,
      "text": "रहिवासी",
      "sentence": 10,
      "start": 890,
      "end": 896,
      "confidence": 1.0
    },
    {
      "id": 59,
      "text": "विक्रीमध्ये",
      "sentence": 11,
      "start": 916,
      "end": 924,
      "confidence": 1.0
    },
    {
      "id": 60,
      "text": "नेस्लेचे",
      "sentence": 11,
      "start": 936,
      "end": 942,
      "confidence": 1.0
    },
    {
      "id": 61,
      "text": "पार्किंगवर",
      "sentence": 12,
      "start": 953,
      "end": 961,
      "confidence": 1.0
    },
    {
      "id": 62,
      "text": "पर्याय",
      "sentence": 12,
      "start": 969,
      "end": 973,
      "confidence": 1.0
    },
    {
      "id": 63,
      "text": "प्रेक्षकवर्गातून",
      "sentence": 12,
      "start": 989,
      "end": 999,
      "confidence": 1.0
    },
    {
      "id": 64,
      "text": "नाराजीचा",
      "sentence": 12,
      "start": 1000,
      "end": 1007,
      "confidence": 1.0
    },
    {
      "id": 65,
      "text": "भूंकपाची",
      "sentence": 13,
      "start": 1019,
      "end": 1026,
      "confidence": 1.0
    },
    {
      "id": 66,
      "text": "तीव्रता",
      "sentence": 13,
      "start": 1027,
      "end": 1032,
      "confidence": 1.0
    },
    {
      "id": 67,
      "text": "स्टेजला",
      "sentence": 14,
      "start": 1061,
      "end": 1067,
      "confidence": 1.0
    },
    {
      "id": 68,
      "text": "संबंध",
      "sentence": 14,
      "start": 1068,
      "end": 1073,
      "confidence": 1.0
    },
    {
      "id": 69,
      "text": "संधी",
      "sentence": 14,
      "start": 1102,
      "end": 1105,
      "confidence": 1.0
    },
    {
      "id": 70,
      "text": "शिवेंद्रराजे",
      "sentence": 15,
      "start": 1113,
      "end": 1121,
      "confidence": 1.0
    },
    {
      "id": 71,
      "text": "आमदार",
      "sentence": 15,
      "start": 1133,
      "end": 1137,
      "confidence": 1.0
    },
    {
      "id": 72,
      "text": "विक्रमसिंह",
      "sentence": 15,
      "start": 1138,
      "end": 1145,
      "confidence": 1.0
    },
    {
      "id": 73,
      "text": "पाटणकर",
      "sentence": 15,
      "start": 1146,
      "end": 1152,
      "confidence": 1.0
    },
    {
      "id": 74,
      "text": "राष्ट्रवादीचे",
      "sentence": 15,
      "start": 1154,
      "end": 1162,
      "confidence": 1.0
    },
    {
      "id": 75,
      "text": "जिल्हाध्यक्ष",
      "sentence": 15,
      "start": 1163,
      "end": 1172,
      "confidence": 1.0
    },
    {
      "id": 76,
      "text": "माने",
      "sentence": 15,
      "start": 1178,
      "end": 1181,
      "confidence": 1.0
    },
    {
      "id": 77,
      "text": "पदाधिकारी",
      "sentence": 15,
      "start": 1185,
      "end": 1192,
      "confidence": 1.0
    },
    {
      "id": 78,
      "text": "तो",
      "sentence": 16,
      "start": 1200,
      "end": 1202,
      "confidence": 1.0
    },
    {
      "id": 79,
      "text": "माझाही",
      "sentence": 17,
      "start": 1224,
      "end": 1229,
      "confidence": 1.0
    },
    {
      "id": 80,
      "text": "आवाज",
      "sentence": 17,
      "start": 1230,
      "end": 1234,
      "confidence": 1.0
    },
    {
      "id": 81,
      "text": "प्रकाश",
      "sentence": 17,
      "start": 1251,
      "end": 1256,
      "confidence": 1.0
    },
    {
      "id": 82,
      "text": "आंबेडकरांनी",
      "sentence": 17,
      "start": 1257,
      "end": 1266,
      "confidence": 1.0
    },
    {
      "id": 83,
      "text": "त्यांना",
      "sentence": 18,
      "start": 1276,
      "end": 1280,
      "confidence": 1.0
    },
    {
      "id": 84,
      "text": "अंडे",
      "sentence": 18,
      "start": 1284,
      "end": 1287,
      "confidence": 1.0
    },
    {
      "id": 85,
      "text": "बीजांडाचे",
      "sentence": 18,
      "start": 1297,
      "end": 1304,
      "confidence": 1.0
    },
    {
      "id": 86,
      "text": "तो",
      "sentence": 18,
      "start": 1313,
      "end": 1315,
      "confidence": 1.0
    },
    {
      "id": 87,
      "text": "माहिम",
      "sentence": 19,
      "start": 1362,
      "end": 1366,
      "confidence": 1.0
    },
    {
      "id": 88,
      "text": "ती",
      "sentence": 19,
      "start": 1384,
      "end": 1386,
      "confidence": 1.0
    },
    {
      "id": 89,
      "text": "तक्रार",
      "sentence": 19,
      "start": 1399,
      "end": 1404,
      "confidence": 1.0
    },
    {
      "id": 90,
      "text": "सौंदर्य",
      "sentence": 20,
      "start": 1412,
      "end": 1417,
      "confidence": 1.0
    },
    {
      "id": 91,
      "text": "शुद्धता",
      "sentence": 20,
      "start": 1421,
      "end": 1426,
      "confidence": 1.0
    },
    {
      "id": 92,
      "text": "क्रिया",
      "sentence": 21,
      "start": 1448,
      "end": 1451,
      "confidence": 1.0
    },
    {
      "id": 93,
      "text": "परिणाम",
      "sentence": 21,
      "start": 1455,
      "end": 1460,
      "confidence": 1.0
    },
    {
      "id": 94,
      "text": "परिणाम",
      "sentence": 21,
      "start": 1473,
      "end": 1478,
      "confidence": 1.0
    },
    {
      "id": 95,
      "text": "मुंबई",
      "sentence": 22,
      "start": 1488,
      "end": 1492,
      "confidence": 1.0
    },
    {
      "id": 96,
      "text": "स्थानकाने",
      "sentence": 22,
      "start": 1527,
      "end": 1534,
      "confidence": 1.0
    },
    {
      "id": 97,
      "text": "प्रवाशांची",
      "sentence": 22,
      "start": 1544,
      "end": 1551,
      "confidence": 1.0
    },
    {
      "id": 98,
      "text": "गर्दी",
      "sentence": 22,
      "start": 1552,
      "end": 1556,
      "confidence": 1.0
    },
    {
      "id": 99,
      "text": "उत्पन्नाबाबत",
      "sentence": 22,
      "start": 1569,
      "end": 1577,
      "confidence": 1.0
    },
    {
      "id": 100,
      "text": "क्रमांक",
      "sentence": 22,
      "start": 1584,
      "end": 1589,
      "confidence": 1.0
    },
    {
      "id": 101,
      "text": "माढा",
      "sentence": 23,
      "start": 1599,
      "end": 1603,
      "confidence": 1.0
    },
    {
      "id": 102,
      "text": "माढा",
      "sentence": 23,
      "start": 1607,
      "end": 1611,
      "confidence": 1.0
    },
    {
      "id": 103,
      "text": "मतदारसंघातून",
      "sentence": 23,
      "start": 1621,
      "end": 1630,
      "confidence": 1.0
    },
    {
      "id": 104,
      "text": "रणजितसिंह",
      "sentence": 23,
      "start": 1639,
      "end": 1647,
      "confidence": 1.0
    },
    {
      "id": 105,
      "text": "नाईक",
      "sentence": 23,
      "start": 1648,
      "end": 1652,
      "confidence": 1.0
    },
    {
      "id": 106,
      "text": "निंबाळकरांच्या",
      "sentence": 23,
      "start": 1653,
      "end": 1662,
      "confidence": 1.0
    },
    {
      "id": 107,
      "text": "नावावर",
      "sentence": 23,
      "start": 1663,
      "end": 1668,
      "confidence": 1.0
    },
    {
      "id": 108,
      "text": "राष्ट्रवादीच्या",
      "sentence": 23,
      "start": 1680,
      "end": 1689,
      "confidence": 1.0
    },
    {
      "id": 109,
      "text": "शिंदेंसोबत",
      "sentence": 23,
      "start": 1695,
      "end": 1702,
      "confidence": 1.0
    },
    {
      "id": 110,
      "text": "त्यांची",
      "sentence": 23,
      "start": 1703,
      "end": 1708,
      "confidence": 1.0
    },
    {
      "id": 111,
      "text": "टक्कर",
      "sentence": 23,
      "start": 1718,
      "end": 1722,
      "confidence": 1.0
    },
    {
      "id": 112,
      "text": "पृथ्वीराज",
      "sentence": 24,
      "start": 1751,
      "end": 1758,
      "confidence": 1.0
    },
    {
      "id": 113,
      "text": "चव्हाण",
      "sentence": 24,
      "start": 1759,
      "end": 1764,
      "confidence": 1.0
    },
    {
      "id": 114,
      "text": "चर्चा",
      "sentence": 24,
      "start": 1772,
      "end": 1775,
      "confidence": 1.0
    },
    {
      "id": 115,
      "text": "गीतेश",
      "sentence": 25,
      "start": 1782,
      "end": 1786,
      "confidence": 1.0
    },
    {
      "id": 116,
      "text": "शाळेत",
      "sentence": 25,
      "start": 1804,
      "end": 1808,
      "confidence": 1.0
    },
    {
      "id": 117,
      "text": "सहलीमध्ये",
      "sentence": 25,
      "start": 1819,
      "end": 1826,
      "confidence": 1.0
    },
    {
      "id": 118,
      "text": "बाळासाहेब",
      "sentence": 26,
      "start": 1837,
      "end": 1844,
      "confidence": 1.0
    },
    {
      "id": 119,
      "text": "ठाकरे",
      "sentence": 26,
      "start": 1845,
      "end": 1850,
      "confidence": 1.0
    },
    {
      "id": 120,
      "text": "कोळी",
      "sentence": 26,
      "start": 1856,
      "end": 1859,
      "confidence": 1.0
    },
    {
      "id": 121,
      "text": "राऊत",
      "sentence": 26,
      "start": 1876,
      "end": 1880,
      "confidence": 1.0
    },
    {
      "id": 122,
      "text": "अर्थ",
      "sentence": 28,
      "start": 1934,
      "end": 1937,
      "confidence": 1.0
    },
    {
      "id": 123,
      "text": "प्रेक्षकापर्यंत",
      "sentence": 28,
      "start": 1938,
      "end": 1948,
      "confidence": 1.0
    },
    {
      "id": 124,
      "text": "मुंबई",
      "sentence": 29,
      "start": 1957,
      "end": 1961,
      "confidence": 1.0
    },
    {
      "id": 125,
      "text": "आत्मचरित्रातून",
      "sentence": 29,
      "start": 1965,
      "end": 1976,
      "confidence": 1.0
    },
    {
      "id": 126,
      "text": "आयुष्य",
      "sentence": 29,
      "start": 1983,
      "end": 1987,
      "confidence": 1.0
    },
    {
      "id": 127,
      "text": "तरुणींवर",
      "sentence": 29,
      "start": 2002,
      "end": 2008,
      "confidence": 1.0
    },
    {
      "id": 128,
      "text": "शिंतोडे",
      "sentence": 29,
      "start": 2009,
      "end": 2014,
      "confidence": 1.0
    },
    {
      "id": 129,
      "text": "अभिनेता",
      "sentence": 29,
      "start": 2024,
      "end": 2029,
      "confidence": 1.0
    },
    {
      "id": 130,
      "text": "नवाझुद्दीन",
      "sentence": 29,
      "start": 2030,
      "end": 2039,
      "confidence": 1.0
    },
    {
      "id": 131,
      "text": "सिद्दीकीला",
      "sentence": 29,
      "start": 2040,
      "end": 2048,
      "confidence": 1.0
    },
    {
      "id": 132,
      "text": "केदार",
      "sentence": 30,
      "start": 2068,
      "end": 2072,
      "confidence": 1.0
    },
    {
      "id": 133,
      "text": "तुम्ही",
      "sentence": 30,
      "start": 2073,
      "end": 2077,
      "confidence": 1.0
    },
    {
      "id": 134,
      "text": "वाद्च",
      "sentence": 30,
      "start": 2092,
      "end": 2096,
      "confidence": 1.0
    },
    {
      "id": 135,
      "text": "माझ्या",
      "sentence": 30,
      "start": 2108,
      "end": 2112,
      "confidence": 1.0
    },
    {
      "id": 136,
      "text": "लिखाण",
      "sentence": 30,
      "start": 2125,
      "end": 2130,
      "confidence": 1.0
    },
    {
      "id": 137,
      "text": "बिबि",
      "sentence": 30,
      "start": 2157,
      "end": 2160,
      "confidence": 1.0
    },
    {
      "id": 138,
      "text": "कोणालाहि",
      "sentence": 30,
      "start": 2187,
      "end": 2194,
      "confidence": 1.0
    },
    {
      "id": 139,
      "text": "मेहमुदुल्लाहने",
      "sentence": 31,
      "start": 2209,
      "end": 2219,
      "confidence": 1.0
    },
    {
      "id": 140,
      "text": "मोहम्मद",
      "sentence": 31,
      "start": 2220,
      "end": 2226,
      "confidence": 1.0
    },
    {
      "id": 141,
      "text": "मिथुन",
      "sentence": 31,
      "start": 2227,
      "end": 2231,
      "confidence": 1.0
    },
    {
      "id": 142,
      "text": "हुसेन",
      "sentence": 31,
      "start": 2247,
      "end": 2251,
      "confidence": 1.0
    },
    {
      "id": 143,
      "text": "मेहदी",
      "sentence": 31,
      "start": 2260,
      "end": 2264,
      "confidence": 1.0
    },
    {
      "id": 144,
      "text": "त्यांना",
      "sentence": 31,
      "start": 2278,
      "end": 2282,
      "confidence": 1.0
    },
    {
      "id": 145,
      "text": "संघाची",
      "sentence": 31,
      "start": 2292,
      "end": 2297,
      "confidence": 1.0
    },
    {
      "id": 146,
      "text": "धावसंख्या",
      "sentence": 31,
      "start": 2298,
      "end": 2305,
      "confidence": 1.0
    },
    {
      "id": 147,
      "text": "हिंदू",
      "sentence": 32,
      "start": 2322,
      "end": 2325,
      "confidence": 1.0
    },
    {
      "id": 148,
      "text": "काळात",
      "sentence": 32,
      "start": 2333,
      "end": 2337,
      "confidence": 1.0
    },
    {
      "id": 149,
      "text": "वंशज",
      "sentence": 32,
      "start": 2359,
      "end": 2363,
      "confidence": 1.0
    },
    {
      "id": 150,
      "text": "तो",
      "sentence": 33,
      "start": 2372,
      "end": 2374,
      "confidence": 1.0
    },
    {
      "id": 151,
      "text": "लँडलाईन्स",
      "sentence": 33,
      "start": 2380,
      "end": 2389,
      "confidence": 1.0
    },
    {
      "id": 152,
      "text": "फर्निचर",
      "sentence": 33,
      "start": 2397,
      "end": 2402,
      "confidence": 1.0
    },
    {
      "id": 153,
      "text": "सामानसुमान",
      "sentence": 33,
      "start": 2410,
      "end": 2419,
      "confidence": 1.0
    },
    {
      "id": 154,
      "text": "स्नानगृह",
      "sentence": 33,
      "start": 2429,
      "end": 2435,
      "confidence": 1.0
    },
    {
      "id": 155,
      "text": "दादर",
      "sentence": 34,
      "start": 2443,
      "end": 2447,
      "confidence": 1.0
    },
    {
      "id": 156,
      "text": "कुर्ला",
      "sentence": 34,
      "start": 2452,
      "end": 2456,
      "confidence": 1.0
    },
    {
      "id": 157,
      "text": "रेल्वे",
      "sentence": 34,
      "start": 2476,
      "end": 2480,
      "confidence": 1.0
    },
    {
      "id": 158,
      "text": "मार्गांचे",
      "sentence": 34,
      "start": 2481,
      "end": 2487,
      "confidence": 1.0
    },
    {
      "id": 159,
      "text": "प्रवासी",
      "sentence": 34,
      "start": 2488,
      "end": 2493,
      "confidence": 1.0
    },
    {
      "id": 160,
      "text": "स्वप्निलनं",
      "sentence": 35,
      "start": 2501,
      "end": 2508,
      "confidence": 1.0
    },
    {
      "id": 161,
      "text": "त्याला",
      "sentence": 35,
      "start": 2509,
      "end": 2513,
      "confidence": 1.0
    },
    {
      "id": 162,
      "text": "सोनं",
      "sentence": 35,
      "start": 2539,
      "end": 2542,
      "confidence": 1.0
    },
    {
      "id": 163,
      "text": "फेडरेशन",
      "sentence": 36,
      "start": 2556,
      "end": 2563,
      "confidence": 1.0
    },
    {
      "id": 164,
      "text": "प्रणाली",
      "sentence": 36,
      "start": 2570,
      "end": 2574,
      "confidence": 1.0
    },
    {
      "id": 165,
      "text": "विकास",
      "sentence": 36,
      "start": 2575,
      "end": 2579,
      "confidence": 1.0
    },
    {
      "id": 166,
      "text": "वर्षांत",
      "sentence": 36,
      "start": 2589,
      "end": 2593,
      "confidence": 1.0
    },
    {
      "id": 167,
      "text": "जेएमएफसी",
      "sentence": 37,
      "start": 2623,
      "end": 2628,
      "confidence": 1.0
    },
    {
      "id": 168,
      "text": "बीएस-6",
      "sentence": 38,
      "start": 2650,
      "end": 2655,
      "confidence": 1.0
    },
    {
      "id": 169,
      "text": "मानक",
      "sentence": 38,
      "start": 2656,
      "end": 2660,
      "confidence": 1.0
    },
    {
      "id": 170,
      "text": "पेट्रोल",
      "sentence": 38,
      "start": 2672,
      "end": 2677,
      "confidence": 1.0
    },
    {
      "id": 171,
      "text": "डिझेल",
      "sentence": 38,
      "start": 2691,
      "end": 2695,
      "confidence": 1.0
    },
    {
      "id": 172,
      "text": "इंजिन",
      "sentence": 38,
      "start": 2696,
      "end": 2700,
      "confidence": 1.0
    },
    {
      "id": 173,
      "text": "चीनच्या",
      "sentence": 39,
      "start": 2712,
      "end": 2717,
      "confidence": 1.0
    },
    {
      "id": 174,
      "text": "साईट",
      "sentence": 39,
      "start": 2730,
      "end": 2733,
      "confidence": 1.0
    },
    {
      "id": 175,
      "text": "Weibo",
      "sentence": 39,
      "start": 2734,
      "end": 2739,
      "confidence": 1.0
    },
    {
      "id": 176,
      "text": "माहितीनुसार",
      "sentence": 39,
      "start": 2749,
      "end": 2757,
      "confidence": 1.0
    },
    {
      "id": 177,
      "text": "संभावना",
      "sentence": 39,
      "start": 2792,
      "end": 2797,
      "confidence": 1.0
    },
    {
      "id": 178,
      "text": "देशांमधील",
      "sentence": 40,
      "start": 2806,
      "end": 2813,
      "confidence": 1.0
    },
    {
      "id": 179,
      "text": "पैसा",
      "sentence": 40,
      "start": 2831,
      "end": 2835,
      "confidence": 1.0
    },
    {
      "id": 180,
      "text": "आपल्या",
      "sentence": 40,
      "start": 2862,
      "end": 2867,
      "confidence": 1.0
    },
    {
      "id": 181,
      "text": "देशातील",
      "sentence": 40,
      "start": 2868,
      "end": 2873,
      "confidence": 1.0
    },
    {
      "id": 182,
      "text": "पैशांचे",
      "sentence": 40,
      "start": 2883,
      "end": 2888,
      "confidence": 1.0
    },
    {
      "id": 183,
      "text": "प्रमाण",
      "sentence": 40,
      "start": 2889,
      "end": 2893,
      "confidence": 1.0
    },
    {
      "id": 184,
      "text": "प्रयत्न",
      "sentence": 40,
      "start": 2908,
      "end": 2912,
      "confidence": 1.0
    },
    {
      "id": 185,
      "text": "सेकंदात",
      "sentence": 41,
      "start": 2921,
      "end": 2927,
      "confidence": 1.0
    },
    {
      "id": 186,
      "text": "जेवणात",
      "sentence": 42,
      "start": 2945,
      "end": 2950,
      "confidence": 1.0
    },
    {
      "id": 187,
      "text": "झुरळ",
      "sentence": 42,
      "start": 2962,
      "end": 2965,
      "confidence": 1.0
    },
    {
      "id": 188,
      "text": "आरोग्याचा",
      "sentence": 42,
      "start": 2986,
      "end": 2993,
      "confidence": 1.0
    },
    {
      "id": 189,
      "text": "प्रश्न",
      "sentence": 42,
      "start": 2994,
      "end": 2998,
      "confidence": 1.0
    },
    {
      "id": 190,
      "text": "प्रतिस्पर्धी",
      "sentence": 43,
      "start": 3010,
      "end": 3018,
      "confidence": 1.0
    },
    {
      "id": 191,
      "text": "प्रभाव",
      "sentence": 43,
      "start": 3026,
      "end": 3030,
      "confidence": 1.0
    },
    {
      "id": 192,
      "text": "उर्मिला",
      "sentence": 44,
      "start": 3041,
      "end": 3046,
      "confidence": 1.0
    },
    {
      "id": 193,
      "text": "बॉलिवूडला",
      "sentence": 44,
      "start": 3054,
      "end": 3062,
      "confidence": 1.0
    },
    {
      "id": 194,
      "text": "गोष्ट",
      "sentence": 45,
      "start": 3086,
      "end": 3090,
      "confidence": 1.0
    },
    {
      "id": 195,
      "text": "कचर्‍यातून",
      "sentence": 46,
      "start": 3099,
      "end": 3107,
      "confidence": 1.0
    },
    {
      "id": 196,
      "text": "सोनं",
      "sentence": 46,
      "start": 3108,
      "end": 3112,
      "confidence": 1.0
    },
    {
      "id": 197,
      "text": "नगरसेवक",
      "sentence": 46,
      "start": 3133,
      "end": 3139,
      "confidence": 1.0
    },
    {
      "id": 198,
      "text": "अरविंद",
      "sentence": 46,
      "start": 3140,
      "end": 3145,
      "confidence": 1.0
    },
    {
      "id": 199,
      "text": "म्हात्रे",
      "sentence": 46,
      "start": 3146,
      "end": 3151,
      "confidence": 1.0
    },
    {
      "id": 200,
      "text": "कौतुक",
      "sentence": 46,
      "start": 3170,
      "end": 3174,
      "confidence": 1.0
    },
    {
      "id": 201,
      "text": "आकडे",
      "sentence": 47,
      "start": 3189,
      "end": 3193,
      "confidence": 1.0
    },
    {
      "id": 202,
      "text": "बालकांमध्ये",
      "sentence": 47,
      "start": 3202,
      "end": 3210,
      "confidence": 1.0
    },
    {
      "id": 203,
      "text": "रक्तक्षय",
      "sentence": 47,
      "start": 3220,
      "end": 3226,
      "confidence": 1.0
    },
    {
      "id": 204,
      "text": "वर्षांखालील",
      "sentence": 47,
      "start": 3236,
      "end": 3245,
      "confidence": 1.0
    },
    {
      "id": 205,
      "text": "मुलांना",
      "sentence": 47,
      "start": 3257,
      "end": 3262,
      "confidence": 1.0
    },
    {
      "id": 206,
      "text": "रक्तक्षय",
      "sentence": 47,
      "start": 3263,
      "end": 3269,
      "confidence": 1.0
    },
    {
      "id": 207,
      "text": "सर्वेक्षणात",
      "sentence": 47,
      "start": 3291,
      "end": 3300,
      "confidence": 1.0
    },
    {
      "id": 208,
      "text": "कारण",
      "sentence": 47,
      "start": 3317,
      "end": 3320,
      "confidence": 1.0
    },
    {
      "id": 209,
      "text": "गळती",
      "sentence": 48,
      "start": 3355,
      "end": 3359,
      "confidence": 1.0
    },
    {
      "id": 210,
      "text": "अधिकार्‍याची",
      "sentence": 48,
      "start": 3402,
      "end": 3410,
      "confidence": 1.0
    },
    {
      "id": 211,
      "text": "बदली",
      "sentence": 48,
      "start": 3420,
      "end": 3424,
      "confidence": 1.0
    },
    {
      "id": 212,
      "text": "अधिकार्‍यांविनाच",
      "sentence": 48,
      "start": 3452,
      "end": 3463,
      "confidence": 1.0
    },
    {
      "id": 213,
      "text": "एमआयडीसी",
      "sentence": 49,
      "start": 3491,
      "end": 3498,
      "confidence": 1.0
    },
    {
      "id": 214,
      "text": "सीईओ",
      "sentence": 49,
      "start": 3499,
      "end": 3502,
      "confidence": 1.0
    },
    {
      "id": 215,
      "text": "प्रधान",
      "sentence": 49,
      "start": 3504,
      "end": 3508,
      "confidence": 1.0
    },
    {
      "id": 216,
      "text": "सचिव",
      "sentence": 49,
      "start": 3509,
      "end": 3513,
      "confidence": 1.0
    },
    {
      "id": 217,
      "text": "बैठका",
      "sentence": 49,
      "start": 3524,
      "end": 3528,
      "confidence": 1.0
    },
    {
      "id": 218,
      "text": "ऑफिस",
      "sentence": 50,
      "start": 3536,
      "end": 3540,
      "confidence": 1.0
    },
    {
      "id": 219,
      "text": "मी",
      "sentence": 50,
      "start": 3549,
      "end": 3551,
      "confidence": 1.0
    },
    {
      "id": 220,
      "text": "तक्रार",
      "sentence": 50,
      "start": 3564,
      "end": 3569,
      "confidence": 1.0
    },
    {
      "id": 221,
      "text": "आमच्याशी",
      "sentence": 50,
      "start": 3578,
      "end": 3584,
      "confidence": 1.0
    },
    {
      "id": 222,
      "text": "आम्हाला",
      "sentence": 50,
      "start": 3598,
      "end": 3603,
      "confidence": 1.0
    },
    {
      "id": 223,
      "text": "माझे",
      "sentence": 50,
      "start": 3617,
      "end": 3620,
      "confidence": 1.0
    },
    {
      "id": 224,
      "text": "बाबा",
      "sentence": 50,
      "start": 3621,
      "end": 3624,
      "confidence": 1.0
    },
    {
      "id": 225,
      "text": "आम्हाला",
      "sentence": 51,
      "start": 3632,
      "end": 3637,
      "confidence": 1.0
    },
    {
      "id": 226,
      "text": "आयुष्यात",
      "sentence": 51,
      "start": 3638,
      "end": 3644,
      "confidence": 1.0
    },
    {
      "id": 227,
      "text": "माझे",
      "sentence": 51,
      "start": 3662,
      "end": 3665,
      "confidence": 1.0
    },
    {
      "id": 228,
      "text": "बाबा",
      "sentence": 51,
      "start": 3666,
      "end": 3669,
      "confidence": 1.0
    },
    {
      "id": 229,
      "text": "बुलट्रॉलींग",
      "sentence": 53,
      "start": 3690,
      "end": 3700,
      "confidence": 1.0
    },
    {
      "id": 230,
      "text": "एलईडी",
      "sentence": 53,
      "start": 3703,
      "end": 3707,
      "confidence": 1.0
    },
    {
      "id": 231,
      "text": "मच्छीमारीचा",
      "sentence": 53,
      "start": 3724,
      "end": 3733,
      "confidence": 1.0
    },
    {
      "id": 232,
      "text": "विषयही",
      "sentence": 53,
      "start": 3734,
      "end": 3739,
      "confidence": 1.0
    },
    {
      "id": 233,
      "text": "चर्चेत",
      "sentence": 53,
      "start": 3740,
      "end": 3745,
      "confidence": 1.0
    },
    {
      "id": 234,
      "text": "मुख्यमंत्र्यांना",
      "sentence": 54,
      "start": 3759,
      "end": 3769,
      "confidence": 1.0
    },
    {
      "id": 235,
      "text": "निवेदन",
      "sentence": 54,
      "start": 3770,
      "end": 3775,
      "confidence": 1.0
    },
    {
      "id": 236,
      "text": "मी",
      "sentence": 54,
      "start": 3784,
      "end": 3786,
      "confidence": 1.0
    },
    {
      "id": 237,
      "text": "धनंजय",
      "sentence": 54,
      "start": 3800,
      "end": 3805,
      "confidence": 1.0
    },
    {
      "id": 238,
      "text": "मुंडे",
      "sentence": 54,
      "start": 3806,
      "end": 3810,
      "confidence": 1.0
    }
  ],
  "clusters": [
    [
      0,
      1,
      7,
      8,
      17,
      18
    ],
    [
      2,
      3,
      31
    ],
    [
      26,
      27,
      30
    ],
    [
      6,
      28,
      29
    ],
    [
      24,
      25
    ],
    [
      33,
      34,
      35,
      38
    ],
    [
      41,
      42,
      43
    ],
    [
      67,
      68,
      72
    ],
    [
      73,
      75
    ],
    [
      78,
      88
    ],
    [
      83,
      84
    ],
    [
      90,
      91
    ],
    [
      92,
      93,
      94
    ],
    [
      95,
      96,
      97,
      98
    ],
    [
      103,
      105,
      106
    ],
    [
      108,
      109,
      110
    ],
    [
      121,
      122
    ],
    [
      123,
      164
    ],
    [
      124,
      126,
      127
    ],
    [
      128,
      210
    ],
    [
      132,
      133,
      134
    ],
    [
      136,
      137,
      138,
      143
    ],
    [
      140,
      141,
      142
    ],
    [
      147,
      148
    ],
    [
      154,
      155
    ],
    [
      161,
      162
    ],
    [
      169,
      170,
      171
    ],
    [
      173,
      174,
      177,
      179
    ],
    [
      180,
      181
    ],
    [
      186,
      187
    ],
    [
      188,
      189
    ],
    [
      190,
      191
    ],
    [
      195,
      196,
      198
    ],
    [
      224,
      226
    ],
    [
      229,
      231
    ]
  ]
}