{
  "document_id": "document_47",
  "sentences": [
    "यंदाही तरुणाईचे प्रमाण जास्त दिसत होते.",
    "पाय आणि पाय च्या संधींची 10 मालिश.",
    "पुणे – चुरशीच्या अंतिम सामन्यात भैरवनाथ संघावर पिछाडीवरून झुंजार मात करताना उत्कर्ष क्रीडा मंडळ संघाने कुमार गट मुले व मुली जिल्हा अजिंक्‍यपद व निवड चाचणी कबड्डी स्पर्धेतील कुमार गट मुलांच्या विभागात विजेतेपद पटकावले.",
    "पुणे जिल्हा कबड्डी असोसिएशन व काळभैरवनाथ विकास प्रतिष्ठान यांनी संयुक्‍तपणे या स्पर्धेचे आयोजन केले होते.",
    "खराडी येथील कै.",
    "राजाराम भिकू पठारे प्राथमिक विद्यालयाच्या कै."
  ],
  "mentions": [
    {
      "id": 0,
      "text": "तरुणाई",
      "sentence": 0,
      "start": 7,
      "end": 13,
      "confidence": 1.0
    },
    {
      "id": 1,
      "text": "प्रमाण",
      "sentence": 0,
      "start": 15,
      "end": 19,
      "confidence": 1.0
    },
    {
      "id": 2,
      "text": "संधी",
      "sentence": 1,
      "start": 45,
      "end": 48,
      "confidence": 1.0
    },
    {
      "id": 3,
      "text": "मालिश",
      "sentence": 1,
      "start": 58,
      "end": 63,
      "confidence": 1.0
    },
    {
      "id": 4,
      "text": "सामना",
      "sentence": 2,
      "start": 84,
      "end": 88,
      "confidence": 1.0
    },
    {
      "id": 5,
      "text": "भैरवनाथ",
      "sentence": 2,
      "start": 90,
      "end": 97,
      "confidence": 1.0
    },
    {
      "id": 6,
      "text": "पिछाडी",
      "sentence": 2,
      "start": 103,
      "end": 108,
      "confidence": 1.0
    },
    {
      "id": 7,
      "text": "उत्कर्ष",
      "sentence": 2,
      "start": 129,
      "end": 134,
      "confidence": 1.0
    },
    {
      "id": 8,
      "text": "क्रीडा",
      "sentence": 2,
      "start": 135,
      "end": 139,
      "confidence": 1.0
    },
    {
      "id": 9,
      "text": "मंडळ",
      "sentence": 2,
      "start": 140,
      "end": 143,
      "confidence": 1.0
    },
    {
      "id": 10,
      "text": "कुमार",
      "sentence": 2,
      "start": 149,
      "end": 153,
      "confidence": 1.0
    },
    {
      "id": 11,
      "text": "मुले",
      "sentence": 2,
      "start": 157,
      "end": 160,
      "confidence": 1.0
    },
    {
      "id": 12,
      "text": "मुली",
      "sentence": 2,
      "start": 164,
      "end": 167,
      "confidence": 1.0
    },
    {
      "id": 13,
      "text": "जिल्हा",
      "sentence": 2,
      "start": 168,
      "end": 172,
      "confidence": 1.0
    },
    {
      "id": 14,
      "text": "अजिंक्‍यपद",
      "sentence": 2,
      "start": 173,
      "end": 181,
      "confidence": 1.0
    },
    {
      "id": 15,
      "text": "चाचणी",
      "sentence": 2,
      "start": 189,
      "end": 193,
      "confidence": 1.0
    },
    {
      "id": 16,
      "text": "कबड्डी",
      "sentence": 2,
      "start": 194,
      "end": 199,
      "confidence": 1.0
    },
    {
      "id": 17,
      "text": "स्पर्धा",
      "sentence": 2,
      "start": 200,
      "end": 204,
      "confidence": 1.0
    },
    {
      "id": 18,
      "text": "कुमार",
      "sentence": 2,
      "start": 206,
      "end": 210,
      "confidence": 1.0
    },
    {
      "id": 19,
      "text": "मुलगा",
      "sentence": 2,
      "start": 214,
      "end": 218,
      "confidence": 1.0
    },
    {
      "id": 20,
      "text": "विभाग",
      "sentence": 2,
      "start": 222,
      "end": 226,
      "confidence": 1.0
    },
    {
      "id": 21,
      "text": "विजेतेपद",
      "sentence": 2,
      "start": 227,
      "end": 234,
      "confidence": 1.0
    },
    {
      "id": 22,
      "text": "जिल्हा",
      "sentence": 3,
      "start": 240,
      "end": 244,
      "confidence": 1.0
    },
    {
      "id": 23,
      "text": "कबड्डी",
      "sentence": 3,
      "start": 245,
      "end": 250,
      "confidence": 1.0
    },
    {
      "id": 24,
      "text": "असोसिएशन",
      "sentence": 3,
      "start": 251,
      "end": 259,
      "confidence": 1.0
    },
    {
      "id": 25,
      "text": "काळभैरवनाथ",
      "sentence": 3,
      "start": 263,
      "end": 272,
      "confidence": 1.0
    },
    {
      "id": 26,
      "text": "विकास",
      "sentence": 3,
      "start": 273,
      "end": 277,
      "confidence": 1.0
    },
    {
      "id": 27,
      "text": "प्रतिष्ठान",
      "sentence": 3,
      "start": 278,
      "end": 285,
      "confidence": 1.0
    },
    {
      "id": 28,
      "text": "यांनी",
      "sentence": 3,
      "start": 286,
      "end": 290,
      "confidence": 1.0
    },
    {
      "id": 29,
      "text": "स्पर्धा",
      "sentence": 3,
      "start": 301,
      "end": 305,
      "confidence": 1.0
    },
    {
      "id": 30,
      "text": "आयोजन",
      "sentence": 3,
      "start": 306,
      "end": 311,
      "confidence": 1.0
    },
    {
      "id": 31,
      "text": "राजाराम",
      "sentence": 5,
      "start": 338,
      "end": 344,
      "confidence": 1.0
    },
    {
      "id": 32,
      "text": "पठारे",
      "sentence": 5,
      "start": 349,
      "end": 354,
      "confidence": 1.0
    },
    {
      "id": 33,
      "text": "प्राथमिक",
      "sentence": 5,
      "start": 355,
      "end": 361,
      "confidence": 1.0
    },
    {
      "id": 34,
      "text": "विद्यालय",
      "sentence": 5,
      "start": 362,
      "end": 367,
      "confidence": 1.0
    }
  ],
  "clusters": [
    [
      16,
      26
    ],
    [
      17,
      27
    ],
    [
      18,
      28
    ],
    [
      6,
      31
    ],
    [
      20,
      32
    ],
    [
      24,
      33
    ]
  ]
}