{
  "document_id": "document_389",
  "sentences": [
    "एक विमानवाहू (सध्या \"Sharl डे Goll\"), हवाई संरक्षण लढाऊ गलबत आणि अधिक वस्तू सह किमान टास्क फोर्स फ्रेंच नेव्ही जहाजे आहे.",
    "अनेक कार्यक्रम, व्हॉ.",
    "चित्रे संपादित करण्यासाठी एक कार्यक्रम उघडा.",
    "बिबट्याचा बालिकेवर हल्ला, गावकऱ्यांच्या सतर्कतेने प्राण वाचला",
    "माझ्या प्रत्येक सवरेत्कृष्ट खेळीमागे वडिलांची प्रेरणा आहे.",
    "मिळालेल्या माहितीचा आपल्यासाठी वापर करायचा तर तो आपल्या इच्छेनेच केला गेला पाहिजे, तो दुस-यांच्या इच्छेने होणं बरोबर नाही.",
    "मुलींच्या 21 वषार्खालील गटात महाराष्ट्राने चार बाय चारशे मीटर्स रिले शर्यत तीन मिनिटे 49.95 सेकंदात जिंकली.",
    "याशिवाय, जडेजा उत्तम क्षेत्ररक्षक देखील आहे’, असे हरभजन वृत्तसंस्थेशी बोलताना म्हणाला.",
    "आनंद शब्द शब्द अनेकदा ने भरलेला आहे \"प्रेम.",
    "महाराष्ट्रात आलेल्या केंद्राच्या पथकाने फक्त मराठवाड्यात पाहणी केली, ते योग्यही आहे.",
    "खूप काळ आत कमी जागेत अडकून पडल्यामुळे तो भाग सुजलासुद्धा होता.",
    "सरकार 1 फेब्रुवारी 2020 या दिवशी आपला अंतरीम अर्थसंकल्प संसदेत मांडणार आहे.",
    "त्याला त्यावेळी ब्लूटूथद्वारे पत्नीशी संपर्क साधून कॉपी करताना पकडण्यात आले आहे.",
    "पुढच्या वर्षी यावर आधारित निबंध स्पर्धा, प्रश्नमंजूषा असे कार्यक्रम शाळा-शाळांतून घेतले जातील.",
    "शरद पवारांनी बोलावलेल्या बैठकीमध्ये सर्व आमदार आणि जिल्हाध्यक्षांची उपस्थिती असणार आहे.",
    "बाहेरून येणार्‍या नेत्यांकडून आपल्या भागाचे प्रश्‍न सुटणार नाहीत.",
    "संबंधित ठेकेदारावर कारवाई करणार असल्याचं त्यांनी सांगितलंय.",
    "सी व्ह्यूद्वारे जेनिअर स्वीट",
    "हे सर्व मुलांच्या बुटीक आणि विशेष स्टोअरमध्ये खरेदी केले जाऊ शकतात, आणि तो कल्पनाशक्ती दर्शविण्यासाठी आणि अपार्टमेंट सर्वात असामान्य डिझाइनमध्ये येत करणे शक्य आहे.",
    "स्पेन-भारत यांच्यात 7 करार : 30 वर्षानंतर भारतीय पंतप्रधानाकडून या देशाचा दौरा माद्रिद / वृत्तसंस्था पंतप्रधान नरेंद्र मोदी सध्या युरोपीय देशांच्या दौऱयावर आहेत.",
    "पिण्यायोग्य पाणी हे तिबेटच्या पठारावर आहे.",
    "अहमदाबाद म्युनिसिपल कॉर्पोरेशन आणि अहमदाबाद अर्बन डेव्हलपमेंट अथॉरिटी राज्यातील रस्ते आणि सुशोभिकरणाच्या कामात लागले आहेत.",
    "जर तुम्हीही नोकरीच्या शोधात असाल तर या पदासाठी २२ ऑगस्ट २०१६ पर्यंत अर्ज दाखल करु शकता.",
    "१.हा आजार नक्की पीसीओएस हाच आहे का?",
    "-एक हेक्टरची अट काढून टाकावी",
    "तो माणूस शत्रूच्या हजार सैनिकांना कागद आकाराचा क्रौंच त्यांच्या जीव कोण आनंदी आणि श्रीमंत असेल असे म्हटले जाते.",
    "आयुषमाने मुंबई मिररला दिलेल्या मुलाखतीत सांगितले की, विकी डोनर या चित्रपटाचे दिग्दर्शक शुजीत सरकार या चित्रपटासाठी एका पंजाबी मुलाच्या शोधात होते.",
    "त्यामुळे मराठा समाजाच्या मागण्या पूर्ण करत असतानाही पंढरपुरात मुख्यमंत्र्यांना शासकीय महापूजेला विरोध करणे उचित ठरणार नाही, असंही चंद्रकांत पाटील म्हणाले.",
    "दरम्यान, चर्चेतूनच मार्ग काढावा, असे आवाहन महसूल मंत्री चंद्रकांत पाटील यांनी केले आहे.",
    "हे उपचार पर्यायी पद्धती लागू करणे आवश्यक आहे, ते फायदा होत नाही.",
    "राष्ट्रध्वजाचा योग्य सन्मान राखण्यासाठी योग्य कार्यपद्धतीची भारतीय ध्वजसंहिता 2002 मध्ये व अवमान प्रकरणात कारवाईबाबत राष्ट्रीय अवमान कायदा 1971 मध्ये तरतूद केलेली आहे.",
    "केंद्रीय महिला व बाल कल्याणमंत्री मेनका गांधी यांनी याबद्दल नुकतेच ट्विट केलं आहे.",
    "भविष्यात 1200 मेगावॅट पुढील क्षमतेच्याच विदेशी अणुभट्टीना मंजुरी",
    "21/07/2014 च्या आदेशाने तात्काळ स्थगिती दिली.",
    "या निर्णयाला सर्वोच्च न्यायालयाने आता स्थगिती दिल्यानंतर श्रीलंकेवरील राजकीय संकट अधिक वाढले आहे.",
    "असा इशारा गिरीश महाजन यांनी दिला आहे.",
    "अमेरिकेचे अनेक अधिकारीही यावेळी उपस्थित होते.",
    "मजबूत आणि स्थिर रोल बार वसंत ऋतू, तर मल्टि-दुवा मागील निलंबन आणि समोर MacPherson struts - अर्थात, कार सुयोग्य सुधारित क्रीडा कडक निलंबन भडक वर्ण, ते वापरले रेसिंग \"अभिजात\" निर्णय.",
    "पण ऑस्ट्रेलियाविरुद्धच्या तीन वन डे सामन्यांच्या मालिकेनिमित्ताने भारतीय संघाला आपले कच्चे दुवे दूर करण्याची संधी मिळणार आहे.",
    "चारा छावणीत सदाभाऊ खोत यांनी पशुपालकांसोबत केले भोजन",
    "दक्षिण कोरिया आणि अमेरिकेतील कंपन्यांची संयुक्त गुंतवणूक असलेल्या शॉप सीजे वाहिनीने गेल्या वर्षभरात सहा स्थानिक भाषांमध्ये चॅनेल सुरू केले आहेत.",
    "फायबर वापर लक्षणीय काडतूस जीवन वाढते.",
    "वार्ताहर/ कार्वे महाराष्ट्र राज्य साहित्य आणि सांस्कृतिक मंडळ, मुंबई व भाषाविकास संशोधन संस्था, हलकर्णी यांच्यावतीने आयोजित केलेल्या बालकुमार साहित्य संमेलनासाठी मजरे कार्वे येथील पद्मश्री रणजित देसाई साहित्यनगरी सज्ज झाली .",
    "शेतकऱ्यांपर्यंत फंड पोहोचवण्यासाठी नाबार्ड जिल्हा केंद्रीय सहकारी बँकांना २१ हजार कोटी रुपये देण्यात येणार आहे.",
    "दुसरीकडे लालबागचा राजा सार्वजनिक गणेशोत्सव मंडळाचे अध्यक्ष बाळासाहेब कांबळे यांनी अद्याप आम्हाला पालिकेची नोटीस मिळाली नसल्याचे सांगितले.",
    "आता आपल्याला दुवांची खुप गरज आहे.",
    "याच्या व्यतिरीक्त, हे हायड्रो-यांत्रिक कामे आणि आतील कान vestibular प्रणाली पॅथॉलॉजी तत्त्वे उल्लंघन कारण होते.",
    "आपल्याला 15 तासांसाठी तुरुंगात डांबण्यात आले आणि आपल्या जमिनीवर विद्यापिठाचे अतिक्रमणही करण्यात आले असल्याचे त्याने आपल्या तक्रारीमध्ये म्हटले आहे.",
    "नवी दिल्ली – भारतीय क्रिकेट नियामंक मंडळात सत्तापालट झाल्यानंतर नवी कार्यकारीणी रवी सवानी यांच्या जागी दिल्लीचे माजी पोलिस आयुक्त नीरज कुमार यांची बोर्डाच्या भ्रष्टाचार विरोधी पथकाच्या प्रमुखपदी नियुक्ती करण्याच विचार करत आहे.",
    "या चरणांचे पार पाडणे, आपण semifinished अंडी अंड्यातील पिवळ बलक वंगण, नंतर खसखस, तिळ, चीज किंवा इतर साहित्य सह शिंपडा आहे.",
    "आता हा विषय छोट्या पडद्यावर अवतरणार आहे.",
    "दरम्यान, काही दिवसांपूर्वीच दीपिकाला करण जोहरच्या ऑफिसवर स्पॉट करण्यात आले होते.",
    "जगदिश मुखी यांनी मिझोरमचे नवे राज्यपाल म्हणून जबाबदारी हाती घेतली आहे.",
    "डिजाइन शब्दामागची मूळ संकल्पना उदाहरणासहीत लक्षात येईल.",
    "संक्षिप्त धावफलक : यू-19 द.",
    "घरगुती मालिकेत कारकीर्द दिमित्री मधमाशा अभिनय जोरदार यशस्वीरित्या विकसित.",
    "संभाजी महाराजांच्या संरक्षणासाठी महार योद्धे धावून गेले होते."
  ],
  "mentions": [
    {
      "id": 0,
      "text": "गलबत",
      "sentence": 0,
      "start": 48,
      "end": 53,
      "confidence": 1.0
    },
    {
      "id": 1,
      "text": "वस्तू",
      "sentence": 0,
      "start": 62,
      "end": 65,
      "confidence": 1.0
    },
    {
      "id": 2,
      "text": "टास्क",
      "sentence": 0,
      "start": 74,
      "end": 77,
      "confidence": 1.0
    },
    {
      "id": 3,
      "text": "फोर्स",
      "sentence": 0,
      "start": 78,
      "end": 82,
      "confidence": 1.0
    },
    {
      "id": 4,
      "text": "जहाजे",
      "sentence": 0,
      "start": 95,
      "end": 100,
      "confidence": 1.0
    },
    {
      "id": 5,
      "text": "कार्यक्रम",
      "sentence": 1,
      "start": 108,
      "end": 113,
      "confidence": 1.0
    },
    {
      "id": 6,
      "text": "चित्रे",
      "sentence": 2,
      "start": 119,
      "end": 123,
      "confidence": 1.0
    },
    {
      "id": 7,
      "text": "कार्यक्रम",
      "sentence": 2,
      "start": 139,
      "end": 144,
      "confidence": 1.0
    },
    {
      "id": 8,
      "text": "बालिकेवर",
      "sentence": 3,
      "start": 159,
      "end": 165,
      "confidence": 1.0
    },
    {
      "id": 9,
      "text": "हल्ला",
      "sentence": 3,
      "start": 166,
      "end": 170,
      "confidence": 1.0
    },
    {
      "id": 10,
      "text": "गावकऱ्यांच्या",
      "sentence": 3,
      "start": 173,
      "end": 180,
      "confidence": 1.0
    },
    {
      "id": 11,
      "text": "प्राण",
      "sentence": 3,
      "start": 189,
      "end": 192,
      "confidence": 1.0
    },
    {
      "id": 12,
      "text": "माझ्या",
      "sentence": 4,
      "start": 198,
      "end": 202,
      "confidence": 1.0
    },
    {
      "id": 13,
      "text": "खेळीमागे",
      "sentence": 4,
      "start": 211,
      "end": 217,
      "confidence": 1.0
    },
    {
      "id": 14,
      "text": "वडिलांची",
      "sentence": 4,
      "start": 218,
      "end": 223,
      "confidence": 1.0
    },
    {
      "id": 15,
      "text": "प्रेरणा",
      "sentence": 4,
      "start": 224,
      "end": 228,
      "confidence": 1.0
    },
    {
      "id": 16,
      "text": "माहितीचा",
      "sentence": 5,
      "start": 239,
      "end": 244,
      "confidence": 1.0
    },
    {
      "id": 17,
      "text": "आपल्यासाठी",
      "sentence": 5,
      "start": 245,
      "end": 251,
      "confidence": 1.0
    },
    {
      "id": 18,
      "text": "तो",
      "sentence": 5,
      "start": 263,
      "end": 265,
      "confidence": 1.0
    },
    {
      "id": 19,
      "text": "आपल्या",
      "sentence": 5,
      "start": 266,
      "end": 270,
      "confidence": 1.0
    },
    {
      "id": 20,
      "text": "इच्छेनेच",
      "sentence": 5,
      "start": 271,
      "end": 276,
      "confidence": 1.0
    },
    {
      "id": 21,
      "text": "तो",
      "sentence": 5,
      "start": 290,
      "end": 292,
      "confidence": 1.0
    },
    {
      "id": 22,
      "text": "दुस-यांच्या",
      "sentence": 5,
      "start": 293,
      "end": 300,
      "confidence": 1.0
    },
    {
      "id": 23,
      "text": "इच्छेने",
      "sentence": 5,
      "start": 301,
      "end": 305,
      "confidence": 1.0
    },
    {
      "id": 24,
      "text": "गटात",
      "sentence": 6,
      "start": 329,
      "end": 333,
      "confidence": 1.0
    },
    {
      "id": 25,
      "text": "महाराष्ट्राने",
      "sentence": 6,
      "start": 334,
      "end": 342,
      "confidence": 1.0
    },
    {
      "id": 26,
      "text": "मीटर्स",
      "sentence": 6,
      "start": 359,
      "end": 364,
      "confidence": 1.0
    },
    {
      "id": 27,
      "text": "शर्यत",
      "sentence": 6,
      "start": 369,
      "end": 373,
      "confidence": 1.0
    },
    {
      "id": 28,
      "text": "मिनिटे",
      "sentence": 6,
      "start": 382,
      "end": 387,
      "confidence": 1.0
    },
    {
      "id": 29,
      "text": "सेकंदात",
      "sentence": 6,
      "start": 395,
      "end": 401,
      "confidence": 1.0
    },
    {
      "id": 30,
      "text": "जडेजा",
      "sentence": 7,
      "start": 412,
      "end": 416,
      "confidence": 1.0
    },
    {
      "id": 31,
      "text": "क्षेत्ररक्षक",
      "sentence": 7,
      "start": 422,
      "end": 428,
      "confidence": 1.0
    },
    {
      "id": 32,
      "text": "हरभजन",
      "sentence": 7,
      "start": 439,
      "end": 444,
      "confidence": 1.0
    },
    {
      "id": 33,
      "text": "आनंद",
      "sentence": 8,
      "start": 465,
      "end": 469,
      "confidence": 1.0
    },
    {
      "id": 34,
      "text": "शब्द",
      "sentence": 8,
      "start": 470,
      "end": 473,
      "confidence": 1.0
    },
    {
      "id": 35,
      "text": "शब्द",
      "sentence": 8,
      "start": 474,
      "end": 477,
      "confidence": 1.0
    },
    {
      "id": 36,
      "text": "प्रेम",
      "sentence": 8,
      "start": 494,
      "end": 497,
      "confidence": 1.0
    },
    {
      "id": 37,
      "text": "महाराष्ट्रात",
      "sentence": 9,
      "start": 501,
      "end": 509,
      "confidence": 1.0
    },
    {
      "id": 38,
      "text": "केंद्राच्या",
      "sentence": 9,
      "start": 517,
      "end": 523,
      "confidence": 1.0
    },
    {
      "id": 39,
      "text": "पथकाने",
      "sentence": 9,
      "start": 524,
      "end": 529,
      "confidence": 1.0
    },
    {
      "id": 40,
      "text": "मराठवाड्यात",
      "sentence": 9,
      "start": 537,
      "end": 545,
      "confidence": 1.0
    },
    {
      "id": 41,
      "text": "जागेत",
      "sentence": 10,
      "start": 580,
      "end": 584,
      "confidence": 1.0
    },
    {
      "id": 42,
      "text": "तो",
      "sentence": 10,
      "start": 597,
      "end": 599,
      "confidence": 1.0
    },
    {
      "id": 43,
      "text": "सरकार",
      "sentence": 11,
      "start": 616,
      "end": 620,
      "confidence": 1.0
    },
    {
      "id": 44,
      "text": "फेब्रुवारी",
      "sentence": 11,
      "start": 624,
      "end": 629,
      "confidence": 1.0
    },
    {
      "id": 45,
      "text": "आपला",
      "sentence": 11,
      "start": 641,
      "end": 645,
      "confidence": 1.0
    },
    {
      "id": 46,
      "text": "अर्थसंकल्प",
      "sentence": 11,
      "start": 653,
      "end": 660,
      "confidence": 1.0
    },
    {
      "id": 47,
      "text": "संसदेत",
      "sentence": 11,
      "start": 661,
      "end": 666,
      "confidence": 1.0
    },
    {
      "id": 48,
      "text": "त्याला",
      "sentence": 12,
      "start": 676,
      "end": 680,
      "confidence": 1.0
    },
    {
      "id": 49,
      "text": "ब्लूटूथद्वारे",
      "sentence": 12,
      "start": 686,
      "end": 695,
      "confidence": 1.0
    },
    {
      "id": 50,
      "text": "पत्नीशी",
      "sentence": 12,
      "start": 696,
      "end": 701,
      "confidence": 1.0
    },
    {
      "id": 51,
      "text": "संपर्क",
      "sentence": 12,
      "start": 702,
      "end": 706,
      "confidence": 1.0
    },
    {
      "id": 52,
      "text": "वर्षी",
      "sentence": 13,
      "start": 724,
      "end": 727,
      "confidence": 1.0
    },
    {
      "id": 53,
      "text": "निबंध",
      "sentence": 13,
      "start": 739,
      "end": 743,
      "confidence": 1.0
    },
    {
      "id": 54,
      "text": "स्पर्धा",
      "sentence": 13,
      "start": 744,
      "end": 748,
      "confidence": 1.0
    },
    {
      "id": 55,
      "text": "प्रश्नमंजूषा",
      "sentence": 13,
      "start": 751,
      "end": 759,
      "confidence": 1.0
    },
    {
      "id": 56,
      "text": "कार्यक्रम",
      "sentence": 13,
      "start": 764,
      "end": 769,
      "confidence": 1.0
    },
    {
      "id": 57,
      "text": "शाळा-शाळांतून",
      "sentence": 13,
      "start": 770,
      "end": 780,
      "confidence": 1.0
    },
    {
      "id": 58,
      "text": "पवारांनी",
      "sentence": 14,
      "start": 794,
      "end": 799,
      "confidence": 1.0
    },
    {
      "id": 59,
      "text": "आमदार",
      "sentence": 14,
      "start": 819,
      "end": 823,
      "confidence": 1.0
    },
    {
      "id": 60,
      "text": "जिल्हाध्यक्षांची",
      "sentence": 14,
      "start": 827,
      "end": 837,
      "confidence": 1.0
    },
    {
      "id": 61,
      "text": "उपस्थिती",
      "sentence": 14,
      "start": 838,
      "end": 844,
      "confidence": 1.0
    },
    {
      "id": 62,
      "text": "नेत्यांकडून",
      "sentence": 15,
      "start": 859,
      "end": 866,
      "confidence": 1.0
    },
    {
      "id": 63,
      "text": "आपल्या",
      "sentence": 15,
      "start": 867,
      "end": 871,
      "confidence": 1.0
    },
    {
      "id": 64,
      "text": "भागाचे",
      "sentence": 15,
      "start": 872,
      "end": 876,
      "confidence": 1.0
    },
    {
      "id": 65,
      "text": "प्रश्‍न",
      "sentence": 15,
      "start": 877,
      "end": 881,
      "confidence": 1.0
    },
    {
      "id": 66,
      "text": "ठेकेदारावर",
      "sentence": 16,
      "start": 896,
      "end": 903,
      "confidence": 1.0
    },
    {
      "id": 67,
      "text": "त्यांनी",
      "sentence": 16,
      "start": 919,
      "end": 923,
      "confidence": 1.0
    },
    {
      "id": 68,
      "text": "जेनिअर",
      "sentence": 17,
      "start": 943,
      "end": 948,
      "confidence": 1.0
    },
    {
      "id": 69,
      "text": "मुलांच्या",
      "sentence": 18,
      "start": 965,
      "end": 970,
      "confidence": 1.0
    },
    {
      "id": 70,
      "text": "बुटीक",
      "sentence": 18,
      "start": 971,
      "end": 975,
      "confidence": 1.0
    },
    {
      "id": 71,
      "text": "स्टोअरमध्ये",
      "sentence": 18,
      "start": 986,
      "end": 992,
      "confidence": 1.0
    },
    {
      "id": 72,
      "text": "तो",
      "sentence": 18,
      "start": 1017,
      "end": 1019,
      "confidence": 1.0
    },
    {
      "id": 73,
      "text": "कल्पनाशक्ती",
      "sentence": 18,
      "start": 1020,
      "end": 1027,
      "confidence": 1.0
    },
    {
      "id": 74,
      "text": "अपार्टमेंट",
      "sentence": 18,
      "start": 1040,
      "end": 1046,
      "confidence": 1.0
    },
    {
      "id": 75,
      "text": "डिझाइनमध्ये",
      "sentence": 18,
      "start": 1059,
      "end": 1067,
      "confidence": 1.0
    },
    {
      "id": 76,
      "text": "स्पेन",
      "sentence": 19,
      "start": 1081,
      "end": 1085,
      "confidence": 1.0
    },
    {
      "id": 77,
      "text": "भारत",
      "sentence": 19,
      "start": 1086,
      "end": 1090,
      "confidence": 1.0
    },
    {
      "id": 78,
      "text": "करार",
      "sentence": 19,
      "start": 1094,
      "end": 1097,
      "confidence": 1.0
    },
    {
      "id": 79,
      "text": "वर्षानंतर",
      "sentence": 19,
      "start": 1104,
      "end": 1109,
      "confidence": 1.0
    },
    {
      "id": 80,
      "text": "पंतप्रधानाकडून",
      "sentence": 19,
      "start": 1118,
      "end": 1127,
      "confidence": 1.0
    },
    {
      "id": 81,
      "text": "देशाचा",
      "sentence": 19,
      "start": 1131,
      "end": 1135,
      "confidence": 1.0
    },
    {
      "id": 82,
      "text": "दौरा",
      "sentence": 19,
      "start": 1136,
      "end": 1139,
      "confidence": 1.0
    },
    {
      "id": 83,
      "text": "माद्रिद",
      "sentence": 19,
      "start": 1141,
      "end": 1146,
      "confidence": 1.0
    },
    {
      "id": 84,
      "text": "वृत्तसंस्था",
      "sentence": 19,
      "start": 1149,
      "end": 1156,
      "confidence": 1.0
    },
    {
      "id": 85,
      "text": "पंतप्रधान",
      "sentence": 19,
      "start": 1157,
      "end": 1163,
      "confidence": 1.0
    },
    {
      "id": 86,
      "text": "नरेंद्र",
      "sentence": 19,
      "start": 1164,
      "end": 1169,
      "confidence": 1.0
    },
    {
      "id": 87,
      "text": "मोदी",
      "sentence": 19,
      "start": 1170,
      "end": 1173,
      "confidence": 1.0
    },
    {
      "id": 88,
      "text": "देशांच्या",
      "sentence": 19,
      "start": 1184,
      "end": 1190,
      "confidence": 1.0
    },
    {
      "id": 89,
      "text": "दौऱयावर",
      "sentence": 19,
      "start": 1191,
      "end": 1196,
      "confidence": 1.0
    },
    {
      "id": 90,
      "text": "पाणी",
      "sentence": 20,
      "start": 1206,
      "end": 1209,
      "confidence": 1.0
    },
    {
      "id": 91,
      "text": "पठारावर",
      "sentence": 20,
      "start": 1219,
      "end": 1224,
      "confidence": 1.0
    },
    {
      "id": 92,
      "text": "कॉर्पोरेशन",
      "sentence": 21,
      "start": 1248,
      "end": 1256,
      "confidence": 1.0
    },
    {
      "id": 93,
      "text": "अथॉरिटी",
      "sentence": 21,
      "start": 1284,
      "end": 1290,
      "confidence": 1.0
    },
    {
      "id": 94,
      "text": "रस्ते",
      "sentence": 21,
      "start": 1298,
      "end": 1301,
      "confidence": 1.0
    },
    {
      "id": 95,
      "text": "सुशोभिकरणाच्या",
      "sentence": 21,
      "start": 1305,
      "end": 1317,
      "confidence": 1.0
    },
    {
      "id": 96,
      "text": "कामात",
      "sentence": 21,
      "start": 1318,
      "end": 1322,
      "confidence": 1.0
    },
    {
      "id": 97,
      "text": "तुम्हीही",
      "sentence": 22,
      "start": 1332,
      "end": 1337,
      "confidence": 1.0
    },
    {
      "id": 98,
      "text": "पदासाठी",
      "sentence": 22,
      "start": 1361,
      "end": 1366,
      "confidence": 1.0
    },
    {
      "id": 99,
      "text": "अर्ज",
      "sentence": 22,
      "start": 1391,
      "end": 1393,
      "confidence": 1.0
    },
    {
      "id": 100,
      "text": "पीसीओएस",
      "sentence": 23,
      "start": 1412,
      "end": 1417,
      "confidence": 1.0
    },
    {
      "id": 101,
      "text": "हेक्टरची",
      "sentence": 24,
      "start": 1424,
      "end": 1430,
      "confidence": 1.0
    },
    {
      "id": 102,
      "text": "तो",
      "sentence": 25,
      "start": 1438,
      "end": 1440,
      "confidence": 1.0
    },
    {
      "id": 103,
      "text": "माणूस",
      "sentence": 25,
      "start": 1441,
      "end": 1445,
      "confidence": 1.0
    },
    {
      "id": 104,
      "text": "सैनिकांना",
      "sentence": 25,
      "start": 1458,
      "end": 1464,
      "confidence": 1.0
    },
    {
      "id": 105,
      "text": "कागद",
      "sentence": 25,
      "start": 1465,
      "end": 1468,
      "confidence": 1.0
    },
    {
      "id": 106,
      "text": "आकाराचा",
      "sentence": 25,
      "start": 1469,
      "end": 1474,
      "confidence": 1.0
    },
    {
      "id": 107,
      "text": "क्रौंच",
      "sentence": 25,
      "start": 1475,
      "end": 1479,
      "confidence": 1.0
    },
    {
      "id": 108,
      "text": "त्यांच्या",
      "sentence": 25,
      "start": 1480,
      "end": 1485,
      "confidence": 1.0
    },
    {
      "id": 109,
      "text": "कोण",
      "sentence": 25,
      "start": 1489,
      "end": 1492,
      "confidence": 1.0
    },
    {
      "id": 110,
      "text": "मुंबई",
      "sentence": 26,
      "start": 1522,
      "end": 1526,
      "confidence": 1.0
    },
    {
      "id": 111,
      "text": "मुलाखतीत",
      "sentence": 26,
      "start": 1540,
      "end": 1546,
      "confidence": 1.0
    },
    {
      "id": 112,
      "text": "विकी",
      "sentence": 26,
      "start": 1555,
      "end": 1558,
      "confidence": 1.0
    },
    {
      "id": 113,
      "text": "डोनर",
      "sentence": 26,
      "start": 1559,
      "end": 1563,
      "confidence": 1.0
    },
    {
      "id": 114,
      "text": "चित्रपटाचे",
      "sentence": 26,
      "start": 1567,
      "end": 1572,
      "confidence": 1.0
    },
    {
      "id": 115,
      "text": "दिग्दर्शक",
      "sentence": 26,
      "start": 1573,
      "end": 1579,
      "confidence": 1.0
    },
    {
      "id": 116,
      "text": "शुजीत",
      "sentence": 26,
      "start": 1580,
      "end": 1584,
      "confidence": 1.0
    },
    {
      "id": 117,
      "text": "सरकार",
      "sentence": 26,
      "start": 1585,
      "end": 1589,
      "confidence": 1.0
    },
    {
      "id": 118,
      "text": "चित्रपटासाठी",
      "sentence": 26,
      "start": 1595,
      "end": 1603,
      "confidence": 1.0
    },
    {
      "id": 119,
      "text": "मराठा",
      "sentence": 27,
      "start": 1629,
      "end": 1633,
      "confidence": 1.0
    },
    {
      "id": 120,
      "text": "समाजाच्या",
      "sentence": 27,
      "start": 1634,
      "end": 1640,
      "confidence": 1.0
    },
    {
      "id": 121,
      "text": "मागण्या",
      "sentence": 27,
      "start": 1641,
      "end": 1646,
      "confidence": 1.0
    },
    {
      "id": 122,
      "text": "मुख्यमंत्र्यांना",
      "sentence": 27,
      "start": 1670,
      "end": 1679,
      "confidence": 1.0
    },
    {
      "id": 123,
      "text": "महापूजेला",
      "sentence": 27,
      "start": 1687,
      "end": 1693,
      "confidence": 1.0
    },
    {
      "id": 124,
      "text": "विरोध",
      "sentence": 27,
      "start": 1694,
      "end": 1698,
      "confidence": 1.0
    },
    {
      "id": 125,
      "text": "चंद्रकांत",
      "sentence": 27,
      "start": 1720,
      "end": 1727,
      "confidence": 1.0
    },
    {
      "id": 126,
      "text": "पाटील",
      "sentence": 27,
      "start": 1728,
      "end": 1732,
      "confidence": 1.0
    },
    {
      "id": 127,
      "text": "चर्चेतूनच",
      "sentence": 28,
      "start": 1742,
      "end": 1748,
      "confidence": 1.0
    },
    {
      "id": 128,
      "text": "मार्ग",
      "sentence": 28,
      "start": 1749,
      "end": 1752,
      "confidence": 1.0
    },
    {
      "id": 129,
      "text": "आवाहन",
      "sentence": 28,
      "start": 1762,
      "end": 1766,
      "confidence": 1.0
    },
    {
      "id": 130,
      "text": "महसूल",
      "sentence": 28,
      "start": 1767,
      "end": 1771,
      "confidence": 1.0
    },
    {
      "id": 131,
      "text": "मंत्री",
      "sentence": 28,
      "start": 1772,
      "end": 1775,
      "confidence": 1.0
    },
    {
      "id": 132,
      "text": "चंद्रकांत",
      "sentence": 28,
      "start": 1776,
      "end": 1783,
      "confidence": 1.0
    },
    {
      "id": 133,
      "text": "पाटील",
      "sentence": 28,
      "start": 1784,
      "end": 1788,
      "confidence": 1.0
    },
    {
      "id": 134,
      "text": "त्यांनी",
      "sentence": 28,
      "start": 1789,
      "end": 1793,
      "confidence": 1.0
    },
    {
      "id": 135,
      "text": "उपचार",
      "sentence": 29,
      "start": 1803,
      "end": 1807,
      "confidence": 1.0
    },
    {
      "id": 136,
      "text": "पद्धती",
      "sentence": 29,
      "start": 1813,
      "end": 1817,
      "confidence": 1.0
    },
    {
      "id": 137,
      "text": "ते",
      "sentence": 29,
      "start": 1836,
      "end": 1838,
      "confidence": 1.0
    },
    {
      "id": 138,
      "text": "फायदा",
      "sentence": 29,
      "start": 1839,
      "end": 1843,
      "confidence": 1.0
    },
    {
      "id": 139,
      "text": "सन्मान",
      "sentence": 30,
      "start": 1863,
      "end": 1867,
      "confidence": 1.0
    },
    {
      "id": 140,
      "text": "कार्यपद्धतीची",
      "sentence": 30,
      "start": 1874,
      "end": 1883,
      "confidence": 1.0
    },
    {
      "id": 141,
      "text": "ध्वजसंहिता",
      "sentence": 30,
      "start": 1891,
      "end": 1899,
      "confidence": 1.0
    },
    {
      "id": 142,
      "text": "अवमान",
      "sentence": 30,
      "start": 1912,
      "end": 1916,
      "confidence": 1.0
    },
    {
      "id": 143,
      "text": "कारवाईबाबत",
      "sentence": 30,
      "start": 1924,
      "end": 1932,
      "confidence": 1.0
    },
    {
      "id": 144,
      "text": "अवमान",
      "sentence": 30,
      "start": 1941,
      "end": 1945,
      "confidence": 1.0
    },
    {
      "id": 145,
      "text": "कायदा",
      "sentence": 30,
      "start": 1946,
      "end": 1950,
      "confidence": 1.0
    },
    {
      "id": 146,
      "text": "तरतूद",
      "sentence": 30,
      "start": 1961,
      "end": 1966,
      "confidence": 1.0
    },
    {
      "id": 147,
      "text": "महिला",
      "sentence": 31,
      "start": 1972,
      "end": 1975,
      "confidence": 1.0
    },
    {
      "id": 148,
      "text": "कल्याणमंत्री",
      "sentence": 31,
      "start": 1981,
      "end": 1988,
      "confidence": 1.0
    },
    {
      "id": 149,
      "text": "मेनका",
      "sentence": 31,
      "start": 1989,
      "end": 1994,
      "confidence": 1.0
    },
    {
      "id": 150,
      "text": "गांधी",
      "sentence": 31,
      "start": 1995,
      "end": 1999,
      "confidence": 1.0
    },
    {
      "id": 151,
      "text": "त्यांनी",
      "sentence": 31,
      "start": 2000,
      "end": 2004,
      "confidence": 1.0
    },
    {
      "id": 152,
      "text": "ट्विट",
      "sentence": 31,
      "start": 2017,
      "end": 2020,
      "confidence": 1.0
    },
    {
      "id": 153,
      "text": "मेगावॅट",
      "sentence": 32,
      "start": 2041,
      "end": 2047,
      "confidence": 1.0
    },
    {
      "id": 154,
      "text": "अणुभट्टीना",
      "sentence": 32,
      "start": 2070,
      "end": 2077,
      "confidence": 1.0
    },
    {
      "id": 155,
      "text": "मंजुरी",
      "sentence": 32,
      "start": 2078,
      "end": 2082,
      "confidence": 1.0
    },
    {
      "id": 156,
      "text": "आदेशाने",
      "sentence": 33,
      "start": 2099,
      "end": 2104,
      "confidence": 1.0
    },
    {
      "id": 157,
      "text": "स्थगिती",
      "sentence": 33,
      "start": 2112,
      "end": 2117,
      "confidence": 1.0
    },
    {
      "id": 158,
      "text": "निर्णयाला",
      "sentence": 34,
      "start": 2125,
      "end": 2130,
      "confidence": 1.0
    },
    {
      "id": 159,
      "text": "न्यायालयाने",
      "sentence": 34,
      "start": 2138,
      "end": 2144,
      "confidence": 1.0
    },
    {
      "id": 160,
      "text": "स्थगिती",
      "sentence": 34,
      "start": 2149,
      "end": 2154,
      "confidence": 1.0
    },
    {
      "id": 161,
      "text": "संकट",
      "sentence": 34,
      "start": 2176,
      "end": 2179,
      "confidence": 1.0
    },
    {
      "id": 162,
      "text": "इशारा",
      "sentence": 35,
      "start": 2187,
      "end": 2191,
      "confidence": 1.0
    },
    {
      "id": 163,
      "text": "गिरीश",
      "sentence": 35,
      "start": 2192,
      "end": 2196,
      "confidence": 1.0
    },
    {
      "id": 164,
      "text": "महाजन",
      "sentence": 35,
      "start": 2197,
      "end": 2201,
      "confidence": 1.0
    },
    {
      "id": 165,
      "text": "त्यांनी",
      "sentence": 35,
      "start": 2202,
      "end": 2206,
      "confidence": 1.0
    },
    {
      "id": 166,
      "text": "अमेरिकेचे",
      "sentence": 36,
      "start": 2217,
      "end": 2223,
      "confidence": 1.0
    },
    {
      "id": 167,
      "text": "अधिकारीही",
      "sentence": 36,
      "start": 2230,
      "end": 2236,
      "confidence": 1.0
    },
    {
      "id": 168,
      "text": "वसंत",
      "sentence": 37,
      "start": 2259,
      "end": 2263,
      "confidence": 1.0
    },
    {
      "id": 169,
      "text": "दुवा",
      "sentence": 37,
      "start": 2276,
      "end": 2279,
      "confidence": 1.0
    },
    {
      "id": 170,
      "text": "निलंबन",
      "sentence": 37,
      "start": 2286,
      "end": 2290,
      "confidence": 1.0
    },
    {
      "id": 171,
      "text": "struts",
      "sentence": 37,
      "start": 2310,
      "end": 2315,
      "confidence": 1.0
    },
    {
      "id": 172,
      "text": "क्रीडा",
      "sentence": 37,
      "start": 2341,
      "end": 2344,
      "confidence": 1.0
    },
    {
      "id": 173,
      "text": "निलंबन",
      "sentence": 37,
      "start": 2349,
      "end": 2353,
      "confidence": 1.0
    },
    {
      "id": 174,
      "text": "वर्ण",
      "sentence": 37,
      "start": 2358,
      "end": 2360,
      "confidence": 1.0
    },
    {
      "id": 175,
      "text": "ते",
      "sentence": 37,
      "start": 2362,
      "end": 2364,
      "confidence": 1.0
    },
    {
      "id": 176,
      "text": "रेसिंग",
      "sentence": 37,
      "start": 2370,
      "end": 2374,
      "confidence": 1.0
    },
    {
      "id": 177,
      "text": "निर्णय",
      "sentence": 37,
      "start": 2383,
      "end": 2386,
      "confidence": 1.0
    },
    {
      "id": 178,
      "text": "मालिकेनिमित्ताने",
      "sentence": 38,
      "start": 2422,
      "end": 2432,
      "confidence": 1.0
    },
    {
      "id": 179,
      "text": "संघाला",
      "sentence": 38,
      "start": 2440,
      "end": 2444,
      "confidence": 1.0
    },
    {
      "id": 180,
      "text": "आपले",
      "sentence": 38,
      "start": 2445,
      "end": 2448,
      "confidence": 1.0
    },
    {
      "id": 181,
      "text": "दुवे",
      "sentence": 38,
      "start": 2453,
      "end": 2456,
      "confidence": 1.0
    },
    {
      "id": 182,
      "text": "संधी",
      "sentence": 38,
      "start": 2467,
      "end": 2470,
      "confidence": 1.0
    },
    {
      "id": 183,
      "text": "चारा",
      "sentence": 39,
      "start": 2480,
      "end": 2483,
      "confidence": 1.0
    },
    {
      "id": 184,
      "text": "छावणीत",
      "sentence": 39,
      "start": 2484,
      "end": 2489,
      "confidence": 1.0
    },
    {
      "id": 185,
      "text": "सदाभाऊ",
      "sentence": 39,
      "start": 2490,
      "end": 2495,
      "confidence": 1.0
    },
    {
      "id": 186,
      "text": "त्यांनी",
      "sentence": 39,
      "start": 2500,
      "end": 2504,
      "confidence": 1.0
    },
    {
      "id": 187,
      "text": "पशुपालकांसोबत",
      "sentence": 39,
      "start": 2505,
      "end": 2515,
      "confidence": 1.0
    },
    {
      "id": 188,
      "text": "भोजन",
      "sentence": 39,
      "start": 2520,
      "end": 2523,
      "confidence": 1.0
    },
    {
      "id": 189,
      "text": "कोरिया",
      "sentence": 40,
      "start": 2534,
      "end": 2538,
      "confidence": 1.0
    },
    {
      "id": 190,
      "text": "कंपन्यांची",
      "sentence": 40,
      "start": 2550,
      "end": 2557,
      "confidence": 1.0
    },
    {
      "id": 191,
      "text": "गुंतवणूक",
      "sentence": 40,
      "start": 2564,
      "end": 2570,
      "confidence": 1.0
    },
    {
      "id": 192,
      "text": "वाहिनीने",
      "sentence": 40,
      "start": 2585,
      "end": 2591,
      "confidence": 1.0
    },
    {
      "id": 193,
      "text": "चॅनेल",
      "sentence": 40,
      "start": 2622,
      "end": 2626,
      "confidence": 1.0
    },
    {
      "id": 194,
      "text": "फायबर",
      "sentence": 41,
      "start": 2636,
      "end": 2640,
      "confidence": 1.0
    },
    {
      "id": 195,
      "text": "वापर",
      "sentence": 41,
      "start": 2641,
      "end": 2644,
      "confidence": 1.0
    },
    {
      "id": 196,
      "text": "काडतूस",
      "sentence": 41,
      "start": 2652,
      "end": 2656,
      "confidence": 1.0
    },
    {
      "id": 197,
      "text": "जीवन",
      "sentence": 41,
      "start": 2657,
      "end": 2660,
      "confidence": 1.0
    },
    {
      "id": 198,
      "text": "वार्ताहर",
      "sentence": 42,
      "start": 2670,
      "end": 2674,
      "confidence": 1.0
    },
    {
      "id": 199,
      "text": "कार्वे",
      "sentence": 42,
      "start": 2676,
      "end": 2679,
      "confidence": 1.0
    },
    {
      "id": 200,
      "text": "महाराष्ट्र",
      "sentence": 42,
      "start": 2680,
      "end": 2686,
      "confidence": 1.0
    },
    {
      "id": 201,
      "text": "राज्य",
      "sentence": 42,
      "start": 2687,
      "end": 2689,
      "confidence": 1.0
    },
    {
      "id": 202,
      "text": "साहित्य",
      "sentence": 42,
      "start": 2690,
      "end": 2694,
      "confidence": 1.0
    },
    {
      "id": 203,
      "text": "मंडळ",
      "sentence": 42,
      "start": 2707,
      "end": 2710,
      "confidence": 1.0
    },
    {
      "id": 204,
      "text": "मुंबई",
      "sentence": 42,
      "start": 2712,
      "end": 2716,
      "confidence": 1.0
    },
    {
      "id": 205,
      "text": "भाषाविकास",
      "sentence": 42,
      "start": 2720,
      "end": 2727,
      "confidence": 1.0
    },
    {
      "id": 206,
      "text": "संशोधन",
      "sentence": 42,
      "start": 2728,
      "end": 2733,
      "confidence": 1.0
    },
    {
      "id": 207,
      "text": "संस्था",
      "sentence": 42,
      "start": 2734,
      "end": 2737,
      "confidence": 1.0
    },
    {
      "id": 208,
      "text": "हलकर्णी",
      "sentence": 42,
      "start": 2739,
      "end": 2743,
      "confidence": 1.0
    },
    {
      "id": 209,
      "text": "बालकुमार",
      "sentence": 42,
      "start": 2763,
      "end": 2769,
      "confidence": 1.0
    },
    {
      "id": 210,
      "text": "साहित्य",
      "sentence": 42,
      "start": 2770,
      "end": 2774,
      "confidence": 1.0
    },
    {
      "id": 211,
      "text": "संमेलनासाठी",
      "sentence": 42,
      "start": 2775,
      "end": 2784,
      "confidence": 1.0
    },
    {
      "id": 212,
      "text": "कार्वे",
      "sentence": 42,
      "start": 2790,
      "end": 2793,
      "confidence": 1.0
    },
    {
      "id": 213,
      "text": "पद्मश्री",
      "sentence": 42,
      "start": 2800,
      "end": 2805,
      "confidence": 1.0
    },
    {
      "id": 214,
      "text": "रणजित",
      "sentence": 42,
      "start": 2806,
      "end": 2810,
      "confidence": 1.0
    },
    {
      "id": 215,
      "text": "देसाई",
      "sentence": 42,
      "start": 2811,
      "end": 2815,
      "confidence": 1.0
    },
    {
      "id": 216,
      "text": "साहित्यनगरी",
      "sentence": 42,
      "start": 2816,
      "end": 2824,
      "confidence": 1.0
    },
    {
      "id": 217,
      "text": "शेतकऱ्यांपर्यंत",
      "sentence": 43,
      "start": 2831,
      "end": 2840,
      "confidence": 1.0
    },
    {
      "id": 218,
      "text": "नाबार्ड",
      "sentence": 43,
      "start": 2855,
      "end": 2859,
      "confidence": 1.0
    },
    {
      "id": 219,
      "text": "जिल्हा",
      "sentence": 43,
      "start": 2860,
      "end": 2864,
      "confidence": 1.0
    },
    {
      "id": 220,
      "text": "बँकांना",
      "sentence": 43,
      "start": 2876,
      "end": 2881,
      "confidence": 1.0
    },
    {
      "id": 221,
      "text": "कोटी",
      "sentence": 43,
      "start": 2894,
      "end": 2897,
      "confidence": 1.0
    },
    {
      "id": 222,
      "text": "रुपये",
      "sentence": 43,
      "start": 2898,
      "end": 2901,
      "confidence": 1.0
    },
    {
      "id": 223,
      "text": "राजा",
      "sentence": 44,
      "start": 2913,
      "end": 2915,
      "confidence": 1.0
    },
    {
      "id": 224,
      "text": "गणेशोत्सव",
      "sentence": 44,
      "start": 2925,
      "end": 2931,
      "confidence": 1.0
    },
    {
      "id": 225,
      "text": "मंडळाचे",
      "sentence": 44,
      "start": 2932,
      "end": 2937,
      "confidence": 1.0
    },
    {
      "id": 226,
      "text": "बाळासाहेब",
      "sentence": 44,
      "start": 2943,
      "end": 2950,
      "confidence": 1.0
    },
    {
      "id": 227,
      "text": "कांबळे",
      "sentence": 44,
      "start": 2951,
      "end": 2955,
      "confidence": 1.0
    },
    {
      "id": 228,
      "text": "त्यांनी",
      "sentence": 44,
      "start": 2956,
      "end": 2960,
      "confidence": 1.0
    },
    {
      "id": 229,
      "text": "आम्हाला",
      "sentence": 44,
      "start": 2966,
      "end": 2970,
      "confidence": 1.0
    },
    {
      "id": 230,
      "text": "पालिकेची",
      "sentence": 44,
      "start": 2971,
      "end": 2977,
      "confidence": 1.0
    },
    {
      "id": 231,
      "text": "नोटीस",
      "sentence": 44,
      "start": 2978,
      "end": 2982,
      "confidence": 1.0
    },
    {
      "id": 232,
      "text": "आपल्याला",
      "sentence": 45,
      "start": 2991,
      "end": 2996,
      "confidence": 1.0
    },
    {
      "id": 233,
      "text": "दुवांची",
      "sentence": 45,
      "start": 2997,
      "end": 3001,
      "confidence": 1.0
    },
    {
      "id": 234,
      "text": "कामे",
      "sentence": 46,
      "start": 3039,
      "end": 3042,
      "confidence": 1.0
    },
    {
      "id": 235,
      "text": "प्रणाली",
      "sentence": 46,
      "start": 3064,
      "end": 3068,
      "confidence": 1.0
    },
    {
      "id": 236,
      "text": "पॅथॉलॉजी",
      "sentence": 46,
      "start": 3069,
      "end": 3075,
      "confidence": 1.0
    },
    {
      "id": 237,
      "text": "तत्त्वे",
      "sentence": 46,
      "start": 3076,
      "end": 3080,
      "confidence": 1.0
    },
    {
      "id": 238,
      "text": "उल्लंघन",
      "sentence": 46,
      "start": 3081,
      "end": 3086,
      "confidence": 1.0
    },
    {
      "id": 239,
      "text": "कारण",
      "sentence": 46,
      "start": 3087,
      "end": 3090,
      "confidence": 1.0
    },
    {
      "id": 240,
      "text": "आपल्याला",
      "sentence": 47,
      "start": 3096,
      "end": 3101,
      "confidence": 1.0
    },
    {
      "id": 241,
      "text": "तासांसाठी",
      "sentence": 47,
      "start": 3106,
      "end": 3111,
      "confidence": 1.0
    },
    {
      "id": 242,
      "text": "तुरुंगात",
      "sentence": 47,
      "start": 3112,
      "end": 3117,
      "confidence": 1.0
    },
    {
      "id": 243,
      "text": "आपल्या",
      "sentence": 47,
      "start": 3131,
      "end": 3135,
      "confidence": 1.0
    },
    {
      "id": 244,
      "text": "जमिनीवर",
      "sentence": 47,
      "start": 3136,
      "end": 3141,
      "confidence": 1.0
    },
    {
      "id": 245,
      "text": "विद्यापिठाचे",
      "sentence": 47,
      "start": 3142,
      "end": 3149,
      "confidence": 1.0
    },
    {
      "id": 246,
      "text": "अतिक्रमणही",
      "sentence": 47,
      "start": 3150,
      "end": 3158,
      "confidence": 1.0
    },
    {
      "id": 247,
      "text": "त्याने",
      "sentence": 47,
      "start": 3174,
      "end": 3177,
      "confidence": 1.0
    },
    {
      "id": 248,
      "text": "आपल्या",
      "sentence": 47,
      "start": 3178,
      "end": 3182,
      "confidence": 1.0
    },
    {
      "id": 249,
      "text": "तक्रारीमध्ये",
      "sentence": 47,
      "start": 3183,
      "end": 3190,
      "confidence": 1.0
    },
    {
      "id": 250,
      "text": "दिल्ली",
      "sentence": 48,
      "start": 3197,
      "end": 3200,
      "confidence": 1.0
    },
    {
      "id": 251,
      "text": "क्रिकेट",
      "sentence": 48,
      "start": 3209,
      "end": 3213,
      "confidence": 1.0
    },
    {
      "id": 252,
      "text": "नियामंक",
      "sentence": 48,
      "start": 3214,
      "end": 3219,
      "confidence": 1.0
    },
    {
      "id": 253,
      "text": "मंडळात",
      "sentence": 48,
      "start": 3220,
      "end": 3225,
      "confidence": 1.0
    },
    {
      "id": 254,
      "text": "सत्तापालट",
      "sentence": 48,
      "start": 3226,
      "end": 3232,
      "confidence": 1.0
    },
    {
      "id": 255,
      "text": "कार्यकारीणी",
      "sentence": 48,
      "start": 3244,
      "end": 3251,
      "confidence": 1.0
    },
    {
      "id": 256,
      "text": "सवानी",
      "sentence": 48,
      "start": 3255,
      "end": 3259,
      "confidence": 1.0
    },
    {
      "id": 257,
      "text": "त्यांच्या",
      "sentence": 48,
      "start": 3266,
      "end": 3270,
      "confidence": 1.0
    },
    {
      "id": 258,
      "text": "दिल्लीचे",
      "sentence": 48,
      "start": 3275,
      "end": 3280,
      "confidence": 1.0
    },
    {
      "id": 259,
      "text": "पोलिस",
      "sentence": 48,
      "start": 3286,
      "end": 3290,
      "confidence": 1.0
    },
    {
      "id": 260,
      "text": "आयुक्त",
      "sentence": 48,
      "start": 3291,
      "end": 3295,
      "confidence": 1.0
    },
    {
      "id": 261,
      "text": "नीरज",
      "sentence": 48,
      "start": 3296,
      "end": 3300,
      "confidence": 1.0
    },
    {
      "id": 262,
      "text": "कुमार",
      "sentence": 48,
      "start": 3301,
      "end": 3305,
      "confidence": 1.0
    },
    {
      "id": 263,
      "text": "त्यांची",
      "sentence": 48,
      "start": 3306,
      "end": 3310,
      "confidence": 1.0
    },
    {
      "id": 264,
      "text": "भ्रष्टाचार",
      "sentence": 48,
      "start": 3318,
      "end": 3324,
      "confidence": 1.0
    },
    {
      "id": 265,
      "text": "प्रमुखपदी",
      "sentence": 48,
      "start": 3337,
      "end": 3343,
      "confidence": 1.0
    },
    {
      "id": 266,
      "text": "नियुक्ती",
      "sentence": 48,
      "start": 3344,
      "end": 3348,
      "confidence": 1.0
    },
    {
      "id": 267,
      "text": "विचार",
      "sentence": 48,
      "start": 3358,
      "end": 3361,
      "confidence": 1.0
    },
    {
      "id": 268,
      "text": "चरणांचे",
      "sentence": 49,
      "start": 3367,
      "end": 3372,
      "confidence": 1.0
    },
    {
      "id": 269,
      "text": "आपण",
      "sentence": 49,
      "start": 3381,
      "end": 3384,
      "confidence": 1.0
    },
    {
      "id": 270,
      "text": "अंडी",
      "sentence": 49,
      "start": 3397,
      "end": 3400,
      "confidence": 1.0
    },
    {
      "id": 271,
      "text": "वंगण",
      "sentence": 49,
      "start": 3416,
      "end": 3420,
      "confidence": 1.0
    },
    {
      "id": 272,
      "text": "खसखस",
      "sentence": 49,
      "start": 3429,
      "end": 3433,
      "confidence": 1.0
    },
    {
      "id": 273,
      "text": "साहित्य",
      "sentence": 49,
      "start": 3450,
      "end": 3453,
      "confidence": 1.0
    },
    {
      "id": 274,
      "text": "विषय",
      "sentence": 50,
      "start": 3463,
      "end": 3466,
      "confidence": 1.0
    },
    {
      "id": 275,
      "text": "पडद्यावर",
      "sentence": 50,
      "start": 3474,
      "end": 3479,
      "confidence": 1.0
    },
    {
      "id": 276,
      "text": "दीपिकाला",
      "sentence": 51,
      "start": 3496,
      "end": 3502,
      "confidence": 1.0
    },
    {
      "id": 277,
      "text": "जोहरच्या",
      "sentence": 51,
      "start": 3507,
      "end": 3513,
      "confidence": 1.0
    },
    {
      "id": 278,
      "text": "ऑफिसवर",
      "sentence": 51,
      "start": 3514,
      "end": 3520,
      "confidence": 1.0
    },
    {
      "id": 279,
      "text": "जगदिश",
      "sentence": 52,
      "start": 3535,
      "end": 3540,
      "confidence": 1.0
    },
    {
      "id": 280,
      "text": "मुखी",
      "sentence": 52,
      "start": 3541,
      "end": 3544,
      "confidence": 1.0
    },
    {
      "id": 281,
      "text": "त्यांनी",
      "sentence": 52,
      "start": 3545,
      "end": 3549,
      "confidence": 1.0
    },
    {
      "id": 282,
      "text": "मिझोरमचे",
      "sentence": 52,
      "start": 3550,
      "end": 3556,
      "confidence": 1.0
    },
    {
      "id": 283,
      "text": "राज्यपाल",
      "sentence": 52,
      "start": 3562,
      "end": 3567,
      "confidence": 1.0
    },
    {
      "id": 284,
      "text": "जबाबदारी",
      "sentence": 52,
      "start": 3574,
      "end": 3580,
      "confidence": 1.0
    },
    {
      "id": 285,
      "text": "डिजाइन",
      "sentence": 53,
      "start": 3589,
      "end": 3593,
      "confidence": 1.0
    },
    {
      "id": 286,
      "text": "शब्दामागची",
      "sentence": 53,
      "start": 3594,
      "end": 3601,
      "confidence": 1.0
    },
    {
      "id": 287,
      "text": "संकल्पना",
      "sentence": 53,
      "start": 3605,
      "end": 3610,
      "confidence": 1.0
    },
    {
      "id": 288,
      "text": "धावफलक",
      "sentence": 54,
      "start": 3622,
      "end": 3627,
      "confidence": 1.0
    },
    {
      "id": 289,
      "text": "मालिकेत",
      "sentence": 55,
      "start": 3639,
      "end": 3644,
      "confidence": 1.0
    },
    {
      "id": 290,
      "text": "कारकीर्द",
      "sentence": 55,
      "start": 3645,
      "end": 3650,
      "confidence": 1.0
    },
    {
      "id": 291,
      "text": "दिमित्री",
      "sentence": 55,
      "start": 3651,
      "end": 3656,
      "confidence": 1.0
    },
    {
      "id": 292,
      "text": "मधमाशा",
      "sentence": 55,
      "start": 3657,
      "end": 3661,
      "confidence": 1.0
    },
    {
      "id": 293,
      "text": "अभिनय",
      "sentence": 55,
      "start": 3662,
      "end": 3666,
      "confidence": 1.0
    },
    {
      "id": 294,
      "text": "संभाजी",
      "sentence": 56,
      "start": 3694,
      "end": 3699,
      "confidence": 1.0
    },
    {
      "id": 295,
      "text": "महाराजांच्या",
      "sentence": 56,
      "start": 3700,
      "end": 3708,
      "confidence": 1.0
    },
    {
      "id": 296,
      "text": "संरक्षणासाठी",
      "sentence": 56,
      "start": 3709,
      "end": 3718,
      "confidence": 1.0
    },
    {
      "id": 297,
      "text": "महार",
      "sentence": 56,
      "start": 3719,
      "end": 3723,
      "confidence": 1.0
    },
    {
      "id": 298,
      "text": "योद्धे",
      "sentence": 56,
      "start": 3724,
      "end": 3727,
      "confidence": 1.0
    }
  ],
  "clusters": [
    [
      21,
      24
    ],
    [
      23,
      26
    ],
    [
      29,
      43,
      257
    ],
    [
      96,
      101,
      102,
      103
    ],
    [
      97,
      104
    ],
    [
      98,
      105
    ],
    [
      106,
      107
    ],
    [
      110,
      112
    ],
    [
      120,
      150
    ],
    [
      128,
      129
    ],
    [
      131,
      135
    ],
    [
      139,
      261
    ],
    [
      142,
      143,
      144,
      148
    ],
    [
      146,
      147
    ],
    [
      158,
      159,
      165,
      166,
      167
    ],
    [
      168,
      169,
      171
    ],
    [
      177,
      180
    ],
    [
      186,
      187,
      188
    ],
    [
      196,
      199
    ],
    [
      203,
      204,
      205
    ],
    [
      206,
      242
    ],
    [
      213,
      215,
      216,
      219,
      221
    ],
    [
      229,
      230
    ],
    [
      235,
      236,
      237
    ],
    [
      256,
      270
    ],
    [
      259,
      267
    ],
    [
      272,
      273
    ],
    [
      287,
      288,
      289
    ],
    [
      20,
      22,
      74,
      293
    ]
  ]
}