{
  "document_id": "document_93",
  "sentences": [
    "पार्थ पवार, अमोल कोल्हे आणि समीर भुजबळांना ‘राष्ट्रवादी’चे तिकीट",
    "1977 मध्ये आणीबाणीमुळे कॉंग्रेसची विजयाची परंपरा खंडित झाली.",
    "रात्री तुफानीची अस्वस्थता वाढली.",
    "या बैठकीत वडाळीभोई गटाच्या सदस्य कविता धाकराव यांनी प्रवोशोत्सव सोहळ्याचे निमंत्रणच मिळाले नसल्याचे सांगितले.",
    "मुळात या शिवशाही एसटी बसेसवरील चालक हे प्रसन्न ट्रॅव्हल्स या खासगी कंपनीचे चालक असल्याने, त्यांचा त्याच बसवरील एसटी महामंडळाच्या वाहकाबरोबर अपेक्षित समन्वय नसतो, त्याचा विपरीत परिणाम प्रवाशांना भोगावा लागतो आहे.",
    "sakal.",
    "com",
    "मात्र, काही मंत्र्यांचा आणि विरोधी पक्षनेत्यांचा पत्ता नव्हता.",
    "ठाणे : कुख्यात  डॉन दाऊद इब्राहिम याचा भाऊ इक्बाल कासकर याच्याविरोधात खंडणी प्रकरणी ठाणे कोर्टात आरोपपत्र दाखल करण्यात आलं आहे.",
    "ते स्वस्त आणि नाही फार उच्च दर्जाचे मॅट्रिक्स ठेवले.",
    "अशोक पत्की यांनी आजवर अनेक गीतांना संगीत दिले आहे.",
    "उत्तरप्रदेशमधील पुढचा मुख्यमंत्री कोण असायला हवं?",
    "पण खेळ चाहते थांबला नाही, आणि ते गेमप्लेच्या आणि ऑप्टिमायझेशन सुधारण्यासाठी त्यांच्या स्वत: च्या सुधारणा निर्मिती करण्यास सुरुवात केली.",
    "मुलाला आपण जलतरण तलाव, मुलांच्या बाग भेट किंवा छावणीत एक सहलीचे नियोजन असेल, तर अशा परीक्षा पास करणे आवश्यक आहे.",
    "सिनेमा 6 मार्च 2020 रोजी प्रेक्षकांच्या भेटीला येत आहे.",
    "‘पैरासाइट’ नावाच्या एका दक्षिण कोरियन चित्रपटास ऑस्कर मिळाल्याने जभरातील चित्रपट समिक्षक आणि अभ्यासकांना मोठा धक्का बसला आहे.",
    "नागपूरमध्ये वाहन खरेदीसाठी ग्राहकांची झुंबड",
    "५) रोजी लालचौक, श्रीनगर येथून सुरू झालेली ही मोहीम पुढे श्रीनगर, उधमपूर, पठाणकोट, दशुआ, होशियारपूर, अंबाला, दिल्ली बायपास (पूर्व परिधीय महामार्ग), आग्रा, ग्वाल्हेर, झाशी, सागर, छिंदवाडा, नागपूर, आदिलाबाद, कामारेड्डी, हैदराबाद, कुर्नुल, अनंतपूर, बंगळुरू, कृष्णागिरी, सेलम मदुराई, तिरु नेलवेलीमार्गे कन्याकुमारी समुद्रकिनारा (विवेकानंद स्मारक) येथे मोहिमेचा समारोप करण्यात आला.",
    "याव्यतिरिक्त, पॉवेल कर्मचारी संयुक्त प्रमुख सर्वात तरुण डोके झाले.",
    "गुन्हेगार मिळत नसतील, तर त्यांना फरारी घोषित करून त्यांची मालमत्ता जप्त करा, असे निर्देश कोल्हापूरच्या आर्थिक गुन्हा अन्वेषण शाखेला न्यायालयाने दिले आहेत.",
    "पोलीस उपमहानिरीक्षक निशिकांत मोरे यांनी विनयभंग केलेल्या अल्पवयीन मुलीचा शोध घेण्यास नवी मुंबई पोलिसांना यश आले आहे.",
    "गावाच्या दुसऱ्या टोकावर महादेवाचे एक जुने मंदिर आहे, जवळच पाण्याचा झरा आहे.",
    "तुला माहित नाही भेट एक बॉक्स कसे त्यांच्या स्वत: च्या हातांनी?",
    "व्हाट्सएपसाठी दिवाळी व्हिडिओ पाहिल्यानंतर, आपण नक्कीच विचार करत असाल की आपल्या अॅन्ड्रोइड डिव्हाइसवर हे व्हिडीओ कसे डाउनलोड करावे.",
    "उत्तर अगदी सोपे आहे.",
    "स्नॅपट्युबसह, आपण अगदी काही सेकंदात दिवाळी व्हाट्सएप व्हिडिओ डाउनलोड करू शकता.",
    "आपल्याला केवळ खालील टप्प्यांचे अनुसरण करावे लागेल:",
    "यावेळी शहीद जवान अमर रहे."
  ],
  "mentions": [
    {
      "id": 0,
      "text": "पार्थ",
      "sentence": 0,
      "start": 0,
      "end": 4,
      "confidence": 1.0
    },
    {
      "id": 1,
      "text": "राष्ट्रवादी",
      "sentence": 0,
      "start": 35,
      "end": 44,
      "confidence": 1.0
    },
    {
      "id": 2,
      "text": "तिकीट",
      "sentence": 0,
      "start": 48,
      "end": 53,
      "confidence": 1.0
    },
    {
      "id": 3,
      "text": "आणीबाणी",
      "sentence": 1,
      "start": 63,
      "end": 70,
      "confidence": 1.0
    },
    {
      "id": 4,
      "text": "कॉंग्रेस",
      "sentence": 1,
      "start": 74,
      "end": 81,
      "confidence": 1.0
    },
    {
      "id": 5,
      "text": "परंपरा",
      "sentence": 1,
      "start": 89,
      "end": 94,
      "confidence": 1.0
    },
    {
      "id": 6,
      "text": "अस्वस्थता",
      "sentence": 2,
      "start": 122,
      "end": 129,
      "confidence": 1.0
    },
    {
      "id": 7,
      "text": "बैठक",
      "sentence": 3,
      "start": 134,
      "end": 138,
      "confidence": 1.0
    },
    {
      "id": 8,
      "text": "वडाळीभोई",
      "sentence": 3,
      "start": 141,
      "end": 148,
      "confidence": 1.0
    },
    {
      "id": 9,
      "text": "सदस्य",
      "sentence": 3,
      "start": 154,
      "end": 159,
      "confidence": 1.0
    },
    {
      "id": 10,
      "text": "कविता",
      "sentence": 3,
      "start": 160,
      "end": 165,
      "confidence": 1.0
    },
    {
      "id": 11,
      "text": "प्रवोशोत्सव",
      "sentence": 3,
      "start": 172,
      "end": 181,
      "confidence": 1.0
    },
    {
      "id": 12,
      "text": "सोहळा",
      "sentence": 3,
      "start": 182,
      "end": 186,
      "confidence": 1.0
    },
    {
      "id": 13,
      "text": "निमंत्रण",
      "sentence": 3,
      "start": 189,
      "end": 195,
      "confidence": 1.0
    },
    {
      "id": 14,
      "text": "चालक",
      "sentence": 4,
      "start": 234,
      "end": 238,
      "confidence": 1.0
    },
    {
      "id": 15,
      "text": "प्रसन्न",
      "sentence": 4,
      "start": 242,
      "end": 247,
      "confidence": 1.0
    },
    {
      "id": 16,
      "text": "कंपनी",
      "sentence": 4,
      "start": 260,
      "end": 264,
      "confidence": 1.0
    },
    {
      "id": 17,
      "text": "चालक",
      "sentence": 4,
      "start": 268,
      "end": 272,
      "confidence": 1.0
    },
    {
      "id": 18,
      "text": "त्यांचा",
      "sentence": 4,
      "start": 279,
      "end": 284,
      "confidence": 1.0
    },
    {
      "id": 19,
      "text": "महामंडळ",
      "sentence": 4,
      "start": 300,
      "end": 306,
      "confidence": 1.0
    },
    {
      "id": 20,
      "text": "वाहक",
      "sentence": 4,
      "start": 309,
      "end": 313,
      "confidence": 1.0
    },
    {
      "id": 21,
      "text": "समन्वय",
      "sentence": 4,
      "start": 322,
      "end": 327,
      "confidence": 1.0
    },
    {
      "id": 22,
      "text": "त्याचा",
      "sentence": 4,
      "start": 339,
      "end": 343,
      "confidence": 1.0
    },
    {
      "id": 23,
      "text": "परिणाम",
      "sentence": 4,
      "start": 348,
      "end": 353,
      "confidence": 1.0
    },
    {
      "id": 24,
      "text": "प्रवासी",
      "sentence": 4,
      "start": 354,
      "end": 359,
      "confidence": 1.0
    },
    {
      "id": 25,
      "text": "sakal",
      "sentence": 5,
      "start": 376,
      "end": 381,
      "confidence": 1.0
    },
    {
      "id": 26,
      "text": "मंत्री",
      "sentence": 7,
      "start": 401,
      "end": 405,
      "confidence": 1.0
    },
    {
      "id": 27,
      "text": "पक्षनेता",
      "sentence": 7,
      "start": 415,
      "end": 420,
      "confidence": 1.0
    },
    {
      "id": 28,
      "text": "पत्ता",
      "sentence": 7,
      "start": 424,
      "end": 428,
      "confidence": 1.0
    },
    {
      "id": 29,
      "text": "डॉन",
      "sentence": 8,
      "start": 448,
      "end": 451,
      "confidence": 1.0
    },
    {
      "id": 30,
      "text": "दाऊद",
      "sentence": 8,
      "start": 452,
      "end": 456,
      "confidence": 1.0
    },
    {
      "id": 31,
      "text": "इक्बाल",
      "sentence": 8,
      "start": 468,
      "end": 473,
      "confidence": 1.0
    },
    {
      "id": 32,
      "text": "खंडणी",
      "sentence": 8,
      "start": 489,
      "end": 494,
      "confidence": 1.0
    },
    {
      "id": 33,
      "text": "प्रकरण",
      "sentence": 8,
      "start": 495,
      "end": 499,
      "confidence": 1.0
    },
    {
      "id": 34,
      "text": "कोर्ट",
      "sentence": 8,
      "start": 507,
      "end": 511,
      "confidence": 1.0
    },
    {
      "id": 35,
      "text": "आरोपपत्र",
      "sentence": 8,
      "start": 513,
      "end": 520,
      "confidence": 1.0
    },
    {
      "id": 36,
      "text": "ते",
      "sentence": 9,
      "start": 544,
      "end": 546,
      "confidence": 1.0
    },
    {
      "id": 37,
      "text": "मॅट्रिक्स",
      "sentence": 9,
      "start": 567,
      "end": 574,
      "confidence": 1.0
    },
    {
      "id": 38,
      "text": "अशोक",
      "sentence": 10,
      "start": 582,
      "end": 586,
      "confidence": 1.0
    },
    {
      "id": 39,
      "text": "संगीत",
      "sentence": 10,
      "start": 607,
      "end": 612,
      "confidence": 1.0
    },
    {
      "id": 40,
      "text": "उत्तरप्रदेश",
      "sentence": 11,
      "start": 622,
      "end": 630,
      "confidence": 1.0
    },
    {
      "id": 41,
      "text": "मुख्यमंत्री",
      "sentence": 11,
      "start": 637,
      "end": 645,
      "confidence": 1.0
    },
    {
      "id": 42,
      "text": "कोण",
      "sentence": 11,
      "start": 646,
      "end": 649,
      "confidence": 1.0
    },
    {
      "id": 43,
      "text": "चाहते",
      "sentence": 12,
      "start": 663,
      "end": 667,
      "confidence": 1.0
    },
    {
      "id": 44,
      "text": "ते",
      "sentence": 12,
      "start": 680,
      "end": 682,
      "confidence": 1.0
    },
    {
      "id": 45,
      "text": "ऑप्टिमायझेशन",
      "sentence": 12,
      "start": 693,
      "end": 703,
      "confidence": 1.0
    },
    {
      "id": 46,
      "text": "त्यांच्या",
      "sentence": 12,
      "start": 715,
      "end": 721,
      "confidence": 1.0
    },
    {
      "id": 47,
      "text": "सुधारणा",
      "sentence": 12,
      "start": 729,
      "end": 734,
      "confidence": 1.0
    },
    {
      "id": 48,
      "text": "निर्मिती",
      "sentence": 12,
      "start": 735,
      "end": 741,
      "confidence": 1.0
    },
    {
      "id": 49,
      "text": "मुलगा",
      "sentence": 13,
      "start": 757,
      "end": 761,
      "confidence": 1.0
    },
    {
      "id": 50,
      "text": "आपण",
      "sentence": 13,
      "start": 763,
      "end": 766,
      "confidence": 1.0
    },
    {
      "id": 51,
      "text": "तलाव",
      "sentence": 13,
      "start": 772,
      "end": 775,
      "confidence": 1.0
    },
    {
      "id": 52,
      "text": "मुलगा",
      "sentence": 13,
      "start": 777,
      "end": 780,
      "confidence": 1.0
    },
    {
      "id": 53,
      "text": "छावणी",
      "sentence": 13,
      "start": 791,
      "end": 795,
      "confidence": 1.0
    },
    {
      "id": 54,
      "text": "नियोजन",
      "sentence": 13,
      "start": 805,
      "end": 810,
      "confidence": 1.0
    },
    {
      "id": 55,
      "text": "परीक्षा",
      "sentence": 13,
      "start": 820,
      "end": 824,
      "confidence": 1.0
    },
    {
      "id": 56,
      "text": "सिनेमा",
      "sentence": 14,
      "start": 841,
      "end": 846,
      "confidence": 1.0
    },
    {
      "id": 57,
      "text": "मार्च",
      "sentence": 14,
      "start": 850,
      "end": 854,
      "confidence": 1.0
    },
    {
      "id": 58,
      "text": "प्रेक्षक",
      "sentence": 14,
      "start": 866,
      "end": 870,
      "confidence": 1.0
    },
    {
      "id": 59,
      "text": "पैरासाइट",
      "sentence": 15,
      "start": 883,
      "end": 892,
      "confidence": 1.0
    },
    {
      "id": 60,
      "text": "चित्रपट",
      "sentence": 15,
      "start": 903,
      "end": 907,
      "confidence": 1.0
    },
    {
      "id": 61,
      "text": "ऑस्कर",
      "sentence": 15,
      "start": 910,
      "end": 915,
      "confidence": 1.0
    },
    {
      "id": 62,
      "text": "चित्रपट",
      "sentence": 15,
      "start": 927,
      "end": 932,
      "confidence": 1.0
    },
    {
      "id": 63,
      "text": "समिक्षक",
      "sentence": 15,
      "start": 933,
      "end": 939,
      "confidence": 1.0
    },
    {
      "id": 64,
      "text": "अभ्यासक",
      "sentence": 15,
      "start": 943,
      "end": 948,
      "confidence": 1.0
    },
    {
      "id": 65,
      "text": "धक्का",
      "sentence": 15,
      "start": 957,
      "end": 961,
      "confidence": 1.0
    },
    {
      "id": 66,
      "text": "वाहन",
      "sentence": 16,
      "start": 979,
      "end": 983,
      "confidence": 1.0
    },
    {
      "id": 67,
      "text": "ग्राहक",
      "sentence": 16,
      "start": 990,
      "end": 994,
      "confidence": 1.0
    },
    {
      "id": 68,
      "text": "झुंबड",
      "sentence": 16,
      "start": 997,
      "end": 1001,
      "confidence": 1.0
    },
    {
      "id": 69,
      "text": "लालचौक",
      "sentence": 17,
      "start": 1011,
      "end": 1017,
      "confidence": 1.0
    },
    {
      "id": 70,
      "text": "श्रीनगर",
      "sentence": 17,
      "start": 1019,
      "end": 1025,
      "confidence": 1.0
    },
    {
      "id": 71,
      "text": "मोहीम",
      "sentence": 17,
      "start": 1039,
      "end": 1043,
      "confidence": 1.0
    },
    {
      "id": 72,
      "text": "श्रीनगर",
      "sentence": 17,
      "start": 1051,
      "end": 1057,
      "confidence": 1.0
    },
    {
      "id": 73,
      "text": "उधमपूर",
      "sentence": 17,
      "start": 1059,
      "end": 1064,
      "confidence": 1.0
    },
    {
      "id": 74,
      "text": "पठाणकोट",
      "sentence": 17,
      "start": 1066,
      "end": 1072,
      "confidence": 1.0
    },
    {
      "id": 75,
      "text": "दशुआ",
      "sentence": 17,
      "start": 1074,
      "end": 1078,
      "confidence": 1.0
    },
    {
      "id": 76,
      "text": "होशियारपूर",
      "sentence": 17,
      "start": 1080,
      "end": 1088,
      "confidence": 1.0
    },
    {
      "id": 77,
      "text": "अंबाला",
      "sentence": 17,
      "start": 1090,
      "end": 1095,
      "confidence": 1.0
    },
    {
      "id": 78,
      "text": "दिल्ली",
      "sentence": 17,
      "start": 1097,
      "end": 1102,
      "confidence": 1.0
    },
    {
      "id": 79,
      "text": "महामार्ग",
      "sentence": 17,
      "start": 1118,
      "end": 1124,
      "confidence": 1.0
    },
    {
      "id": 80,
      "text": "आग्रा",
      "sentence": 17,
      "start": 1127,
      "end": 1131,
      "confidence": 1.0
    },
    {
      "id": 81,
      "text": "ग्वाल्हेर",
      "sentence": 17,
      "start": 1133,
      "end": 1139,
      "confidence": 1.0
    },
    {
      "id": 82,
      "text": "झाशी",
      "sentence": 17,
      "start": 1141,
      "end": 1144,
      "confidence": 1.0
    },
    {
      "id": 83,
      "text": "सागर",
      "sentence": 17,
      "start": 1146,
      "end": 1149,
      "confidence": 1.0
    },
    {
      "id": 84,
      "text": "छिंदवाडा",
      "sentence": 17,
      "start": 1151,
      "end": 1157,
      "confidence": 1.0
    },
    {
      "id": 85,
      "text": "आदिलाबाद",
      "sentence": 17,
      "start": 1166,
      "end": 1172,
      "confidence": 1.0
    },
    {
      "id": 86,
      "text": "कामारेड्डी",
      "sentence": 17,
      "start": 1174,
      "end": 1181,
      "confidence": 1.0
    },
    {
      "id": 87,
      "text": "हैदराबाद",
      "sentence": 17,
      "start": 1183,
      "end": 1189,
      "confidence": 1.0
    },
    {
      "id": 88,
      "text": "कुर्नुल",
      "sentence": 17,
      "start": 1191,
      "end": 1196,
      "confidence": 1.0
    },
    {
      "id": 89,
      "text": "अनंतपूर",
      "sentence": 17,
      "start": 1198,
      "end": 1203,
      "confidence": 1.0
    },
    {
      "id": 90,
      "text": "बंगळुरू",
      "sentence": 17,
      "start": 1205,
      "end": 1210,
      "confidence": 1.0
    },
    {
      "id": 91,
      "text": "कृष्णागिरी",
      "sentence": 17,
      "start": 1212,
      "end": 1219,
      "confidence": 1.0
    },
    {
      "id": 92,
      "text": "सेलम",
      "sentence": 17,
      "start": 1221,
      "end": 1224,
      "confidence": 1.0
    },
    {
      "id": 93,
      "text": "कन्याकुमारी",
      "sentence": 17,
      "start": 1247,
      "end": 1255,
      "confidence": 1.0
    },
    {
      "id": 94,
      "text": "समुद्रकिनारा",
      "sentence": 17,
      "start": 1256,
      "end": 1265,
      "confidence": 1.0
    },
    {
      "id": 95,
      "text": "विवेकानंद",
      "sentence": 17,
      "start": 1267,
      "end": 1274,
      "confidence": 1.0
    },
    {
      "id": 96,
      "text": "स्मारक",
      "sentence": 17,
      "start": 1275,
      "end": 1280,
      "confidence": 1.0
    },
    {
      "id": 97,
      "text": "मोहीम",
      "sentence": 17,
      "start": 1285,
      "end": 1289,
      "confidence": 1.0
    },
    {
      "id": 98,
      "text": "कर्मचारी",
      "sentence": 18,
      "start": 1312,
      "end": 1318,
      "confidence": 1.0
    },
    {
      "id": 99,
      "text": "डोके",
      "sentence": 18,
      "start": 1340,
      "end": 1343,
      "confidence": 1.0
    },
    {
      "id": 100,
      "text": "गुन्हेगार",
      "sentence": 19,
      "start": 1354,
      "end": 1361,
      "confidence": 1.0
    },
    {
      "id": 101,
      "text": "त्यांना",
      "sentence": 19,
      "start": 1374,
      "end": 1379,
      "confidence": 1.0
    },
    {
      "id": 102,
      "text": "त्यांची",
      "sentence": 19,
      "start": 1391,
      "end": 1396,
      "confidence": 1.0
    },
    {
      "id": 103,
      "text": "मालमत्ता",
      "sentence": 19,
      "start": 1397,
      "end": 1403,
      "confidence": 1.0
    },
    {
      "id": 104,
      "text": "निर्देश",
      "sentence": 19,
      "start": 1412,
      "end": 1417,
      "confidence": 1.0
    },
    {
      "id": 105,
      "text": "कोल्हापूर",
      "sentence": 19,
      "start": 1419,
      "end": 1426,
      "confidence": 1.0
    },
    {
      "id": 106,
      "text": "गुन्हा",
      "sentence": 19,
      "start": 1435,
      "end": 1439,
      "confidence": 1.0
    },
    {
      "id": 107,
      "text": "अन्वेषण",
      "sentence": 19,
      "start": 1440,
      "end": 1446,
      "confidence": 1.0
    },
    {
      "id": 108,
      "text": "न्यायालय",
      "sentence": 19,
      "start": 1454,
      "end": 1460,
      "confidence": 1.0
    },
    {
      "id": 109,
      "text": "पोलीस",
      "sentence": 20,
      "start": 1470,
      "end": 1474,
      "confidence": 1.0
    },
    {
      "id": 110,
      "text": "उपमहानिरीक्षक",
      "sentence": 20,
      "start": 1475,
      "end": 1486,
      "confidence": 1.0
    },
    {
      "id": 111,
      "text": "निशिकांत",
      "sentence": 20,
      "start": 1487,
      "end": 1494,
      "confidence": 1.0
    },
    {
      "id": 112,
      "text": "विनयभंग",
      "sentence": 20,
      "start": 1500,
      "end": 1506,
      "confidence": 1.0
    },
    {
      "id": 113,
      "text": "मुलगी",
      "sentence": 20,
      "start": 1515,
      "end": 1519,
      "confidence": 1.0
    },
    {
      "id": 114,
      "text": "पोलीस",
      "sentence": 20,
      "start": 1539,
      "end": 1543,
      "confidence": 1.0
    },
    {
      "id": 115,
      "text": "महादेव",
      "sentence": 21,
      "start": 1573,
      "end": 1578,
      "confidence": 1.0
    },
    {
      "id": 116,
      "text": "मंदिर",
      "sentence": 21,
      "start": 1585,
      "end": 1589,
      "confidence": 1.0
    },
    {
      "id": 117,
      "text": "पाणी",
      "sentence": 21,
      "start": 1601,
      "end": 1604,
      "confidence": 1.0
    },
    {
      "id": 118,
      "text": "तुला",
      "sentence": 22,
      "start": 1618,
      "end": 1621,
      "confidence": 1.0
    },
    {
      "id": 119,
      "text": "बॉक्स",
      "sentence": 22,
      "start": 1632,
      "end": 1636,
      "confidence": 1.0
    },
    {
      "id": 120,
      "text": "त्यांच्या",
      "sentence": 22,
      "start": 1640,
      "end": 1646,
      "confidence": 1.0
    },
    {
      "id": 121,
      "text": "व्हाट्सएप",
      "sentence": 23,
      "start": 1664,
      "end": 1670,
      "confidence": 1.0
    },
    {
      "id": 122,
      "text": "दिवाळी",
      "sentence": 23,
      "start": 1673,
      "end": 1678,
      "confidence": 1.0
    },
    {
      "id": 123,
      "text": "आपण",
      "sentence": 23,
      "start": 1694,
      "end": 1697,
      "confidence": 1.0
    },
    {
      "id": 124,
      "text": "विचार",
      "sentence": 23,
      "start": 1705,
      "end": 1709,
      "confidence": 1.0
    },
    {
      "id": 125,
      "text": "आपल्या",
      "sentence": 23,
      "start": 1718,
      "end": 1723,
      "confidence": 1.0
    },
    {
      "id": 126,
      "text": "डिव्हाइस",
      "sentence": 23,
      "start": 1732,
      "end": 1737,
      "confidence": 1.0
    },
    {
      "id": 127,
      "text": "व्हिडीओ",
      "sentence": 23,
      "start": 1742,
      "end": 1747,
      "confidence": 1.0
    },
    {
      "id": 128,
      "text": "उत्तर",
      "sentence": 24,
      "start": 1761,
      "end": 1765,
      "confidence": 1.0
    },
    {
      "id": 129,
      "text": "स्नॅपट्यूब",
      "sentence": 25,
      "start": 1777,
      "end": 1783,
      "confidence": 1.0
    },
    {
      "id": 130,
      "text": "आपण",
      "sentence": 25,
      "start": 1787,
      "end": 1790,
      "confidence": 1.0
    },
    {
      "id": 131,
      "text": "सेकंद",
      "sentence": 25,
      "start": 1795,
      "end": 1798,
      "confidence": 1.0
    },
    {
      "id": 132,
      "text": "दिवाळी",
      "sentence": 25,
      "start": 1801,
      "end": 1806,
      "confidence": 1.0
    },
    {
      "id": 133,
      "text": "व्हाट्सएप",
      "sentence": 25,
      "start": 1807,
      "end": 1813,
      "confidence": 1.0
    },
    {
      "id": 134,
      "text": "आपण",
      "sentence": 26,
      "start": 1831,
      "end": 1834,
      "confidence": 1.0
    },
    {
      "id": 135,
      "text": "टप्पा",
      "sentence": 26,
      "start": 1842,
      "end": 1845,
      "confidence": 1.0
    },
    {
      "id": 136,
      "text": "जवान",
      "sentence": 27,
      "start": 1863,
      "end": 1866,
      "confidence": 1.0
    }
  ],
  "clusters": [
    [
      19,
      22,
      23
    ],
    [
      37,
      45
    ],
    [
      41,
      42
    ],
    [
      57,
      58,
      61
    ],
    [
      64,
      67
    ],
    [
      77,
      80
    ],
    [
      84,
      105
    ],
    [
      89,
      91
    ],
    [
      90,
      120
    ],
    [
      125,
      126,
      128
    ]
  ]
}