{
  "document_id": "document_338",
  "sentences": [
    "श्रुतीला मी त्यासाठी थ्री चीअर्स केलं.",
    "यानिमित्ताने ‘रंग जीवनाचे’ या काव्यसंग्रहाचे प्रकाशन करण्यात आले."
  ],
  "mentions": [
    {
      "id": 0,
      "text": "श्रुतीला",
      "sentence": 0,
      "start": 0,
      "end": 6,
      "confidence": 1.0
    },
    {
      "id": 1,
      "text": "मी",
      "sentence": 0,
      "start": 8,
      "end": 9,
      "confidence": 1.0
    },
    {
      "id": 2,
      "text": "काव्यसंग्रहाचे",
      "sentence": 1,
      "start": 62,
      "end": 73,
      "confidence": 1.0
    }
  ],
  "clusters": []
}