{
  "document_id": "document_291",
  "sentences": [
    "/पे ऑर्डरसह बँकेत जमा केल्यानंतर ऑनलाईन अर्जामध्ये पुन्हा फेरफार केले तरीही अर्ज कायमस्वरूपी रद्द केला जाणार आहे.",
    "कोणाच्या भीकेची स्वाभिमानी कोल्हापूरकरांना गरज नाही.",
    "तो संपुष्टात काम किंवा शाळेत उच्च ताबा कठीण होऊ शकते समुपदेशक पूर्ण करण्यासाठी एक वेळ निवडा.",
    "मला हवीय आता एक मार्टिनी,",
    "घाण पदवी वर्गीकरण ट्रेंड आणि पायऱ्या वर उद्भवते.",
    "या प्रकरणात, स्थानिक मार्गदर्शक एक दौरा खरेदी करणे आवश्यक आहे.",
    "राज्यात कायदा-सुव्यवस्था बिघडली आहे, असा आरोपही प्रियंका गांधींनी केला.",
    "फेडी व राफा उपांत्यपूर्व",
    "याप्रमाणेच आता प्रभाग सात व आठमध्येही प्रगती होत आहे.",
    "हजारे यांनी पुकारलेल्या आंदोलनाची सोलापूर जिल्हय़ाची धुरा वसंतराव आपटे यांच्याकडे होती.",
    "पंढरपूर : आमदार भारत भालकेंचे अनेक जुने  सवंगडी ऐन निवडणुकीत सोडून गेल्याने आधीच कोंडीत सापडलेल्या भालकेंना पंढरपुरात आणखी एक धक्का बसला आहे.",
    "अखिल महाराष्ट्र प्राथमिक शिक्षक संघाचे धरणे",
    "याचा वचपा काढण्यासाठी आज विंडीजचा संघ मैदानात उतरला आहे.",
    "प्रत्यक्ष त्या दिवशीही छावा संघटनेचे अनेक कार्यकर्ते धर्मपरंपराच्या रक्षणासाठी शनिशिंगणापूर येथे उपस्थित होते.",
    "गुण \"ग्रेंज\" आणि \"कडू-यूफा\" दरम्यान आगगाडी मोडून टाकण्यात आला, आणि गर्दीच्या स्टेशन इमारत आधी लवकरच नाश होणार नाही.",
    "गौड खानदानातला म्हणजे   हे लोक शेंदीची झाडे  लिलावात घेतात व त्याची नंतर दारू काढून विकतात.",
    "बमनगोला जि.",
    "मालदा, पश्चिम बंगाल) असे मयत कामगाराचे नाव आहे.",
    "सूर्यप्रकाश बहुतेक मंदिराच्या दक्षिणेकडील बाजूला येते.",
    "देवेंद्र फडणवीस यांच्यासह 10 जणांनी मंत्रिपदाची शपथ घेतली.",
    "हे मला सांगायला लावू नका असा इशाराही निलेश राणेंनी दिला.",
    "काही लोकांकडून अतिशय आनंद व्यक्त करण्यात येतोय, तर काहींचं 'गली बॉय'पेक्षा दुसऱ्या चित्रपटाचं नाव ऑस्करसाठी पाठवायला हवं होतं असं म्हणणं आहे.",
    "लक्षात ठेवा हे घटक आहे की, जतन करण्याची आवश्यकता नाही - तो संपूर्ण आपल्या संगणकावर किती जगणे ठरवते.",
    "या टूरचे फोटो शिल्पाने सोशल मीडियावर शेअर केले आहेत.",
    "केज येथे दि.",
    "शेतकरी थोडे, पण खाणारे जास्त; गायक थोडे, श्रोते जास्त; शिक्षक थोडे आणि विद्यार्थी जास्त; डॉक्टर थोडे, पेशंट जास्त, असे असणारच!",
    "कोणताही उत्पादक घ्या.",
    "ग्राहकांची संख्या उत्पादकांच्या संख्येपेक्षा जास्तच असणार.",
    "कोणतीही एकच ‘सेवा’ स्वत:ला जेवढी लागते तेवढीच करून कधीच पुरणार नसते.",
    "सुप्त-वरकड शक्ती हे कोणत्याही विशेषीकृत (स्पेशलाइझ्ड) व्यवस्थेचे सर्वसामान्य तत्त्व आहे.",
    "ते फक्त श्रमांनाच लागू नाही.",
    "बेंगळूर / वृत्तसंस्था भारतीय अवकाश संशोधन संस्थेच्या (इस्रो) दुसऱया चांद्रयान मोहिमेचा आणखी एक टप्पा मंगळवारी यशस्वीरित्या पूर्ण झाला आहे.",
    "मग तो भडक पोशाखाचा इसम परत उगवला आणि आणखी एका सिनेमासाठी आमची गरज लागेल असं त्यानं सांगितलं.",
    "\"आपल्याला हे माहीतच आहे की इंटरनेटवर हे 'ग्राहक' आपल्याला हव्या तशा 'सेवां'च्या शोधात असतात.",
    "त्यांचा हा शोध दिवस-रात्र सुरूच असतो.",
    "याची आम्हाला कल्पना आहे,\" रिची म्हणाले.",
    ", कुडाळ 10.30वा.",
    "पण अशा परिस्थितीत अफगाणिस्तान संघ सध्याच्या विश्वचषक स्पर्धेत बांगलादेशचा खेळ खराब करु शकतो.",
    "Orlinka - सफरचंद, एक शोधण्यासाठी दावा अनेक रशियन उत्पादकांना प्रिय फळ झाड त्याच्या असह्य हवामान केंद्रीय काळी माती भागात प्रकाशीत, ते अशक्य आहे वाण अधिक नम्र.",
    "पुण्याजवळ असलेल्या अँबी व्हॅलीच्या लिलावास स्थगिती मिळविण्यासाठी दाखल केलेली याचिका सुप्रीम कोर्टाने फेटाळली आहे.",
    "काँग्रेसच्या पाठिंब्याने जनता दल धर्मनिरपेक्षचे नेते एच."
  ],
  "mentions": [
    {
      "id": 0,
      "text": "बँकेत",
      "sentence": 0,
      "start": 13,
      "end": 18,
      "confidence": 1.0
    },
    {
      "id": 1,
      "text": "अर्जाध्ये",
      "sentence": 0,
      "start": 39,
      "end": 46,
      "confidence": 1.0
    },
    {
      "id": 2,
      "text": "अर्ज",
      "sentence": 0,
      "start": 74,
      "end": 77,
      "confidence": 1.0
    },
    {
      "id": 3,
      "text": "कोणाच्या",
      "sentence": 1,
      "start": 91,
      "end": 98,
      "confidence": 1.0
    },
    {
      "id": 4,
      "text": "भीकेची",
      "sentence": 1,
      "start": 99,
      "end": 104,
      "confidence": 1.0
    },
    {
      "id": 5,
      "text": "कोल्हापूरकरांना",
      "sentence": 1,
      "start": 111,
      "end": 123,
      "confidence": 1.0
    },
    {
      "id": 6,
      "text": "तो",
      "sentence": 2,
      "start": 132,
      "end": 133,
      "confidence": 1.0
    },
    {
      "id": 7,
      "text": "शाळेत",
      "sentence": 2,
      "start": 149,
      "end": 153,
      "confidence": 1.0
    },
    {
      "id": 8,
      "text": "ताबा",
      "sentence": 2,
      "start": 161,
      "end": 164,
      "confidence": 1.0
    },
    {
      "id": 9,
      "text": "समुपदेशक",
      "sentence": 2,
      "start": 180,
      "end": 187,
      "confidence": 1.0
    },
    {
      "id": 10,
      "text": "मला",
      "sentence": 3,
      "start": 204,
      "end": 206,
      "confidence": 1.0
    },
    {
      "id": 11,
      "text": "पदवी",
      "sentence": 4,
      "start": 234,
      "end": 237,
      "confidence": 1.0
    },
    {
      "id": 12,
      "text": "वर्गीकरण",
      "sentence": 4,
      "start": 238,
      "end": 244,
      "confidence": 1.0
    },
    {
      "id": 13,
      "text": "ट्रेंड",
      "sentence": 4,
      "start": 245,
      "end": 249,
      "confidence": 1.0
    },
    {
      "id": 14,
      "text": "पायऱ्या",
      "sentence": 4,
      "start": 256,
      "end": 261,
      "confidence": 1.0
    },
    {
      "id": 15,
      "text": "मार्गदर्शक",
      "sentence": 5,
      "start": 283,
      "end": 290,
      "confidence": 1.0
    },
    {
      "id": 16,
      "text": "दौरा",
      "sentence": 5,
      "start": 295,
      "end": 298,
      "confidence": 1.0
    },
    {
      "id": 17,
      "text": "राज्यात",
      "sentence": 6,
      "start": 310,
      "end": 315,
      "confidence": 1.0
    },
    {
      "id": 18,
      "text": "कायदा-सुव्यवस्था",
      "sentence": 6,
      "start": 316,
      "end": 330,
      "confidence": 1.0
    },
    {
      "id": 19,
      "text": "आरोपही",
      "sentence": 6,
      "start": 343,
      "end": 348,
      "confidence": 1.0
    },
    {
      "id": 20,
      "text": "प्रियंका",
      "sentence": 6,
      "start": 349,
      "end": 355,
      "confidence": 1.0
    },
    {
      "id": 21,
      "text": "गांधींनी",
      "sentence": 6,
      "start": 356,
      "end": 362,
      "confidence": 1.0
    },
    {
      "id": 22,
      "text": "राफा",
      "sentence": 7,
      "start": 373,
      "end": 376,
      "confidence": 1.0
    },
    {
      "id": 23,
      "text": "प्रभाग",
      "sentence": 8,
      "start": 399,
      "end": 403,
      "confidence": 1.0
    },
    {
      "id": 24,
      "text": "प्रगती",
      "sentence": 8,
      "start": 418,
      "end": 422,
      "confidence": 1.0
    },
    {
      "id": 25,
      "text": "हजारे",
      "sentence": 9,
      "start": 431,
      "end": 435,
      "confidence": 1.0
    },
    {
      "id": 26,
      "text": "आंदोलनाची",
      "sentence": 9,
      "start": 445,
      "end": 452,
      "confidence": 1.0
    },
    {
      "id": 27,
      "text": "सोलापूर",
      "sentence": 9,
      "start": 453,
      "end": 458,
      "confidence": 1.0
    },
    {
      "id": 28,
      "text": "जिल्हय़ाची",
      "sentence": 9,
      "start": 459,
      "end": 465,
      "confidence": 1.0
    },
    {
      "id": 29,
      "text": "धुरा",
      "sentence": 9,
      "start": 466,
      "end": 469,
      "confidence": 1.0
    },
    {
      "id": 30,
      "text": "वसंतराव",
      "sentence": 9,
      "start": 470,
      "end": 476,
      "confidence": 1.0
    },
    {
      "id": 31,
      "text": "आपटे",
      "sentence": 9,
      "start": 477,
      "end": 480,
      "confidence": 1.0
    },
    {
      "id": 32,
      "text": "पंढरपूर",
      "sentence": 10,
      "start": 487,
      "end": 492,
      "confidence": 1.0
    },
    {
      "id": 33,
      "text": "आमदार",
      "sentence": 10,
      "start": 495,
      "end": 499,
      "confidence": 1.0
    },
    {
      "id": 34,
      "text": "भारत",
      "sentence": 10,
      "start": 500,
      "end": 503,
      "confidence": 1.0
    },
    {
      "id": 35,
      "text": "भालकेंचे",
      "sentence": 10,
      "start": 504,
      "end": 510,
      "confidence": 1.0
    },
    {
      "id": 36,
      "text": "कोंडीत",
      "sentence": 10,
      "start": 555,
      "end": 560,
      "confidence": 1.0
    },
    {
      "id": 37,
      "text": "भालकेंना",
      "sentence": 10,
      "start": 568,
      "end": 574,
      "confidence": 1.0
    },
    {
      "id": 38,
      "text": "धक्का",
      "sentence": 10,
      "start": 590,
      "end": 594,
      "confidence": 1.0
    },
    {
      "id": 39,
      "text": "महाराष्ट्र",
      "sentence": 11,
      "start": 600,
      "end": 607,
      "confidence": 1.0
    },
    {
      "id": 40,
      "text": "शिक्षक",
      "sentence": 11,
      "start": 616,
      "end": 620,
      "confidence": 1.0
    },
    {
      "id": 41,
      "text": "संघाचे",
      "sentence": 11,
      "start": 621,
      "end": 625,
      "confidence": 1.0
    },
    {
      "id": 42,
      "text": "धरणे",
      "sentence": 11,
      "start": 626,
      "end": 629,
      "confidence": 1.0
    },
    {
      "id": 43,
      "text": "वचपा",
      "sentence": 12,
      "start": 638,
      "end": 641,
      "confidence": 1.0
    },
    {
      "id": 44,
      "text": "विंडीजचा",
      "sentence": 12,
      "start": 653,
      "end": 659,
      "confidence": 1.0
    },
    {
      "id": 45,
      "text": "मैदानात",
      "sentence": 12,
      "start": 663,
      "end": 668,
      "confidence": 1.0
    },
    {
      "id": 46,
      "text": "छावा",
      "sentence": 13,
      "start": 685,
      "end": 688,
      "confidence": 1.0
    },
    {
      "id": 47,
      "text": "संघटनेचे",
      "sentence": 13,
      "start": 689,
      "end": 695,
      "confidence": 1.0
    },
    {
      "id": 48,
      "text": "कार्यकर्ते",
      "sentence": 13,
      "start": 701,
      "end": 707,
      "confidence": 1.0
    },
    {
      "id": 49,
      "text": "रक्षणासाठी",
      "sentence": 13,
      "start": 720,
      "end": 727,
      "confidence": 1.0
    },
    {
      "id": 50,
      "text": "शनिशिंगणापूर",
      "sentence": 13,
      "start": 728,
      "end": 738,
      "confidence": 1.0
    },
    {
      "id": 51,
      "text": "ग्रेंज",
      "sentence": 14,
      "start": 755,
      "end": 759,
      "confidence": 1.0
    },
    {
      "id": 52,
      "text": "कडू-यूफा",
      "sentence": 14,
      "start": 767,
      "end": 773,
      "confidence": 1.0
    },
    {
      "id": 53,
      "text": "आगगाडी",
      "sentence": 14,
      "start": 780,
      "end": 785,
      "confidence": 1.0
    },
    {
      "id": 54,
      "text": "स्टेशन",
      "sentence": 14,
      "start": 808,
      "end": 812,
      "confidence": 1.0
    },
    {
      "id": 55,
      "text": "इमारत",
      "sentence": 14,
      "start": 813,
      "end": 817,
      "confidence": 1.0
    },
    {
      "id": 56,
      "text": "खानदानातला",
      "sentence": 15,
      "start": 840,
      "end": 848,
      "confidence": 1.0
    },
    {
      "id": 57,
      "text": "शेंदीची",
      "sentence": 15,
      "start": 864,
      "end": 870,
      "confidence": 1.0
    },
    {
      "id": 58,
      "text": "झाडे",
      "sentence": 15,
      "start": 871,
      "end": 874,
      "confidence": 1.0
    },
    {
      "id": 59,
      "text": "लिलावात",
      "sentence": 15,
      "start": 878,
      "end": 884,
      "confidence": 1.0
    },
    {
      "id": 60,
      "text": "त्याची",
      "sentence": 15,
      "start": 891,
      "end": 895,
      "confidence": 1.0
    },
    {
      "id": 61,
      "text": "दारू",
      "sentence": 15,
      "start": 901,
      "end": 904,
      "confidence": 1.0
    },
    {
      "id": 62,
      "text": "बमनगोला",
      "sentence": 16,
      "start": 912,
      "end": 918,
      "confidence": 1.0
    },
    {
      "id": 63,
      "text": "मालदा",
      "sentence": 17,
      "start": 925,
      "end": 929,
      "confidence": 1.0
    },
    {
      "id": 64,
      "text": "पश्चिम",
      "sentence": 17,
      "start": 931,
      "end": 935,
      "confidence": 1.0
    },
    {
      "id": 65,
      "text": "बंगाल",
      "sentence": 17,
      "start": 936,
      "end": 940,
      "confidence": 1.0
    },
    {
      "id": 66,
      "text": "कामगाराचे",
      "sentence": 17,
      "start": 952,
      "end": 959,
      "confidence": 1.0
    },
    {
      "id": 67,
      "text": "सूर्यप्रकाश",
      "sentence": 18,
      "start": 967,
      "end": 975,
      "confidence": 1.0
    },
    {
      "id": 68,
      "text": "मंदिराच्या",
      "sentence": 18,
      "start": 981,
      "end": 988,
      "confidence": 1.0
    },
    {
      "id": 69,
      "text": "बाजूला",
      "sentence": 18,
      "start": 997,
      "end": 1001,
      "confidence": 1.0
    },
    {
      "id": 70,
      "text": "देवेंद्र",
      "sentence": 19,
      "start": 1007,
      "end": 1012,
      "confidence": 1.0
    },
    {
      "id": 71,
      "text": "फडणवीस",
      "sentence": 19,
      "start": 1013,
      "end": 1019,
      "confidence": 1.0
    },
    {
      "id": 72,
      "text": "जणांनी",
      "sentence": 19,
      "start": 1028,
      "end": 1032,
      "confidence": 1.0
    },
    {
      "id": 73,
      "text": "मंत्रिपदाची",
      "sentence": 19,
      "start": 1033,
      "end": 1041,
      "confidence": 1.0
    },
    {
      "id": 74,
      "text": "मला",
      "sentence": 20,
      "start": 1053,
      "end": 1055,
      "confidence": 1.0
    },
    {
      "id": 75,
      "text": "इशाराही",
      "sentence": 20,
      "start": 1069,
      "end": 1074,
      "confidence": 1.0
    },
    {
      "id": 76,
      "text": "राणेंनी",
      "sentence": 20,
      "start": 1080,
      "end": 1085,
      "confidence": 1.0
    },
    {
      "id": 77,
      "text": "लोकांकडून",
      "sentence": 21,
      "start": 1092,
      "end": 1099,
      "confidence": 1.0
    },
    {
      "id": 78,
      "text": "आनंद",
      "sentence": 21,
      "start": 1106,
      "end": 1109,
      "confidence": 1.0
    },
    {
      "id": 79,
      "text": "काहींचं",
      "sentence": 21,
      "start": 1129,
      "end": 1134,
      "confidence": 1.0
    },
    {
      "id": 80,
      "text": "बॉय'पेक्षा",
      "sentence": 21,
      "start": 1140,
      "end": 1147,
      "confidence": 1.0
    },
    {
      "id": 81,
      "text": "आवश्यकता",
      "sentence": 22,
      "start": 1220,
      "end": 1226,
      "confidence": 1.0
    },
    {
      "id": 82,
      "text": "तो",
      "sentence": 22,
      "start": 1234,
      "end": 1235,
      "confidence": 1.0
    },
    {
      "id": 83,
      "text": "आपल्या",
      "sentence": 22,
      "start": 1245,
      "end": 1249,
      "confidence": 1.0
    },
    {
      "id": 84,
      "text": "संगणकावर",
      "sentence": 22,
      "start": 1250,
      "end": 1256,
      "confidence": 1.0
    },
    {
      "id": 85,
      "text": "टूरचे",
      "sentence": 23,
      "start": 1272,
      "end": 1276,
      "confidence": 1.0
    },
    {
      "id": 86,
      "text": "फोटो",
      "sentence": 23,
      "start": 1277,
      "end": 1280,
      "confidence": 1.0
    },
    {
      "id": 87,
      "text": "शिल्पाने",
      "sentence": 23,
      "start": 1281,
      "end": 1287,
      "confidence": 1.0
    },
    {
      "id": 88,
      "text": "मीडियावर",
      "sentence": 23,
      "start": 1293,
      "end": 1298,
      "confidence": 1.0
    },
    {
      "id": 89,
      "text": "शेतकरी",
      "sentence": 25,
      "start": 1327,
      "end": 1332,
      "confidence": 1.0
    },
    {
      "id": 90,
      "text": "गायक",
      "sentence": 25,
      "start": 1354,
      "end": 1357,
      "confidence": 1.0
    },
    {
      "id": 91,
      "text": "श्रोते",
      "sentence": 25,
      "start": 1365,
      "end": 1369,
      "confidence": 1.0
    },
    {
      "id": 92,
      "text": "शिक्षक",
      "sentence": 25,
      "start": 1378,
      "end": 1382,
      "confidence": 1.0
    },
    {
      "id": 93,
      "text": "विद्यार्थी",
      "sentence": 25,
      "start": 1389,
      "end": 1395,
      "confidence": 1.0
    },
    {
      "id": 94,
      "text": "डॉक्टर",
      "sentence": 25,
      "start": 1403,
      "end": 1407,
      "confidence": 1.0
    },
    {
      "id": 95,
      "text": "पेशंट",
      "sentence": 25,
      "start": 1415,
      "end": 1418,
      "confidence": 1.0
    },
    {
      "id": 96,
      "text": "उत्पादक",
      "sentence": 26,
      "start": 1431,
      "end": 1436,
      "confidence": 1.0
    },
    {
      "id": 97,
      "text": "ग्राहकांची",
      "sentence": 27,
      "start": 1441,
      "end": 1448,
      "confidence": 1.0
    },
    {
      "id": 98,
      "text": "संख्या",
      "sentence": 27,
      "start": 1449,
      "end": 1453,
      "confidence": 1.0
    },
    {
      "id": 99,
      "text": "संख्येपेक्षा",
      "sentence": 27,
      "start": 1464,
      "end": 1471,
      "confidence": 1.0
    },
    {
      "id": 100,
      "text": "सेवा",
      "sentence": 28,
      "start": 1489,
      "end": 1493,
      "confidence": 1.0
    },
    {
      "id": 101,
      "text": "स्वत:ला",
      "sentence": 28,
      "start": 1496,
      "end": 1501,
      "confidence": 1.0
    },
    {
      "id": 102,
      "text": "शक्ती",
      "sentence": 29,
      "start": 1519,
      "end": 1523,
      "confidence": 1.0
    },
    {
      "id": 103,
      "text": "व्यवस्थेचे",
      "sentence": 29,
      "start": 1546,
      "end": 1553,
      "confidence": 1.0
    },
    {
      "id": 104,
      "text": "तत्त्व",
      "sentence": 29,
      "start": 1563,
      "end": 1567,
      "confidence": 1.0
    },
    {
      "id": 105,
      "text": "ते",
      "sentence": 30,
      "start": 1572,
      "end": 1573,
      "confidence": 1.0
    },
    {
      "id": 106,
      "text": "श्रमांनाच",
      "sentence": 30,
      "start": 1578,
      "end": 1584,
      "confidence": 1.0
    },
    {
      "id": 107,
      "text": "बेंगळूर",
      "sentence": 31,
      "start": 1590,
      "end": 1595,
      "confidence": 1.0
    },
    {
      "id": 108,
      "text": "वृत्तसंस्था",
      "sentence": 31,
      "start": 1598,
      "end": 1606,
      "confidence": 1.0
    },
    {
      "id": 109,
      "text": "अवकाश",
      "sentence": 31,
      "start": 1614,
      "end": 1618,
      "confidence": 1.0
    },
    {
      "id": 110,
      "text": "संशोधन",
      "sentence": 31,
      "start": 1619,
      "end": 1624,
      "confidence": 1.0
    },
    {
      "id": 111,
      "text": "इस्रो",
      "sentence": 31,
      "start": 1635,
      "end": 1638,
      "confidence": 1.0
    },
    {
      "id": 112,
      "text": "चांद्रयान",
      "sentence": 31,
      "start": 1646,
      "end": 1652,
      "confidence": 1.0
    },
    {
      "id": 113,
      "text": "मोहिमेचा",
      "sentence": 31,
      "start": 1653,
      "end": 1659,
      "confidence": 1.0
    },
    {
      "id": 114,
      "text": "टप्पा",
      "sentence": 31,
      "start": 1667,
      "end": 1670,
      "confidence": 1.0
    },
    {
      "id": 115,
      "text": "तो",
      "sentence": 32,
      "start": 1686,
      "end": 1687,
      "confidence": 1.0
    },
    {
      "id": 116,
      "text": "पोशाखाचा",
      "sentence": 32,
      "start": 1693,
      "end": 1699,
      "confidence": 1.0
    },
    {
      "id": 117,
      "text": "सिनेमासाठी",
      "sentence": 32,
      "start": 1723,
      "end": 1730,
      "confidence": 1.0
    },
    {
      "id": 118,
      "text": "त्यानं",
      "sentence": 32,
      "start": 1748,
      "end": 1752,
      "confidence": 1.0
    },
    {
      "id": 119,
      "text": "आपल्याला",
      "sentence": 33,
      "start": 1759,
      "end": 1765,
      "confidence": 1.0
    },
    {
      "id": 120,
      "text": "ग्राहक",
      "sentence": 33,
      "start": 1795,
      "end": 1800,
      "confidence": 1.0
    },
    {
      "id": 121,
      "text": "आपल्याला",
      "sentence": 33,
      "start": 1803,
      "end": 1809,
      "confidence": 1.0
    },
    {
      "id": 122,
      "text": "त्यांचा",
      "sentence": 34,
      "start": 1839,
      "end": 1843,
      "confidence": 1.0
    },
    {
      "id": 123,
      "text": "दिवस-रात्र",
      "sentence": 34,
      "start": 1851,
      "end": 1858,
      "confidence": 1.0
    },
    {
      "id": 124,
      "text": "याची",
      "sentence": 35,
      "start": 1867,
      "end": 1870,
      "confidence": 1.0
    },
    {
      "id": 125,
      "text": "आम्हाला",
      "sentence": 35,
      "start": 1871,
      "end": 1876,
      "confidence": 1.0
    },
    {
      "id": 126,
      "text": "कल्पना",
      "sentence": 35,
      "start": 1877,
      "end": 1881,
      "confidence": 1.0
    },
    {
      "id": 127,
      "text": "रिची",
      "sentence": 35,
      "start": 1887,
      "end": 1890,
      "confidence": 1.0
    },
    {
      "id": 128,
      "text": "कुडाळ",
      "sentence": 36,
      "start": 1894,
      "end": 1898,
      "confidence": 1.0
    },
    {
      "id": 129,
      "text": "परिस्थितीत",
      "sentence": 37,
      "start": 1906,
      "end": 1913,
      "confidence": 1.0
    },
    {
      "id": 130,
      "text": "अफगाणिस्तान",
      "sentence": 37,
      "start": 1914,
      "end": 1923,
      "confidence": 1.0
    },
    {
      "id": 131,
      "text": "विश्वचषक",
      "sentence": 37,
      "start": 1934,
      "end": 1940,
      "confidence": 1.0
    },
    {
      "id": 132,
      "text": "स्पर्धेत",
      "sentence": 37,
      "start": 1941,
      "end": 1946,
      "confidence": 1.0
    },
    {
      "id": 133,
      "text": "Orlinka",
      "sentence": 38,
      "start": 1968,
      "end": 1974,
      "confidence": 1.0
    },
    {
      "id": 134,
      "text": "सफरचंद",
      "sentence": 38,
      "start": 1977,
      "end": 1982,
      "confidence": 1.0
    },
    {
      "id": 135,
      "text": "दावा",
      "sentence": 38,
      "start": 1993,
      "end": 1996,
      "confidence": 1.0
    },
    {
      "id": 136,
      "text": "उत्पादकांना",
      "sentence": 38,
      "start": 2005,
      "end": 2012,
      "confidence": 1.0
    },
    {
      "id": 137,
      "text": "त्याच्या",
      "sentence": 38,
      "start": 2023,
      "end": 2027,
      "confidence": 1.0
    },
    {
      "id": 138,
      "text": "हवामान",
      "sentence": 38,
      "start": 2031,
      "end": 2035,
      "confidence": 1.0
    },
    {
      "id": 139,
      "text": "माती",
      "sentence": 38,
      "start": 2050,
      "end": 2053,
      "confidence": 1.0
    },
    {
      "id": 140,
      "text": "भागात",
      "sentence": 38,
      "start": 2054,
      "end": 2058,
      "confidence": 1.0
    },
    {
      "id": 141,
      "text": "ते",
      "sentence": 38,
      "start": 2068,
      "end": 2069,
      "confidence": 1.0
    },
    {
      "id": 142,
      "text": "अँबी",
      "sentence": 39,
      "start": 2106,
      "end": 2109,
      "confidence": 1.0
    },
    {
      "id": 143,
      "text": "लिलावास",
      "sentence": 39,
      "start": 2117,
      "end": 2123,
      "confidence": 1.0
    },
    {
      "id": 144,
      "text": "स्थगिती",
      "sentence": 39,
      "start": 2124,
      "end": 2129,
      "confidence": 1.0
    },
    {
      "id": 145,
      "text": "याचिका",
      "sentence": 39,
      "start": 2147,
      "end": 2151,
      "confidence": 1.0
    },
    {
      "id": 146,
      "text": "सुप्रीम",
      "sentence": 39,
      "start": 2152,
      "end": 2157,
      "confidence": 1.0
    },
    {
      "id": 147,
      "text": "कोर्टाने",
      "sentence": 39,
      "start": 2158,
      "end": 2163,
      "confidence": 1.0
    },
    {
      "id": 148,
      "text": "पाठिंब्याने",
      "sentence": 40,
      "start": 2181,
      "end": 2188,
      "confidence": 1.0
    },
    {
      "id": 149,
      "text": "जनता",
      "sentence": 40,
      "start": 2189,
      "end": 2192,
      "confidence": 1.0
    },
    {
      "id": 150,
      "text": "नेते",
      "sentence": 40,
      "start": 2206,
      "end": 2209,
      "confidence": 1.0
    }
  ],
  "clusters": [
    [
      1,
      3
    ],
    [
      27,
      28
    ],
    [
      41,
      42
    ],
    [
      45,
      46,
      50
    ],
    [
      43,
      51
    ],
    [
      103,
      105
    ],
    [
      112,
      114
    ],
    [
      141,
      142
    ],
    [
      148,
      149
    ]
  ]
}