{
  "document_id": "document_448",
  "sentences": [
    "गोवर-रुबेला लसीकरण मोहीम आजपासून",
    "ग्रामीण भागातही योगाचे महत्त्व वाढत आहे.",
    "जॅम तयार करण्यासाठी अति पक्व फळे वापरू नयेत.",
    "पिकलेल्या फळांबरोबर मोठ्या प्रमाणात पॅक्टिन असलेली काही कच्ची फळे वापरणे सोईचे असते.",
    "जॅम तयार करताना उष्णता दिल्याने रसातील पॅक्टिनचे सूक्ष्म धागे बनतात आणि त्यात तयार होणाऱ्या जाळीदार रचनेमध्ये साखर व इतर पदार्थ सामावून त्याला जॅमचे अस्तित्व प्राप्त होते.",
    "वॉर्डांच्या नावांबद्दल देखील आक्षेप घेण्यात आले होते.",
    "बाबुराव पाचारणे यांचा भाजपमध्ये प्रवेश",
    "मात्र कृषी क्षेत्रातील कमजोरीमुळे आता या अंदाजात घट केली आहे.",
    "अपघातातील मृतांच्या कुटुंबीयांना सरकार पाच लाख रुपये देणार असल्याचं त्यांनी सांगितलं.",
    "प्रतिनिधी /बेळगाव :’ राणी चन्नम्मा विद्यापीठाच्या वार्षिक पदवीदान समारंभात चंदगड (अष्टे, ता.",
    "क्रांती दूध संघाचे अध्यक्ष किरण लाड, उद्योजक उदय लाड, प्रकाश लाड, दिलीप लाड, जिल्हा परिषद सदस्य शरद लाड, बाळासाहेब पवार, महेंद्र लाड, जे."
  ],
  "mentions": [
    {
      "id": 0,
      "text": "मोहीम",
      "sentence": 0,
      "start": 19,
      "end": 23,
      "confidence": 1.0
    },
    {
      "id": 1,
      "text": "भागातही",
      "sentence": 1,
      "start": 36,
      "end": 42,
      "confidence": 1.0
    },
    {
      "id": 2,
      "text": "योगाचे",
      "sentence": 1,
      "start": 44,
      "end": 49,
      "confidence": 1.0
    },
    {
      "id": 3,
      "text": "महत्त्व",
      "sentence": 1,
      "start": 51,
      "end": 55,
      "confidence": 1.0
    },
    {
      "id": 4,
      "text": "जॅम",
      "sentence": 2,
      "start": 65,
      "end": 67,
      "confidence": 1.0
    },
    {
      "id": 5,
      "text": "फळांबरोबर",
      "sentence": 3,
      "start": 109,
      "end": 117,
      "confidence": 1.0
    },
    {
      "id": 6,
      "text": "प्रमाणात",
      "sentence": 3,
      "start": 127,
      "end": 132,
      "confidence": 1.0
    },
    {
      "id": 7,
      "text": "पॅक्टिन",
      "sentence": 3,
      "start": 134,
      "end": 139,
      "confidence": 1.0
    },
    {
      "id": 8,
      "text": "जॅम",
      "sentence": 4,
      "start": 185,
      "end": 187,
      "confidence": 1.0
    },
    {
      "id": 9,
      "text": "उष्णता",
      "sentence": 4,
      "start": 199,
      "end": 203,
      "confidence": 1.0
    },
    {
      "id": 10,
      "text": "रसातील",
      "sentence": 4,
      "start": 209,
      "end": 214,
      "confidence": 1.0
    },
    {
      "id": 11,
      "text": "धागे",
      "sentence": 4,
      "start": 229,
      "end": 232,
      "confidence": 1.0
    },
    {
      "id": 12,
      "text": "रचनेमध्ये",
      "sentence": 4,
      "start": 272,
      "end": 279,
      "confidence": 1.0
    },
    {
      "id": 13,
      "text": "साखर",
      "sentence": 4,
      "start": 280,
      "end": 283,
      "confidence": 1.0
    },
    {
      "id": 14,
      "text": "पदार्थ",
      "sentence": 4,
      "start": 290,
      "end": 294,
      "confidence": 1.0
    },
    {
      "id": 15,
      "text": "त्याला",
      "sentence": 4,
      "start": 306,
      "end": 309,
      "confidence": 1.0
    },
    {
      "id": 16,
      "text": "जॅमचे",
      "sentence": 4,
      "start": 310,
      "end": 314,
      "confidence": 1.0
    },
    {
      "id": 17,
      "text": "अस्तित्व",
      "sentence": 4,
      "start": 315,
      "end": 320,
      "confidence": 1.0
    },
    {
      "id": 18,
      "text": "आक्षेप",
      "sentence": 5,
      "start": 361,
      "end": 365,
      "confidence": 1.0
    },
    {
      "id": 19,
      "text": "भाजपमध्ये",
      "sentence": 6,
      "start": 407,
      "end": 413,
      "confidence": 1.0
    },
    {
      "id": 20,
      "text": "प्रवेश",
      "sentence": 6,
      "start": 414,
      "end": 418,
      "confidence": 1.0
    },
    {
      "id": 21,
      "text": "क्षेत्रातील",
      "sentence": 7,
      "start": 431,
      "end": 437,
      "confidence": 1.0
    },
    {
      "id": 22,
      "text": "कमजोरीमुळे",
      "sentence": 7,
      "start": 438,
      "end": 445,
      "confidence": 1.0
    },
    {
      "id": 23,
      "text": "कुटुंबीयांना",
      "sentence": 8,
      "start": 499,
      "end": 507,
      "confidence": 1.0
    },
    {
      "id": 24,
      "text": "सरकार",
      "sentence": 8,
      "start": 508,
      "end": 512,
      "confidence": 1.0
    },
    {
      "id": 25,
      "text": "रुपये",
      "sentence": 8,
      "start": 520,
      "end": 523,
      "confidence": 1.0
    },
    {
      "id": 26,
      "text": "त्यांनी",
      "sentence": 8,
      "start": 542,
      "end": 545,
      "confidence": 1.0
    },
    {
      "id": 27,
      "text": "बेळगाव",
      "sentence": 9,
      "start": 576,
      "end": 580,
      "confidence": 1.0
    },
    {
      "id": 28,
      "text": "पदवीदान",
      "sentence": 9,
      "start": 611,
      "end": 617,
      "confidence": 1.0
    },
    {
      "id": 29,
      "text": "समारंभात",
      "sentence": 9,
      "start": 618,
      "end": 624,
      "confidence": 1.0
    },
    {
      "id": 30,
      "text": "चंदगड",
      "sentence": 9,
      "start": 626,
      "end": 630,
      "confidence": 1.0
    },
    {
      "id": 31,
      "text": "अष्टे",
      "sentence": 9,
      "start": 633,
      "end": 636,
      "confidence": 1.0
    },
    {
      "id": 32,
      "text": "संघाचे",
      "sentence": 10,
      "start": 658,
      "end": 662,
      "confidence": 1.0
    },
    {
      "id": 33,
      "text": "किरण",
      "sentence": 10,
      "start": 669,
      "end": 671,
      "confidence": 1.0
    },
    {
      "id": 34,
      "text": "उद्योजक",
      "sentence": 10,
      "start": 678,
      "end": 682,
      "confidence": 1.0
    },
    {
      "id": 35,
      "text": "प्रकाश",
      "sentence": 10,
      "start": 691,
      "end": 695,
      "confidence": 1.0
    },
    {
      "id": 36,
      "text": "जिल्हा",
      "sentence": 10,
      "start": 710,
      "end": 713,
      "confidence": 1.0
    },
    {
      "id": 37,
      "text": "परिषद",
      "sentence": 10,
      "start": 715,
      "end": 718,
      "confidence": 1.0
    },
    {
      "id": 38,
      "text": "सदस्य",
      "sentence": 10,
      "start": 720,
      "end": 723,
      "confidence": 1.0
    },
    {
      "id": 39,
      "text": "बाळासाहेब",
      "sentence": 10,
      "start": 732,
      "end": 738,
      "confidence": 1.0
    },
    {
      "id": 40,
      "text": "पवार",
      "sentence": 10,
      "start": 740,
      "end": 743,
      "confidence": 1.0
    },
    {
      "id": 41,
      "text": "महेंद्र",
      "sentence": 10,
      "start": 745,
      "end": 749,
      "confidence": 1.0
    }
  ],
  "clusters": [
    [
      4,
      10,
      15,
      19,
      20
    ],
    [
      5,
      6,
      9
    ],
    [
      8,
      13
    ]
  ]
}