{
  "document_id": "document_98",
  "sentences": [
    "या सर्व घटक फार चांगले शरीराच्या संरक्षणात्मक गुणधर्म वाढ आणि सामान्य रक्ताभिसरण आणि रक्त निर्मिती होऊ आहेत.",
    "या कुरूप अट हृदय व रक्तवाहिन्या समस्या देखील होऊ शकते.",
    "आता हे शक्ती परीक्षण ३१ मार्च रोजी होणार आहे, असे त्यांनी स्पष्ट केले.",
    "याव्यतिरिक्त, कोळशाचे गोळे हा प्रकार पशु प्रथिने एक उत्कृष्ट पर्याय आहे.",
    "परंतु जो तोडगा सुचवला आहे, तो योग्य नाही, असे ते म्हणाले.",
    "पिंपरी-चिंचवड परिसरातील दापोडी येथे गांजा विक्रीसाठी आलेल्या इसमांकडून तीन किलो गांजा आणि जिवंत काडतुसासह गावठी पिस्तुल हस्तगत केले आहे.",
    "मंदिराच्या पाठिमागे तलाव आणि एक छोटे शिवमंदिर आहे.",
    "यावेळी युनियनचे राज्य अध्यक्ष एकनाथ ढाकणे यांनी जिल्हा परिषदेच्या अध्यक्षपदी निवड झाल्याबद्दल घुले यांचा व उपाध्यक्षपदी निवड झाल्याबद्दल शेळके यांचा सत्कार करून शुभेच्छा दिल्या.",
    "विमानतळांवर देण्यात येणा-या विशेष सुरक्षेतून वगळण्यात यावे असे पत्र प्रियंका गांधी यांनी एसपीजीचे प्रमुख दुर्गाप्रसाद यांना लिहले आहे.",
    "हो मला पण आठवल..",
    "आम्ही ( मुली) कॉलेज मधे रोज डब्बा घेउन जायचो .",
    "आणी मुले आमच्या डब्ब्यावर ताव मारायची.",
    "पण काही वाटायचे नाही .",
    "चहा पिताना पण शेअर करुनच...खुप मस्त वाटतय ..",
    "क्या मस्त मजेचे दिवस होते...",
    "कोण काय म्ह्णेल वगैरे भावना मनाला शिवत नव्हत्या....निखळ आनद...",
    "मात्र अनेकदा चांगली कथा आणि आशय असतानाही या सिनेमाना थिएटर्स मिळत नसल्याने मराठी सिनेसृष्टीतून नाराजीचा सूर पाहायला मिळत आहे.",
    "लंडन : लंडनच्या एरवी शांत असलेल्या रस्त्यांवर शुक्रवारी भारतीय शक्तीचं दर्शन झालं.",
    "पण, विकासकांकडून हा नियम पाळला जात नाही.",
    "सेनेला ६३ जागा मिळाल्या.",
    "तूर ,मठ ,मसूर व चना डाळ यांचे दरही शंभर रुपयांकडे आगेकूच करीत आहेत.",
    "तज्ञ आधार दुर्लक्ष करू नका, स्वत: ची अगदी साधी, उशिर प्रकरणांमध्ये, अतिशय धोकादायक!",
    "मात्र पोलिसांच्या या नाकाबंदीतून नेमके सोनसाखळी चोर कसे सुटतात याचं कोडं नाशिककरांना उलगडत नाही.",
    "त्यानंतर आरोपींनी महिलेकडे तीन लाख रुपयांची मागणी करत भाऊ, पती आणि मुलांना जीवे मारण्याची धमकी दिली.",
    "यास उत्तर देताना कासारवल्ली म्हणाले की, माझ्या चित्रपट कारकीर्दीच्या चाळीसाव्या वर्षात मिळालेल्या या पुरस्काराने इतर सर्व पुरस्कारांच्या तुलनेने अधिक आनंद झाला आहे.",
    "या पराभवानंतर शिवसेनेने काँग्रेसच्या पराभवाचं कारण सांगत काँग्रेस पक्षाचे अध्यक्ष राहुल गांधी यांच्यावर हल्लाबोल केला आहे.",
    "आपली प्राधान्ये आधारित एक स्थान निवडा.",
    "एका टिंबातही खूप ताकद असते अर्थ बदलवून टाकण्याची!",
    "या चित्रपटाच्या माध्यमातून आम्ही दोघे पहिल्यांदाच एकत्रित येत असल्याचे अभिनेता निखिल राउत याने लोकमत सीएनएक्सला सांगितले.",
    "मुख्य म्हणजे हे क्षण व्यक्तिरेखांशी सुसंगत असल्यामुळे केवळ रिलीफसाठी, ह्युमरसाठी घुसडलेले ठरत नाहीत, तर ते कथेचा भाग म्हणून अतिशय उत्स्फूर्तपणे येतात, व्यक्तिरेखांना अधिक खोली देऊन जातात.",
    "इमारती लाकूड भिंती ग्राइंडर प्रक्रिया",
    "एकमेव कळमनुरी विधानसभा मतदार संघ काँग्रेसच्या ताब्यात असल्याने काँग्रेसचा गड राखण्याचे आव्हान सध्या विद्यमान आ."
  ],
  "mentions": [
    {
      "id": 0,
      "text": "शरीराच्या",
      "sentence": 0,
      "start": 22,
      "end": 29,
      "confidence": 1.0
    },
    {
      "id": 1,
      "text": "गुणधर्म",
      "sentence": 0,
      "start": 40,
      "end": 46,
      "confidence": 1.0
    },
    {
      "id": 2,
      "text": "रक्ताभिसरण",
      "sentence": 0,
      "start": 64,
      "end": 72,
      "confidence": 1.0
    },
    {
      "id": 3,
      "text": "रक्त",
      "sentence": 0,
      "start": 78,
      "end": 81,
      "confidence": 1.0
    },
    {
      "id": 4,
      "text": "निर्मिती",
      "sentence": 0,
      "start": 82,
      "end": 87,
      "confidence": 1.0
    },
    {
      "id": 5,
      "text": "हृदय",
      "sentence": 1,
      "start": 11,
      "end": 14,
      "confidence": 1.0
    },
    {
      "id": 6,
      "text": "रक्तवाहिन्या",
      "sentence": 1,
      "start": 18,
      "end": 26,
      "confidence": 1.0
    },
    {
      "id": 7,
      "text": "समस्या",
      "sentence": 1,
      "start": 27,
      "end": 31,
      "confidence": 1.0
    },
    {
      "id": 8,
      "text": "शक्ती",
      "sentence": 2,
      "start": 7,
      "end": 10,
      "confidence": 1.0
    },
    {
      "id": 9,
      "text": "परीक्षण",
      "sentence": 2,
      "start": 11,
      "end": 15,
      "confidence": 1.0
    },
    {
      "id": 10,
      "text": "मार्च",
      "sentence": 2,
      "start": 21,
      "end": 24,
      "confidence": 1.0
    },
    {
      "id": 11,
      "text": "त्यांनी",
      "sentence": 2,
      "start": 45,
      "end": 49,
      "confidence": 1.0
    },
    {
      "id": 12,
      "text": "कोळशाचे",
      "sentence": 3,
      "start": 10,
      "end": 16,
      "confidence": 1.0
    },
    {
      "id": 13,
      "text": "गोळे",
      "sentence": 3,
      "start": 17,
      "end": 20,
      "confidence": 1.0
    },
    {
      "id": 14,
      "text": "प्रकार",
      "sentence": 3,
      "start": 24,
      "end": 27,
      "confidence": 1.0
    },
    {
      "id": 15,
      "text": "प्रथिने",
      "sentence": 3,
      "start": 31,
      "end": 35,
      "confidence": 1.0
    },
    {
      "id": 16,
      "text": "पर्याय",
      "sentence": 3,
      "start": 41,
      "end": 44,
      "confidence": 1.0
    },
    {
      "id": 17,
      "text": "तो",
      "sentence": 4,
      "start": 24,
      "end": 25,
      "confidence": 1.0
    },
    {
      "id": 18,
      "text": "ते",
      "sentence": 4,
      "start": 38,
      "end": 39,
      "confidence": 1.0
    },
    {
      "id": 19,
      "text": "पिंपरी-चिंचवड",
      "sentence": 5,
      "start": 0,
      "end": 13,
      "confidence": 1.0
    },
    {
      "id": 20,
      "text": "गांजा",
      "sentence": 5,
      "start": 30,
      "end": 33,
      "confidence": 1.0
    },
    {
      "id": 21,
      "text": "इसमांकडून",
      "sentence": 5,
      "start": 42,
      "end": 49,
      "confidence": 1.0
    },
    {
      "id": 22,
      "text": "किलो",
      "sentence": 5,
      "start": 55,
      "end": 58,
      "confidence": 1.0
    },
    {
      "id": 23,
      "text": "गांजा",
      "sentence": 5,
      "start": 59,
      "end": 62,
      "confidence": 1.0
    },
    {
      "id": 24,
      "text": "पिस्तुल",
      "sentence": 5,
      "start": 86,
      "end": 90,
      "confidence": 1.0
    },
    {
      "id": 25,
      "text": "मंदिराच्या",
      "sentence": 6,
      "start": 0,
      "end": 8,
      "confidence": 1.0
    },
    {
      "id": 26,
      "text": "तलाव",
      "sentence": 6,
      "start": 17,
      "end": 20,
      "confidence": 1.0
    },
    {
      "id": 27,
      "text": "शिवमंदिर",
      "sentence": 6,
      "start": 31,
      "end": 37,
      "confidence": 1.0
    },
    {
      "id": 28,
      "text": "युनियनचे",
      "sentence": 7,
      "start": 6,
      "end": 12,
      "confidence": 1.0
    },
    {
      "id": 29,
      "text": "राज्य",
      "sentence": 7,
      "start": 13,
      "end": 16,
      "confidence": 1.0
    },
    {
      "id": 30,
      "text": "जिल्हा",
      "sentence": 7,
      "start": 36,
      "end": 39,
      "confidence": 1.0
    },
    {
      "id": 31,
      "text": "घुले",
      "sentence": 7,
      "start": 64,
      "end": 67,
      "confidence": 1.0
    },
    {
      "id": 32,
      "text": "उपाध्यक्षपदी",
      "sentence": 7,
      "start": 74,
      "end": 81,
      "confidence": 1.0
    },
    {
      "id": 33,
      "text": "शेळके",
      "sentence": 7,
      "start": 92,
      "end": 96,
      "confidence": 1.0
    },
    {
      "id": 34,
      "text": "सत्कार",
      "sentence": 7,
      "start": 102,
      "end": 106,
      "confidence": 1.0
    },
    {
      "id": 35,
      "text": "शुभेच्छा",
      "sentence": 7,
      "start": 111,
      "end": 116,
      "confidence": 1.0
    },
    {
      "id": 36,
      "text": "विमानतळांवर",
      "sentence": 8,
      "start": 0,
      "end": 8,
      "confidence": 1.0
    },
    {
      "id": 37,
      "text": "सुरक्षेतून",
      "sentence": 8,
      "start": 26,
      "end": 32,
      "confidence": 1.0
    },
    {
      "id": 38,
      "text": "पत्र",
      "sentence": 8,
      "start": 45,
      "end": 47,
      "confidence": 1.0
    },
    {
      "id": 39,
      "text": "प्रियंका",
      "sentence": 8,
      "start": 48,
      "end": 53,
      "confidence": 1.0
    },
    {
      "id": 40,
      "text": "गांधी",
      "sentence": 8,
      "start": 54,
      "end": 57,
      "confidence": 1.0
    },
    {
      "id": 41,
      "text": "एसपीजीचे",
      "sentence": 8,
      "start": 60,
      "end": 66,
      "confidence": 1.0
    },
    {
      "id": 42,
      "text": "दुर्गाप्रसाद",
      "sentence": 8,
      "start": 71,
      "end": 78,
      "confidence": 1.0
    },
    {
      "id": 43,
      "text": "मला",
      "sentence": 9,
      "start": 3,
      "end": 5,
      "confidence": 1.0
    },
    {
      "id": 44,
      "text": "आम्ही",
      "sentence": 10,
      "start": 0,
      "end": 3,
      "confidence": 1.0
    },
    {
      "id": 45,
      "text": "मुली",
      "sentence": 10,
      "start": 7,
      "end": 9,
      "confidence": 1.0
    },
    {
      "id": 46,
      "text": "डब्बा",
      "sentence": 10,
      "start": 23,
      "end": 26,
      "confidence": 1.0
    },
    {
      "id": 47,
      "text": "मुले",
      "sentence": 11,
      "start": 5,
      "end": 7,
      "confidence": 1.0
    },
    {
      "id": 48,
      "text": "आमच्या",
      "sentence": 11,
      "start": 8,
      "end": 12,
      "confidence": 1.0
    },
    {
      "id": 49,
      "text": "डब्ब्यावर",
      "sentence": 11,
      "start": 13,
      "end": 18,
      "confidence": 1.0
    },
    {
      "id": 50,
      "text": "दिवस",
      "sentence": 14,
      "start": 14,
      "end": 17,
      "confidence": 1.0
    },
    {
      "id": 51,
      "text": "कोण",
      "sentence": 15,
      "start": 0,
      "end": 2,
      "confidence": 1.0
    },
    {
      "id": 52,
      "text": "काय",
      "sentence": 15,
      "start": 4,
      "end": 6,
      "confidence": 1.0
    },
    {
      "id": 53,
      "text": "भावना",
      "sentence": 15,
      "start": 14,
      "end": 17,
      "confidence": 1.0
    },
    {
      "id": 54,
      "text": "मनाला",
      "sentence": 15,
      "start": 19,
      "end": 22,
      "confidence": 1.0
    },
    {
      "id": 55,
      "text": "सिनेमाना",
      "sentence": 16,
      "start": 37,
      "end": 41,
      "confidence": 1.0
    },
    {
      "id": 56,
      "text": "थिएटर्स",
      "sentence": 16,
      "start": 42,
      "end": 48,
      "confidence": 1.0
    },
    {
      "id": 57,
      "text": "सिनेसृष्टीतून",
      "sentence": 16,
      "start": 60,
      "end": 68,
      "confidence": 1.0
    },
    {
      "id": 58,
      "text": "नाराजीचा",
      "sentence": 16,
      "start": 69,
      "end": 75,
      "confidence": 1.0
    },
    {
      "id": 59,
      "text": "लंडन",
      "sentence": 17,
      "start": 0,
      "end": 3,
      "confidence": 1.0
    },
    {
      "id": 60,
      "text": "रस्त्यांवर",
      "sentence": 17,
      "start": 27,
      "end": 33,
      "confidence": 1.0
    },
    {
      "id": 61,
      "text": "दर्शन",
      "sentence": 17,
      "start": 52,
      "end": 55,
      "confidence": 1.0
    },
    {
      "id": 62,
      "text": "विकासकांकडून",
      "sentence": 18,
      "start": 4,
      "end": 13,
      "confidence": 1.0
    },
    {
      "id": 63,
      "text": "नियम",
      "sentence": 18,
      "start": 16,
      "end": 18,
      "confidence": 1.0
    },
    {
      "id": 64,
      "text": "सेनेला",
      "sentence": 19,
      "start": 0,
      "end": 4,
      "confidence": 1.0
    },
    {
      "id": 65,
      "text": "जागा",
      "sentence": 19,
      "start": 8,
      "end": 10,
      "confidence": 1.0
    },
    {
      "id": 66,
      "text": "मसूर",
      "sentence": 20,
      "start": 12,
      "end": 14,
      "confidence": 1.0
    },
    {
      "id": 67,
      "text": "दरही",
      "sentence": 20,
      "start": 27,
      "end": 30,
      "confidence": 1.0
    },
    {
      "id": 68,
      "text": "रुपयांकडे",
      "sentence": 20,
      "start": 36,
      "end": 42,
      "confidence": 1.0
    },
    {
      "id": 69,
      "text": "आधार",
      "sentence": 21,
      "start": 4,
      "end": 7,
      "confidence": 1.0
    },
    {
      "id": 70,
      "text": "स्वत",
      "sentence": 21,
      "start": 17,
      "end": 19,
      "confidence": 1.0
    },
    {
      "id": 71,
      "text": "सोनसाखळी",
      "sentence": 22,
      "start": 31,
      "end": 38,
      "confidence": 1.0
    },
    {
      "id": 72,
      "text": "नाशिककरांना",
      "sentence": 22,
      "start": 54,
      "end": 62,
      "confidence": 1.0
    },
    {
      "id": 73,
      "text": "आरोपींनी",
      "sentence": 23,
      "start": 8,
      "end": 13,
      "confidence": 1.0
    },
    {
      "id": 74,
      "text": "महिलेकडे",
      "sentence": 23,
      "start": 14,
      "end": 19,
      "confidence": 1.0
    },
    {
      "id": 75,
      "text": "रुपयांची",
      "sentence": 23,
      "start": 30,
      "end": 36,
      "confidence": 1.0
    },
    {
      "id": 76,
      "text": "मागणी",
      "sentence": 23,
      "start": 37,
      "end": 40,
      "confidence": 1.0
    },
    {
      "id": 77,
      "text": "मुलांना",
      "sentence": 23,
      "start": 58,
      "end": 61,
      "confidence": 1.0
    },
    {
      "id": 78,
      "text": "धमकी",
      "sentence": 23,
      "start": 70,
      "end": 73,
      "confidence": 1.0
    },
    {
      "id": 79,
      "text": "उत्तर",
      "sentence": 24,
      "start": 3,
      "end": 6,
      "confidence": 1.0
    },
    {
      "id": 80,
      "text": "कासारवल्ली",
      "sentence": 24,
      "start": 12,
      "end": 20,
      "confidence": 1.0
    },
    {
      "id": 81,
      "text": "माझ्या",
      "sentence": 24,
      "start": 28,
      "end": 31,
      "confidence": 1.0
    },
    {
      "id": 82,
      "text": "चित्रपट",
      "sentence": 24,
      "start": 32,
      "end": 36,
      "confidence": 1.0
    },
    {
      "id": 83,
      "text": "कारकीर्दीच्या",
      "sentence": 24,
      "start": 37,
      "end": 45,
      "confidence": 1.0
    },
    {
      "id": 84,
      "text": "वर्षात",
      "sentence": 24,
      "start": 56,
      "end": 59,
      "confidence": 1.0
    },
    {
      "id": 85,
      "text": "पुरस्काराने",
      "sentence": 24,
      "start": 68,
      "end": 74,
      "confidence": 1.0
    },
    {
      "id": 86,
      "text": "आनंद",
      "sentence": 24,
      "start": 102,
      "end": 105,
      "confidence": 1.0
    },
    {
      "id": 87,
      "text": "पराभवानंतर",
      "sentence": 25,
      "start": 3,
      "end": 10,
      "confidence": 1.0
    },
    {
      "id": 88,
      "text": "शिवसेनेने",
      "sentence": 25,
      "start": 11,
      "end": 17,
      "confidence": 1.0
    },
    {
      "id": 89,
      "text": "कारण",
      "sentence": 25,
      "start": 32,
      "end": 35,
      "confidence": 1.0
    },
    {
      "id": 90,
      "text": "काँग्रेस",
      "sentence": 25,
      "start": 42,
      "end": 46,
      "confidence": 1.0
    },
    {
      "id": 91,
      "text": "पक्षाचे",
      "sentence": 25,
      "start": 47,
      "end": 50,
      "confidence": 1.0
    },
    {
      "id": 92,
      "text": "गांधी",
      "sentence": 25,
      "start": 60,
      "end": 63,
      "confidence": 1.0
    },
    {
      "id": 93,
      "text": "हल्लाबोल",
      "sentence": 25,
      "start": 70,
      "end": 75,
      "confidence": 1.0
    },
    {
      "id": 94,
      "text": "प्राधान्ये",
      "sentence": 26,
      "start": 5,
      "end": 9,
      "confidence": 1.0
    },
    {
      "id": 95,
      "text": "स्थान",
      "sentence": 26,
      "start": 22,
      "end": 25,
      "confidence": 1.0
    },
    {
      "id": 96,
      "text": "टिंबातही",
      "sentence": 27,
      "start": 4,
      "end": 9,
      "confidence": 1.0
    },
    {
      "id": 97,
      "text": "ताकद",
      "sentence": 27,
      "start": 16,
      "end": 19,
      "confidence": 1.0
    },
    {
      "id": 98,
      "text": "अर्थ",
      "sentence": 27,
      "start": 23,
      "end": 25,
      "confidence": 1.0
    },
    {
      "id": 99,
      "text": "माध्यमातून",
      "sentence": 28,
      "start": 11,
      "end": 17,
      "confidence": 1.0
    },
    {
      "id": 100,
      "text": "आम्ही",
      "sentence": 28,
      "start": 18,
      "end": 21,
      "confidence": 1.0
    },
    {
      "id": 101,
      "text": "दोघे",
      "sentence": 28,
      "start": 22,
      "end": 25,
      "confidence": 1.0
    },
    {
      "id": 102,
      "text": "अभिनेता",
      "sentence": 28,
      "start": 43,
      "end": 47,
      "confidence": 1.0
    },
    {
      "id": 103,
      "text": "राउत",
      "sentence": 28,
      "start": 52,
      "end": 55,
      "confidence": 1.0
    },
    {
      "id": 104,
      "text": "लोकमत",
      "sentence": 28,
      "start": 60,
      "end": 63,
      "confidence": 1.0
    },
    {
      "id": 105,
      "text": "सीएनएक्सला",
      "sentence": 28,
      "start": 64,
      "end": 71,
      "confidence": 1.0
    },
    {
      "id": 106,
      "text": "क्षण",
      "sentence": 29,
      "start": 9,
      "end": 11,
      "confidence": 1.0
    },
    {
      "id": 107,
      "text": "व्यक्तिरेखांशी",
      "sentence": 29,
      "start": 12,
      "end": 20,
      "confidence": 1.0
    },
    {
      "id": 108,
      "text": "रिलीफसाठी",
      "sentence": 29,
      "start": 33,
      "end": 40,
      "confidence": 1.0
    },
    {
      "id": 109,
      "text": "ते",
      "sentence": 29,
      "start": 67,
      "end": 68,
      "confidence": 1.0
    },
    {
      "id": 110,
      "text": "व्यक्तिरेखांना",
      "sentence": 29,
      "start": 98,
      "end": 106,
      "confidence": 1.0
    },
    {
      "id": 111,
      "text": "खोली",
      "sentence": 29,
      "start": 111,
      "end": 114,
      "confidence": 1.0
    },
    {
      "id": 112,
      "text": "इमारती",
      "sentence": 30,
      "start": 0,
      "end": 4,
      "confidence": 1.0
    },
    {
      "id": 113,
      "text": "लाकूड",
      "sentence": 30,
      "start": 5,
      "end": 8,
      "confidence": 1.0
    },
    {
      "id": 114,
      "text": "भिंती",
      "sentence": 30,
      "start": 9,
      "end": 12,
      "confidence": 1.0
    },
    {
      "id": 115,
      "text": "ग्राइंडर",
      "sentence": 30,
      "start": 13,
      "end": 19,
      "confidence": 1.0
    },
    {
      "id": 116,
      "text": "प्रक्रिया",
      "sentence": 30,
      "start": 20,
      "end": 24,
      "confidence": 1.0
    },
    {
      "id": 117,
      "text": "मतदार",
      "sentence": 31,
      "start": 20,
      "end": 23,
      "confidence": 1.0
    },
    {
      "id": 118,
      "text": "ताब्यात",
      "sentence": 31,
      "start": 35,
      "end": 39,
      "confidence": 1.0
    },
    {
      "id": 119,
      "text": "आव्हान",
      "sentence": 31,
      "start": 59,
      "end": 62,
      "confidence": 1.0
    }
  ],
  "clusters": [
    [
      10,
      12
    ],
    [
      14,
      23
    ],
    [
      15,
      16
    ],
    [
      21,
      22
    ],
    [
      27,
      30
    ],
    [
      39,
      40
    ],
    [
      54,
      55
    ],
    [
      60,
      61,
      65
    ],
    [
      63,
      66
    ],
    [
      82,
      83
    ],
    [
      92,
      93,
      94,
      95,
      96
    ],
    [
      117,
      118
    ]
  ]
}