{
  "document_id": "document_240",
  "sentences": [
    "ज्यात ३५ शतकांचा तर ४६ अर्धशतकांचा समावेश आहे.",
    "न्यूस्टार या क्ष-किरणाच्या दुर्बिणीने या मॅग्नेटारचा शोध लावल्यानंतर इटॉफ आणि इतरांनी जर्मनीतली एफेल्सबर्ग ही १०० मी व्यासाची रेडीओ दुर्बिण याच दिशेला रोखली.",
    "चीनी मजला टेबल एक खेळ म्हणून वापरली जाऊ शकते.",
    "ते जुना प्रकार आहेत.",
    "तरीही उत्तर प्रदेशात मोठे दोन प्रयोग झाले.",
    "सर्व डिश टेबल वर प्रक्षेपित केले जाऊ शकते, लिंबाचा रस सह शिंपडा.",
    "कदाचित जास्त लोकांना मला काय नको हे माहित असत."
  ],
  "mentions": [
    {
      "id": 0,
      "text": "शतकांचा",
      "sentence": 0,
      "start": 8,
      "end": 15,
      "confidence": 1.0
    },
    {
      "id": 1,
      "text": "न्यूस्टार",
      "sentence": 1,
      "start": 41,
      "end": 48,
      "confidence": 1.0
    },
    {
      "id": 2,
      "text": "दुर्बिणीने",
      "sentence": 1,
      "start": 61,
      "end": 69,
      "confidence": 1.0
    },
    {
      "id": 3,
      "text": "इतरांनी",
      "sentence": 1,
      "start": 107,
      "end": 113,
      "confidence": 1.0
    },
    {
      "id": 4,
      "text": "एफेल्सबर्ग",
      "sentence": 1,
      "start": 124,
      "end": 133,
      "confidence": 1.0
    },
    {
      "id": 5,
      "text": "दुर्बिण",
      "sentence": 1,
      "start": 157,
      "end": 162,
      "confidence": 1.0
    },
    {
      "id": 6,
      "text": "टेबल",
      "sentence": 2,
      "start": 211,
      "end": 215,
      "confidence": 1.0
    },
    {
      "id": 7,
      "text": "ते",
      "sentence": 3,
      "start": 257,
      "end": 258,
      "confidence": 1.0
    },
    {
      "id": 8,
      "text": "प्रकार",
      "sentence": 3,
      "start": 265,
      "end": 270,
      "confidence": 1.0
    },
    {
      "id": 9,
      "text": "उत्तर",
      "sentence": 4,
      "start": 284,
      "end": 293,
      "confidence": 0.5
    },
    {
      "id": 10,
      "text": "प्रयोग",
      "sentence": 4,
      "start": 301,
      "end": 306,
      "confidence": 1.0
    },
    {
      "id": 11,
      "text": "टेबल",
      "sentence": 5,
      "start": 330,
      "end": 334,
      "confidence": 1.0
    },
    {
      "id": 12,
      "text": "लोकांना",
      "sentence": 6,
      "start": 398,
      "end": 404,
      "confidence": 1.0
    },
    {
      "id": 13,
      "text": "मला",
      "sentence": 6,
      "start": 405,
      "end": 408,
      "confidence": 1.0
    }
  ],
  "clusters": [
    [
      3,
      4
    ],
    [
      8,
      9
    ]
  ]
}