{
  "document_id": "document_80",
  "sentences": [
    "गोपी - क्या रे साहू?",
    "जर मुले आजारी, कंटाळवाणी, अस्वस्थ आणि खराब कपडे घातले तर ते वाईट आहे.",
    "हे पैसे भारतातून जमा करून ते सिंगापूरमधील बँकांमध्ये पाठवण्यात आले होते.",
    "एसटी महामंडळात नव्याने रुजू झालेल्या अधिकाऱ्यांना आतापर्यंत पहिली ३ वर्षे कनिष्ठ वेतनश्रेणीवर काम करावे लागत होते.",
    "परंतु मा.",
    "परिवहन व खारभूमी विकास मंत्री, तथा एसटी महामंडळाचे अध्यक्ष दिवाकर रावते यांनी सन २०१७ च्या अर्थसंकल्पीय अधिवेशनात एसटीतील सर्वच कर्मचाऱ्यांचा कनिष्ठ वेतनश्रेणीचा कालावधी ३ वर्षावरुन १ वर्षे करण्यात येणार असून, पहिल्‍या ६ महिन्यानंतर संबंधित कर्मचाऱ्याला रु.",
    "५००/- वेतनवाढ देण्यात येणार आहे.",
    "तसेच वर्षभर समाधानकारक काम केल्यानंतर त्या कर्मचाऱ्याला पुढील वर्षांपासून नियमित वेतनश्रेणीचा लाभ देण्यात येणार असल्याची घोषणा केली होती.",
    "त्यानुसार एसटीत कार्यरत असलेल्या सुमारे १ लाख कर्मचाऱ्यांपैकी विविध २५ संवर्गातील मिळून १२ हजार ५१४ कनिष्ठ कर्मचाऱ्यांना या निर्णयाचा फायदा झाला असून, १ एप्रिल २०१७ पासून पूर्वलक्षी प्रभावाने त्यांचे सुधारित वेतन देण्यात येत आहे.",
    "गंजगोलाई भाग हा गजबजलेला असल्याने येथेही मोठ्या प्रमाणात पोलिस सुरक्षेसाठी तैनात करण्यात आले होते.",
    "त्यावर धृतराष्ट्र म्हणाला-हे उत्तम सल्ला देणारे अक्रूर महोदय!",
    "\"व्हिटॅमिन मिश्र मादक पेय\" प्रत्यक्षात वर्ण सुधारते आणि त्वचा मऊ, तेजस्वी करते, flaking, घट्टपणा पासून वाचवतो, लालसरपणा कमी होतो.",
    "कंपनी अलीकडे हे जाहीर केले आणि पहिल्या दिवशी पासून प्रसिद्ध झाले.",
    "'महाराष्ट्र स्वाभिमान रिपब्लिकन पक्षाच्या' प्रदेशाध्यक्ष पदाची त्यांनी जबाबदारी स्वीकारली."
  ],
  "mentions": [
    {
      "id": 0,
      "text": "गोपी",
      "sentence": 0,
      "start": 0,
      "end": 4,
      "confidence": 1.0
    },
    {
      "id": 1,
      "text": "मुले",
      "sentence": 1,
      "start": 26,
      "end": 30,
      "confidence": 1.0
    },
    {
      "id": 2,
      "text": "ते",
      "sentence": 1,
      "start": 93,
      "end": 95,
      "confidence": 1.0
    },
    {
      "id": 3,
      "text": "पैसे",
      "sentence": 2,
      "start": 99,
      "end": 103,
      "confidence": 1.0
    },
    {
      "id": 4,
      "text": "भारत",
      "sentence": 2,
      "start": 107,
      "end": 111,
      "confidence": 1.0
    },
    {
      "id": 5,
      "text": "ते",
      "sentence": 2,
      "start": 125,
      "end": 127,
      "confidence": 1.0
    },
    {
      "id": 6,
      "text": "महामंडळात",
      "sentence": 3,
      "start": 175,
      "end": 183,
      "confidence": 1.0
    },
    {
      "id": 7,
      "text": "अधिकाऱ्यांना",
      "sentence": 3,
      "start": 200,
      "end": 209,
      "confidence": 1.0
    },
    {
      "id": 8,
      "text": "वर्षे",
      "sentence": 3,
      "start": 223,
      "end": 227,
      "confidence": 1.0
    },
    {
      "id": 9,
      "text": "मंत्री",
      "sentence": 5,
      "start": 318,
      "end": 322,
      "confidence": 1.0
    },
    {
      "id": 10,
      "text": "महामंडळाचे",
      "sentence": 5,
      "start": 346,
      "end": 354,
      "confidence": 1.0
    },
    {
      "id": 11,
      "text": "दिवाकर",
      "sentence": 5,
      "start": 360,
      "end": 366,
      "confidence": 1.0
    },
    {
      "id": 12,
      "text": "रावते",
      "sentence": 5,
      "start": 367,
      "end": 371,
      "confidence": 1.0
    },
    {
      "id": 13,
      "text": "अधिवेशनात",
      "sentence": 5,
      "start": 401,
      "end": 409,
      "confidence": 1.0
    },
    {
      "id": 14,
      "text": "कर्मचाऱ्यांचा",
      "sentence": 5,
      "start": 423,
      "end": 432,
      "confidence": 1.0
    },
    {
      "id": 15,
      "text": "कालावधी",
      "sentence": 5,
      "start": 443,
      "end": 449,
      "confidence": 1.0
    },
    {
      "id": 16,
      "text": "वर्षावरुन",
      "sentence": 5,
      "start": 452,
      "end": 459,
      "confidence": 1.0
    },
    {
      "id": 17,
      "text": "वर्षे",
      "sentence": 5,
      "start": 463,
      "end": 467,
      "confidence": 1.0
    },
    {
      "id": 18,
      "text": "कर्मचाऱ्याला",
      "sentence": 5,
      "start": 508,
      "end": 517,
      "confidence": 1.0
    },
    {
      "id": 19,
      "text": "वेतनवाढ",
      "sentence": 6,
      "start": 621,
      "end": 627,
      "confidence": 1.0
    },
    {
      "id": 20,
      "text": "कर्मचाऱ्याला",
      "sentence": 7,
      "start": 684,
      "end": 693,
      "confidence": 1.0
    },
    {
      "id": 21,
      "text": "वर्षांपासून",
      "sentence": 7,
      "start": 702,
      "end": 711,
      "confidence": 1.0
    },
    {
      "id": 22,
      "text": "लाभ",
      "sentence": 7,
      "start": 726,
      "end": 729,
      "confidence": 1.0
    },
    {
      "id": 23,
      "text": "घोषणा",
      "sentence": 7,
      "start": 752,
      "end": 757,
      "confidence": 1.0
    },
    {
      "id": 24,
      "text": "एसटीत",
      "sentence": 8,
      "start": 770,
      "end": 774,
      "confidence": 1.0
    },
    {
      "id": 25,
      "text": "कर्मचाऱ्यांपैकी",
      "sentence": 8,
      "start": 795,
      "end": 806,
      "confidence": 1.0
    },
    {
      "id": 26,
      "text": "कर्मचाऱ्यांना",
      "sentence": 8,
      "start": 849,
      "end": 858,
      "confidence": 1.0
    },
    {
      "id": 27,
      "text": "निर्णयाचा",
      "sentence": 8,
      "start": 863,
      "end": 870,
      "confidence": 1.0
    },
    {
      "id": 28,
      "text": "फायदा",
      "sentence": 8,
      "start": 871,
      "end": 875,
      "confidence": 1.0
    },
    {
      "id": 29,
      "text": "एप्रिल",
      "sentence": 8,
      "start": 893,
      "end": 898,
      "confidence": 1.0
    },
    {
      "id": 30,
      "text": "प्रभावाने",
      "sentence": 8,
      "start": 911,
      "end": 918,
      "confidence": 1.0
    },
    {
      "id": 31,
      "text": "त्यांचे",
      "sentence": 8,
      "start": 919,
      "end": 923,
      "confidence": 1.0
    },
    {
      "id": 32,
      "text": "वेतन",
      "sentence": 8,
      "start": 929,
      "end": 933,
      "confidence": 1.0
    },
    {
      "id": 33,
      "text": "गंजगोलाई",
      "sentence": 9,
      "start": 1005,
      "end": 1014,
      "confidence": 1.0
    },
    {
      "id": 34,
      "text": "पोलिस",
      "sentence": 9,
      "start": 1058,
      "end": 1063,
      "confidence": 1.0
    },
    {
      "id": 35,
      "text": "सुरक्षेसाठी",
      "sentence": 9,
      "start": 1064,
      "end": 1072,
      "confidence": 1.0
    },
    {
      "id": 36,
      "text": "धृतराष्ट्र",
      "sentence": 10,
      "start": 1102,
      "end": 1109,
      "confidence": 1.0
    },
    {
      "id": 37,
      "text": "सल्ला",
      "sentence": 10,
      "start": 1118,
      "end": 1122,
      "confidence": 1.0
    },
    {
      "id": 38,
      "text": "अक्रूर",
      "sentence": 10,
      "start": 1132,
      "end": 1136,
      "confidence": 1.0
    },
    {
      "id": 39,
      "text": "महोदय",
      "sentence": 10,
      "start": 1137,
      "end": 1142,
      "confidence": 1.0
    },
    {
      "id": 40,
      "text": "व्हिटॅमिन",
      "sentence": 11,
      "start": 1154,
      "end": 1162,
      "confidence": 1.0
    },
    {
      "id": 41,
      "text": "वर्ण",
      "sentence": 11,
      "start": 1176,
      "end": 1179,
      "confidence": 1.0
    },
    {
      "id": 42,
      "text": "त्वचा",
      "sentence": 11,
      "start": 1193,
      "end": 1197,
      "confidence": 1.0
    },
    {
      "id": 43,
      "text": "flaking",
      "sentence": 11,
      "start": 1224,
      "end": 1231,
      "confidence": 1.0
    },
    {
      "id": 44,
      "text": "घट्टपणा",
      "sentence": 11,
      "start": 1233,
      "end": 1239,
      "confidence": 1.0
    },
    {
      "id": 45,
      "text": "लालसरपणा",
      "sentence": 11,
      "start": 1256,
      "end": 1265,
      "confidence": 1.0
    },
    {
      "id": 46,
      "text": "कंपनी",
      "sentence": 12,
      "start": 1290,
      "end": 1295,
      "confidence": 1.0
    },
    {
      "id": 47,
      "text": "महाराष्ट्र",
      "sentence": 13,
      "start": 1363,
      "end": 1371,
      "confidence": 1.0
    },
    {
      "id": 48,
      "text": "स्वाभिमान",
      "sentence": 13,
      "start": 1372,
      "end": 1379,
      "confidence": 1.0
    },
    {
      "id": 49,
      "text": "रिपब्लिकन",
      "sentence": 13,
      "start": 1380,
      "end": 1388,
      "confidence": 1.0
    },
    {
      "id": 50,
      "text": "प्रदेशाध्यक्ष",
      "sentence": 13,
      "start": 1397,
      "end": 1407,
      "confidence": 1.0
    },
    {
      "id": 51,
      "text": "पदाची",
      "sentence": 13,
      "start": 1408,
      "end": 1412,
      "confidence": 1.0
    },
    {
      "id": 52,
      "text": "त्यांनी",
      "sentence": 13,
      "start": 1413,
      "end": 1418,
      "confidence": 1.0
    },
    {
      "id": 53,
      "text": "जबाबदारी",
      "sentence": 13,
      "start": 1419,
      "end": 1426,
      "confidence": 1.0
    }
  ],
  "clusters": [
    [
      2,
      3
    ],
    [
      4,
      6
    ],
    [
      9,
      14,
      21,
      35
    ],
    [
      10,
      15
    ],
    [
      17,
      18
    ],
    [
      27,
      31
    ],
    [
      36,
      38,
      43
    ],
    [
      45,
      46
    ],
    [
      51,
      52
    ]
  ]
}