{
  "document_id": "document_236",
  "sentences": [
    "आणि दर शुक्रवारी येणारं आपणा सर्वाच्या आवडीचं ‘घर-अंगण’ आता पाहा, दर सोमवारी!",
    "ती सवय घरात इतर कुणालाही नव्हती.",
    "2009 मध्ये ‘फियान’ चक्रीवादळ 11 नोव्हेंबर रोजी अलिबाग व मुंबईदरम्यान महाराष्ट्रात धडकले होते.",
    "बंगालच्या उपसागराच्या तुलनेत अरबी समुद्रात चक्रीवादळ निर्माण होण्याची शक्यता केवळ 20 टक्केच आहे.",
    "‘ओखी’ची तीव्रता समुद्रातच कमी होणार असल्यामुळे महाराष्ट्रात ते चक्रीवादळाच्या स्वरूपात प्रवेश करणार नाही",
    "सामना संपायला दोन चेंडू असताना वॉटसन धावचीत झाला आणि सामन्याला पुन्हा कलाटणी मिळाली.",
    "कोल्हापूर जिल्हय़ातील तालुकास्तरीय संजय गांधी निराधार समितीवर सामाजिक कार्यकर्ते उमेश शामराव देसाई (सेनापती कापशी)यांची निवड करण्यात आली.",
    "या निवडीने देसाई यांच्या सामाजिक कार्याला आणखीन बळ मिळणार आहे.",
    "उमेश देसाई यांची शासन नोंदणीकृत स्वयंसेवी संस्थेचा प्रतिनिधी म्हणून निवड करण्यात आलेचे जिल्हाधिकारी अविनाश सुभेदार यांनी पत्राद्वारे कळविले आहे.",
    "चिंचोली खुर्द ग्रामपंचायत आवारात प्रजासत्ताक दिनाच्या दिवशी सकाळी झेंडावंदन झाल्यानंतर ग्रामसचिव रमेश सुखदेवराव उईके (वय ५०) व  ग्रामपंचायत कर्मचारी नंदकिशोर वसु, कमलेश खंडारे, प्रमोद आंबडकर हे आपल्या कार्यालयात शासकीय कामकाज करत होते.",
    "लातूर शहरावर आजपर्यंत काँग्रेसची एकहाती सत्ता होती.",
    "रिंग प्रवेशद्वार.",
    "''ए गप्प गं, त्यांना काय कमी टेन्शन्स असतात का!",
    "अशा सजावट हिवाळा सुटी नाही फक्त संबंधित आहे: वर्षी एक रोमँटिक वातावरण तयार होईल तो संपूर्ण.",
    "अनेक शास्रज्ञांच्या मते याचे कारण HFCS आहे.",
    "या प्रकरणी पती राजेंद्र चंद्रमनी दास (वय 37) याच्याविरोधात गुन्हा दाखल करण्यात आला आहे.",
    "आणि या वर्ण तेजस्वी तीव्रता आहे.",
    "ऑल्मपिक चॅम्पिअन जिमनास्ट गेबी डगलस नसरवर आरोप लावताना म्हणाली होती की, ती देखील त्याच ग्रुपचा भाग होती.",
    "पहिली म्हणजे गांधी-नेहरू घराण्याने काय केलं आणि दुसरी म्हणजे अर्थातच माझ्यावर त्यांचं असलेलं ‘प्रेम’!"
  ],
  "mentions": [
    {
      "id": 0,
      "text": "आपणा",
      "sentence": 0,
      "start": 19,
      "end": 23,
      "confidence": 1.0
    },
    {
      "id": 1,
      "text": "घर-अंगण",
      "sentence": 0,
      "start": 33,
      "end": 40,
      "confidence": 1.0
    },
    {
      "id": 2,
      "text": "ती",
      "sentence": 1,
      "start": 60,
      "end": 61,
      "confidence": 1.0
    },
    {
      "id": 3,
      "text": "घरात",
      "sentence": 1,
      "start": 67,
      "end": 71,
      "confidence": 1.0
    },
    {
      "id": 4,
      "text": "कुणालाही",
      "sentence": 1,
      "start": 76,
      "end": 82,
      "confidence": 1.0
    },
    {
      "id": 5,
      "text": "2009",
      "sentence": 2,
      "start": 85,
      "end": 89,
      "confidence": 1.0
    },
    {
      "id": 6,
      "text": "फियान",
      "sentence": 2,
      "start": 96,
      "end": 100,
      "confidence": 1.0
    },
    {
      "id": 7,
      "text": "चक्रीवादळ",
      "sentence": 2,
      "start": 103,
      "end": 109,
      "confidence": 1.0
    },
    {
      "id": 8,
      "text": "नोव्हेंबर",
      "sentence": 2,
      "start": 115,
      "end": 122,
      "confidence": 1.0
    },
    {
      "id": 9,
      "text": "महाराष्ट्रात",
      "sentence": 2,
      "start": 146,
      "end": 155,
      "confidence": 1.0
    },
    {
      "id": 10,
      "text": "उपसागराच्या",
      "sentence": 3,
      "start": 169,
      "end": 178,
      "confidence": 1.0
    },
    {
      "id": 11,
      "text": "तुलनेत",
      "sentence": 3,
      "start": 179,
      "end": 184,
      "confidence": 1.0
    },
    {
      "id": 12,
      "text": "समुद्रात",
      "sentence": 3,
      "start": 190,
      "end": 196,
      "confidence": 1.0
    },
    {
      "id": 13,
      "text": "चक्रीवादळ",
      "sentence": 3,
      "start": 197,
      "end": 203,
      "confidence": 1.0
    },
    {
      "id": 14,
      "text": "शक्यता",
      "sentence": 3,
      "start": 215,
      "end": 220,
      "confidence": 1.0
    },
    {
      "id": 15,
      "text": "तीव्रता",
      "sentence": 4,
      "start": 241,
      "end": 246,
      "confidence": 1.0
    },
    {
      "id": 16,
      "text": "समुद्रातच",
      "sentence": 4,
      "start": 247,
      "end": 254,
      "confidence": 1.0
    },
    {
      "id": 17,
      "text": "महाराष्ट्रात",
      "sentence": 4,
      "start": 267,
      "end": 276,
      "confidence": 1.0
    },
    {
      "id": 18,
      "text": "ते",
      "sentence": 4,
      "start": 277,
      "end": 279,
      "confidence": 1.0
    },
    {
      "id": 19,
      "text": "स्वरूपात",
      "sentence": 4,
      "start": 291,
      "end": 298,
      "confidence": 1.0
    },
    {
      "id": 20,
      "text": "सामना",
      "sentence": 5,
      "start": 303,
      "end": 307,
      "confidence": 1.0
    },
    {
      "id": 21,
      "text": "चेंडू",
      "sentence": 5,
      "start": 316,
      "end": 320,
      "confidence": 1.0
    },
    {
      "id": 22,
      "text": "वॉटसन",
      "sentence": 5,
      "start": 328,
      "end": 333,
      "confidence": 1.0
    },
    {
      "id": 23,
      "text": "सामन्याला",
      "sentence": 5,
      "start": 349,
      "end": 356,
      "confidence": 1.0
    },
    {
      "id": 24,
      "text": "कलाटणी",
      "sentence": 5,
      "start": 363,
      "end": 368,
      "confidence": 1.0
    },
    {
      "id": 25,
      "text": "कोल्हापूर",
      "sentence": 6,
      "start": 372,
      "end": 379,
      "confidence": 1.0
    },
    {
      "id": 26,
      "text": "गांधी",
      "sentence": 6,
      "start": 405,
      "end": 410,
      "confidence": 1.0
    },
    {
      "id": 27,
      "text": "कार्यकर्ते",
      "sentence": 6,
      "start": 433,
      "end": 439,
      "confidence": 1.0
    },
    {
      "id": 28,
      "text": "उमेश",
      "sentence": 6,
      "start": 440,
      "end": 444,
      "confidence": 1.0
    },
    {
      "id": 29,
      "text": "शामराव",
      "sentence": 6,
      "start": 445,
      "end": 450,
      "confidence": 1.0
    },
    {
      "id": 30,
      "text": "देसाई",
      "sentence": 6,
      "start": 451,
      "end": 455,
      "confidence": 1.0
    },
    {
      "id": 31,
      "text": "सेनापती",
      "sentence": 6,
      "start": 457,
      "end": 463,
      "confidence": 1.0
    },
    {
      "id": 32,
      "text": "कापशी",
      "sentence": 6,
      "start": 464,
      "end": 469,
      "confidence": 1.0
    },
    {
      "id": 33,
      "text": "यांची",
      "sentence": 6,
      "start": 470,
      "end": 474,
      "confidence": 1.0
    },
    {
      "id": 34,
      "text": "निवडीने",
      "sentence": 7,
      "start": 485,
      "end": 490,
      "confidence": 1.0
    },
    {
      "id": 35,
      "text": "देसाई",
      "sentence": 7,
      "start": 491,
      "end": 495,
      "confidence": 1.0
    },
    {
      "id": 36,
      "text": "कार्याला",
      "sentence": 7,
      "start": 508,
      "end": 513,
      "confidence": 1.0
    },
    {
      "id": 37,
      "text": "उमेश",
      "sentence": 8,
      "start": 531,
      "end": 535,
      "confidence": 1.0
    },
    {
      "id": 38,
      "text": "देसाई",
      "sentence": 8,
      "start": 536,
      "end": 540,
      "confidence": 1.0
    },
    {
      "id": 39,
      "text": "यांची",
      "sentence": 8,
      "start": 541,
      "end": 545,
      "confidence": 1.0
    },
    {
      "id": 40,
      "text": "शासन",
      "sentence": 8,
      "start": 546,
      "end": 550,
      "confidence": 1.0
    },
    {
      "id": 41,
      "text": "संस्थेचा",
      "sentence": 8,
      "start": 562,
      "end": 568,
      "confidence": 1.0
    },
    {
      "id": 42,
      "text": "जिल्हाधिकारी",
      "sentence": 8,
      "start": 596,
      "end": 606,
      "confidence": 1.0
    },
    {
      "id": 43,
      "text": "अविनाश",
      "sentence": 8,
      "start": 607,
      "end": 612,
      "confidence": 1.0
    },
    {
      "id": 44,
      "text": "सुभेदार",
      "sentence": 8,
      "start": 613,
      "end": 619,
      "confidence": 1.0
    },
    {
      "id": 45,
      "text": "यांनी",
      "sentence": 8,
      "start": 620,
      "end": 624,
      "confidence": 1.0
    },
    {
      "id": 46,
      "text": "पत्राद्वारे",
      "sentence": 8,
      "start": 625,
      "end": 632,
      "confidence": 1.0
    },
    {
      "id": 47,
      "text": "खुर्द",
      "sentence": 9,
      "start": 647,
      "end": 651,
      "confidence": 1.0
    },
    {
      "id": 48,
      "text": "ग्रामपंचायत",
      "sentence": 9,
      "start": 652,
      "end": 660,
      "confidence": 1.0
    },
    {
      "id": 49,
      "text": "आवारात",
      "sentence": 9,
      "start": 661,
      "end": 666,
      "confidence": 1.0
    },
    {
      "id": 50,
      "text": "प्रजासत्ताक",
      "sentence": 9,
      "start": 667,
      "end": 675,
      "confidence": 1.0
    },
    {
      "id": 51,
      "text": "दिनाच्या",
      "sentence": 9,
      "start": 676,
      "end": 681,
      "confidence": 1.0
    },
    {
      "id": 52,
      "text": "झेंडावंदन",
      "sentence": 9,
      "start": 692,
      "end": 700,
      "confidence": 1.0
    },
    {
      "id": 53,
      "text": "ग्रामसचिव",
      "sentence": 9,
      "start": 712,
      "end": 718,
      "confidence": 1.0
    },
    {
      "id": 54,
      "text": "सुखदेवराव",
      "sentence": 9,
      "start": 724,
      "end": 732,
      "confidence": 1.0
    },
    {
      "id": 55,
      "text": "उईके",
      "sentence": 9,
      "start": 733,
      "end": 736,
      "confidence": 1.0
    },
    {
      "id": 56,
      "text": "ग्रामपंचायत",
      "sentence": 9,
      "start": 749,
      "end": 757,
      "confidence": 1.0
    },
    {
      "id": 57,
      "text": "कर्मचारी",
      "sentence": 9,
      "start": 758,
      "end": 764,
      "confidence": 1.0
    },
    {
      "id": 58,
      "text": "नंदकिशोर",
      "sentence": 9,
      "start": 765,
      "end": 772,
      "confidence": 1.0
    },
    {
      "id": 59,
      "text": "कमलेश",
      "sentence": 9,
      "start": 778,
      "end": 783,
      "confidence": 1.0
    },
    {
      "id": 60,
      "text": "खंडारे",
      "sentence": 9,
      "start": 784,
      "end": 789,
      "confidence": 1.0
    },
    {
      "id": 61,
      "text": "प्रमोद",
      "sentence": 9,
      "start": 791,
      "end": 795,
      "confidence": 1.0
    },
    {
      "id": 62,
      "text": "आंबडकर",
      "sentence": 9,
      "start": 796,
      "end": 802,
      "confidence": 1.0
    },
    {
      "id": 63,
      "text": "आपल्या",
      "sentence": 9,
      "start": 805,
      "end": 810,
      "confidence": 1.0
    },
    {
      "id": 64,
      "text": "कार्यालयात",
      "sentence": 9,
      "start": 811,
      "end": 819,
      "confidence": 1.0
    },
    {
      "id": 65,
      "text": "कामकाज",
      "sentence": 9,
      "start": 829,
      "end": 834,
      "confidence": 1.0
    },
    {
      "id": 66,
      "text": "लातूर",
      "sentence": 10,
      "start": 841,
      "end": 845,
      "confidence": 1.0
    },
    {
      "id": 67,
      "text": "शहरावर",
      "sentence": 10,
      "start": 846,
      "end": 851,
      "confidence": 1.0
    },
    {
      "id": 68,
      "text": "काँग्रेसची",
      "sentence": 10,
      "start": 859,
      "end": 866,
      "confidence": 1.0
    },
    {
      "id": 69,
      "text": "सत्ता",
      "sentence": 10,
      "start": 873,
      "end": 876,
      "confidence": 1.0
    },
    {
      "id": 70,
      "text": "प्रवेशद्वार",
      "sentence": 11,
      "start": 884,
      "end": 891,
      "confidence": 1.0
    },
    {
      "id": 71,
      "text": "त्यांना",
      "sentence": 12,
      "start": 899,
      "end": 903,
      "confidence": 1.0
    },
    {
      "id": 72,
      "text": "टेन्शन्स",
      "sentence": 12,
      "start": 908,
      "end": 915,
      "confidence": 1.0
    },
    {
      "id": 73,
      "text": "सजावट",
      "sentence": 13,
      "start": 921,
      "end": 926,
      "confidence": 1.0
    },
    {
      "id": 74,
      "text": "हिवाळा",
      "sentence": 13,
      "start": 927,
      "end": 932,
      "confidence": 1.0
    },
    {
      "id": 75,
      "text": "सुटी",
      "sentence": 13,
      "start": 933,
      "end": 936,
      "confidence": 1.0
    },
    {
      "id": 76,
      "text": "वर्षी",
      "sentence": 13,
      "start": 953,
      "end": 956,
      "confidence": 1.0
    },
    {
      "id": 77,
      "text": "वातावरण",
      "sentence": 13,
      "start": 964,
      "end": 970,
      "confidence": 1.0
    },
    {
      "id": 78,
      "text": "तो",
      "sentence": 13,
      "start": 979,
      "end": 980,
      "confidence": 1.0
    },
    {
      "id": 79,
      "text": "याचे",
      "sentence": 14,
      "start": 1000,
      "end": 1004,
      "confidence": 1.0
    },
    {
      "id": 80,
      "text": "कारण",
      "sentence": 14,
      "start": 1005,
      "end": 1009,
      "confidence": 1.0
    },
    {
      "id": 81,
      "text": "राजेंद्र",
      "sentence": 15,
      "start": 1030,
      "end": 1036,
      "confidence": 1.0
    },
    {
      "id": 82,
      "text": "चंद्रमनी",
      "sentence": 15,
      "start": 1037,
      "end": 1043,
      "confidence": 1.0
    },
    {
      "id": 83,
      "text": "गुन्हा",
      "sentence": 15,
      "start": 1068,
      "end": 1072,
      "confidence": 1.0
    },
    {
      "id": 84,
      "text": "वर्ण",
      "sentence": 16,
      "start": 1083,
      "end": 1086,
      "confidence": 1.0
    },
    {
      "id": 85,
      "text": "तीव्रता",
      "sentence": 16,
      "start": 1094,
      "end": 1099,
      "confidence": 1.0
    },
    {
      "id": 86,
      "text": "ऑल्मपिक",
      "sentence": 17,
      "start": 1102,
      "end": 1108,
      "confidence": 1.0
    },
    {
      "id": 87,
      "text": "गेबी",
      "sentence": 17,
      "start": 1123,
      "end": 1126,
      "confidence": 1.0
    },
    {
      "id": 88,
      "text": "आरोप",
      "sentence": 17,
      "start": 1139,
      "end": 1143,
      "confidence": 1.0
    },
    {
      "id": 89,
      "text": "ती",
      "sentence": 17,
      "start": 1162,
      "end": 1163,
      "confidence": 1.0
    },
    {
      "id": 90,
      "text": "गांधी-नेहरू",
      "sentence": 18,
      "start": 1198,
      "end": 1208,
      "confidence": 1.0
    },
    {
      "id": 91,
      "text": "घराण्याने",
      "sentence": 18,
      "start": 1209,
      "end": 1215,
      "confidence": 1.0
    },
    {
      "id": 92,
      "text": "माझ्यावर",
      "sentence": 18,
      "start": 1242,
      "end": 1248,
      "confidence": 1.0
    },
    {
      "id": 93,
      "text": "त्यांचं",
      "sentence": 18,
      "start": 1249,
      "end": 1253,
      "confidence": 1.0
    },
    {
      "id": 94,
      "text": "प्रेम",
      "sentence": 18,
      "start": 1262,
      "end": 1265,
      "confidence": 1.0
    }
  ],
  "clusters": [
    [
      8,
      9
    ],
    [
      23,
      27
    ],
    [
      30,
      33
    ],
    [
      43,
      44,
      45,
      48,
      51,
      52,
      55,
      56,
      57
    ],
    [
      49,
      50,
      61
    ],
    [
      63,
      64,
      65
    ],
    [
      77,
      78,
      79,
      83,
      84,
      85,
      86,
      87,
      88,
      89,
      90
    ]
  ]
}