{
  "document_id": "document_38",
  "sentences": [
    "गुरुवार, 31 ऑक्टोबर 2019",
    "यूएस ला तसंच असतं ना.",
    "नवी दिल्ली, 08 जून : राष्ट्रीय स्वयंसेवक संघाच्या तृतीय वर्ष समारोप वर्गाला माजी राष्ट्रपती प्रणव मुखर्जी यांनी हजेरी लावली होती.",
    "त्यांच्या भाषणाने देशात सहिष्णुतेचे वातावरण वाढीला लागण्यास मदत होईल असं वक्तव्य भाजपाचे ज्येष्ठ नेते लालकृष्ण अडवाणी यांनी केलंय.",
    "दिव्‍या जाधव व कोमल जाधव",
    "मिनिमम बॅलन्स खात्यात ठेवू शकत नाहीत असे लोक कोण आहेत."
  ],
  "mentions": [
    {
      "id": 0,
      "text": "यूएस",
      "sentence": 1,
      "start": 20,
      "end": 22,
      "confidence": 1.0
    },
    {
      "id": 1,
      "text": "दिल्ली",
      "sentence": 2,
      "start": 33,
      "end": 37,
      "confidence": 1.0
    },
    {
      "id": 2,
      "text": "संघाच्या",
      "sentence": 2,
      "start": 72,
      "end": 78,
      "confidence": 1.0
    },
    {
      "id": 3,
      "text": "वर्ष",
      "sentence": 2,
      "start": 87,
      "end": 90,
      "confidence": 1.0
    },
    {
      "id": 4,
      "text": "समारोप",
      "sentence": 2,
      "start": 92,
      "end": 97,
      "confidence": 1.0
    },
    {
      "id": 5,
      "text": "वर्गाला",
      "sentence": 2,
      "start": 100,
      "end": 105,
      "confidence": 1.0
    },
    {
      "id": 6,
      "text": "राष्ट्रपती",
      "sentence": 2,
      "start": 110,
      "end": 116,
      "confidence": 1.0
    },
    {
      "id": 7,
      "text": "प्रणव",
      "sentence": 2,
      "start": 118,
      "end": 122,
      "confidence": 1.0
    },
    {
      "id": 8,
      "text": "मुखर्जी",
      "sentence": 2,
      "start": 124,
      "end": 129,
      "confidence": 1.0
    },
    {
      "id": 9,
      "text": "त्यांच्या",
      "sentence": 3,
      "start": 145,
      "end": 150,
      "confidence": 1.0
    },
    {
      "id": 10,
      "text": "भाषणाने",
      "sentence": 3,
      "start": 152,
      "end": 157,
      "confidence": 1.0
    },
    {
      "id": 11,
      "text": "देशात",
      "sentence": 3,
      "start": 160,
      "end": 163,
      "confidence": 1.0
    },
    {
      "id": 12,
      "text": "सहिष्णुतेचे",
      "sentence": 3,
      "start": 165,
      "end": 172,
      "confidence": 1.0
    },
    {
      "id": 13,
      "text": "वातावरण",
      "sentence": 3,
      "start": 174,
      "end": 179,
      "confidence": 1.0
    },
    {
      "id": 14,
      "text": "वक्तव्य",
      "sentence": 3,
      "start": 205,
      "end": 209,
      "confidence": 1.0
    },
    {
      "id": 15,
      "text": "भाजपाचे",
      "sentence": 3,
      "start": 211,
      "end": 216,
      "confidence": 1.0
    },
    {
      "id": 16,
      "text": "नेते",
      "sentence": 3,
      "start": 224,
      "end": 226,
      "confidence": 1.0
    },
    {
      "id": 17,
      "text": "लालकृष्ण",
      "sentence": 3,
      "start": 228,
      "end": 234,
      "confidence": 1.0
    },
    {
      "id": 18,
      "text": "अडवाणी",
      "sentence": 3,
      "start": 236,
      "end": 241,
      "confidence": 1.0
    },
    {
      "id": 19,
      "text": "दिव्‍या",
      "sentence": 4,
      "start": 258,
      "end": 261,
      "confidence": 1.0
    },
    {
      "id": 20,
      "text": "जाधव",
      "sentence": 4,
      "start": 263,
      "end": 266,
      "confidence": 1.0
    },
    {
      "id": 21,
      "text": "जाधव",
      "sentence": 4,
      "start": 275,
      "end": 278,
      "confidence": 1.0
    },
    {
      "id": 22,
      "text": "मिनिमम",
      "sentence": 5,
      "start": 281,
      "end": 285,
      "confidence": 1.0
    },
    {
      "id": 23,
      "text": "बॅलन्स",
      "sentence": 5,
      "start": 287,
      "end": 292,
      "confidence": 1.0
    },
    {
      "id": 24,
      "text": "खात्यात",
      "sentence": 5,
      "start": 294,
      "end": 298,
      "confidence": 1.0
    }
  ],
  "clusters": [
    [
      10,
      11,
      12
    ],
    [
      21,
      22
    ],
    [
      23,
      24
    ]
  ]
}