{
  "document_id": "document_206",
  "sentences": [
    "18 वर्षाच्या अर्जुन तेंडुलकरने ऑस्ट्रेलियाच्या स्प्रिट ऑफ ग्लोबल चॅलेंजमध्ये सहभाग घेऊन सिडनी क्रिकेट मैदानावर बॅट आणि बॉलने शानगार प्रदर्शन केलं आहे.",
    "शोएब मलिक चा वन डे क्रिकेटला अलविदा",
    "सॅमच्या देहाची जेव्हा उत्तरीय तपासणी करण्यात आली तेव्हा त्याच्या एका हृदयधमनीमध्ये मोठी रक्तगाठ असल्याचं आणि दुसऱ्या एका हृदयधमनीला पेटका आल्याचं आढळून आलं.",
    "या पेटक्यामुळे धमनीच्या अस्तराला दुखापत होऊन किटणातून रक्तस्त्राव झाला होता.",
    "या गोष्टी तीव्र मानसिक ताणामुळे झाल्या असण्याची खूप शक्यता होती.",
    "व्यायामशाळेत सॅम जो व्यायाम करत होता तो इतक्या इर्षेनं, स्पर्धेच्या भावनेनं करत होता की, जणू काही व्हिडिओगेममधल्या त्याच्या जयापजयावर त्याचं जीवन-मरण अवलंबून होतं.",
    "दुर्दैवानं त्याच्यासाठी तो खरोखरच जीवनमरणाचा खेळ ठरला.",
    "राष्ट्रवादी काँग्रेसचे माजी मंत्री तुकाराम दिघोळे यांचं निधन",
    "त्यामुळे ठेवीदारांनी घाबरुन न जाता संयम बाळगावा, असे आवाहन महाराष्ट्र नागरी सहकारी को-ऑप.",
    "दार खरेदी.",
    "थंड हवेचे ठिकाण म्हणून ओळखले जाणारे नाशिक आता चांगलेच तापू लागले असून, त्याचा प्रत्यय नाशिककरांना प्रकर्षाने येऊ लागला आहे.",
    "ज्यात फ्रायडे ओपनिंग १.३० कोटी ,शनिवारी १.६१ कोटी आणि रविवारी २.२० कोटींचा समावेश आहे.",
    "शुक्रवारी रिपाइं (आ.",
    "गुप्तचर यंत्रणांनी इशारा देऊनही याबाबत दखल घेण्यात आली नाही, असंही ते म्हणाले आहेत.",
    "शरद ऋतूतील-हिवाळा काळात जलाशय वर्तन",
    "बोल्टने ही शर्यत ९.८१ सेकंदांत पूर्ण करत सुवर्णपदाकवर आपले नाव कोरले",
    "'राष्ट्रवादी सोबत असताना शत्रूची गरज नाही', काँग्रेस नेत्याचा घणाघाती हल्ला",
    "बेस्ट कर्मचाऱ्यांच्या संपाबद्दल काल उच्च न्यायालयात सुनावणी झाली.",
    "शालिनी स्टुडिओसाठी आरक्षित असणारी जागा विकसकाला देण्याचा निर्णय झाल्याने, महामंडळ सदस्यांनी यासंदर्भात राष्ट्रवादी काँग्रेसचे अध्यक्ष शरद पवार यांना निवेदन दिले होते.",
    "प्राचीन पायऱ्या नष्ट न करण्याच्या हेतूने, ऐतिहासिक स्मारकांच्या अभ्यागतांसाठी एक नवीन पायर्या बांधण्यात आली होती, ज्यामुळे स्तंभांना वगळता परदेशी पाहुण्यांच्या पवित्र स्थानांना परवानगी नाही",
    "इंटरनेट वर तुम्ही स्थिर बेअरिंग वर पुनरावलोकन भरपूर शोधू शकता.",
    "एवढी कडाक्याची थंडी अगदी ऑक्टोबरपासूनच असायची, एवढी हवा शुद्ध होती.",
    "त्यानुसार सोमवारी दुपारी पालिकेच्या प्रभाग समिती 3 चे सहाय्यक आयुक्त प्रबोधन मेवाडे यांच्यासह प्रभागच्या कर्मचार्‍यांनी उल्हासनगर रेल्वे स्थानक तर प्रभाग समिती 1 चे अल्का पवार यांच्यासह प्रभागच्या अधिकार्‍यांनी शहाड रेल्वे स्थानक गाठत फेरीवाले हटविले.",
    "हे क्रमांक यादी परिणाम अव्वल स्थान सर्वाधिक परिणाम अर्जदारांना स्थित आहे, आणि कमी - सर्वात.",
    "पण नंतर, लांबच्या ऐंशी मध्ये, Mashkov स्फोटक निसर्ग पुन्हा एकदा स्वतः वाटले करते.",
    "जेईई परीक्षेसाठीही हीच नियमावली वापरली जाते.",
    "सचिनचे वडील गेले तेव्हा विश्वकप सुरु झाला होता.",
    "वडिलांवर त्याचा विशेष जीव.",
    "हा त्याच्या वैयक्तिक आयुष्यातील खूप मोठा आघात.",
    "पण सचिनने तोही झेलला.",
    "आणि वडील गेल्याच्या अगदी चौथ्या दिवशी तो मैदानावर हजर.",
    "काय म्हणावे याला?",
    "व्यावसायिक क्रिकेट एकीकडे आणि क्रिकेट हेच जीवन मानणारा सचिन एकमेवाद्वितीय.",
    "त्यामुळे खुद्द ब्रॅडमन यांनी जेव्हा त्याला बोलावलं आणि त्याचं विशेष कौतुक केलं तेव्हा भारतीय म्हणून ऊर अभिमानाने भरून आला.",
    "पण एकूण परिस्थिती समाधानकारक असल्याने चिंता करण्याचं कारण नाही असंही मत अर्थ विश्लेषकांनी व्यक्त केलं आहे.",
    "अगदी असचं पैशाच आहे, त्याच्यावर प्रेम केलं की तो येतो, त्याला शिव्या दिल्या की तो जातो,",
    "या राज्यांमध्ये काँग्रेसला भोपळादेखील फोडता येणार नाही, अशी परिस्थिती आहे.",
    "राष्ट्रवादी कॉंग्रेसचे अध्यक्ष शरद पवार यांची दिल्लीतील निवासस्थानावर सुरक्षा हटवण्यात आली आहे.",
    "तो किमान 30 मिनिटे चार्ज उभे करण्याची परवानगी द्या.",
    "पण ते प्लास्टिक कव्हर होते, जे नंतर मी किरातपूरला महिंद्रा वर्कशॉप (मनाली चंडिगड रस्ता) दिसल्यावर बदलून देखील घेतले.",
    "मशीन पुनरावृत्ती फ्रेम \"वन संरक्षण\", कार्याभ्यासाची joysticks वाहतूक व्यवस्थापन आणि काम मृतदेह आरामदायी खुर्ची, त्याच्या अक्ष सुमारे रोटेशन एक आग संरक्षण प्रणाली असेल.",
    "मराठा आरक्षणासाठी काकासाहेब शिंदे यांच्या बलिदानानंतर आज हातकणंगले येथे सकल मराठा समाजाच्या वतीने सांगली -कोल्हापूर रस्त्यावर टायरी पेटवून चक्काजाम करण्यात आला.",
    "यावेळी इचलकरंजी -पेठवडगाव व सांगली - कोल्हापूरकडे जाणार्‍या पाच एस.टी.",
    "बसेसवर संतप्त युवकांनी तुफान दगडफेक केली.",
    "यामध्ये बसेसचे प्रचंड नुकसान झाले आहे.",
    "बसेस बंद असल्यामुळे प्रवाशांचे हाल झाले.",
    "मंगळवारचा आठवडा बाजार आणि लक्ष्मी औद्योगिक वसाहतीमधील सर्व व्यवहार बंद होते.",
    "मिणचे येथील शिवसैनिकांनी गाव बंद ठेवून आंदोलन केले.",
    "विधानसभेसाठी वंचितशी चर्चा करण्यासाठी माणिकराव ठाकरे आणि हर्षवर्धन पाटील यांच्यावर जबाबदारी देण्यात आली आहे.",
    "यामुळे न्यायालयाने घेतलेला निर्णय महिलांसाठी हितावह आहे.",
    "सुरवातीला ते लांब लेख चित्रे नसलेले (कमी असलेले) मासिक नको वाटे तेव्हा बाबा किंवा आई रात्री झोपताना त्यातले लेख कथा वाचुन दाखवत हळूहळू त्यात रस वाटायला लागला, 16 चा झालो तेव्हा त्याच प्रकारे \"एक होता कार्वर\" हाती आले!",
    "कारण हा डेटा आपल्याला परत",
    "८ ऑगस्ट."
  ],
  "mentions": [
    {
      "id": 0,
      "text": "तेंडुलकरने",
      "sentence": 0,
      "start": 10,
      "end": 18,
      "confidence": 1.0
    },
    {
      "id": 1,
      "text": "ऑस्ट्रेलियाच्या",
      "sentence": 0,
      "start": 21,
      "end": 30,
      "confidence": 1.0
    },
    {
      "id": 2,
      "text": "स्प्रिट",
      "sentence": 0,
      "start": 33,
      "end": 38,
      "confidence": 1.0
    },
    {
      "id": 3,
      "text": "चॅलेंजमध्ये",
      "sentence": 0,
      "start": 44,
      "end": 52,
      "confidence": 1.0
    },
    {
      "id": 4,
      "text": "सिडनी",
      "sentence": 0,
      "start": 65,
      "end": 70,
      "confidence": 1.0
    },
    {
      "id": 5,
      "text": "क्रिकेट",
      "sentence": 0,
      "start": 71,
      "end": 76,
      "confidence": 1.0
    },
    {
      "id": 6,
      "text": "मैदानावर",
      "sentence": 0,
      "start": 79,
      "end": 85,
      "confidence": 1.0
    },
    {
      "id": 7,
      "text": "बॅट",
      "sentence": 0,
      "start": 86,
      "end": 89,
      "confidence": 1.0
    },
    {
      "id": 8,
      "text": "बॉलने",
      "sentence": 0,
      "start": 94,
      "end": 98,
      "confidence": 1.0
    },
    {
      "id": 9,
      "text": "प्रदर्शन",
      "sentence": 0,
      "start": 103,
      "end": 109,
      "confidence": 1.0
    },
    {
      "id": 10,
      "text": "मलिक",
      "sentence": 1,
      "start": 5,
      "end": 9,
      "confidence": 1.0
    },
    {
      "id": 11,
      "text": "क्रिकेटला",
      "sentence": 1,
      "start": 19,
      "end": 25,
      "confidence": 1.0
    },
    {
      "id": 12,
      "text": "अलविदा",
      "sentence": 1,
      "start": 26,
      "end": 32,
      "confidence": 1.0
    },
    {
      "id": 13,
      "text": "देहाची",
      "sentence": 2,
      "start": 41,
      "end": 45,
      "confidence": 1.0
    },
    {
      "id": 14,
      "text": "तपासणी",
      "sentence": 2,
      "start": 54,
      "end": 60,
      "confidence": 1.0
    },
    {
      "id": 15,
      "text": "त्याच्या",
      "sentence": 2,
      "start": 75,
      "end": 80,
      "confidence": 1.0
    },
    {
      "id": 16,
      "text": "हृदयधमनीमध्ये",
      "sentence": 2,
      "start": 86,
      "end": 97,
      "confidence": 1.0
    },
    {
      "id": 17,
      "text": "रक्तगाठ",
      "sentence": 2,
      "start": 105,
      "end": 111,
      "confidence": 1.0
    },
    {
      "id": 18,
      "text": "हृदयधमनीला",
      "sentence": 2,
      "start": 131,
      "end": 140,
      "confidence": 1.0
    },
    {
      "id": 19,
      "text": "पेटका",
      "sentence": 2,
      "start": 142,
      "end": 146,
      "confidence": 1.0
    },
    {
      "id": 20,
      "text": "धमनीच्या",
      "sentence": 3,
      "start": 180,
      "end": 186,
      "confidence": 1.0
    },
    {
      "id": 21,
      "text": "अस्तराला",
      "sentence": 3,
      "start": 187,
      "end": 193,
      "confidence": 1.0
    },
    {
      "id": 22,
      "text": "दुखापत",
      "sentence": 3,
      "start": 194,
      "end": 200,
      "confidence": 1.0
    },
    {
      "id": 23,
      "text": "किटणातून",
      "sentence": 3,
      "start": 210,
      "end": 217,
      "confidence": 1.0
    },
    {
      "id": 24,
      "text": "रक्तस्त्राव",
      "sentence": 3,
      "start": 218,
      "end": 226,
      "confidence": 1.0
    },
    {
      "id": 25,
      "text": "गोष्टी",
      "sentence": 4,
      "start": 239,
      "end": 244,
      "confidence": 1.0
    },
    {
      "id": 26,
      "text": "ताणामुळे",
      "sentence": 4,
      "start": 257,
      "end": 263,
      "confidence": 1.0
    },
    {
      "id": 27,
      "text": "शक्यता",
      "sentence": 4,
      "start": 279,
      "end": 284,
      "confidence": 1.0
    },
    {
      "id": 28,
      "text": "व्यायामशाळेत",
      "sentence": 5,
      "start": 293,
      "end": 303,
      "confidence": 1.0
    },
    {
      "id": 29,
      "text": "सॅम",
      "sentence": 5,
      "start": 304,
      "end": 307,
      "confidence": 1.0
    },
    {
      "id": 30,
      "text": "व्यायाम",
      "sentence": 5,
      "start": 313,
      "end": 318,
      "confidence": 1.0
    },
    {
      "id": 31,
      "text": "तो",
      "sentence": 5,
      "start": 329,
      "end": 331,
      "confidence": 1.0
    },
    {
      "id": 32,
      "text": "इर्षेनं",
      "sentence": 5,
      "start": 339,
      "end": 343,
      "confidence": 1.0
    },
    {
      "id": 33,
      "text": "भावनेनं",
      "sentence": 5,
      "start": 353,
      "end": 358,
      "confidence": 1.0
    },
    {
      "id": 34,
      "text": "त्याच्या",
      "sentence": 5,
      "start": 390,
      "end": 395,
      "confidence": 1.0
    },
    {
      "id": 35,
      "text": "जयापजयावर",
      "sentence": 5,
      "start": 396,
      "end": 404,
      "confidence": 1.0
    },
    {
      "id": 36,
      "text": "जीवन-मरण",
      "sentence": 5,
      "start": 411,
      "end": 419,
      "confidence": 1.0
    },
    {
      "id": 37,
      "text": "त्याच्यासाठी",
      "sentence": 6,
      "start": 430,
      "end": 437,
      "confidence": 1.0
    },
    {
      "id": 38,
      "text": "तो",
      "sentence": 6,
      "start": 438,
      "end": 440,
      "confidence": 1.0
    },
    {
      "id": 39,
      "text": "जीवनमरणाचा",
      "sentence": 6,
      "start": 450,
      "end": 459,
      "confidence": 1.0
    },
    {
      "id": 40,
      "text": "राष्ट्रवादी",
      "sentence": 7,
      "start": 469,
      "end": 477,
      "confidence": 1.0
    },
    {
      "id": 41,
      "text": "काँग्रेसचे",
      "sentence": 7,
      "start": 478,
      "end": 484,
      "confidence": 1.0
    },
    {
      "id": 42,
      "text": "मंत्री",
      "sentence": 7,
      "start": 489,
      "end": 493,
      "confidence": 1.0
    },
    {
      "id": 43,
      "text": "निधन",
      "sentence": 7,
      "start": 514,
      "end": 518,
      "confidence": 1.0
    },
    {
      "id": 44,
      "text": "ठेवीदारांनी",
      "sentence": 8,
      "start": 528,
      "end": 536,
      "confidence": 1.0
    },
    {
      "id": 45,
      "text": "संयम",
      "sentence": 8,
      "start": 550,
      "end": 554,
      "confidence": 1.0
    },
    {
      "id": 46,
      "text": "आवाहन",
      "sentence": 8,
      "start": 564,
      "end": 569,
      "confidence": 1.0
    },
    {
      "id": 47,
      "text": "महाराष्ट्र",
      "sentence": 8,
      "start": 571,
      "end": 578,
      "confidence": 1.0
    },
    {
      "id": 48,
      "text": "नागरी",
      "sentence": 8,
      "start": 579,
      "end": 583,
      "confidence": 1.0
    },
    {
      "id": 49,
      "text": "सहकारी",
      "sentence": 8,
      "start": 584,
      "end": 589,
      "confidence": 1.0
    },
    {
      "id": 50,
      "text": "को-ऑप",
      "sentence": 8,
      "start": 590,
      "end": 596,
      "confidence": 1.0
    },
    {
      "id": 51,
      "text": "खरेदी",
      "sentence": 9,
      "start": 600,
      "end": 605,
      "confidence": 1.0
    },
    {
      "id": 52,
      "text": "ठिकाण",
      "sentence": 10,
      "start": 616,
      "end": 620,
      "confidence": 1.0
    },
    {
      "id": 53,
      "text": "नाशिक",
      "sentence": 10,
      "start": 639,
      "end": 643,
      "confidence": 1.0
    },
    {
      "id": 54,
      "text": "त्याचा",
      "sentence": 10,
      "start": 666,
      "end": 670,
      "confidence": 1.0
    },
    {
      "id": 55,
      "text": "प्रत्यय",
      "sentence": 10,
      "start": 671,
      "end": 675,
      "confidence": 1.0
    },
    {
      "id": 56,
      "text": "नाशिककरांना",
      "sentence": 10,
      "start": 676,
      "end": 684,
      "confidence": 1.0
    },
    {
      "id": 57,
      "text": "फ्रायडे",
      "sentence": 11,
      "start": 691,
      "end": 696,
      "confidence": 1.0
    },
    {
      "id": 58,
      "text": "ओपनिंग",
      "sentence": 11,
      "start": 697,
      "end": 703,
      "confidence": 1.0
    },
    {
      "id": 59,
      "text": "कोटी",
      "sentence": 11,
      "start": 710,
      "end": 714,
      "confidence": 1.0
    },
    {
      "id": 60,
      "text": "कोटी",
      "sentence": 11,
      "start": 731,
      "end": 735,
      "confidence": 1.0
    },
    {
      "id": 61,
      "text": "रिपाइं",
      "sentence": 12,
      "start": 774,
      "end": 779,
      "confidence": 1.0
    },
    {
      "id": 62,
      "text": "यंत्रणांनी",
      "sentence": 13,
      "start": 788,
      "end": 795,
      "confidence": 1.0
    },
    {
      "id": 63,
      "text": "इशारा",
      "sentence": 13,
      "start": 796,
      "end": 800,
      "confidence": 1.0
    },
    {
      "id": 64,
      "text": "ते",
      "sentence": 13,
      "start": 834,
      "end": 836,
      "confidence": 1.0
    },
    {
      "id": 65,
      "text": "काळात",
      "sentence": 14,
      "start": 864,
      "end": 869,
      "confidence": 1.0
    },
    {
      "id": 66,
      "text": "जलाशय",
      "sentence": 14,
      "start": 871,
      "end": 876,
      "confidence": 1.0
    },
    {
      "id": 67,
      "text": "वर्तन",
      "sentence": 14,
      "start": 877,
      "end": 881,
      "confidence": 1.0
    },
    {
      "id": 68,
      "text": "बोल्टने",
      "sentence": 15,
      "start": 882,
      "end": 887,
      "confidence": 1.0
    },
    {
      "id": 69,
      "text": "शर्यत",
      "sentence": 15,
      "start": 891,
      "end": 895,
      "confidence": 1.0
    },
    {
      "id": 70,
      "text": "सुवर्णपदाकवर",
      "sentence": 15,
      "start": 920,
      "end": 929,
      "confidence": 1.0
    },
    {
      "id": 71,
      "text": "आपले",
      "sentence": 15,
      "start": 930,
      "end": 934,
      "confidence": 1.0
    },
    {
      "id": 72,
      "text": "राष्ट्रवादी",
      "sentence": 16,
      "start": 940,
      "end": 948,
      "confidence": 1.0
    },
    {
      "id": 73,
      "text": "शत्रूची",
      "sentence": 16,
      "start": 960,
      "end": 965,
      "confidence": 1.0
    },
    {
      "id": 74,
      "text": "काँग्रेस",
      "sentence": 16,
      "start": 975,
      "end": 980,
      "confidence": 1.0
    },
    {
      "id": 75,
      "text": "नेत्याचा",
      "sentence": 16,
      "start": 981,
      "end": 986,
      "confidence": 1.0
    },
    {
      "id": 76,
      "text": "हल्ला",
      "sentence": 16,
      "start": 994,
      "end": 998,
      "confidence": 1.0
    },
    {
      "id": 77,
      "text": "बेस्ट",
      "sentence": 17,
      "start": 999,
      "end": 1003,
      "confidence": 1.0
    },
    {
      "id": 78,
      "text": "कर्मचाऱ्यांच्या",
      "sentence": 17,
      "start": 1004,
      "end": 1014,
      "confidence": 1.0
    },
    {
      "id": 79,
      "text": "उच्च",
      "sentence": 17,
      "start": 1029,
      "end": 1032,
      "confidence": 1.0
    },
    {
      "id": 80,
      "text": "सुनावणी",
      "sentence": 17,
      "start": 1041,
      "end": 1047,
      "confidence": 1.0
    },
    {
      "id": 81,
      "text": "शालिनी",
      "sentence": 18,
      "start": 1049,
      "end": 1055,
      "confidence": 1.0
    },
    {
      "id": 82,
      "text": "जागा",
      "sentence": 18,
      "start": 1076,
      "end": 1079,
      "confidence": 1.0
    },
    {
      "id": 83,
      "text": "विकसकाला",
      "sentence": 18,
      "start": 1080,
      "end": 1087,
      "confidence": 1.0
    },
    {
      "id": 84,
      "text": "निर्णय",
      "sentence": 18,
      "start": 1099,
      "end": 1103,
      "confidence": 1.0
    },
    {
      "id": 85,
      "text": "महामंडळ",
      "sentence": 18,
      "start": 1113,
      "end": 1120,
      "confidence": 1.0
    },
    {
      "id": 86,
      "text": "सदस्यांनी",
      "sentence": 18,
      "start": 1121,
      "end": 1127,
      "confidence": 1.0
    },
    {
      "id": 87,
      "text": "राष्ट्रवादी",
      "sentence": 18,
      "start": 1140,
      "end": 1148,
      "confidence": 1.0
    },
    {
      "id": 88,
      "text": "काँग्रेसचे",
      "sentence": 18,
      "start": 1149,
      "end": 1155,
      "confidence": 1.0
    },
    {
      "id": 89,
      "text": "पवार",
      "sentence": 18,
      "start": 1167,
      "end": 1171,
      "confidence": 1.0
    },
    {
      "id": 90,
      "text": "निवेदन",
      "sentence": 18,
      "start": 1176,
      "end": 1181,
      "confidence": 1.0
    },
    {
      "id": 91,
      "text": "पायऱ्या",
      "sentence": 19,
      "start": 1190,
      "end": 1195,
      "confidence": 1.0
    },
    {
      "id": 92,
      "text": "हेतूने",
      "sentence": 19,
      "start": 1213,
      "end": 1218,
      "confidence": 1.0
    },
    {
      "id": 93,
      "text": "पायर्या",
      "sentence": 19,
      "start": 1261,
      "end": 1266,
      "confidence": 1.0
    },
    {
      "id": 94,
      "text": "स्तंभांना",
      "sentence": 19,
      "start": 1290,
      "end": 1296,
      "confidence": 1.0
    },
    {
      "id": 95,
      "text": "पाहुण्यांच्या",
      "sentence": 19,
      "start": 1310,
      "end": 1317,
      "confidence": 1.0
    },
    {
      "id": 96,
      "text": "स्थानांना",
      "sentence": 19,
      "start": 1324,
      "end": 1330,
      "confidence": 1.0
    },
    {
      "id": 97,
      "text": "परवानगी",
      "sentence": 19,
      "start": 1331,
      "end": 1337,
      "confidence": 1.0
    },
    {
      "id": 98,
      "text": "इंटरनेट",
      "sentence": 20,
      "start": 1341,
      "end": 1348,
      "confidence": 1.0
    },
    {
      "id": 99,
      "text": "तुम्ही",
      "sentence": 20,
      "start": 1353,
      "end": 1357,
      "confidence": 1.0
    },
    {
      "id": 100,
      "text": "बेअरिंग",
      "sentence": 20,
      "start": 1365,
      "end": 1371,
      "confidence": 1.0
    },
    {
      "id": 101,
      "text": "पुनरावलोकन",
      "sentence": 20,
      "start": 1375,
      "end": 1383,
      "confidence": 1.0
    },
    {
      "id": 102,
      "text": "थंडी",
      "sentence": 21,
      "start": 1399,
      "end": 1403,
      "confidence": 1.0
    },
    {
      "id": 103,
      "text": "प्रभाग",
      "sentence": 22,
      "start": 1470,
      "end": 1475,
      "confidence": 1.0
    },
    {
      "id": 104,
      "text": "आयुक्त",
      "sentence": 22,
      "start": 1492,
      "end": 1497,
      "confidence": 1.0
    },
    {
      "id": 105,
      "text": "मेवाडे",
      "sentence": 22,
      "start": 1504,
      "end": 1508,
      "confidence": 1.0
    },
    {
      "id": 106,
      "text": "कर्मचार्‍यांनी",
      "sentence": 22,
      "start": 1526,
      "end": 1534,
      "confidence": 1.0
    },
    {
      "id": 107,
      "text": "रेल्वे",
      "sentence": 22,
      "start": 1545,
      "end": 1549,
      "confidence": 1.0
    },
    {
      "id": 108,
      "text": "स्थानक",
      "sentence": 22,
      "start": 1550,
      "end": 1554,
      "confidence": 1.0
    },
    {
      "id": 109,
      "text": "प्रभाग",
      "sentence": 22,
      "start": 1559,
      "end": 1564,
      "confidence": 1.0
    },
    {
      "id": 110,
      "text": "पवार",
      "sentence": 22,
      "start": 1579,
      "end": 1583,
      "confidence": 1.0
    },
    {
      "id": 111,
      "text": "अधिकार्‍यांनी",
      "sentence": 22,
      "start": 1601,
      "end": 1608,
      "confidence": 1.0
    },
    {
      "id": 112,
      "text": "शहाड",
      "sentence": 22,
      "start": 1609,
      "end": 1613,
      "confidence": 1.0
    },
    {
      "id": 113,
      "text": "रेल्वे",
      "sentence": 22,
      "start": 1614,
      "end": 1618,
      "confidence": 1.0
    },
    {
      "id": 114,
      "text": "स्थानक",
      "sentence": 22,
      "start": 1619,
      "end": 1623,
      "confidence": 1.0
    },
    {
      "id": 115,
      "text": "फेरीवाले",
      "sentence": 22,
      "start": 1629,
      "end": 1635,
      "confidence": 1.0
    },
    {
      "id": 116,
      "text": "क्रमांक",
      "sentence": 23,
      "start": 1639,
      "end": 1644,
      "confidence": 1.0
    },
    {
      "id": 117,
      "text": "यादी",
      "sentence": 23,
      "start": 1645,
      "end": 1648,
      "confidence": 1.0
    },
    {
      "id": 118,
      "text": "परिणाम",
      "sentence": 23,
      "start": 1649,
      "end": 1654,
      "confidence": 1.0
    },
    {
      "id": 119,
      "text": "स्थान",
      "sentence": 23,
      "start": 1660,
      "end": 1663,
      "confidence": 1.0
    },
    {
      "id": 120,
      "text": "परिणाम",
      "sentence": 23,
      "start": 1670,
      "end": 1675,
      "confidence": 1.0
    },
    {
      "id": 121,
      "text": "अर्जदारांना",
      "sentence": 23,
      "start": 1676,
      "end": 1683,
      "confidence": 1.0
    },
    {
      "id": 122,
      "text": "Mashkov",
      "sentence": 24,
      "start": 1711,
      "end": 1718,
      "confidence": 1.0
    },
    {
      "id": 123,
      "text": "निसर्ग",
      "sentence": 24,
      "start": 1726,
      "end": 1730,
      "confidence": 1.0
    },
    {
      "id": 124,
      "text": "स्वतः",
      "sentence": 24,
      "start": 1740,
      "end": 1743,
      "confidence": 1.0
    },
    {
      "id": 125,
      "text": "परीक्षेसाठीही",
      "sentence": 25,
      "start": 1757,
      "end": 1766,
      "confidence": 1.0
    },
    {
      "id": 126,
      "text": "नियमावली",
      "sentence": 25,
      "start": 1772,
      "end": 1778,
      "confidence": 1.0
    },
    {
      "id": 127,
      "text": "सचिनचे",
      "sentence": 26,
      "start": 1782,
      "end": 1788,
      "confidence": 1.0
    },
    {
      "id": 128,
      "text": "वडील",
      "sentence": 26,
      "start": 1789,
      "end": 1793,
      "confidence": 1.0
    },
    {
      "id": 129,
      "text": "विश्वकप",
      "sentence": 26,
      "start": 1804,
      "end": 1809,
      "confidence": 1.0
    },
    {
      "id": 130,
      "text": "वडिलांवर",
      "sentence": 27,
      "start": 1818,
      "end": 1824,
      "confidence": 1.0
    },
    {
      "id": 131,
      "text": "त्याचा",
      "sentence": 27,
      "start": 1825,
      "end": 1829,
      "confidence": 1.0
    },
    {
      "id": 132,
      "text": "त्याच्या",
      "sentence": 28,
      "start": 1844,
      "end": 1849,
      "confidence": 1.0
    },
    {
      "id": 133,
      "text": "आघात",
      "sentence": 28,
      "start": 1874,
      "end": 1878,
      "confidence": 1.0
    },
    {
      "id": 134,
      "text": "सचिनने",
      "sentence": 29,
      "start": 1883,
      "end": 1889,
      "confidence": 1.0
    },
    {
      "id": 135,
      "text": "तो",
      "sentence": 29,
      "start": 1890,
      "end": 1892,
      "confidence": 1.0
    },
    {
      "id": 136,
      "text": "वडील",
      "sentence": 30,
      "start": 1900,
      "end": 1904,
      "confidence": 1.0
    },
    {
      "id": 137,
      "text": "तो",
      "sentence": 30,
      "start": 1921,
      "end": 1923,
      "confidence": 1.0
    },
    {
      "id": 138,
      "text": "मैदानावर",
      "sentence": 30,
      "start": 1928,
      "end": 1934,
      "confidence": 1.0
    },
    {
      "id": 139,
      "text": "याला",
      "sentence": 31,
      "start": 1946,
      "end": 1949,
      "confidence": 1.0
    },
    {
      "id": 140,
      "text": "क्रिकेट",
      "sentence": 32,
      "start": 1959,
      "end": 1964,
      "confidence": 1.0
    },
    {
      "id": 141,
      "text": "क्रिकेट",
      "sentence": 32,
      "start": 1974,
      "end": 1979,
      "confidence": 1.0
    },
    {
      "id": 142,
      "text": "जीवन",
      "sentence": 32,
      "start": 1984,
      "end": 1987,
      "confidence": 1.0
    },
    {
      "id": 143,
      "text": "सचिन",
      "sentence": 32,
      "start": 1996,
      "end": 2000,
      "confidence": 1.0
    },
    {
      "id": 144,
      "text": "ब्रॅडमन",
      "sentence": 33,
      "start": 2011,
      "end": 2017,
      "confidence": 1.0
    },
    {
      "id": 145,
      "text": "त्याला",
      "sentence": 33,
      "start": 2028,
      "end": 2031,
      "confidence": 1.0
    },
    {
      "id": 146,
      "text": "कौतुक",
      "sentence": 33,
      "start": 2053,
      "end": 2057,
      "confidence": 1.0
    },
    {
      "id": 147,
      "text": "परिस्थिती",
      "sentence": 34,
      "start": 2095,
      "end": 2101,
      "confidence": 1.0
    },
    {
      "id": 148,
      "text": "चिंता",
      "sentence": 34,
      "start": 2115,
      "end": 2119,
      "confidence": 1.0
    },
    {
      "id": 149,
      "text": "कारण",
      "sentence": 34,
      "start": 2128,
      "end": 2131,
      "confidence": 1.0
    },
    {
      "id": 150,
      "text": "अर्थ",
      "sentence": 34,
      "start": 2150,
      "end": 2153,
      "confidence": 1.0
    },
    {
      "id": 151,
      "text": "विश्लेषकांनी",
      "sentence": 34,
      "start": 2154,
      "end": 2162,
      "confidence": 1.0
    },
    {
      "id": 152,
      "text": "तो",
      "sentence": 35,
      "start": 2200,
      "end": 2202,
      "confidence": 1.0
    },
    {
      "id": 153,
      "text": "त्याला",
      "sentence": 35,
      "start": 2209,
      "end": 2212,
      "confidence": 1.0
    },
    {
      "id": 154,
      "text": "तो",
      "sentence": 35,
      "start": 2221,
      "end": 2223,
      "confidence": 1.0
    },
    {
      "id": 155,
      "text": "राज्यांमध्ये",
      "sentence": 36,
      "start": 2228,
      "end": 2236,
      "confidence": 1.0
    },
    {
      "id": 156,
      "text": "काँग्रेसला",
      "sentence": 36,
      "start": 2237,
      "end": 2244,
      "confidence": 1.0
    },
    {
      "id": 157,
      "text": "भोपळादेखील",
      "sentence": 36,
      "start": 2245,
      "end": 2254,
      "confidence": 1.0
    },
    {
      "id": 158,
      "text": "परिस्थिती",
      "sentence": 36,
      "start": 2270,
      "end": 2276,
      "confidence": 1.0
    },
    {
      "id": 159,
      "text": "राष्ट्रवादी",
      "sentence": 37,
      "start": 2279,
      "end": 2287,
      "confidence": 1.0
    },
    {
      "id": 160,
      "text": "कॉंग्रेसचे",
      "sentence": 37,
      "start": 2288,
      "end": 2295,
      "confidence": 1.0
    },
    {
      "id": 161,
      "text": "पवार",
      "sentence": 37,
      "start": 2307,
      "end": 2311,
      "confidence": 1.0
    },
    {
      "id": 162,
      "text": "निवासस्थानावर",
      "sentence": 37,
      "start": 2323,
      "end": 2333,
      "confidence": 1.0
    },
    {
      "id": 163,
      "text": "सुरक्षा",
      "sentence": 37,
      "start": 2334,
      "end": 2338,
      "confidence": 1.0
    },
    {
      "id": 164,
      "text": "तो",
      "sentence": 38,
      "start": 2351,
      "end": 2353,
      "confidence": 1.0
    },
    {
      "id": 165,
      "text": "मिनिटे",
      "sentence": 38,
      "start": 2362,
      "end": 2366,
      "confidence": 1.0
    },
    {
      "id": 166,
      "text": "चार्ज",
      "sentence": 38,
      "start": 2367,
      "end": 2371,
      "confidence": 1.0
    },
    {
      "id": 167,
      "text": "परवानगी",
      "sentence": 38,
      "start": 2383,
      "end": 2389,
      "confidence": 1.0
    },
    {
      "id": 168,
      "text": "ते",
      "sentence": 39,
      "start": 2394,
      "end": 2396,
      "confidence": 1.0
    },
    {
      "id": 169,
      "text": "मी",
      "sentence": 39,
      "start": 2422,
      "end": 2423,
      "confidence": 1.0
    },
    {
      "id": 170,
      "text": "किरातपूरला",
      "sentence": 39,
      "start": 2424,
      "end": 2432,
      "confidence": 1.0
    },
    {
      "id": 171,
      "text": "महिंद्रा",
      "sentence": 39,
      "start": 2433,
      "end": 2439,
      "confidence": 1.0
    },
    {
      "id": 172,
      "text": "वर्कशॉप",
      "sentence": 39,
      "start": 2440,
      "end": 2447,
      "confidence": 1.0
    },
    {
      "id": 173,
      "text": "चंडिगड",
      "sentence": 39,
      "start": 2455,
      "end": 2461,
      "confidence": 1.0
    },
    {
      "id": 174,
      "text": "रस्ता",
      "sentence": 39,
      "start": 2462,
      "end": 2466,
      "confidence": 1.0
    },
    {
      "id": 175,
      "text": "मशीन",
      "sentence": 40,
      "start": 2478,
      "end": 2482,
      "confidence": 1.0
    },
    {
      "id": 176,
      "text": "फ्रेम",
      "sentence": 40,
      "start": 2493,
      "end": 2497,
      "confidence": 1.0
    },
    {
      "id": 177,
      "text": "संरक्षण",
      "sentence": 40,
      "start": 2503,
      "end": 2508,
      "confidence": 1.0
    },
    {
      "id": 178,
      "text": "joysticks",
      "sentence": 40,
      "start": 2520,
      "end": 2527,
      "confidence": 1.0
    },
    {
      "id": 179,
      "text": "वाहतूक",
      "sentence": 40,
      "start": 2528,
      "end": 2533,
      "confidence": 1.0
    },
    {
      "id": 180,
      "text": "व्यवस्थापन",
      "sentence": 40,
      "start": 2534,
      "end": 2541,
      "confidence": 1.0
    },
    {
      "id": 181,
      "text": "मृतदेह",
      "sentence": 40,
      "start": 2548,
      "end": 2553,
      "confidence": 1.0
    },
    {
      "id": 182,
      "text": "खुर्ची",
      "sentence": 40,
      "start": 2564,
      "end": 2568,
      "confidence": 1.0
    },
    {
      "id": 183,
      "text": "त्याच्या",
      "sentence": 40,
      "start": 2570,
      "end": 2575,
      "confidence": 1.0
    },
    {
      "id": 184,
      "text": "अक्ष",
      "sentence": 40,
      "start": 2576,
      "end": 2578,
      "confidence": 1.0
    },
    {
      "id": 185,
      "text": "रोटेशन",
      "sentence": 40,
      "start": 2584,
      "end": 2590,
      "confidence": 1.0
    },
    {
      "id": 186,
      "text": "संरक्षण",
      "sentence": 40,
      "start": 2598,
      "end": 2603,
      "confidence": 1.0
    },
    {
      "id": 187,
      "text": "प्रणाली",
      "sentence": 40,
      "start": 2604,
      "end": 2609,
      "confidence": 1.0
    },
    {
      "id": 188,
      "text": "मराठा",
      "sentence": 41,
      "start": 2613,
      "end": 2618,
      "confidence": 1.0
    },
    {
      "id": 189,
      "text": "आरक्षणासाठी",
      "sentence": 41,
      "start": 2619,
      "end": 2627,
      "confidence": 1.0
    },
    {
      "id": 190,
      "text": "शिंदे",
      "sentence": 41,
      "start": 2636,
      "end": 2640,
      "confidence": 1.0
    },
    {
      "id": 191,
      "text": "बलिदानानंतर",
      "sentence": 41,
      "start": 2649,
      "end": 2657,
      "confidence": 1.0
    },
    {
      "id": 192,
      "text": "मराठा",
      "sentence": 41,
      "start": 2680,
      "end": 2685,
      "confidence": 1.0
    },
    {
      "id": 193,
      "text": "समाजाच्या",
      "sentence": 41,
      "start": 2686,
      "end": 2692,
      "confidence": 1.0
    },
    {
      "id": 194,
      "text": "वतीने",
      "sentence": 41,
      "start": 2693,
      "end": 2697,
      "confidence": 1.0
    },
    {
      "id": 195,
      "text": "कोल्हापूर",
      "sentence": 41,
      "start": 2708,
      "end": 2715,
      "confidence": 1.0
    },
    {
      "id": 196,
      "text": "रस्त्यावर",
      "sentence": 41,
      "start": 2716,
      "end": 2722,
      "confidence": 1.0
    },
    {
      "id": 197,
      "text": "टायरी",
      "sentence": 41,
      "start": 2723,
      "end": 2727,
      "confidence": 1.0
    },
    {
      "id": 198,
      "text": "चक्काजाम",
      "sentence": 41,
      "start": 2734,
      "end": 2741,
      "confidence": 1.0
    },
    {
      "id": 199,
      "text": "पेठवडगाव",
      "sentence": 42,
      "start": 2759,
      "end": 2767,
      "confidence": 1.0
    },
    {
      "id": 200,
      "text": "कोल्हापूरकडे",
      "sentence": 42,
      "start": 2778,
      "end": 2786,
      "confidence": 1.0
    },
    {
      "id": 201,
      "text": "बसेसवर",
      "sentence": 43,
      "start": 2800,
      "end": 2806,
      "confidence": 1.0
    },
    {
      "id": 202,
      "text": "युवकांनी",
      "sentence": 43,
      "start": 2814,
      "end": 2820,
      "confidence": 1.0
    },
    {
      "id": 203,
      "text": "दगडफेक",
      "sentence": 43,
      "start": 2828,
      "end": 2834,
      "confidence": 1.0
    },
    {
      "id": 204,
      "text": "बसेसचे",
      "sentence": 44,
      "start": 2843,
      "end": 2849,
      "confidence": 1.0
    },
    {
      "id": 205,
      "text": "नुकसान",
      "sentence": 44,
      "start": 2857,
      "end": 2861,
      "confidence": 1.0
    },
    {
      "id": 206,
      "text": "प्रवाशांचे",
      "sentence": 45,
      "start": 2886,
      "end": 2892,
      "confidence": 1.0
    },
    {
      "id": 207,
      "text": "आठवडा",
      "sentence": 46,
      "start": 2909,
      "end": 2914,
      "confidence": 1.0
    },
    {
      "id": 208,
      "text": "बाजार",
      "sentence": 46,
      "start": 2915,
      "end": 2919,
      "confidence": 1.0
    },
    {
      "id": 209,
      "text": "लक्ष्मी",
      "sentence": 46,
      "start": 2923,
      "end": 2927,
      "confidence": 1.0
    },
    {
      "id": 210,
      "text": "व्यवहार",
      "sentence": 46,
      "start": 2948,
      "end": 2953,
      "confidence": 1.0
    },
    {
      "id": 211,
      "text": "मिणचे",
      "sentence": 47,
      "start": 2959,
      "end": 2963,
      "confidence": 1.0
    },
    {
      "id": 212,
      "text": "शिवसैनिकांनी",
      "sentence": 47,
      "start": 2970,
      "end": 2979,
      "confidence": 1.0
    },
    {
      "id": 213,
      "text": "आंदोलन",
      "sentence": 47,
      "start": 2993,
      "end": 2998,
      "confidence": 1.0
    },
    {
      "id": 214,
      "text": "विधानसभेसाठी",
      "sentence": 48,
      "start": 3003,
      "end": 3013,
      "confidence": 1.0
    },
    {
      "id": 215,
      "text": "चर्चा",
      "sentence": 48,
      "start": 3021,
      "end": 3024,
      "confidence": 1.0
    },
    {
      "id": 216,
      "text": "ठाकरे",
      "sentence": 48,
      "start": 3037,
      "end": 3041,
      "confidence": 1.0
    },
    {
      "id": 217,
      "text": "पाटील",
      "sentence": 48,
      "start": 3054,
      "end": 3058,
      "confidence": 1.0
    },
    {
      "id": 218,
      "text": "त्यांच्यावर",
      "sentence": 48,
      "start": 3059,
      "end": 3065,
      "confidence": 1.0
    },
    {
      "id": 219,
      "text": "जबाबदारी",
      "sentence": 48,
      "start": 3066,
      "end": 3072,
      "confidence": 1.0
    },
    {
      "id": 220,
      "text": "न्यायालयाने",
      "sentence": 49,
      "start": 3081,
      "end": 3088,
      "confidence": 1.0
    },
    {
      "id": 221,
      "text": "निर्णय",
      "sentence": 49,
      "start": 3097,
      "end": 3101,
      "confidence": 1.0
    },
    {
      "id": 222,
      "text": "महिलांसाठी",
      "sentence": 49,
      "start": 3102,
      "end": 3109,
      "confidence": 1.0
    },
    {
      "id": 223,
      "text": "ते",
      "sentence": 50,
      "start": 3119,
      "end": 3121,
      "confidence": 1.0
    },
    {
      "id": 224,
      "text": "चित्रे",
      "sentence": 50,
      "start": 3131,
      "end": 3135,
      "confidence": 1.0
    },
    {
      "id": 225,
      "text": "मासिक",
      "sentence": 50,
      "start": 3152,
      "end": 3156,
      "confidence": 1.0
    },
    {
      "id": 226,
      "text": "बाबा",
      "sentence": 50,
      "start": 3166,
      "end": 3169,
      "confidence": 1.0
    },
    {
      "id": 227,
      "text": "त्यातले",
      "sentence": 50,
      "start": 3190,
      "end": 3195,
      "confidence": 1.0
    },
    {
      "id": 228,
      "text": "कार्वर",
      "sentence": 50,
      "start": 3242,
      "end": 3246,
      "confidence": 1.0
    },
    {
      "id": 229,
      "text": "डेटा",
      "sentence": 51,
      "start": 3260,
      "end": 3264,
      "confidence": 1.0
    },
    {
      "id": 230,
      "text": "आपल्याला",
      "sentence": 51,
      "start": 3265,
      "end": 3270,
      "confidence": 1.0
    }
  ],
  "clusters": [
    [
      13,
      16,
      31,
      33,
      38,
      40,
      42,
      43
    ],
    [
      18,
      20,
      21
    ],
    [
      17,
      19,
      22
    ],
    [
      61,
      64
    ],
    [
      67,
      69,
      71
    ],
    [
      46,
      47,
      89,
      92,
      109,
      110,
      208,
      209
    ],
    [
      112,
      211
    ],
    [
      114,
      118
    ],
    [
      133,
      138,
      143,
      146
    ],
    [
      134,
      144
    ],
    [
      141,
      142,
      149,
      150
    ],
    [
      160,
      162
    ],
    [
      166,
      170,
      172,
      173,
      176,
      177,
      180,
      182,
      186,
      188,
      189
    ],
    [
      167,
      169,
      178
    ],
    [
      199,
      200,
      201,
      202,
      203
    ],
    [
      219,
      220
    ]
  ]
}