{
  "document_id": "document_173",
  "sentences": [
    "उदाहरणार्थ, पहिल्या भागातील शिफारशी इंग्लिश-हिंदी-इंग्लिश भाषांतरातील अडचणींचे निराकरण करणे व उचित परिभाषा निर्माण करणे या संदर्भात होत्या.",
    "पण आता चक्क दुबईतल्या बुर्ज अल अरब या प्रसिद्ध रेस्टॉरंटमध्ये जेवणासाठी."
  ],
  "mentions": [
    {
      "id": 0,
      "text": "शिफारशी",
      "sentence": 0,
      "start": 27,
      "end": 34,
      "confidence": 1.0
    },
    {
      "id": 1,
      "text": "अडचणींचे",
      "sentence": 0,
      "start": 64,
      "end": 71,
      "confidence": 1.0
    },
    {
      "id": 2,
      "text": "परिभाषा",
      "sentence": 0,
      "start": 93,
      "end": 99,
      "confidence": 1.0
    },
    {
      "id": 3,
      "text": "बुर्ज",
      "sentence": 1,
      "start": 150,
      "end": 153,
      "confidence": 1.0
    },
    {
      "id": 4,
      "text": "रेस्टॉरंटमध्ये",
      "sentence": 1,
      "start": 173,
      "end": 184,
      "confidence": 1.0
    },
    {
      "id": 5,
      "text": "जेवणासाठी",
      "sentence": 1,
      "start": 186,
      "end": 193,
      "confidence": 1.0
    }
  ],
  "clusters": [
    [
      2,
      4,
      5
    ]
  ]
}