{
  "document_id": "document_309",
  "sentences": [
    "या वृत्तात म्हटले आहे की, पाकिस्तानमध्ये अल्पवयीन हिंदु मुलींचे अपहरण करून त्यांचे बळजबरीने मुसलमान तरुणांशी लग्न लावून दिले जाते.",
    "मागील सात महिन्यांपासून कॅन्सरशी लढणारा अभिनेता इरफान खान आता मायदेशी परतणार आहे.",
    "२४०४०२०४२०.",
    "कमळा बोहारीन.",
    "' असा दावाही पांडे यांनी केला आहे.",
    "सध्या जीप, व्हॅन, रुग्णवाहिका मिळून संस्थेकडे ११ वाहने आहेत.",
    "मुंबईत उंचच उंच इमारती उभ्या राहिल्या आहेत.",
    "प्रत्यक्षदर्शीनी दिलेल्या माहितीनुसार, आज (ता.",
    "दोन्ही लोकांच्या मनातील सांस्कृतिक अभिन्नता कधीच तुटलेली नाही.",
    "राज्यातील नववी, दहावी आणि अकरावीच्या विद्यार्थ्यांना प्रस्तावित ‘अनुत्तीर्ण न करण्याचे धोरण’ लागू न करण्याचा ठराव गोवा माध्यमिक आणि उच्च माध्यमिक शिक्षण मंडळाच्या मंगळवारी पार पडलेल्या आमसभेत घेण्यात आला, अशी माहिती मंडळाचे अध्यक्ष रामकृष्ण सामंत यांनी दिली.",
    "चित्रपट रिलीज होऊन आता जवळपास दोन आठवडे झाले आहेत तरीही प्रेक्षकांमध्ये चित्रपट बघण्याची क्रेझ अजून कायम आहे.",
    "१९५९पासून या केंद्रात पीडित, अत्याचारित महिलांना प्रवेश देण्यात आला.",
    "कनिष्ठ वर्ग विद्यार्थ्यांना: \"एक सुंदर palaeontology\" दौरा \"प्राचीन दिग्गज च्या जगात,\" \"डायनासोर भेटा!"
  ],
  "mentions": [
    {
      "id": 0,
      "text": "वृत्तात",
      "sentence": 0,
      "start": 3,
      "end": 8,
      "confidence": 1.0
    },
    {
      "id": 1,
      "text": "पाकिस्तानमध्ये",
      "sentence": 0,
      "start": 23,
      "end": 34,
      "confidence": 1.0
    },
    {
      "id": 2,
      "text": "मुलींचे",
      "sentence": 0,
      "start": 50,
      "end": 55,
      "confidence": 1.0
    },
    {
      "id": 3,
      "text": "त्यांचे",
      "sentence": 0,
      "start": 71,
      "end": 76,
      "confidence": 1.0
    },
    {
      "id": 4,
      "text": "तरुणांशी",
      "sentence": 0,
      "start": 92,
      "end": 99,
      "confidence": 1.0
    },
    {
      "id": 5,
      "text": "लग्न",
      "sentence": 0,
      "start": 100,
      "end": 103,
      "confidence": 1.0
    },
    {
      "id": 6,
      "text": "अभिनेता",
      "sentence": 1,
      "start": 151,
      "end": 156,
      "confidence": 1.0
    },
    {
      "id": 7,
      "text": "इरफान",
      "sentence": 1,
      "start": 157,
      "end": 162,
      "confidence": 1.0
    },
    {
      "id": 8,
      "text": "कमळा",
      "sentence": 3,
      "start": 199,
      "end": 203,
      "confidence": 1.0
    },
    {
      "id": 9,
      "text": "बोहारीन",
      "sentence": 3,
      "start": 204,
      "end": 210,
      "confidence": 1.0
    },
    {
      "id": 10,
      "text": "दावाही",
      "sentence": 4,
      "start": 217,
      "end": 222,
      "confidence": 1.0
    },
    {
      "id": 11,
      "text": "पांडे",
      "sentence": 4,
      "start": 223,
      "end": 227,
      "confidence": 1.0
    },
    {
      "id": 12,
      "text": "रुग्णवाहिका",
      "sentence": 5,
      "start": 257,
      "end": 266,
      "confidence": 1.0
    },
    {
      "id": 13,
      "text": "संस्थेकडे",
      "sentence": 5,
      "start": 273,
      "end": 280,
      "confidence": 1.0
    },
    {
      "id": 14,
      "text": "वाहने",
      "sentence": 5,
      "start": 284,
      "end": 288,
      "confidence": 1.0
    },
    {
      "id": 15,
      "text": "मुंबईत",
      "sentence": 6,
      "start": 302,
      "end": 307,
      "confidence": 1.0
    },
    {
      "id": 16,
      "text": "इमारती",
      "sentence": 6,
      "start": 318,
      "end": 323,
      "confidence": 1.0
    },
    {
      "id": 17,
      "text": "प्रत्यक्षदर्शीनी",
      "sentence": 7,
      "start": 346,
      "end": 357,
      "confidence": 1.0
    },
    {
      "id": 18,
      "text": "माहितीनुसार",
      "sentence": 7,
      "start": 367,
      "end": 377,
      "confidence": 1.0
    },
    {
      "id": 19,
      "text": "अभिन्नता",
      "sentence": 8,
      "start": 421,
      "end": 427,
      "confidence": 1.0
    },
    {
      "id": 20,
      "text": "विद्यार्थ्यांना",
      "sentence": 9,
      "start": 498,
      "end": 509,
      "confidence": 1.0
    },
    {
      "id": 21,
      "text": "धोरण",
      "sentence": 9,
      "start": 540,
      "end": 544,
      "confidence": 1.0
    },
    {
      "id": 22,
      "text": "ठराव",
      "sentence": 9,
      "start": 562,
      "end": 566,
      "confidence": 1.0
    },
    {
      "id": 23,
      "text": "मंडळाच्या",
      "sentence": 9,
      "start": 600,
      "end": 607,
      "confidence": 1.0
    },
    {
      "id": 24,
      "text": "आमसभेत",
      "sentence": 9,
      "start": 626,
      "end": 632,
      "confidence": 1.0
    },
    {
      "id": 25,
      "text": "माहिती",
      "sentence": 9,
      "start": 649,
      "end": 654,
      "confidence": 1.0
    },
    {
      "id": 26,
      "text": "मंडळाचे",
      "sentence": 9,
      "start": 655,
      "end": 661,
      "confidence": 1.0
    },
    {
      "id": 27,
      "text": "रामकृष्ण",
      "sentence": 9,
      "start": 668,
      "end": 675,
      "confidence": 1.0
    },
    {
      "id": 28,
      "text": "सामंत",
      "sentence": 9,
      "start": 676,
      "end": 680,
      "confidence": 1.0
    },
    {
      "id": 29,
      "text": "चित्रपट",
      "sentence": 10,
      "start": 656,
      "end": 661,
      "confidence": 1.0
    },
    {
      "id": 30,
      "text": "आठवडे",
      "sentence": 10,
      "start": 680,
      "end": 684,
      "confidence": 1.0
    },
    {
      "id": 31,
      "text": "चित्रपट",
      "sentence": 10,
      "start": 711,
      "end": 716,
      "confidence": 1.0
    },
    {
      "id": 32,
      "text": "क्रेझ",
      "sentence": 10,
      "start": 727,
      "end": 730,
      "confidence": 1.0
    },
    {
      "id": 33,
      "text": "महिलांना",
      "sentence": 11,
      "start": 794,
      "end": 800,
      "confidence": 1.0
    },
    {
      "id": 34,
      "text": "प्रवेश",
      "sentence": 11,
      "start": 801,
      "end": 805,
      "confidence": 1.0
    },
    {
      "id": 35,
      "text": "वर्ग",
      "sentence": 12,
      "start": 834,
      "end": 837,
      "confidence": 1.0
    },
    {
      "id": 36,
      "text": "विद्यार्थ्यांना",
      "sentence": 12,
      "start": 838,
      "end": 849,
      "confidence": 1.0
    },
    {
      "id": 37,
      "text": "palaeontology",
      "sentence": 12,
      "start": 860,
      "end": 873,
      "confidence": 1.0
    },
    {
      "id": 38,
      "text": "दौरा",
      "sentence": 12,
      "start": 875,
      "end": 879,
      "confidence": 1.0
    },
    {
      "id": 39,
      "text": "जगात",
      "sentence": 12,
      "start": 899,
      "end": 902,
      "confidence": 1.0
    },
    {
      "id": 40,
      "text": "डायनासोर",
      "sentence": 12,
      "start": 907,
      "end": 914,
      "confidence": 1.0
    }
  ],
  "clusters": [
    [
      2,
      3
    ],
    [
      6,
      7,
      8
    ],
    [
      10,
      11
    ],
    [
      14,
      15,
      16,
      18
    ],
    [
      30,
      33
    ],
    [
      34,
      35,
      36
    ],
    [
      37,
      40
    ]
  ]
}