{
  "document_id": "document_387",
  "sentences": [
    "रेल्वेत प्लास्टिक चमचा बंदी लागू"
  ],
  "mentions": [
    {
      "id": 0,
      "text": "रेल्वेत",
      "sentence": 0,
      "start": 0,
      "end": 6,
      "confidence": 1.0
    },
    {
      "id": 1,
      "text": "प्लास्टिक",
      "sentence": 0,
      "start": 8,
      "end": 14,
      "confidence": 1.0
    },
    {
      "id": 2,
      "text": "चमचा",
      "sentence": 0,
      "start": 16,
      "end": 20,
      "confidence": 1.0
    },
    {
      "id": 3,
      "text": "बंदी",
      "sentence": 0,
      "start": 22,
      "end": 25,
      "confidence": 1.0
    }
  ],
  "clusters": []
}