{
  "document_id": "document_158",
  "sentences": [
    "किमान उत्पन्न हमी योजना अभ्यासपूर्ण : चिदंबरम यांचा दावा",
    "पंडित भीमसेन जोशी यांनी गायलेल्या ‘संत तुलसीदास’ या नाटकातील ‘राम रंगी रंगले मन’ ही रचना श्री.",
    "भाटे यांनी सादर केली.",
    "शेट्टी यांच्याकडे संबंधित महिलेचा मोबाईल नंबर असल्याने मानपाडा पोलिसांनी त्यांच्या मोबाईलवर वारंवार संपर्क केला आणि तिचा शोध लावला.",
    "पाच वर्षांत 30 हजार कोटींपेक्षा अधिक विकासकामांचा लेखाजोखा घेऊन मी निवडणूक लढत आहे.",
    "ठप्प झाली होती.",
    "लवकरच या पक्षाची नोंदणी करणार असल्याचं राणेंनी सांगितलं.",
    "वेळोवेळी पक्षाला अहेर देणाऱ्या नाना पटोले यांनी अखेर भाजपला रामराम ठोकलाय.",
    "दोन मोठी ऑडीटोरीयम्स, एक मिटिंग रूम आणि एक राउंड टेबल कॉन्फरन्स रूम आहे.",
    "'दारु पिण्या'तला भ्रष्टाचार",
    "मात्र, सध्या तरी शहरभर कचरा अजूनही मोठ्या प्रमाणात पडून आहे.",
    "एक नवीन उदाहरणार्थ वीज बचत मोड मध्ये 500 किमी रस्ता आवश्यक आहे.",
    "त्यामुळे ठिकाणाबद्दल अधिक संभ्रम करण्यापेक्षा ज्यावेळी अंतिम निर्णय घेतला जाईल त्यावेळी जागेची घोषणा करण्यात येईल.",
    "पर्यटकांनी या बर्फवृष्टीचा मनमुराद आनंद लुटला.",
    "मोनिकाताई राजळे, राष्ट्रवादी कॉंग्रेसचे ऍड.",
    "मुंबईचा मार्कंडे आता दिल्लीकडून खेळणार",
    "त्यामुळे संबंधित देशांच्या विकासदरावर विपर्त परिणाम होत आहे.",
    "त्यामुळे आपण गोष्टी साध्य करण्याच्या मागे लागतो.",
    "संबंधित ठेकेदारांनी गेल्या वर्षीपासून तूरडाळ, चणाडाळ, तांदूळ, मूगडाळ या धान्यांचे बाजारातील दर कमी झाल्यानंतरही जुन्या चढ्या दराने खरेदी करून सरकारचे कोट्यवधींचे नुकसान केल्याची बाब खडसे यांनी निदर्शनास आणून दिली.",
    "मग विविध दागिने उत्पादन वापरले मोती.",
    "काय म्हणाले होते नेमकं संजीव पुनाळेकर",
    "नदीपात्रातील मेट्रोला हिरवा सिग्नल देऊन राष्ट्रीय हरित लवादाने पर्यावरणपुरक विकासकामांचा एक नविन संदेश दिला आहे.",
    "रिसॉर्ट पत्ता असमाधान आणि गंभीर आरोप नाही.",
    "त्याला विधानसभेचे विरोधी पक्षनेते राधाकृष्ण विखे-पाटील आणि राष्ट्रवादीचे ज्येष्ठ सदस्य अजित पवार यांनी दुजोरा दिला.",
    "फोन आल्यावर तर ‘पलीकडून आपल्या माणसाचा आवाज काढून कोणी भलतंच बोलत नाही ना’ अशा धास्तीतून ‘नको ते काळे यंत्र’ म्हणारेही होते.",
    "राष्ट्रीय पुरस्कारांपासून ते अनेक आंतरराष्ट्रीय चित्रपट महोत्सवांवर ठसा उमटवण्यात हा चित्रपट यशस्वी ठरला.",
    "' यानंतरही हशा पिकला.",
    "स्वाभीमानीच्या राजू शेट्टी यांनी आघाडीला पाठिंबा देण्याची घोषणा केली होती.",
    "एकनाथी रामायणातील हा दाखला सुरू होता.",
    "आरोग्य कक्षांची उभारणी",
    "आईला माझा नमस्कार कळवं."
  ],
  "mentions": [
    {
      "id": 0,
      "text": "उत्पन्न",
      "sentence": 0,
      "start": 7,
      "end": 13,
      "confidence": 1.0
    },
    {
      "id": 1,
      "text": "योजना",
      "sentence": 0,
      "start": 17,
      "end": 21,
      "confidence": 1.0
    },
    {
      "id": 2,
      "text": "चिदंबरम",
      "sentence": 0,
      "start": 36,
      "end": 44,
      "confidence": 1.0
    },
    {
      "id": 3,
      "text": "दावा",
      "sentence": 0,
      "start": 50,
      "end": 53,
      "confidence": 1.0
    },
    {
      "id": 4,
      "text": "जोशी",
      "sentence": 1,
      "start": 71,
      "end": 75,
      "confidence": 1.0
    },
    {
      "id": 5,
      "text": "त्यांनी",
      "sentence": 1,
      "start": 77,
      "end": 81,
      "confidence": 1.0
    },
    {
      "id": 6,
      "text": "तुलसीदास",
      "sentence": 1,
      "start": 95,
      "end": 103,
      "confidence": 1.0
    },
    {
      "id": 7,
      "text": "नाटक",
      "sentence": 1,
      "start": 109,
      "end": 113,
      "confidence": 1.0
    },
    {
      "id": 8,
      "text": "रचना",
      "sentence": 1,
      "start": 138,
      "end": 141,
      "confidence": 1.0
    },
    {
      "id": 9,
      "text": "श्री",
      "sentence": 1,
      "start": 143,
      "end": 145,
      "confidence": 1.0
    },
    {
      "id": 10,
      "text": "भाटे",
      "sentence": 2,
      "start": 148,
      "end": 151,
      "confidence": 1.0
    },
    {
      "id": 11,
      "text": "त्यांनी",
      "sentence": 2,
      "start": 153,
      "end": 157,
      "confidence": 1.0
    },
    {
      "id": 12,
      "text": "शेट्टी",
      "sentence": 3,
      "start": 162,
      "end": 166,
      "confidence": 1.0
    },
    {
      "id": 13,
      "text": "महिलेचा",
      "sentence": 3,
      "start": 184,
      "end": 189,
      "confidence": 1.0
    },
    {
      "id": 14,
      "text": "नंबर",
      "sentence": 3,
      "start": 197,
      "end": 200,
      "confidence": 1.0
    },
    {
      "id": 15,
      "text": "पोलिसांनी",
      "sentence": 3,
      "start": 213,
      "end": 220,
      "confidence": 1.0
    },
    {
      "id": 16,
      "text": "त्यांच्या",
      "sentence": 3,
      "start": 222,
      "end": 227,
      "confidence": 1.0
    },
    {
      "id": 17,
      "text": "वर्षांत",
      "sentence": 4,
      "start": 271,
      "end": 276,
      "confidence": 1.0
    },
    {
      "id": 18,
      "text": "लेखाजोखा",
      "sentence": 4,
      "start": 313,
      "end": 320,
      "confidence": 1.0
    },
    {
      "id": 19,
      "text": "मी",
      "sentence": 4,
      "start": 327,
      "end": 328,
      "confidence": 1.0
    },
    {
      "id": 20,
      "text": "पक्षाची",
      "sentence": 6,
      "start": 359,
      "end": 364,
      "confidence": 1.0
    },
    {
      "id": 21,
      "text": "नोंदणी",
      "sentence": 6,
      "start": 365,
      "end": 370,
      "confidence": 1.0
    },
    {
      "id": 22,
      "text": "राणेंनी",
      "sentence": 6,
      "start": 388,
      "end": 393,
      "confidence": 1.0
    },
    {
      "id": 23,
      "text": "पक्षाला",
      "sentence": 7,
      "start": 404,
      "end": 409,
      "confidence": 1.0
    },
    {
      "id": 24,
      "text": "त्यांनी",
      "sentence": 7,
      "start": 431,
      "end": 435,
      "confidence": 1.0
    },
    {
      "id": 25,
      "text": "भाजपला",
      "sentence": 7,
      "start": 443,
      "end": 448,
      "confidence": 1.0
    },
    {
      "id": 26,
      "text": "ऑडीटोरीयम्स",
      "sentence": 8,
      "start": 461,
      "end": 472,
      "confidence": 1.0
    },
    {
      "id": 27,
      "text": "मिटिंग",
      "sentence": 8,
      "start": 479,
      "end": 484,
      "confidence": 1.0
    },
    {
      "id": 28,
      "text": "टेबल",
      "sentence": 8,
      "start": 502,
      "end": 506,
      "confidence": 1.0
    },
    {
      "id": 29,
      "text": "कॉन्फरन्स",
      "sentence": 8,
      "start": 507,
      "end": 515,
      "confidence": 1.0
    },
    {
      "id": 30,
      "text": "दारु",
      "sentence": 9,
      "start": 524,
      "end": 527,
      "confidence": 1.0
    },
    {
      "id": 31,
      "text": "भ्रष्टाचार",
      "sentence": 9,
      "start": 537,
      "end": 543,
      "confidence": 1.0
    },
    {
      "id": 32,
      "text": "कचरा",
      "sentence": 10,
      "start": 564,
      "end": 568,
      "confidence": 1.0
    },
    {
      "id": 33,
      "text": "प्रमाणात",
      "sentence": 10,
      "start": 585,
      "end": 590,
      "confidence": 1.0
    },
    {
      "id": 34,
      "text": "रस्ता",
      "sentence": 11,
      "start": 635,
      "end": 638,
      "confidence": 1.0
    },
    {
      "id": 35,
      "text": "ठिकाणाबद्दल",
      "sentence": 12,
      "start": 649,
      "end": 657,
      "confidence": 1.0
    },
    {
      "id": 36,
      "text": "संभ्रम",
      "sentence": 12,
      "start": 663,
      "end": 667,
      "confidence": 1.0
    },
    {
      "id": 37,
      "text": "निर्णय",
      "sentence": 12,
      "start": 687,
      "end": 691,
      "confidence": 1.0
    },
    {
      "id": 38,
      "text": "जागेची",
      "sentence": 12,
      "start": 712,
      "end": 716,
      "confidence": 1.0
    },
    {
      "id": 39,
      "text": "घोषणा",
      "sentence": 12,
      "start": 717,
      "end": 721,
      "confidence": 1.0
    },
    {
      "id": 40,
      "text": "पर्यटकांनी",
      "sentence": 13,
      "start": 730,
      "end": 738,
      "confidence": 1.0
    },
    {
      "id": 41,
      "text": "बर्फवृष्टीचा",
      "sentence": 13,
      "start": 744,
      "end": 753,
      "confidence": 1.0
    },
    {
      "id": 42,
      "text": "आनंद",
      "sentence": 13,
      "start": 761,
      "end": 765,
      "confidence": 1.0
    },
    {
      "id": 43,
      "text": "राजळे",
      "sentence": 14,
      "start": 778,
      "end": 782,
      "confidence": 1.0
    },
    {
      "id": 44,
      "text": "कॉंग्रेसचे",
      "sentence": 14,
      "start": 794,
      "end": 800,
      "confidence": 1.0
    },
    {
      "id": 45,
      "text": "मार्कंडे",
      "sentence": 15,
      "start": 813,
      "end": 819,
      "confidence": 1.0
    },
    {
      "id": 46,
      "text": "दिल्लीकडून",
      "sentence": 15,
      "start": 824,
      "end": 831,
      "confidence": 1.0
    },
    {
      "id": 47,
      "text": "देशांच्या",
      "sentence": 16,
      "start": 843,
      "end": 849,
      "confidence": 1.0
    },
    {
      "id": 48,
      "text": "विकासदरावर",
      "sentence": 16,
      "start": 850,
      "end": 859,
      "confidence": 1.0
    },
    {
      "id": 49,
      "text": "परिणाम",
      "sentence": 16,
      "start": 866,
      "end": 870,
      "confidence": 1.0
    },
    {
      "id": 50,
      "text": "आपण",
      "sentence": 17,
      "start": 879,
      "end": 882,
      "confidence": 1.0
    },
    {
      "id": 51,
      "text": "गोष्टी",
      "sentence": 17,
      "start": 883,
      "end": 887,
      "confidence": 1.0
    },
    {
      "id": 52,
      "text": "ठेकेदारांनी",
      "sentence": 18,
      "start": 899,
      "end": 907,
      "confidence": 1.0
    },
    {
      "id": 53,
      "text": "वर्षीपासून",
      "sentence": 18,
      "start": 913,
      "end": 920,
      "confidence": 1.0
    },
    {
      "id": 54,
      "text": "तूरडाळ",
      "sentence": 18,
      "start": 921,
      "end": 927,
      "confidence": 1.0
    },
    {
      "id": 55,
      "text": "तांदूळ",
      "sentence": 18,
      "start": 937,
      "end": 942,
      "confidence": 1.0
    },
    {
      "id": 56,
      "text": "मूगडाळ",
      "sentence": 18,
      "start": 944,
      "end": 950,
      "confidence": 1.0
    },
    {
      "id": 57,
      "text": "धान्यांचे",
      "sentence": 18,
      "start": 954,
      "end": 959,
      "confidence": 1.0
    },
    {
      "id": 58,
      "text": "बाजारातील",
      "sentence": 18,
      "start": 960,
      "end": 967,
      "confidence": 1.0
    },
    {
      "id": 59,
      "text": "दराने",
      "sentence": 18,
      "start": 992,
      "end": 995,
      "confidence": 1.0
    },
    {
      "id": 60,
      "text": "सरकारचे",
      "sentence": 18,
      "start": 1005,
      "end": 1010,
      "confidence": 1.0
    },
    {
      "id": 61,
      "text": "नुकसान",
      "sentence": 18,
      "start": 1016,
      "end": 1020,
      "confidence": 1.0
    },
    {
      "id": 62,
      "text": "खडसे",
      "sentence": 18,
      "start": 1031,
      "end": 1035,
      "confidence": 1.0
    },
    {
      "id": 63,
      "text": "यांनी",
      "sentence": 18,
      "start": 1037,
      "end": 1041,
      "confidence": 1.0
    },
    {
      "id": 64,
      "text": "दागिने",
      "sentence": 19,
      "start": 1051,
      "end": 1056,
      "confidence": 1.0
    },
    {
      "id": 65,
      "text": "उत्पादन",
      "sentence": 19,
      "start": 1057,
      "end": 1062,
      "confidence": 1.0
    },
    {
      "id": 66,
      "text": "मोती",
      "sentence": 19,
      "start": 1070,
      "end": 1073,
      "confidence": 1.0
    },
    {
      "id": 67,
      "text": "पुनाळेकर",
      "sentence": 20,
      "start": 1092,
      "end": 1099,
      "confidence": 1.0
    },
    {
      "id": 68,
      "text": "मेट्रोला",
      "sentence": 21,
      "start": 1112,
      "end": 1117,
      "confidence": 1.0
    },
    {
      "id": 69,
      "text": "सिग्नल",
      "sentence": 21,
      "start": 1125,
      "end": 1129,
      "confidence": 1.0
    },
    {
      "id": 70,
      "text": "लवादाने",
      "sentence": 21,
      "start": 1143,
      "end": 1149,
      "confidence": 1.0
    },
    {
      "id": 71,
      "text": "संदेश",
      "sentence": 21,
      "start": 1177,
      "end": 1181,
      "confidence": 1.0
    },
    {
      "id": 72,
      "text": "रिसॉर्ट",
      "sentence": 22,
      "start": 1187,
      "end": 1192,
      "confidence": 1.0
    },
    {
      "id": 73,
      "text": "पत्ता",
      "sentence": 22,
      "start": 1193,
      "end": 1196,
      "confidence": 1.0
    },
    {
      "id": 74,
      "text": "असमाधान",
      "sentence": 22,
      "start": 1197,
      "end": 1203,
      "confidence": 1.0
    },
    {
      "id": 75,
      "text": "आरोप",
      "sentence": 22,
      "start": 1215,
      "end": 1218,
      "confidence": 1.0
    },
    {
      "id": 76,
      "text": "त्याला",
      "sentence": 23,
      "start": 1221,
      "end": 1224,
      "confidence": 1.0
    },
    {
      "id": 77,
      "text": "विधानसभेचे",
      "sentence": 23,
      "start": 1226,
      "end": 1234,
      "confidence": 1.0
    },
    {
      "id": 78,
      "text": "पक्षनेते",
      "sentence": 23,
      "start": 1242,
      "end": 1247,
      "confidence": 1.0
    },
    {
      "id": 79,
      "text": "पाटील",
      "sentence": 23,
      "start": 1259,
      "end": 1263,
      "confidence": 1.0
    },
    {
      "id": 80,
      "text": "राष्ट्रवादीचे",
      "sentence": 23,
      "start": 1270,
      "end": 1278,
      "confidence": 1.0
    },
    {
      "id": 81,
      "text": "सदस्य",
      "sentence": 23,
      "start": 1285,
      "end": 1288,
      "confidence": 1.0
    },
    {
      "id": 82,
      "text": "पवार",
      "sentence": 23,
      "start": 1294,
      "end": 1298,
      "confidence": 1.0
    },
    {
      "id": 83,
      "text": "त्यांनी",
      "sentence": 23,
      "start": 1299,
      "end": 1303,
      "confidence": 1.0
    },
    {
      "id": 84,
      "text": "आपल्या",
      "sentence": 24,
      "start": 1329,
      "end": 1333,
      "confidence": 1.0
    },
    {
      "id": 85,
      "text": "माणसाचा",
      "sentence": 24,
      "start": 1334,
      "end": 1339,
      "confidence": 1.0
    },
    {
      "id": 86,
      "text": "आवाज",
      "sentence": 24,
      "start": 1340,
      "end": 1343,
      "confidence": 1.0
    },
    {
      "id": 87,
      "text": "कोणी",
      "sentence": 24,
      "start": 1350,
      "end": 1353,
      "confidence": 1.0
    },
    {
      "id": 88,
      "text": "धास्तीतून",
      "sentence": 24,
      "start": 1369,
      "end": 1375,
      "confidence": 1.0
    },
    {
      "id": 89,
      "text": "यंत्र",
      "sentence": 24,
      "start": 1387,
      "end": 1390,
      "confidence": 1.0
    },
    {
      "id": 90,
      "text": "पुरस्कारांपासून",
      "sentence": 25,
      "start": 1406,
      "end": 1416,
      "confidence": 1.0
    },
    {
      "id": 91,
      "text": "चित्रपट",
      "sentence": 25,
      "start": 1433,
      "end": 1438,
      "confidence": 1.0
    },
    {
      "id": 92,
      "text": "महोत्सवांवर",
      "sentence": 25,
      "start": 1439,
      "end": 1448,
      "confidence": 1.0
    },
    {
      "id": 93,
      "text": "चित्रपट",
      "sentence": 25,
      "start": 1465,
      "end": 1470,
      "confidence": 1.0
    },
    {
      "id": 94,
      "text": "शेट्टी",
      "sentence": 27,
      "start": 1500,
      "end": 1504,
      "confidence": 1.0
    },
    {
      "id": 95,
      "text": "त्यांनी",
      "sentence": 27,
      "start": 1506,
      "end": 1510,
      "confidence": 1.0
    },
    {
      "id": 96,
      "text": "आघाडीला",
      "sentence": 27,
      "start": 1511,
      "end": 1517,
      "confidence": 1.0
    },
    {
      "id": 97,
      "text": "पाठिंबा",
      "sentence": 27,
      "start": 1518,
      "end": 1523,
      "confidence": 1.0
    },
    {
      "id": 98,
      "text": "घोषणा",
      "sentence": 27,
      "start": 1532,
      "end": 1536,
      "confidence": 1.0
    },
    {
      "id": 99,
      "text": "रामायणातील",
      "sentence": 28,
      "start": 1547,
      "end": 1555,
      "confidence": 1.0
    },
    {
      "id": 100,
      "text": "दाखला",
      "sentence": 28,
      "start": 1559,
      "end": 1563,
      "confidence": 1.0
    },
    {
      "id": 101,
      "text": "आरोग्य",
      "sentence": 29,
      "start": 1570,
      "end": 1574,
      "confidence": 1.0
    },
    {
      "id": 102,
      "text": "कक्षांची",
      "sentence": 29,
      "start": 1575,
      "end": 1581,
      "confidence": 1.0
    },
    {
      "id": 103,
      "text": "उभारणी",
      "sentence": 29,
      "start": 1582,
      "end": 1586,
      "confidence": 1.0
    },
    {
      "id": 104,
      "text": "आईला",
      "sentence": 30,
      "start": 1589,
      "end": 1592,
      "confidence": 1.0
    },
    {
      "id": 105,
      "text": "माझा",
      "sentence": 30,
      "start": 1593,
      "end": 1596,
      "confidence": 1.0
    },
    {
      "id": 106,
      "text": "नमस्कार",
      "sentence": 30,
      "start": 1597,
      "end": 1602,
      "confidence": 1.0
    }
  ],
  "clusters": [
    [
      5,
      6
    ],
    [
      13,
      14
    ],
    [
      15,
      19
    ],
    [
      16,
      21
    ],
    [
      29,
      32
    ],
    [
      34,
      35
    ],
    [
      54,
      57
    ],
    [
      75,
      76,
      77,
      78,
      79
    ],
    [
      81,
      82
    ],
    [
      86,
      87
    ],
    [
      97,
      102
    ]
  ]
}