{
  "document_id": "document_196",
  "sentences": [
    "ती नायिका आपली पतीच्या वाटेकडे डोळे लावून बसते.",
    "यानंतर आमदार शशिकला जोल्ले यांनी संबंधित अधिकाऱयांना सूचना करून हेस्कॉम व पाटबंधारे विभाग यांच्यात योग्य समन्वयातून शेतीसाठी वीज व पाणीपुरवठा व्हावा.",
    "पाणी कमी दाबाने तसेच कमी वेळाने येत असल्याने घरात मोटारी लावून पाणी खेचण्याचे प्रकार वाढले असल्याने वितरणात अडचणी येत असल्याचेही अधिकारीसांगत आहेत.",
    "पण तरुणाच्या मनात भलतेच सुरू होते.",
    "मुंबईतील फेरीवाल्यांच्या सर्वेक्षणात अर्जाचे वाटप करण्यात आले असले, तरी वाटप अर्जापैकी २९ हजार १६३ अर्ज मुदत संपूनही महापालिकेला सादर करण्यात आलेले नाहीत.",
    "या सोहळ्यासाठी वॉशिंग्टनमधल्या स्मिथसोनियन एयर अँड स्पेस म्युझियमने प्रचंड तयारी केली आहे.",
    "येथे, उदाहरणार्थ, एक चोंदलेले राळ कथा.",
    "ओपन एण्डेड म्हणजेच मुदत विरहित इक्विटी योजनांवर कमाल शुल्क साधारण सव्वादोन टक्के इतके आकारता येईल.",
    "जेनिफरने सांगितले की, माझ्या मुलाने शाळेमध्ये जी दंगामस्ती केली, त्याबद्दल मी स्वत:ही त्याला शिक्षा दिलेली आहे.",
    "जिल्ह्यात मंगळवारपासून पावसाची रिमझिम सुरू आहे.",
    "तर, यातीलच डिझेल व्हेरिएंटची किंमत 9.99 लाख रुपये इतके आहे.",
    "हे विविध वनस्पती आकार मोठ्या मानाने बदलू शकतात (नळीच्या आकाराचा, घंटा-आकार, फिरवा आणि अल.",
    "#हेडलाइन फिफा वर्ल्डकपमध्ये फ्रान्सनं केला पेरूचा पराभव....तर मेस्सीच्या अर्जेंटिनाला क्रोएशियाचा दे धक्का....3-0 नं केला पराभव...",
    "एखाद्या महिलेच्या पाठीवर काळा तीळ असेल तर ती महिला खूप रोमॅटिंक असते.",
    "प्रकाश आंबेडकर यांनी निर्माण केलेल्या वंचित बहुजन आघाडीला एमआयएम, सीपीएम, डावे, नक्षलवादी, माओवादी चालतात, पण रिपब्लिकन चळवळ चालत नाही.",
    "रिपोर्ट्सनुसार, नवरात्रीचा विचार करुन ऑक्टोबरमध्ये हा सिनेमा प्रदर्शित होणार आहे.",
    "उलट संभोग असूनही, सभ्य आणि हा हिशेब - तसे, दोन मित्र देखील असू शकते साइन इन करा!",
    "अरबी समुद्राच्या लाटांचे तडाखे सहन करत उभ्या असलेल्या या सिंधुदुर्ग किल्ल्याची दुरवस्था पाहिल्यावर शिवप्रेमींच्या मनात हळहळण्यापलीकडे काय उरते.",
    "मासळीमध्ये फार्मेलिन सापडणे याचा अर्थ ही मासळी आरोग्यासाठी हानिकारक आहे, असेच निदान होत असल्याचे गोम्स पुढे म्हणाले.",
    "या गाड्याची किंमत 66 लाख रूपये असून ऑनलाइन खरेदीमुळे पालिकेच्या तब्बल 33 लाख रुपयांची बचत झाली आहे.",
    "आता यात गैर काय ?",
    "स्टेनलेस स्टील जोडणी तेव्हा जड वायू आहे धातू घटक कनेक्ट केलेले नाही welded करणे.",
    "मुंबई विकास आराखड्याच्या प्रतींची होळी करत शिवसेनेने आंदोलन केलं आहे.",
    "या वेळी लहुजी सेनचे प्रदेशाध्यक्ष खंदारे व पदाधीकारी व ग्रामस्थ मोठ्या संख्येने हजर होते.",
    "मुख्य बंगल्यापासून हाकेच्या अंतरावर एक छोटी कुटीर होती.",
    "सध्या महापालिकेत काँग्रेसचे पक्षनेते म्हणून आपली भूमिका बजावत आहेत.",
    "संयुक्त आर्थस्ट्रिसिससाठी योग्य प्रकारे निवडलेला पोषण हे ही समस्या सोडविण्यासाठी एक प्रभावी पद्धत आहे.",
    "आम्ही सागवानी लाकडाचा दणकट बेड करून घेतलेला आहे.",
    "आचरा, चिंदर ही गावं गावपळण या परंपरेशी निगडित आहेत.",
    "न्यायालयाच्या निर्णयानंतर बीसीसीआयचे सर्वच वरिष्ठ पदाधिकारी हादरलेत.",
    "सध्या अॅसिड हल्ला पीडिता लक्ष्मी अगरवालच्या आयुष्यावर आधारित, मेघना गुलजार दिग्दर्शित ‘छपाक’ या चित्रपटात दीपिका मुख्य भूमिका साकारत आहे.",
    "गुजरातमध्ये पुन्हा भाजप सरकार सत्तेत येण्याचा अंदाज ‘एबीपी न्यूज-सीएसडीएस’ आणि ‘एनबीटी-सी वोटर’च्या एक्झिट पोलने वर्तवला आहे.",
    "हे खरं म्हणजे, एक सॉसेज रूपाच्या रूपात पॅकेज केलेल्या नेहमीच्या प्रक्रिया केलेल्या चीजचे प्रतिनिधित्व करते .",
    "खमस तिसैन अलफ विशेश यादवामधे व माहादजी जगदळे या उभयतांमधें मसूरचे देशमुखीचा गर्गशा आहे त्याकारणे रा।",
    "यावेळी बोलतांना परिवहन विभागाचे अधिकारी भरत कळसकर म्हणाले की, ई-वे-बिल सुविधेअंतर्गत वाहनाना इलेक्ट्रॉनिक आरफआयडी चीफ लावण्यात येणार आहे.",
    "शक्य तोवर नवीन माहिती मूळ लेखाच्या शेवटीच जोडायचा प्रयत्न करेन.",
    "ज्या सातबाऱ्यावर कर्ज दिसते ते माफ झालेच पाहिजे.",
    "आजच्या ठळक बातम्या गुरूवार १९ एप्रिल २०१८ !",
    "शेअर बाजारात तेजी !",
    "निफ्टी निर्देशांक ३९.१० अंकांनी तर सेन्सेक्स ९५.६१ अंकांनी वर !",
    "दुसऱ्या बँकांच्या ए टी एम मधून ५ पेक्षा जास्तवेळा पैसे काढल्यास २० रुपये सरचार्ज लागणार !",
    "'ई-आधार'साठी डिजिटल हस्ताक्षरयुक्त 'क्यूआर कोड'ची सुरुवात करण्यात आली !",
    "देशभरात गेल्या वर्षीच्या तुलनेत सरासरी १० ते १५ टक्के अधिक सोनेखरेदी !",
    "वस्तू व सेवाकर विवरणपत्र महिन्यातून केवळ एकदाच भरण्याचा नियम सरकारच्या विचाराधीन !",
    "अॅमेझॉनवरून स्मार्टफोन खरेदी करण्यात महाराष्ट्र आघाडीवर !",
    "मागील वर्षी जागतिक कर्जात $२३७ ट्रिलियन पर्यंत वाढ !",
    "२५०० मेगावॉट च्या पॉवर पर्चेस ऍग्रिमेंट्सचा होणार लिलाव !",
    "इन्फोसिस अमेरिकेतील वुंगडूडी होल्डिंग हि कंपनी ७५ मिलियन डॉलरला विकत घेणार !",
    "हिंदुस्थान युनिलिव्हर लिमिटेडचे व्यवस्थापकीय संचालक म्हणून संजीव मेहता यांची नियुक्ती !",
    "कोणकाला कॉपर माईन मध्ये वेदांता करणार $७०० मिलियन ची गुंतवणूक !",
    "इन्फोसिस ला चौथ्या तिमाहीत नफ्यात २८.२% ची घट !",
    "एन एस ई मध्ये हिंदाल्को, वेदांत, टाटा स्टील, यस बँक, भारती एअरटेल तेजीत !",
    "बी एस ई मध्ये शिपिंग कॉर्पोरेशन ऑफ इंडिया, हिंदुस्थान कॉपर, इंडिया बुल्स व्हेंचर्स, रॅडिको, टाटा स्टील तेजीत !",
    "गजकर्ण पत्रिका",
    "देशाच्या एकूण उत्पन्नातील महाराष्ट्राची टक्केवारी १४.९३ आहे, तर गुजरात थेट अध्र्यावर म्हणजे ७.१७ टक्क्यांवर आहे, देशातील थेट परदेशी गुंतवणुकीत महाराष्ट्राची टक्केवारी ३२.१६ टक्के आहे, तर गुजरातची नगण्य म्हणजे ४.७२ इतकी आहे.",
    "या माध्यमातून अर्ज केला तर तुमचा पीएफ काही भागांत तुम्हाला मिळेल.",
    ",   लावण पाणी-500 रु,  पुढील 10  पाणी-3000 रु, रोप लावणे- 500 रु.",
    "जसे मुलगा = सोहरा, मुलगी = सोहरी, वडील = बाहस, आई = बय."
  ],
  "mentions": [
    {
      "id": 0,
      "text": "ती",
      "sentence": 0,
      "start": 0,
      "end": 1,
      "confidence": 1.0
    },
    {
      "id": 1,
      "text": "नायिका",
      "sentence": 0,
      "start": 3,
      "end": 8,
      "confidence": 1.0
    },
    {
      "id": 2,
      "text": "पतीच्या",
      "sentence": 0,
      "start": 16,
      "end": 21,
      "confidence": 1.0
    },
    {
      "id": 3,
      "text": "डोळे",
      "sentence": 0,
      "start": 29,
      "end": 32,
      "confidence": 1.0
    },
    {
      "id": 4,
      "text": "आमदार",
      "sentence": 1,
      "start": 44,
      "end": 48,
      "confidence": 1.0
    },
    {
      "id": 5,
      "text": "शशिकला",
      "sentence": 1,
      "start": 50,
      "end": 56,
      "confidence": 1.0
    },
    {
      "id": 6,
      "text": "अधिकाऱयांना",
      "sentence": 1,
      "start": 74,
      "end": 83,
      "confidence": 1.0
    },
    {
      "id": 7,
      "text": "हेस्कॉम",
      "sentence": 1,
      "start": 96,
      "end": 102,
      "confidence": 1.0
    },
    {
      "id": 8,
      "text": "पाटबंधारे",
      "sentence": 1,
      "start": 105,
      "end": 113,
      "confidence": 1.0
    },
    {
      "id": 9,
      "text": "विभाग",
      "sentence": 1,
      "start": 115,
      "end": 119,
      "confidence": 1.0
    },
    {
      "id": 10,
      "text": "शेतीसाठी",
      "sentence": 1,
      "start": 140,
      "end": 147,
      "confidence": 1.0
    },
    {
      "id": 11,
      "text": "पाणीपुरवठा",
      "sentence": 1,
      "start": 156,
      "end": 165,
      "confidence": 1.0
    },
    {
      "id": 12,
      "text": "पाणी",
      "sentence": 2,
      "start": 168,
      "end": 171,
      "confidence": 1.0
    },
    {
      "id": 13,
      "text": "दाबाने",
      "sentence": 2,
      "start": 176,
      "end": 180,
      "confidence": 1.0
    },
    {
      "id": 14,
      "text": "वेळाने",
      "sentence": 2,
      "start": 192,
      "end": 196,
      "confidence": 1.0
    },
    {
      "id": 15,
      "text": "घरात",
      "sentence": 2,
      "start": 208,
      "end": 212,
      "confidence": 1.0
    },
    {
      "id": 16,
      "text": "मोटारी",
      "sentence": 2,
      "start": 214,
      "end": 219,
      "confidence": 1.0
    },
    {
      "id": 17,
      "text": "पाणी",
      "sentence": 2,
      "start": 227,
      "end": 230,
      "confidence": 1.0
    },
    {
      "id": 18,
      "text": "प्रकार",
      "sentence": 2,
      "start": 238,
      "end": 242,
      "confidence": 1.0
    },
    {
      "id": 19,
      "text": "वितरणात",
      "sentence": 2,
      "start": 259,
      "end": 265,
      "confidence": 1.0
    },
    {
      "id": 20,
      "text": "अडचणी",
      "sentence": 2,
      "start": 267,
      "end": 272,
      "confidence": 1.0
    },
    {
      "id": 21,
      "text": "तरुणाच्या",
      "sentence": 3,
      "start": 303,
      "end": 310,
      "confidence": 1.0
    },
    {
      "id": 22,
      "text": "मनात",
      "sentence": 3,
      "start": 312,
      "end": 316,
      "confidence": 1.0
    },
    {
      "id": 23,
      "text": "सर्वेक्षणात",
      "sentence": 4,
      "start": 347,
      "end": 355,
      "confidence": 1.0
    },
    {
      "id": 24,
      "text": "अर्जाचे",
      "sentence": 4,
      "start": 357,
      "end": 362,
      "confidence": 1.0
    },
    {
      "id": 25,
      "text": "वाटप",
      "sentence": 4,
      "start": 364,
      "end": 368,
      "confidence": 1.0
    },
    {
      "id": 26,
      "text": "वाटप",
      "sentence": 4,
      "start": 390,
      "end": 394,
      "confidence": 1.0
    },
    {
      "id": 27,
      "text": "अर्जापैकी",
      "sentence": 4,
      "start": 396,
      "end": 403,
      "confidence": 1.0
    },
    {
      "id": 28,
      "text": "अर्ज",
      "sentence": 4,
      "start": 420,
      "end": 422,
      "confidence": 1.0
    },
    {
      "id": 29,
      "text": "मुदत",
      "sentence": 4,
      "start": 424,
      "end": 427,
      "confidence": 1.0
    },
    {
      "id": 30,
      "text": "महापालिकेला",
      "sentence": 4,
      "start": 437,
      "end": 446,
      "confidence": 1.0
    },
    {
      "id": 31,
      "text": "सोहळ्यासाठी",
      "sentence": 5,
      "start": 468,
      "end": 476,
      "confidence": 1.0
    },
    {
      "id": 32,
      "text": "स्मिथसोनियन",
      "sentence": 5,
      "start": 492,
      "end": 502,
      "confidence": 1.0
    },
    {
      "id": 33,
      "text": "म्युझियमने",
      "sentence": 5,
      "start": 519,
      "end": 526,
      "confidence": 1.0
    },
    {
      "id": 34,
      "text": "तयारी",
      "sentence": 5,
      "start": 536,
      "end": 540,
      "confidence": 1.0
    },
    {
      "id": 35,
      "text": "मुदत",
      "sentence": 7,
      "start": 603,
      "end": 606,
      "confidence": 1.0
    },
    {
      "id": 36,
      "text": "इक्विटी",
      "sentence": 7,
      "start": 614,
      "end": 619,
      "confidence": 1.0
    },
    {
      "id": 37,
      "text": "योजनांवर",
      "sentence": 7,
      "start": 621,
      "end": 627,
      "confidence": 1.0
    },
    {
      "id": 38,
      "text": "शुल्क",
      "sentence": 7,
      "start": 634,
      "end": 637,
      "confidence": 1.0
    },
    {
      "id": 39,
      "text": "जेनिफरने",
      "sentence": 8,
      "start": 670,
      "end": 677,
      "confidence": 1.0
    },
    {
      "id": 40,
      "text": "मुलाने",
      "sentence": 8,
      "start": 693,
      "end": 697,
      "confidence": 1.0
    },
    {
      "id": 41,
      "text": "शाळेमध्ये",
      "sentence": 8,
      "start": 699,
      "end": 705,
      "confidence": 1.0
    },
    {
      "id": 42,
      "text": "दंगामस्ती",
      "sentence": 8,
      "start": 710,
      "end": 718,
      "confidence": 1.0
    },
    {
      "id": 43,
      "text": "मी",
      "sentence": 8,
      "start": 730,
      "end": 731,
      "confidence": 1.0
    },
    {
      "id": 44,
      "text": "स्वत:ही",
      "sentence": 8,
      "start": 733,
      "end": 738,
      "confidence": 1.0
    },
    {
      "id": 45,
      "text": "त्याला",
      "sentence": 8,
      "start": 740,
      "end": 743,
      "confidence": 1.0
    },
    {
      "id": 46,
      "text": "शिक्षा",
      "sentence": 8,
      "start": 745,
      "end": 748,
      "confidence": 1.0
    },
    {
      "id": 47,
      "text": "जिल्ह्यात",
      "sentence": 9,
      "start": 761,
      "end": 767,
      "confidence": 1.0
    },
    {
      "id": 48,
      "text": "मंगळवारपासून",
      "sentence": 9,
      "start": 769,
      "end": 779,
      "confidence": 1.0
    },
    {
      "id": 49,
      "text": "पावसाची",
      "sentence": 9,
      "start": 781,
      "end": 787,
      "confidence": 1.0
    },
    {
      "id": 50,
      "text": "रिमझिम",
      "sentence": 9,
      "start": 789,
      "end": 794,
      "confidence": 1.0
    },
    {
      "id": 51,
      "text": "डिझेल",
      "sentence": 10,
      "start": 808,
      "end": 812,
      "confidence": 1.0
    },
    {
      "id": 52,
      "text": "व्हेरिएंटची",
      "sentence": 10,
      "start": 814,
      "end": 821,
      "confidence": 1.0
    },
    {
      "id": 53,
      "text": "किंमत",
      "sentence": 10,
      "start": 823,
      "end": 827,
      "confidence": 1.0
    },
    {
      "id": 54,
      "text": "रुपये",
      "sentence": 10,
      "start": 841,
      "end": 844,
      "confidence": 1.0
    },
    {
      "id": 55,
      "text": "वनस्पती",
      "sentence": 11,
      "start": 860,
      "end": 865,
      "confidence": 1.0
    },
    {
      "id": 56,
      "text": "आकाराचा",
      "sentence": 11,
      "start": 900,
      "end": 906,
      "confidence": 1.0
    },
    {
      "id": 57,
      "text": "घंटा-आकार",
      "sentence": 11,
      "start": 909,
      "end": 917,
      "confidence": 1.0
    },
    {
      "id": 58,
      "text": "फ्रान्सनं",
      "sentence": 12,
      "start": 956,
      "end": 962,
      "confidence": 1.0
    },
    {
      "id": 59,
      "text": "पेरूचा",
      "sentence": 12,
      "start": 969,
      "end": 973,
      "confidence": 1.0
    },
    {
      "id": 60,
      "text": "पराभव",
      "sentence": 12,
      "start": 975,
      "end": 979,
      "confidence": 1.0
    },
    {
      "id": 61,
      "text": "अर्जेंटिनाला",
      "sentence": 12,
      "start": 998,
      "end": 1006,
      "confidence": 1.0
    },
    {
      "id": 62,
      "text": "क्रोएशियाचा",
      "sentence": 12,
      "start": 1008,
      "end": 1016,
      "confidence": 1.0
    },
    {
      "id": 63,
      "text": "धक्का",
      "sentence": 12,
      "start": 1020,
      "end": 1023,
      "confidence": 1.0
    },
    {
      "id": 64,
      "text": "पराभव",
      "sentence": 12,
      "start": 1034,
      "end": 1038,
      "confidence": 1.0
    },
    {
      "id": 65,
      "text": "महिलेच्या",
      "sentence": 13,
      "start": 1047,
      "end": 1054,
      "confidence": 1.0
    },
    {
      "id": 66,
      "text": "तीळ",
      "sentence": 13,
      "start": 1067,
      "end": 1070,
      "confidence": 1.0
    },
    {
      "id": 67,
      "text": "ती",
      "sentence": 13,
      "start": 1079,
      "end": 1080,
      "confidence": 1.0
    },
    {
      "id": 68,
      "text": "महिला",
      "sentence": 13,
      "start": 1082,
      "end": 1086,
      "confidence": 1.0
    },
    {
      "id": 69,
      "text": "प्रकाश",
      "sentence": 14,
      "start": 1099,
      "end": 1103,
      "confidence": 1.0
    },
    {
      "id": 70,
      "text": "आंबेडकर",
      "sentence": 14,
      "start": 1105,
      "end": 1111,
      "confidence": 1.0
    },
    {
      "id": 71,
      "text": "बहुजन",
      "sentence": 14,
      "start": 1132,
      "end": 1137,
      "confidence": 1.0
    },
    {
      "id": 72,
      "text": "आघाडीला",
      "sentence": 14,
      "start": 1139,
      "end": 1145,
      "confidence": 1.0
    },
    {
      "id": 73,
      "text": "एमआयएम",
      "sentence": 14,
      "start": 1147,
      "end": 1152,
      "confidence": 1.0
    },
    {
      "id": 74,
      "text": "सीपीएम",
      "sentence": 14,
      "start": 1154,
      "end": 1158,
      "confidence": 1.0
    },
    {
      "id": 75,
      "text": "डावे",
      "sentence": 14,
      "start": 1160,
      "end": 1163,
      "confidence": 1.0
    },
    {
      "id": 76,
      "text": "नक्षलवादी",
      "sentence": 14,
      "start": 1165,
      "end": 1172,
      "confidence": 1.0
    },
    {
      "id": 77,
      "text": "माओवादी",
      "sentence": 14,
      "start": 1174,
      "end": 1180,
      "confidence": 1.0
    },
    {
      "id": 78,
      "text": "चळवळ",
      "sentence": 14,
      "start": 1195,
      "end": 1199,
      "confidence": 1.0
    },
    {
      "id": 79,
      "text": "रिपोर्ट्सनुसार",
      "sentence": 15,
      "start": 1209,
      "end": 1219,
      "confidence": 1.0
    },
    {
      "id": 80,
      "text": "विचार",
      "sentence": 15,
      "start": 1231,
      "end": 1234,
      "confidence": 1.0
    },
    {
      "id": 81,
      "text": "सिनेमा",
      "sentence": 15,
      "start": 1254,
      "end": 1258,
      "confidence": 1.0
    },
    {
      "id": 82,
      "text": "संभोग",
      "sentence": 16,
      "start": 1272,
      "end": 1276,
      "confidence": 1.0
    },
    {
      "id": 83,
      "text": "हिशेब",
      "sentence": 16,
      "start": 1297,
      "end": 1301,
      "confidence": 1.0
    },
    {
      "id": 84,
      "text": "मित्र",
      "sentence": 16,
      "start": 1313,
      "end": 1316,
      "confidence": 1.0
    },
    {
      "id": 85,
      "text": "समुद्राच्या",
      "sentence": 17,
      "start": 1334,
      "end": 1341,
      "confidence": 1.0
    },
    {
      "id": 86,
      "text": "लाटांचे",
      "sentence": 17,
      "start": 1343,
      "end": 1348,
      "confidence": 1.0
    },
    {
      "id": 87,
      "text": "तडाखे",
      "sentence": 17,
      "start": 1350,
      "end": 1354,
      "confidence": 1.0
    },
    {
      "id": 88,
      "text": "किल्ल्याची",
      "sentence": 17,
      "start": 1387,
      "end": 1393,
      "confidence": 1.0
    },
    {
      "id": 89,
      "text": "दुरवस्था",
      "sentence": 17,
      "start": 1395,
      "end": 1401,
      "confidence": 1.0
    },
    {
      "id": 90,
      "text": "शिवप्रेमींच्या",
      "sentence": 17,
      "start": 1412,
      "end": 1421,
      "confidence": 1.0
    },
    {
      "id": 91,
      "text": "मनात",
      "sentence": 17,
      "start": 1423,
      "end": 1427,
      "confidence": 1.0
    },
    {
      "id": 92,
      "text": "मासळीमध्ये",
      "sentence": 18,
      "start": 1445,
      "end": 1452,
      "confidence": 1.0
    },
    {
      "id": 93,
      "text": "फार्मेलिन",
      "sentence": 18,
      "start": 1454,
      "end": 1461,
      "confidence": 1.0
    },
    {
      "id": 94,
      "text": "मासळी",
      "sentence": 18,
      "start": 1477,
      "end": 1481,
      "confidence": 1.0
    },
    {
      "id": 95,
      "text": "आरोग्यासाठी",
      "sentence": 18,
      "start": 1483,
      "end": 1491,
      "confidence": 1.0
    },
    {
      "id": 96,
      "text": "निदान",
      "sentence": 18,
      "start": 1506,
      "end": 1509,
      "confidence": 1.0
    },
    {
      "id": 97,
      "text": "गोम्स",
      "sentence": 18,
      "start": 1523,
      "end": 1527,
      "confidence": 1.0
    },
    {
      "id": 98,
      "text": "गाड्याची",
      "sentence": 19,
      "start": 1539,
      "end": 1545,
      "confidence": 1.0
    },
    {
      "id": 99,
      "text": "किंमत",
      "sentence": 19,
      "start": 1547,
      "end": 1551,
      "confidence": 1.0
    },
    {
      "id": 100,
      "text": "रूपये",
      "sentence": 19,
      "start": 1560,
      "end": 1563,
      "confidence": 1.0
    },
    {
      "id": 101,
      "text": "रुपयांची",
      "sentence": 19,
      "start": 1602,
      "end": 1608,
      "confidence": 1.0
    },
    {
      "id": 102,
      "text": "स्टील",
      "sentence": 21,
      "start": 1648,
      "end": 1651,
      "confidence": 1.0
    },
    {
      "id": 103,
      "text": "जोडणी",
      "sentence": 21,
      "start": 1653,
      "end": 1657,
      "confidence": 1.0
    },
    {
      "id": 104,
      "text": "वायू",
      "sentence": 21,
      "start": 1665,
      "end": 1668,
      "confidence": 1.0
    },
    {
      "id": 105,
      "text": "धातू",
      "sentence": 21,
      "start": 1673,
      "end": 1676,
      "confidence": 1.0
    },
    {
      "id": 106,
      "text": "मुंबई",
      "sentence": 22,
      "start": 1699,
      "end": 1702,
      "confidence": 1.0
    },
    {
      "id": 107,
      "text": "विकास",
      "sentence": 22,
      "start": 1704,
      "end": 1707,
      "confidence": 1.0
    },
    {
      "id": 108,
      "text": "प्रतींची",
      "sentence": 22,
      "start": 1719,
      "end": 1724,
      "confidence": 1.0
    },
    {
      "id": 109,
      "text": "होळी",
      "sentence": 22,
      "start": 1726,
      "end": 1729,
      "confidence": 1.0
    },
    {
      "id": 110,
      "text": "शिवसेनेने",
      "sentence": 22,
      "start": 1735,
      "end": 1742,
      "confidence": 1.0
    },
    {
      "id": 111,
      "text": "आंदोलन",
      "sentence": 22,
      "start": 1744,
      "end": 1749,
      "confidence": 1.0
    },
    {
      "id": 112,
      "text": "सेनचे",
      "sentence": 23,
      "start": 1767,
      "end": 1770,
      "confidence": 1.0
    },
    {
      "id": 113,
      "text": "प्रदेशाध्यक्ष",
      "sentence": 23,
      "start": 1772,
      "end": 1780,
      "confidence": 1.0
    },
    {
      "id": 114,
      "text": "खंदारे",
      "sentence": 23,
      "start": 1782,
      "end": 1787,
      "confidence": 1.0
    },
    {
      "id": 115,
      "text": "पदाधीकारी",
      "sentence": 23,
      "start": 1790,
      "end": 1798,
      "confidence": 1.0
    },
    {
      "id": 116,
      "text": "ग्रामस्थ",
      "sentence": 23,
      "start": 1801,
      "end": 1806,
      "confidence": 1.0
    },
    {
      "id": 117,
      "text": "संख्येने",
      "sentence": 23,
      "start": 1815,
      "end": 1820,
      "confidence": 1.0
    },
    {
      "id": 118,
      "text": "बंगल्यापासून",
      "sentence": 24,
      "start": 1833,
      "end": 1841,
      "confidence": 1.0
    },
    {
      "id": 119,
      "text": "अंतरावर",
      "sentence": 24,
      "start": 1850,
      "end": 1855,
      "confidence": 1.0
    },
    {
      "id": 120,
      "text": "कुटीर",
      "sentence": 24,
      "start": 1864,
      "end": 1868,
      "confidence": 1.0
    },
    {
      "id": 121,
      "text": "महापालिकेत",
      "sentence": 25,
      "start": 1880,
      "end": 1887,
      "confidence": 1.0
    },
    {
      "id": 122,
      "text": "काँग्रेसचे",
      "sentence": 25,
      "start": 1889,
      "end": 1895,
      "confidence": 1.0
    },
    {
      "id": 123,
      "text": "पक्षनेते",
      "sentence": 25,
      "start": 1897,
      "end": 1902,
      "confidence": 1.0
    },
    {
      "id": 124,
      "text": "भूमिका",
      "sentence": 25,
      "start": 1913,
      "end": 1917,
      "confidence": 1.0
    },
    {
      "id": 125,
      "text": "आर्थस्ट्रिसिससाठी",
      "sentence": 26,
      "start": 1930,
      "end": 1942,
      "confidence": 1.0
    },
    {
      "id": 126,
      "text": "पोषण",
      "sentence": 26,
      "start": 1957,
      "end": 1960,
      "confidence": 1.0
    },
    {
      "id": 127,
      "text": "समस्या",
      "sentence": 26,
      "start": 1968,
      "end": 1972,
      "confidence": 1.0
    },
    {
      "id": 128,
      "text": "पद्धत",
      "sentence": 26,
      "start": 1985,
      "end": 1989,
      "confidence": 1.0
    },
    {
      "id": 129,
      "text": "आम्ही",
      "sentence": 27,
      "start": 1997,
      "end": 2000,
      "confidence": 1.0
    },
    {
      "id": 130,
      "text": "आचरा",
      "sentence": 28,
      "start": 2038,
      "end": 2042,
      "confidence": 1.0
    },
    {
      "id": 131,
      "text": "चिंदर",
      "sentence": 28,
      "start": 2045,
      "end": 2049,
      "confidence": 1.0
    },
    {
      "id": 132,
      "text": "गावं",
      "sentence": 28,
      "start": 2053,
      "end": 2056,
      "confidence": 1.0
    },
    {
      "id": 133,
      "text": "गावपळण",
      "sentence": 28,
      "start": 2058,
      "end": 2065,
      "confidence": 1.0
    },
    {
      "id": 134,
      "text": "परंपरेशी",
      "sentence": 28,
      "start": 2070,
      "end": 2076,
      "confidence": 1.0
    },
    {
      "id": 135,
      "text": "निर्णयानंतर",
      "sentence": 29,
      "start": 2099,
      "end": 2107,
      "confidence": 1.0
    },
    {
      "id": 136,
      "text": "पदाधिकारी",
      "sentence": 29,
      "start": 2128,
      "end": 2135,
      "confidence": 1.0
    },
    {
      "id": 137,
      "text": "अॅसिड",
      "sentence": 30,
      "start": 2147,
      "end": 2151,
      "confidence": 1.0
    },
    {
      "id": 138,
      "text": "हल्ला",
      "sentence": 30,
      "start": 2153,
      "end": 2156,
      "confidence": 1.0
    },
    {
      "id": 139,
      "text": "पीडिता",
      "sentence": 30,
      "start": 2158,
      "end": 2162,
      "confidence": 1.0
    },
    {
      "id": 140,
      "text": "लक्ष्मी",
      "sentence": 30,
      "start": 2164,
      "end": 2168,
      "confidence": 1.0
    },
    {
      "id": 141,
      "text": "आयुष्यावर",
      "sentence": 30,
      "start": 2180,
      "end": 2186,
      "confidence": 1.0
    },
    {
      "id": 142,
      "text": "गुलजार",
      "sentence": 30,
      "start": 2204,
      "end": 2209,
      "confidence": 1.0
    },
    {
      "id": 143,
      "text": "छपाक",
      "sentence": 30,
      "start": 2213,
      "end": 2217,
      "confidence": 1.0
    },
    {
      "id": 144,
      "text": "चित्रपटात",
      "sentence": 30,
      "start": 2222,
      "end": 2228,
      "confidence": 1.0
    },
    {
      "id": 145,
      "text": "दीपिका",
      "sentence": 30,
      "start": 2230,
      "end": 2235,
      "confidence": 1.0
    },
    {
      "id": 146,
      "text": "भूमिका",
      "sentence": 30,
      "start": 2241,
      "end": 2245,
      "confidence": 1.0
    },
    {
      "id": 147,
      "text": "गुजरातमध्ये",
      "sentence": 31,
      "start": 2259,
      "end": 2267,
      "confidence": 1.0
    },
    {
      "id": 148,
      "text": "भाजप",
      "sentence": 31,
      "start": 2273,
      "end": 2276,
      "confidence": 1.0
    },
    {
      "id": 149,
      "text": "सरकार",
      "sentence": 31,
      "start": 2278,
      "end": 2281,
      "confidence": 1.0
    },
    {
      "id": 150,
      "text": "सत्तेत",
      "sentence": 31,
      "start": 2283,
      "end": 2287,
      "confidence": 1.0
    },
    {
      "id": 151,
      "text": "अंदाज",
      "sentence": 31,
      "start": 2297,
      "end": 2300,
      "confidence": 1.0
    },
    {
      "id": 152,
      "text": "एबीपी",
      "sentence": 31,
      "start": 2304,
      "end": 2307,
      "confidence": 1.0
    },
    {
      "id": 153,
      "text": "एनबीटी-सी",
      "sentence": 31,
      "start": 2324,
      "end": 2331,
      "confidence": 1.0
    },
    {
      "id": 154,
      "text": "एक्झिट",
      "sentence": 31,
      "start": 2341,
      "end": 2345,
      "confidence": 1.0
    },
    {
      "id": 155,
      "text": "पोलने",
      "sentence": 31,
      "start": 2347,
      "end": 2350,
      "confidence": 1.0
    },
    {
      "id": 156,
      "text": "सॉसेज",
      "sentence": 32,
      "start": 2378,
      "end": 2382,
      "confidence": 1.0
    },
    {
      "id": 157,
      "text": "रूपाच्या",
      "sentence": 32,
      "start": 2384,
      "end": 2389,
      "confidence": 1.0
    },
    {
      "id": 158,
      "text": "रूपात",
      "sentence": 32,
      "start": 2391,
      "end": 2394,
      "confidence": 1.0
    },
    {
      "id": 159,
      "text": "प्रक्रिया",
      "sentence": 32,
      "start": 2415,
      "end": 2420,
      "confidence": 1.0
    },
    {
      "id": 160,
      "text": "चीजचे",
      "sentence": 32,
      "start": 2428,
      "end": 2432,
      "confidence": 1.0
    },
    {
      "id": 161,
      "text": "प्रतिनिधित्व",
      "sentence": 32,
      "start": 2434,
      "end": 2442,
      "confidence": 1.0
    },
    {
      "id": 162,
      "text": "तिसैन",
      "sentence": 33,
      "start": 2455,
      "end": 2459,
      "confidence": 1.0
    },
    {
      "id": 163,
      "text": "यादवामधे",
      "sentence": 33,
      "start": 2472,
      "end": 2479,
      "confidence": 1.0
    },
    {
      "id": 164,
      "text": "माहादजी",
      "sentence": 33,
      "start": 2483,
      "end": 2489,
      "confidence": 1.0
    },
    {
      "id": 165,
      "text": "मसूरचे",
      "sentence": 33,
      "start": 2510,
      "end": 2514,
      "confidence": 1.0
    },
    {
      "id": 166,
      "text": "गर्गशा",
      "sentence": 33,
      "start": 2525,
      "end": 2529,
      "confidence": 1.0
    },
    {
      "id": 167,
      "text": "परिवहन",
      "sentence": 34,
      "start": 2555,
      "end": 2560,
      "confidence": 1.0
    },
    {
      "id": 168,
      "text": "विभागाचे",
      "sentence": 34,
      "start": 2562,
      "end": 2567,
      "confidence": 1.0
    },
    {
      "id": 169,
      "text": "अधिकारी",
      "sentence": 34,
      "start": 2569,
      "end": 2574,
      "confidence": 1.0
    },
    {
      "id": 170,
      "text": "ई-वे-बिल",
      "sentence": 34,
      "start": 2596,
      "end": 2603,
      "confidence": 1.0
    },
    {
      "id": 171,
      "text": "सुविधेअंतर्गत",
      "sentence": 34,
      "start": 2605,
      "end": 2614,
      "confidence": 1.0
    },
    {
      "id": 172,
      "text": "वाहनाना",
      "sentence": 34,
      "start": 2615,
      "end": 2621,
      "confidence": 1.0
    },
    {
      "id": 173,
      "text": "आरफआयडी",
      "sentence": 34,
      "start": 2634,
      "end": 2641,
      "confidence": 1.0
    },
    {
      "id": 174,
      "text": "माहिती",
      "sentence": 35,
      "start": 2664,
      "end": 2668,
      "confidence": 1.0
    },
    {
      "id": 175,
      "text": "लेखाच्या",
      "sentence": 35,
      "start": 2673,
      "end": 2678,
      "confidence": 1.0
    },
    {
      "id": 176,
      "text": "प्रयत्न",
      "sentence": 35,
      "start": 2691,
      "end": 2695,
      "confidence": 1.0
    },
    {
      "id": 177,
      "text": "सातबाऱ्यावर",
      "sentence": 36,
      "start": 2707,
      "end": 2714,
      "confidence": 1.0
    },
    {
      "id": 178,
      "text": "कर्ज",
      "sentence": 36,
      "start": 2716,
      "end": 2718,
      "confidence": 1.0
    },
    {
      "id": 179,
      "text": "बातम्या",
      "sentence": 37,
      "start": 2730,
      "end": 2734,
      "confidence": 1.0
    },
    {
      "id": 180,
      "text": "गुरूवार",
      "sentence": 37,
      "start": 2736,
      "end": 2741,
      "confidence": 1.0
    },
    {
      "id": 181,
      "text": "एप्रिल",
      "sentence": 37,
      "start": 2746,
      "end": 2750,
      "confidence": 1.0
    },
    {
      "id": 182,
      "text": "शेअर",
      "sentence": 38,
      "start": 2759,
      "end": 2762,
      "confidence": 1.0
    },
    {
      "id": 183,
      "text": "बाजारात",
      "sentence": 38,
      "start": 2764,
      "end": 2768,
      "confidence": 1.0
    },
    {
      "id": 184,
      "text": "निफ्टी",
      "sentence": 39,
      "start": 2779,
      "end": 2783,
      "confidence": 1.0
    },
    {
      "id": 185,
      "text": "निर्देशांक",
      "sentence": 39,
      "start": 2785,
      "end": 2791,
      "confidence": 1.0
    },
    {
      "id": 186,
      "text": "अंकांनी",
      "sentence": 39,
      "start": 2797,
      "end": 2801,
      "confidence": 1.0
    },
    {
      "id": 187,
      "text": "सेन्सेक्स",
      "sentence": 39,
      "start": 2807,
      "end": 2813,
      "confidence": 1.0
    },
    {
      "id": 188,
      "text": "अंकांनी",
      "sentence": 39,
      "start": 2822,
      "end": 2826,
      "confidence": 1.0
    },
    {
      "id": 189,
      "text": "वेळा",
      "sentence": 40,
      "start": 2862,
      "end": 2865,
      "confidence": 1.0
    },
    {
      "id": 190,
      "text": "पैसे",
      "sentence": 40,
      "start": 2867,
      "end": 2870,
      "confidence": 1.0
    },
    {
      "id": 191,
      "text": "रुपये",
      "sentence": 40,
      "start": 2880,
      "end": 2883,
      "confidence": 1.0
    },
    {
      "id": 192,
      "text": "सरचार्ज",
      "sentence": 40,
      "start": 2885,
      "end": 2890,
      "confidence": 1.0
    },
    {
      "id": 193,
      "text": "ई-आधार",
      "sentence": 41,
      "start": 2898,
      "end": 2904,
      "confidence": 1.0
    },
    {
      "id": 194,
      "text": "क्यूआर",
      "sentence": 41,
      "start": 2928,
      "end": 2931,
      "confidence": 1.0
    },
    {
      "id": 195,
      "text": "देशभरात",
      "sentence": 42,
      "start": 2958,
      "end": 2964,
      "confidence": 1.0
    },
    {
      "id": 196,
      "text": "तुलनेत",
      "sentence": 42,
      "start": 2978,
      "end": 2982,
      "confidence": 1.0
    },
    {
      "id": 197,
      "text": "सोनेखरेदी",
      "sentence": 42,
      "start": 3004,
      "end": 3011,
      "confidence": 1.0
    },
    {
      "id": 198,
      "text": "वस्तू",
      "sentence": 43,
      "start": 3019,
      "end": 3022,
      "confidence": 1.0
    },
    {
      "id": 199,
      "text": "सेवाकर",
      "sentence": 43,
      "start": 3025,
      "end": 3029,
      "confidence": 1.0
    },
    {
      "id": 200,
      "text": "विवरणपत्र",
      "sentence": 43,
      "start": 3031,
      "end": 3038,
      "confidence": 1.0
    },
    {
      "id": 201,
      "text": "महिन्यातून",
      "sentence": 43,
      "start": 3040,
      "end": 3047,
      "confidence": 1.0
    },
    {
      "id": 202,
      "text": "नियम",
      "sentence": 43,
      "start": 3060,
      "end": 3063,
      "confidence": 1.0
    },
    {
      "id": 203,
      "text": "अॅमेझॉनवरून",
      "sentence": 44,
      "start": 3088,
      "end": 3097,
      "confidence": 1.0
    },
    {
      "id": 204,
      "text": "स्मार्टफोन",
      "sentence": 44,
      "start": 3099,
      "end": 3105,
      "confidence": 1.0
    },
    {
      "id": 205,
      "text": "खरेदी",
      "sentence": 44,
      "start": 3107,
      "end": 3110,
      "confidence": 1.0
    },
    {
      "id": 206,
      "text": "महाराष्ट्र",
      "sentence": 44,
      "start": 3117,
      "end": 3123,
      "confidence": 1.0
    },
    {
      "id": 207,
      "text": "वर्षी",
      "sentence": 45,
      "start": 3140,
      "end": 3142,
      "confidence": 1.0
    },
    {
      "id": 208,
      "text": "कर्जात",
      "sentence": 45,
      "start": 3150,
      "end": 3154,
      "confidence": 1.0
    },
    {
      "id": 209,
      "text": "पर्चेस",
      "sentence": 46,
      "start": 3202,
      "end": 3206,
      "confidence": 1.0
    },
    {
      "id": 210,
      "text": "लिलाव",
      "sentence": 46,
      "start": 3223,
      "end": 3226,
      "confidence": 1.0
    },
    {
      "id": 211,
      "text": "इन्फोसिस",
      "sentence": 47,
      "start": 3234,
      "end": 3240,
      "confidence": 1.0
    },
    {
      "id": 212,
      "text": "वुंगडूडी",
      "sentence": 47,
      "start": 3251,
      "end": 3258,
      "confidence": 1.0
    },
    {
      "id": 213,
      "text": "होल्डिंग",
      "sentence": 47,
      "start": 3260,
      "end": 3265,
      "confidence": 1.0
    },
    {
      "id": 214,
      "text": "कंपनी",
      "sentence": 47,
      "start": 3269,
      "end": 3272,
      "confidence": 1.0
    },
    {
      "id": 215,
      "text": "मिलियन",
      "sentence": 47,
      "start": 3279,
      "end": 3284,
      "confidence": 1.0
    },
    {
      "id": 216,
      "text": "डॉलरला",
      "sentence": 47,
      "start": 3286,
      "end": 3290,
      "confidence": 1.0
    },
    {
      "id": 217,
      "text": "हिंदुस्थान",
      "sentence": 48,
      "start": 3307,
      "end": 3313,
      "confidence": 1.0
    },
    {
      "id": 218,
      "text": "युनिलिव्हर",
      "sentence": 48,
      "start": 3315,
      "end": 3321,
      "confidence": 1.0
    },
    {
      "id": 219,
      "text": "लिमिटेडचे",
      "sentence": 48,
      "start": 3323,
      "end": 3329,
      "confidence": 1.0
    },
    {
      "id": 220,
      "text": "संचालक",
      "sentence": 48,
      "start": 3341,
      "end": 3346,
      "confidence": 1.0
    },
    {
      "id": 221,
      "text": "संजीव",
      "sentence": 48,
      "start": 3353,
      "end": 3357,
      "confidence": 1.0
    },
    {
      "id": 222,
      "text": "मेहता",
      "sentence": 48,
      "start": 3359,
      "end": 3363,
      "confidence": 1.0
    },
    {
      "id": 223,
      "text": "नियुक्ती",
      "sentence": 48,
      "start": 3370,
      "end": 3374,
      "confidence": 1.0
    },
    {
      "id": 224,
      "text": "कोणकाला",
      "sentence": 49,
      "start": 3383,
      "end": 3389,
      "confidence": 1.0
    },
    {
      "id": 225,
      "text": "कॉपर",
      "sentence": 49,
      "start": 3391,
      "end": 3395,
      "confidence": 1.0
    },
    {
      "id": 226,
      "text": "वेदांता",
      "sentence": 49,
      "start": 3408,
      "end": 3413,
      "confidence": 1.0
    },
    {
      "id": 227,
      "text": "मिलियन",
      "sentence": 49,
      "start": 3422,
      "end": 3427,
      "confidence": 1.0
    },
    {
      "id": 228,
      "text": "गुंतवणूक",
      "sentence": 49,
      "start": 3432,
      "end": 3438,
      "confidence": 1.0
    },
    {
      "id": 229,
      "text": "इन्फोसिस",
      "sentence": 50,
      "start": 3446,
      "end": 3452,
      "confidence": 1.0
    },
    {
      "id": 230,
      "text": "नफ्यात",
      "sentence": 50,
      "start": 3469,
      "end": 3473,
      "confidence": 1.0
    },
    {
      "id": 231,
      "text": "हिंदाल्को",
      "sentence": 51,
      "start": 3505,
      "end": 3511,
      "confidence": 1.0
    },
    {
      "id": 232,
      "text": "वेदांत",
      "sentence": 51,
      "start": 3514,
      "end": 3518,
      "confidence": 1.0
    },
    {
      "id": 233,
      "text": "टाटा",
      "sentence": 51,
      "start": 3521,
      "end": 3524,
      "confidence": 1.0
    },
    {
      "id": 234,
      "text": "स्टील",
      "sentence": 51,
      "start": 3526,
      "end": 3529,
      "confidence": 1.0
    },
    {
      "id": 235,
      "text": "भारती",
      "sentence": 51,
      "start": 3541,
      "end": 3545,
      "confidence": 1.0
    },
    {
      "id": 236,
      "text": "शिपिंग",
      "sentence": 52,
      "start": 3571,
      "end": 3576,
      "confidence": 1.0
    },
    {
      "id": 237,
      "text": "कॉर्पोरेशन",
      "sentence": 52,
      "start": 3578,
      "end": 3585,
      "confidence": 1.0
    },
    {
      "id": 238,
      "text": "इंडिया",
      "sentence": 52,
      "start": 3589,
      "end": 3593,
      "confidence": 1.0
    },
    {
      "id": 239,
      "text": "हिंदुस्थान",
      "sentence": 52,
      "start": 3596,
      "end": 3602,
      "confidence": 1.0
    },
    {
      "id": 240,
      "text": "कॉपर",
      "sentence": 52,
      "start": 3604,
      "end": 3608,
      "confidence": 1.0
    },
    {
      "id": 241,
      "text": "इंडिया",
      "sentence": 52,
      "start": 3611,
      "end": 3615,
      "confidence": 1.0
    },
    {
      "id": 242,
      "text": "बुल्स",
      "sentence": 52,
      "start": 3617,
      "end": 3620,
      "confidence": 1.0
    },
    {
      "id": 243,
      "text": "व्हेंचर्स",
      "sentence": 52,
      "start": 3622,
      "end": 3627,
      "confidence": 1.0
    },
    {
      "id": 244,
      "text": "रॅडिको",
      "sentence": 52,
      "start": 3630,
      "end": 3635,
      "confidence": 1.0
    },
    {
      "id": 245,
      "text": "टाटा",
      "sentence": 52,
      "start": 3638,
      "end": 3641,
      "confidence": 1.0
    },
    {
      "id": 246,
      "text": "स्टील",
      "sentence": 52,
      "start": 3643,
      "end": 3646,
      "confidence": 1.0
    },
    {
      "id": 247,
      "text": "गजकर्ण",
      "sentence": 53,
      "start": 3655,
      "end": 3660,
      "confidence": 1.0
    },
    {
      "id": 248,
      "text": "पत्रिका",
      "sentence": 53,
      "start": 3662,
      "end": 3666,
      "confidence": 1.0
    },
    {
      "id": 249,
      "text": "देशाच्या",
      "sentence": 54,
      "start": 3676,
      "end": 3681,
      "confidence": 1.0
    },
    {
      "id": 250,
      "text": "उत्पन्नातील",
      "sentence": 54,
      "start": 3687,
      "end": 3694,
      "confidence": 1.0
    },
    {
      "id": 251,
      "text": "महाराष्ट्राची",
      "sentence": 54,
      "start": 3696,
      "end": 3704,
      "confidence": 1.0
    },
    {
      "id": 252,
      "text": "टक्केवारी",
      "sentence": 54,
      "start": 3706,
      "end": 3712,
      "confidence": 1.0
    },
    {
      "id": 253,
      "text": "देशातील",
      "sentence": 54,
      "start": 3765,
      "end": 3770,
      "confidence": 1.0
    },
    {
      "id": 254,
      "text": "गुंतवणुकीत",
      "sentence": 54,
      "start": 3784,
      "end": 3791,
      "confidence": 1.0
    },
    {
      "id": 255,
      "text": "महाराष्ट्राची",
      "sentence": 54,
      "start": 3793,
      "end": 3801,
      "confidence": 1.0
    },
    {
      "id": 256,
      "text": "टक्केवारी",
      "sentence": 54,
      "start": 3803,
      "end": 3809,
      "confidence": 1.0
    },
    {
      "id": 257,
      "text": "गुजरातची",
      "sentence": 54,
      "start": 3826,
      "end": 3832,
      "confidence": 1.0
    },
    {
      "id": 258,
      "text": "माध्यमातून",
      "sentence": 55,
      "start": 3855,
      "end": 3861,
      "confidence": 1.0
    },
    {
      "id": 259,
      "text": "अर्ज",
      "sentence": 55,
      "start": 3863,
      "end": 3865,
      "confidence": 1.0
    },
    {
      "id": 260,
      "text": "पीएफ",
      "sentence": 55,
      "start": 3876,
      "end": 3879,
      "confidence": 1.0
    },
    {
      "id": 261,
      "text": "भागांत",
      "sentence": 55,
      "start": 3885,
      "end": 3889,
      "confidence": 1.0
    },
    {
      "id": 262,
      "text": "पाणी",
      "sentence": 56,
      "start": 3904,
      "end": 3907,
      "confidence": 1.0
    },
    {
      "id": 263,
      "text": "पाणी",
      "sentence": 56,
      "start": 3927,
      "end": 3930,
      "confidence": 1.0
    },
    {
      "id": 264,
      "text": "मुलगा",
      "sentence": 57,
      "start": 3960,
      "end": 3963,
      "confidence": 1.0
    },
    {
      "id": 265,
      "text": "सोहरा",
      "sentence": 57,
      "start": 3967,
      "end": 3971,
      "confidence": 1.0
    },
    {
      "id": 266,
      "text": "मुलगी",
      "sentence": 57,
      "start": 3973,
      "end": 3977,
      "confidence": 1.0
    },
    {
      "id": 267,
      "text": "वडील",
      "sentence": 57,
      "start": 3987,
      "end": 3990,
      "confidence": 1.0
    }
  ],
  "clusters": [
    [
      0,
      1
    ],
    [
      4,
      5,
      6
    ],
    [
      14,
      19
    ],
    [
      29,
      34
    ],
    [
      30,
      31
    ],
    [
      38,
      39,
      40,
      41,
      42,
      43
    ],
    [
      55,
      59,
      60
    ],
    [
      56,
      61
    ],
    [
      83,
      88
    ],
    [
      89,
      92,
      93
    ],
    [
      94,
      95
    ],
    [
      96,
      97,
      98
    ],
    [
      114,
      115
    ],
    [
      118,
      119
    ],
    [
      123,
      125
    ],
    [
      145,
      146,
      147
    ],
    [
      155,
      156
    ],
    [
      175,
      176
    ],
    [
      187,
      188
    ],
    [
      190,
      191
    ],
    [
      197,
      198
    ],
    [
      201,
      202
    ],
    [
      203,
      204
    ],
    [
      218,
      219
    ],
    [
      228,
      229
    ],
    [
      247,
      248
    ],
    [
      253,
      254,
      255
    ],
    [
      262,
      263
    ]
  ]
}