{
  "document_id": "document_4",
  "sentences": [
    "अनंतनागमध्ये सुरक्षा दलावर ग्रेनेड हल्ला, सहा जवान गंभीर जखमी",
    "गरज नसताना माझी संगिन कचाकचा आणखी २-३ दा खुपसली त्याच्यात.",
    "त्यानुसार साईनगर, देहरोड येथे सापळा रचून आरोपी केतन दत्तात्रय पोकळे (वय 22, रा.",
    "तुषार शेवाळे : काँग्रेस",
    "प्रदूषण नियंत्रण मंडळाकडे 25 हजार 181 रुपये, वैद्यकीय शिक्षण व औषध विभागाकडे 40 लाख 61 हजार 520 रुपये आणि सामाजिक न्याय, सांस्कृतिक व क्रीडा विभागाकडे 31 हजार 581 रुपये वीजदेयकापोटी थकीत आहेत.",
    "नवी दिल्ली : आता अवघ्या काही महिन्यांवर दिल्ली विधानसभेची निवडणूक येऊन ठेपली असून ही निवडणूक भाजपसाठी अत्यंत प्रतिष्ठेची आहे.",
    "आजकाल, दागिने, यासह रिंग, \"कार्टियर\" म्हणून अशा प्रसिद्ध ब्रँड, प्रत्येक घेऊ शकता.",
    "वाहतूक पासपोर्ट;",
    "काँग्रेस ३१ जागा मिळवून तिस-या क्रमांकावर, तर राष्ट्रवादी काँग्रेसला दोन आकडी संख्याही गाठता आली नाही.",
    "प्रथम संकल्पना प्रवास नाश्ता आणि रात्रीचे जेवण देते.",
    "एका बाजूला सरकार असा खर्च करत असताना दुसर्‍या बाजूला हे बॅटर्‍या वापरणारे लोक हजारो लिटर अशुद्ध पेट्रोलमुळे होऊ शकेल एवढे हवेचे प्रदूषण एका बॅटरीची विल्हेवाट लावताना करतात.",
    "मिरज - रविवारच्या ( ता.",
    "11 ) दौऱ्यात मुख्यमंत्र्यांची गाडी अडवणारच असा निर्धार कॉंग्रेस आणि राष्ट्रवादीच्या नेत्यांनी व्यक्त केला.",
    "म्हैसाळ योजनेतून पाणी उपसा सुरु करावा.",
    "यासाठी आठवडाभरापुर्वी जिल्हाधिकार्यांना निवेदन दिले होते, मात्र त्यावर कार्यवाही न झाल्याने या नेत्यांनी आज पुन्हा बैठक घेतली.",
    "जिल्ह्यात हिंगणघाट शहर मोठ्या प्रमाणात अवैध दारू विक्री व्यवसाय फोफावत आहे.",
    "दरम्यान, याविषयी मुकुंदवाडी पोलिस ठाण्यात बसचालकाविरोधात गुन्हा नोंदविण्यात आला आहे.",
    "रजनीकांत यांच्यावर प्रेम करणाऱ्या त्याच्या चाहत्यांची संख्या खूप मोठी आहे.",
    "परिक्षा आणि आहार",
    "माजी जागतिक उपविजेता मुंबईचा दुसरा मानांकित मोहम्मद गुफरानने मुबंइ उपनगरच्या इश्तियाक अन्सारीचे 25-6, 25-8 असे आव्हान परतवून लावले.",
    "मराठा व धनगर समाजाच्या लोकांनी एकत्र येण्याची गरज असून यापुढे समाजाने राजकीय आरक्षण मागण्यापेक्षा या तरुण मुलांच्या भविष्यासाठी शिक्षण व नोकरीसाठी आरक्षण मागणे गरजेचे आहे.",
    "आजचे अनेक नेते आपला राजकीय उद्देश साध्य करण्यासाठी समाजाला कोंडीत पकडण्यासाठी काम करीत आहेत.",
    "समाजातील व्यक्ती आमदार किंवा खासदार व मंत्री असेल तरच आरक्षण मिळेल ही भावना सोडून द्या, फक्त एका जातीवर निवडणूका जिंकता येत नाहीत.",
    "यासाठी आरक्षणाची धार वाढवायची असल्यास सर्वांनी एकत्र येऊन आपली ताकद दाखवा.",
    "दिल्लीमध्ये आपले वर्चस्व वाढल्यास दिल्लीकरांना आपल्या पुढे झुकावे लागून मराठा व धनगर समाजातील लोकांना आरक्षण मिळेल, असे ना.",
    "रामराजे नाईक निंबाळकर यांनी स्पष्ट केले.",
    "पहिला सेट झवेरेवने जिंकला होता.",
    "परंतु दुसऱ्या सेटमध्ये मात्र चिलीचने पुनरागमन करत हा सेट जिंकला आणि सामना बरोबरीचा केला.",
    "झवेरेवने तिसऱ्या आणि निर्णायक सेटमध्ये पुन्हा आपला खेळ उंचावत हा सेट जिंकून सामनाही आपल्या नावावर केला.",
    "हा प्रकल्प साकारताना समुद्रात टाकण्यात येणार्‍या भरावामुळे भरतीच्या वेळी राहत्या घराचा प्रश्नसुद्धा उभा राहणारा आहे.",
    "विशेष म्हणजे अवैद्य दारूविक्री ही मार्केट कमिटी समोर असलेल्या सुर्यमुखी हनुमान मंदिराजवळच असल्याने भाविकांना त्याचा त्रास सहन करावा लागत आहे.",
    "शिवीगाळ करणे, मुलींची छेडछाड, मारामारी असे प्रकार ही या परिसरात वाढले असल्याचे निवेदनात म्हटले आहे.",
    "मध्यमेश्वरनगर येथील बाहेर व आतील भागात अवैधरित्या सुरू असलेल्या दारूविक्री करणाऱ्यांवर त्वरित कार्यवाही करावी व ही दुकाने कायमची बंद करण्यात यावी, अशी मागणी केली आहे .",
    "24) बैठक बोलावली असल्याची माहिती आमदार अनिल बाबर यांनी."
  ],
  "mentions": [
    {
      "id": 0,
      "text": "अनंतनागमध्ये",
      "sentence": 0,
      "start": 0,
      "end": 11,
      "confidence": 1.0
    },
    {
      "id": 1,
      "text": "सुरक्षा",
      "sentence": 0,
      "start": 12,
      "end": 18,
      "confidence": 1.0
    },
    {
      "id": 2,
      "text": "ग्रेनेड",
      "sentence": 0,
      "start": 25,
      "end": 31,
      "confidence": 1.0
    },
    {
      "id": 3,
      "text": "हल्ला",
      "sentence": 0,
      "start": 32,
      "end": 37,
      "confidence": 1.0
    },
    {
      "id": 4,
      "text": "जवान",
      "sentence": 0,
      "start": 47,
      "end": 51,
      "confidence": 1.0
    },
    {
      "id": 5,
      "text": "माझी",
      "sentence": 1,
      "start": 64,
      "end": 68,
      "confidence": 1.0
    },
    {
      "id": 6,
      "text": "संगिन",
      "sentence": 1,
      "start": 69,
      "end": 74,
      "confidence": 1.0
    },
    {
      "id": 7,
      "text": "साईनगर",
      "sentence": 2,
      "start": 113,
      "end": 119,
      "confidence": 1.0
    },
    {
      "id": 8,
      "text": "देहरोड",
      "sentence": 2,
      "start": 121,
      "end": 127,
      "confidence": 1.0
    },
    {
      "id": 9,
      "text": "सापळा",
      "sentence": 2,
      "start": 133,
      "end": 138,
      "confidence": 1.0
    },
    {
      "id": 10,
      "text": "आरोपी",
      "sentence": 2,
      "start": 145,
      "end": 150,
      "confidence": 1.0
    },
    {
      "id": 11,
      "text": "केतन",
      "sentence": 2,
      "start": 151,
      "end": 155,
      "confidence": 1.0
    },
    {
      "id": 12,
      "text": "दत्तात्रय",
      "sentence": 2,
      "start": 156,
      "end": 164,
      "confidence": 1.0
    },
    {
      "id": 13,
      "text": "तुषार",
      "sentence": 3,
      "start": 196,
      "end": 201,
      "confidence": 1.0
    },
    {
      "id": 14,
      "text": "शेवाळे",
      "sentence": 3,
      "start": 202,
      "end": 208,
      "confidence": 1.0
    },
    {
      "id": 15,
      "text": "काँग्रेस",
      "sentence": 3,
      "start": 211,
      "end": 218,
      "confidence": 1.0
    },
    {
      "id": 16,
      "text": "प्रदूषण",
      "sentence": 4,
      "start": 220,
      "end": 226,
      "confidence": 1.0
    },
    {
      "id": 17,
      "text": "नियंत्रण",
      "sentence": 4,
      "start": 227,
      "end": 233,
      "confidence": 1.0
    },
    {
      "id": 18,
      "text": "मंडळाकडे",
      "sentence": 4,
      "start": 234,
      "end": 241,
      "confidence": 1.0
    },
    {
      "id": 19,
      "text": "रुपये",
      "sentence": 4,
      "start": 251,
      "end": 256,
      "confidence": 1.0
    },
    {
      "id": 20,
      "text": "शिक्षण",
      "sentence": 4,
      "start": 269,
      "end": 275,
      "confidence": 1.0
    },
    {
      "id": 21,
      "text": "विभागाकडे",
      "sentence": 4,
      "start": 284,
      "end": 292,
      "confidence": 1.0
    },
    {
      "id": 22,
      "text": "रुपये",
      "sentence": 4,
      "start": 303,
      "end": 308,
      "confidence": 1.0
    },
    {
      "id": 23,
      "text": "न्याय",
      "sentence": 4,
      "start": 321,
      "end": 325,
      "confidence": 1.0
    },
    {
      "id": 24,
      "text": "विभागाकडे",
      "sentence": 4,
      "start": 346,
      "end": 354,
      "confidence": 1.0
    },
    {
      "id": 25,
      "text": "रुपये",
      "sentence": 4,
      "start": 364,
      "end": 369,
      "confidence": 1.0
    },
    {
      "id": 26,
      "text": "वीजदेयकापोटी",
      "sentence": 4,
      "start": 370,
      "end": 381,
      "confidence": 1.0
    },
    {
      "id": 27,
      "text": "दिल्ली",
      "sentence": 5,
      "start": 393,
      "end": 399,
      "confidence": 1.0
    },
    {
      "id": 28,
      "text": "दिल्ली",
      "sentence": 5,
      "start": 419,
      "end": 425,
      "confidence": 1.0
    },
    {
      "id": 29,
      "text": "विधानसभेची",
      "sentence": 5,
      "start": 426,
      "end": 435,
      "confidence": 1.0
    },
    {
      "id": 30,
      "text": "भाजपसाठी",
      "sentence": 5,
      "start": 465,
      "end": 472,
      "confidence": 1.0
    },
    {
      "id": 31,
      "text": "प्रतिष्ठेची",
      "sentence": 5,
      "start": 481,
      "end": 489,
      "confidence": 1.0
    },
    {
      "id": 32,
      "text": "दागिने",
      "sentence": 6,
      "start": 499,
      "end": 505,
      "confidence": 1.0
    },
    {
      "id": 33,
      "text": "कार्टियर",
      "sentence": 6,
      "start": 521,
      "end": 528,
      "confidence": 1.0
    },
    {
      "id": 34,
      "text": "ब्रँड",
      "sentence": 6,
      "start": 540,
      "end": 544,
      "confidence": 1.0
    },
    {
      "id": 35,
      "text": "वाहतूक",
      "sentence": 7,
      "start": 559,
      "end": 565,
      "confidence": 1.0
    },
    {
      "id": 36,
      "text": "पासपोर्ट",
      "sentence": 7,
      "start": 573,
      "end": 580,
      "confidence": 1.0
    },
    {
      "id": 37,
      "text": "काँग्रेस",
      "sentence": 8,
      "start": 582,
      "end": 589,
      "confidence": 1.0
    },
    {
      "id": 38,
      "text": "जागा",
      "sentence": 8,
      "start": 594,
      "end": 598,
      "confidence": 1.0
    },
    {
      "id": 39,
      "text": "राष्ट्रवादी",
      "sentence": 8,
      "start": 625,
      "end": 634,
      "confidence": 1.0
    },
    {
      "id": 40,
      "text": "काँग्रेसला",
      "sentence": 8,
      "start": 635,
      "end": 643,
      "confidence": 1.0
    },
    {
      "id": 41,
      "text": "संख्याही",
      "sentence": 8,
      "start": 650,
      "end": 656,
      "confidence": 1.0
    },
    {
      "id": 42,
      "text": "संकल्पना",
      "sentence": 9,
      "start": 663,
      "end": 669,
      "confidence": 1.0
    },
    {
      "id": 43,
      "text": "प्रवास",
      "sentence": 9,
      "start": 670,
      "end": 675,
      "confidence": 1.0
    },
    {
      "id": 44,
      "text": "नाश्ता",
      "sentence": 9,
      "start": 676,
      "end": 681,
      "confidence": 1.0
    },
    {
      "id": 45,
      "text": "जेवण",
      "sentence": 9,
      "start": 692,
      "end": 696,
      "confidence": 1.0
    },
    {
      "id": 46,
      "text": "बाजूला",
      "sentence": 10,
      "start": 703,
      "end": 708,
      "confidence": 1.0
    },
    {
      "id": 47,
      "text": "सरकार",
      "sentence": 10,
      "start": 709,
      "end": 714,
      "confidence": 1.0
    },
    {
      "id": 48,
      "text": "खर्च",
      "sentence": 10,
      "start": 719,
      "end": 723,
      "confidence": 1.0
    },
    {
      "id": 49,
      "text": "बाजूला",
      "sentence": 10,
      "start": 745,
      "end": 750,
      "confidence": 1.0
    },
    {
      "id": 50,
      "text": "बॅटर्‍या",
      "sentence": 10,
      "start": 754,
      "end": 760,
      "confidence": 1.0
    },
    {
      "id": 51,
      "text": "लिटर",
      "sentence": 10,
      "start": 781,
      "end": 785,
      "confidence": 1.0
    },
    {
      "id": 52,
      "text": "प्रदूषण",
      "sentence": 10,
      "start": 820,
      "end": 826,
      "confidence": 1.0
    },
    {
      "id": 53,
      "text": "बॅटरीची",
      "sentence": 10,
      "start": 834,
      "end": 840,
      "confidence": 1.0
    },
    {
      "id": 54,
      "text": "विल्हेवाट",
      "sentence": 10,
      "start": 841,
      "end": 849,
      "confidence": 1.0
    },
    {
      "id": 55,
      "text": "मिरज",
      "sentence": 11,
      "start": 861,
      "end": 865,
      "confidence": 1.0
    },
    {
      "id": 56,
      "text": "दौऱ्यात",
      "sentence": 12,
      "start": 887,
      "end": 893,
      "confidence": 1.0
    },
    {
      "id": 57,
      "text": "मुख्यमंत्र्यांची",
      "sentence": 12,
      "start": 894,
      "end": 905,
      "confidence": 1.0
    },
    {
      "id": 58,
      "text": "गाडी",
      "sentence": 12,
      "start": 906,
      "end": 910,
      "confidence": 1.0
    },
    {
      "id": 59,
      "text": "निर्धार",
      "sentence": 12,
      "start": 918,
      "end": 923,
      "confidence": 1.0
    },
    {
      "id": 60,
      "text": "कॉंग्रेस",
      "sentence": 12,
      "start": 924,
      "end": 931,
      "confidence": 1.0
    },
    {
      "id": 61,
      "text": "राष्ट्रवादीच्या",
      "sentence": 12,
      "start": 936,
      "end": 947,
      "confidence": 1.0
    },
    {
      "id": 62,
      "text": "नेत्यांनी",
      "sentence": 12,
      "start": 948,
      "end": 955,
      "confidence": 1.0
    },
    {
      "id": 63,
      "text": "म्हैसाळ",
      "sentence": 13,
      "start": 966,
      "end": 972,
      "confidence": 1.0
    },
    {
      "id": 64,
      "text": "पाणी",
      "sentence": 13,
      "start": 981,
      "end": 985,
      "confidence": 1.0
    },
    {
      "id": 65,
      "text": "उपसा",
      "sentence": 13,
      "start": 986,
      "end": 990,
      "confidence": 1.0
    },
    {
      "id": 66,
      "text": "जिल्हाधिकार्यांना",
      "sentence": 14,
      "start": 1007,
      "end": 1021,
      "confidence": 1.0
    },
    {
      "id": 67,
      "text": "निवेदन",
      "sentence": 14,
      "start": 1022,
      "end": 1027,
      "confidence": 1.0
    },
    {
      "id": 68,
      "text": "त्यावर",
      "sentence": 14,
      "start": 1042,
      "end": 1047,
      "confidence": 1.0
    },
    {
      "id": 69,
      "text": "कार्यवाही",
      "sentence": 14,
      "start": 1050,
      "end": 1057,
      "confidence": 1.0
    },
    {
      "id": 70,
      "text": "नेत्यांनी",
      "sentence": 14,
      "start": 1074,
      "end": 1081,
      "confidence": 1.0
    },
    {
      "id": 71,
      "text": "बैठक",
      "sentence": 14,
      "start": 1091,
      "end": 1095,
      "confidence": 1.0
    },
    {
      "id": 72,
      "text": "जिल्ह्यात",
      "sentence": 15,
      "start": 1105,
      "end": 1113,
      "confidence": 1.0
    },
    {
      "id": 73,
      "text": "हिंगणघाट",
      "sentence": 15,
      "start": 1114,
      "end": 1122,
      "confidence": 1.0
    },
    {
      "id": 74,
      "text": "प्रमाणात",
      "sentence": 15,
      "start": 1133,
      "end": 1139,
      "confidence": 1.0
    },
    {
      "id": 75,
      "text": "दारू",
      "sentence": 15,
      "start": 1146,
      "end": 1150,
      "confidence": 1.0
    },
    {
      "id": 76,
      "text": "विक्री",
      "sentence": 15,
      "start": 1151,
      "end": 1156,
      "confidence": 1.0
    },
    {
      "id": 77,
      "text": "व्यवसाय",
      "sentence": 15,
      "start": 1157,
      "end": 1163,
      "confidence": 1.0
    },
    {
      "id": 78,
      "text": "पोलिस",
      "sentence": 16,
      "start": 1195,
      "end": 1200,
      "confidence": 1.0
    },
    {
      "id": 79,
      "text": "बसचालकाविरोधात",
      "sentence": 16,
      "start": 1208,
      "end": 1221,
      "confidence": 1.0
    },
    {
      "id": 80,
      "text": "गुन्हा",
      "sentence": 16,
      "start": 1222,
      "end": 1227,
      "confidence": 1.0
    },
    {
      "id": 81,
      "text": "रजनीकांत",
      "sentence": 17,
      "start": 1238,
      "end": 1246,
      "confidence": 1.0
    },
    {
      "id": 82,
      "text": "त्याच्या",
      "sentence": 17,
      "start": 1272,
      "end": 1278,
      "confidence": 1.0
    },
    {
      "id": 83,
      "text": "चाहत्यांची",
      "sentence": 17,
      "start": 1279,
      "end": 1287,
      "confidence": 1.0
    },
    {
      "id": 84,
      "text": "संख्या",
      "sentence": 17,
      "start": 1288,
      "end": 1293,
      "confidence": 1.0
    },
    {
      "id": 85,
      "text": "परिक्षा",
      "sentence": 18,
      "start": 1303,
      "end": 1309,
      "confidence": 1.0
    },
    {
      "id": 86,
      "text": "उपविजेता",
      "sentence": 19,
      "start": 1332,
      "end": 1339,
      "confidence": 1.0
    },
    {
      "id": 87,
      "text": "मोहम्मद",
      "sentence": 19,
      "start": 1361,
      "end": 1367,
      "confidence": 1.0
    },
    {
      "id": 88,
      "text": "गुफरानने",
      "sentence": 19,
      "start": 1368,
      "end": 1375,
      "confidence": 1.0
    },
    {
      "id": 89,
      "text": "मुबंइ",
      "sentence": 19,
      "start": 1376,
      "end": 1381,
      "confidence": 1.0
    },
    {
      "id": 90,
      "text": "इश्तियाक",
      "sentence": 19,
      "start": 1391,
      "end": 1398,
      "confidence": 1.0
    },
    {
      "id": 91,
      "text": "अन्सारीचे",
      "sentence": 19,
      "start": 1399,
      "end": 1406,
      "confidence": 1.0
    },
    {
      "id": 92,
      "text": "आव्हाना",
      "sentence": 19,
      "start": 1416,
      "end": 1422,
      "confidence": 1.0
    },
    {
      "id": 93,
      "text": "मराठा",
      "sentence": 20,
      "start": 1432,
      "end": 1437,
      "confidence": 1.0
    },
    {
      "id": 94,
      "text": "धनगर",
      "sentence": 20,
      "start": 1440,
      "end": 1445,
      "confidence": 1.0
    },
    {
      "id": 95,
      "text": "समाजाच्या",
      "sentence": 20,
      "start": 1446,
      "end": 1453,
      "confidence": 1.0
    },
    {
      "id": 96,
      "text": "लोकांनी",
      "sentence": 20,
      "start": 1454,
      "end": 1460,
      "confidence": 1.0
    },
    {
      "id": 97,
      "text": "समाजाने",
      "sentence": 20,
      "start": 1487,
      "end": 1493,
      "confidence": 1.0
    },
    {
      "id": 98,
      "text": "आरक्षण",
      "sentence": 20,
      "start": 1500,
      "end": 1506,
      "confidence": 1.0
    },
    {
      "id": 99,
      "text": "मुलांच्या",
      "sentence": 20,
      "start": 1528,
      "end": 1535,
      "confidence": 1.0
    },
    {
      "id": 100,
      "text": "भविष्यासाठी",
      "sentence": 20,
      "start": 1536,
      "end": 1545,
      "confidence": 1.0
    },
    {
      "id": 101,
      "text": "शिक्षण",
      "sentence": 20,
      "start": 1546,
      "end": 1551,
      "confidence": 1.0
    },
    {
      "id": 102,
      "text": "नोकरीसाठी",
      "sentence": 20,
      "start": 1554,
      "end": 1561,
      "confidence": 1.0
    },
    {
      "id": 103,
      "text": "आरक्षण",
      "sentence": 20,
      "start": 1562,
      "end": 1568,
      "confidence": 1.0
    },
    {
      "id": 104,
      "text": "नेते",
      "sentence": 21,
      "start": 1579,
      "end": 1582,
      "confidence": 1.0
    },
    {
      "id": 105,
      "text": "आपला",
      "sentence": 21,
      "start": 1583,
      "end": 1587,
      "confidence": 1.0
    },
    {
      "id": 106,
      "text": "उद्देश",
      "sentence": 21,
      "start": 1595,
      "end": 1600,
      "confidence": 1.0
    },
    {
      "id": 107,
      "text": "समाजाला",
      "sentence": 21,
      "start": 1613,
      "end": 1619,
      "confidence": 1.0
    },
    {
      "id": 108,
      "text": "कोंडीत",
      "sentence": 21,
      "start": 1620,
      "end": 1625,
      "confidence": 1.0
    },
    {
      "id": 109,
      "text": "व्यक्ती",
      "sentence": 22,
      "start": 1650,
      "end": 1655,
      "confidence": 1.0
    },
    {
      "id": 110,
      "text": "आमदार",
      "sentence": 22,
      "start": 1656,
      "end": 1661,
      "confidence": 1.0
    },
    {
      "id": 111,
      "text": "खासदार",
      "sentence": 22,
      "start": 1665,
      "end": 1670,
      "confidence": 1.0
    },
    {
      "id": 112,
      "text": "मंत्री",
      "sentence": 22,
      "start": 1673,
      "end": 1678,
      "confidence": 1.0
    },
    {
      "id": 113,
      "text": "आरक्षण",
      "sentence": 22,
      "start": 1686,
      "end": 1692,
      "confidence": 1.0
    },
    {
      "id": 114,
      "text": "भावना",
      "sentence": 22,
      "start": 1698,
      "end": 1703,
      "confidence": 1.0
    },
    {
      "id": 115,
      "text": "जातीवर",
      "sentence": 22,
      "start": 1720,
      "end": 1725,
      "confidence": 1.0
    },
    {
      "id": 116,
      "text": "आरक्षणाची",
      "sentence": 23,
      "start": 1744,
      "end": 1752,
      "confidence": 1.0
    },
    {
      "id": 117,
      "text": "सर्वांनी",
      "sentence": 23,
      "start": 1769,
      "end": 1775,
      "confidence": 1.0
    },
    {
      "id": 118,
      "text": "ताकद",
      "sentence": 23,
      "start": 1787,
      "end": 1791,
      "confidence": 1.0
    },
    {
      "id": 119,
      "text": "दिल्लीमध्ये",
      "sentence": 24,
      "start": 1799,
      "end": 1809,
      "confidence": 1.0
    },
    {
      "id": 120,
      "text": "आपले",
      "sentence": 24,
      "start": 1810,
      "end": 1814,
      "confidence": 1.0
    },
    {
      "id": 121,
      "text": "वर्चस्व",
      "sentence": 24,
      "start": 1815,
      "end": 1821,
      "confidence": 1.0
    },
    {
      "id": 122,
      "text": "दिल्लीकरांना",
      "sentence": 24,
      "start": 1838,
      "end": 1847,
      "confidence": 1.0
    },
    {
      "id": 123,
      "text": "आपल्या",
      "sentence": 24,
      "start": 1848,
      "end": 1854,
      "confidence": 1.0
    },
    {
      "id": 124,
      "text": "मराठा",
      "sentence": 24,
      "start": 1863,
      "end": 1868,
      "confidence": 1.0
    },
    {
      "id": 125,
      "text": "धनगर",
      "sentence": 24,
      "start": 1871,
      "end": 1876,
      "confidence": 1.0
    },
    {
      "id": 126,
      "text": "लोकांना",
      "sentence": 24,
      "start": 1885,
      "end": 1891,
      "confidence": 1.0
    },
    {
      "id": 127,
      "text": "आरक्षण",
      "sentence": 24,
      "start": 1892,
      "end": 1898,
      "confidence": 1.0
    },
    {
      "id": 128,
      "text": "रामराजे",
      "sentence": 25,
      "start": 1911,
      "end": 1917,
      "confidence": 1.0
    },
    {
      "id": 129,
      "text": "नाईक",
      "sentence": 25,
      "start": 1918,
      "end": 1922,
      "confidence": 1.0
    },
    {
      "id": 130,
      "text": "निंबाळकर",
      "sentence": 25,
      "start": 1923,
      "end": 1930,
      "confidence": 1.0
    },
    {
      "id": 131,
      "text": "त्यांनी",
      "sentence": 25,
      "start": 1931,
      "end": 1936,
      "confidence": 1.0
    },
    {
      "id": 132,
      "text": "झवेरेवने",
      "sentence": 26,
      "start": 1951,
      "end": 1958,
      "confidence": 1.0
    },
    {
      "id": 133,
      "text": "पुनरागमन",
      "sentence": 27,
      "start": 1995,
      "end": 2002,
      "confidence": 1.0
    },
    {
      "id": 134,
      "text": "सामना",
      "sentence": 27,
      "start": 2026,
      "end": 2031,
      "confidence": 1.0
    },
    {
      "id": 135,
      "text": "झवेरेवने",
      "sentence": 28,
      "start": 2039,
      "end": 2046,
      "confidence": 1.0
    },
    {
      "id": 136,
      "text": "आपला",
      "sentence": 28,
      "start": 2073,
      "end": 2077,
      "confidence": 1.0
    },
    {
      "id": 137,
      "text": "सामनाही",
      "sentence": 28,
      "start": 2101,
      "end": 2107,
      "confidence": 1.0
    },
    {
      "id": 138,
      "text": "आपल्या",
      "sentence": 28,
      "start": 2108,
      "end": 2113,
      "confidence": 1.0
    },
    {
      "id": 139,
      "text": "नावावर",
      "sentence": 28,
      "start": 2114,
      "end": 2119,
      "confidence": 1.0
    },
    {
      "id": 140,
      "text": "प्रकल्प",
      "sentence": 29,
      "start": 2125,
      "end": 2130,
      "confidence": 1.0
    },
    {
      "id": 141,
      "text": "समुद्रात",
      "sentence": 29,
      "start": 2140,
      "end": 2147,
      "confidence": 1.0
    },
    {
      "id": 142,
      "text": "भरावामुळे",
      "sentence": 29,
      "start": 2159,
      "end": 2167,
      "confidence": 1.0
    },
    {
      "id": 143,
      "text": "घराचा",
      "sentence": 29,
      "start": 2187,
      "end": 2192,
      "confidence": 1.0
    },
    {
      "id": 144,
      "text": "प्रश्नसुद्धा",
      "sentence": 29,
      "start": 2193,
      "end": 2202,
      "confidence": 1.0
    },
    {
      "id": 145,
      "text": "दारूविक्री",
      "sentence": 30,
      "start": 2217,
      "end": 2225,
      "confidence": 1.0
    },
    {
      "id": 146,
      "text": "मार्केट",
      "sentence": 30,
      "start": 2231,
      "end": 2237,
      "confidence": 1.0
    },
    {
      "id": 147,
      "text": "कमिटी",
      "sentence": 30,
      "start": 2238,
      "end": 2243,
      "confidence": 1.0
    },
    {
      "id": 148,
      "text": "सुर्यमुखी",
      "sentence": 30,
      "start": 2253,
      "end": 2260,
      "confidence": 1.0
    },
    {
      "id": 149,
      "text": "हनुमान",
      "sentence": 30,
      "start": 2261,
      "end": 2266,
      "confidence": 1.0
    },
    {
      "id": 150,
      "text": "मंदिराजवळच",
      "sentence": 30,
      "start": 2267,
      "end": 2276,
      "confidence": 1.0
    },
    {
      "id": 151,
      "text": "भाविकांना",
      "sentence": 30,
      "start": 2289,
      "end": 2296,
      "confidence": 1.0
    },
    {
      "id": 152,
      "text": "त्याचा",
      "sentence": 30,
      "start": 2297,
      "end": 2302,
      "confidence": 1.0
    },
    {
      "id": 153,
      "text": "त्रास",
      "sentence": 30,
      "start": 2303,
      "end": 2307,
      "confidence": 1.0
    },
    {
      "id": 154,
      "text": "शिवीगाळ",
      "sentence": 31,
      "start": 2320,
      "end": 2326,
      "confidence": 1.0
    },
    {
      "id": 155,
      "text": "मुलींची",
      "sentence": 31,
      "start": 2335,
      "end": 2341,
      "confidence": 1.0
    },
    {
      "id": 156,
      "text": "छेडछाड",
      "sentence": 31,
      "start": 2342,
      "end": 2348,
      "confidence": 1.0
    },
    {
      "id": 157,
      "text": "मारामारी",
      "sentence": 31,
      "start": 2351,
      "end": 2358,
      "confidence": 1.0
    },
    {
      "id": 158,
      "text": "प्रकार",
      "sentence": 31,
      "start": 2362,
      "end": 2367,
      "confidence": 1.0
    },
    {
      "id": 159,
      "text": "निवेदनात",
      "sentence": 31,
      "start": 2390,
      "end": 2397,
      "confidence": 1.0
    },
    {
      "id": 160,
      "text": "मध्यमेश्वरनगर",
      "sentence": 32,
      "start": 2408,
      "end": 2420,
      "confidence": 1.0
    },
    {
      "id": 161,
      "text": "भागात",
      "sentence": 32,
      "start": 2434,
      "end": 2438,
      "confidence": 1.0
    },
    {
      "id": 162,
      "text": "दारूविक्री",
      "sentence": 32,
      "start": 2454,
      "end": 2462,
      "confidence": 1.0
    },
    {
      "id": 163,
      "text": "कार्यवाही",
      "sentence": 32,
      "start": 2470,
      "end": 2477,
      "confidence": 1.0
    },
    {
      "id": 164,
      "text": "दुकाने",
      "sentence": 32,
      "start": 2489,
      "end": 2494,
      "confidence": 1.0
    },
    {
      "id": 165,
      "text": "मागणी",
      "sentence": 32,
      "start": 2514,
      "end": 2518,
      "confidence": 1.0
    },
    {
      "id": 166,
      "text": "बैठक",
      "sentence": 33,
      "start": 2529,
      "end": 2533,
      "confidence": 1.0
    },
    {
      "id": 167,
      "text": "माहिती",
      "sentence": 33,
      "start": 2544,
      "end": 2549,
      "confidence": 1.0
    },
    {
      "id": 168,
      "text": "आमदार",
      "sentence": 33,
      "start": 2550,
      "end": 2555,
      "confidence": 1.0
    },
    {
      "id": 169,
      "text": "बाबर",
      "sentence": 33,
      "start": 2561,
      "end": 2565,
      "confidence": 1.0
    }
  ],
  "clusters": [
    [
      36,
      37,
      38
    ],
    [
      19,
      49
    ],
    [
      52,
      53,
      78
    ],
    [
      79,
      88
    ],
    [
      85,
      86
    ],
    [
      103,
      104,
      105
    ],
    [
      112,
      113
    ],
    [
      116,
      117
    ],
    [
      119,
      120,
      121,
      122,
      124,
      151,
      154,
      155,
      156,
      157,
      158
    ],
    [
      125,
      130,
      141,
      145,
      159
    ],
    [
      131,
      132
    ],
    [
      147,
      148
    ],
    [
      32,
      34,
      150,
      153
    ],
    [
      160,
      161,
      162,
      163,
      164
    ],
    [
      165,
      167
    ]
  ]
}