{
  "document_id": "document_474",
  "sentences": [
    "सरकारशी करार करण्यास विमा कंपन्यांचा नकार",
    "रामदास आठवले यांनी पवार यांच्या निर्णयाचे स्वागत केले असले तरी वंचित बहुजन आघाडीचे निमंत्रक आणि भारिप बहुजन संघाचे अध्यक्ष प्रकाश आंबेडकर यांनी वेगळेच मत व्यक्त केले आहे.",
    "तो काढण्याची वेस्ट ओळखले म्हणून रशिया, सुंदर स्त्रिया खूप, मध्ये \"लोह पडदा.",
    "सरफरोशच्या या सिक्वेलमध्ये देशातील नक्षलवाद्यांसोबतचा लढा दाखविण्यात येणार आहे.",
    "तुम्हीच बघा की तपासून.",
    "पण काही लोक त्यांच्या स्वत: च्या हे कार्य सह झुंजणे शकता वाटते.",
    "अनेक इटालियन चिकन आणि सफरचंद रिकोटा चीज चीज संयोजन आवडेल.",
    "कदाचित बैलगाडीतच बेगम बाळंत होईल कि काय अशी शंका तिच्या सासूला येत होती.",
    "कोयना पाणलोट क्षेत्रात मुसळधार पडत असलेल्या पावसामुळे राज्याची भाग्यलक्ष्मी असणारे कोयना धरण दुसऱयांदा पूर्ण क्षमतेने भरून ओव्हर फ्लो झाल्याने धरणातील पाणीपातळी नियंत्रित करण्यासाठी बुधवारी सकाळी धरणाचे सहा वक्र दरवाजे दीड फुटाने उचलून कोयना नदीपात्रात प्रतिसेकंद 14010 क्युसेक आणि पायथा वीजगृहातून 2100 असे मिळून एकूण 16110 क्युसेक पाण्याचा विसर्ग सुरु करण्यात आला आहे.",
    "दरम्यान, गेल्या तीन दिवसांपासून सुरु असलेल्या मुसळधार पावसामुळे अगोदरच दुथडी भरून वाहत असणाऱया कोयना नदीच्या पाणीपातळीत वाढ झाल्याने कोयना नदीकाठच्या गावांना प्रशासनाच्या वतीने सतर्कतेचा इशारा देण्यात आला आहे.",
    "ती आमची उत्पादने, आयात उत्पादने स्पर्धा करू शकत नाही जे गरीब गुणवत्ता घालणे.",
    "पूर्वी लहान आकाराचे असल्याने बेळगाव विमानतळावर अनेक बंधने होती.",
    "अतिशय लहान आकाराची विमाने या विमातळावर उतरू शकत होती.",
    "अतिशय लहान आकाराची एवरो, डॉर्नियर्स, एटीआर अशी विमाने येथे पूर्वी आली आहेत.",
    "धावपट्टीचे विस्तारीकरण झाल्यानंतर सी प्रकारची विमाने येथे येऊ लागली.",
    "काही अति मोठय़ा आकाराची विमानेही सांबरा विमानतळवर येऊन गेली आहेत.",
    "यामध्ये पंतप्रधान नरेंद्र मोदींचे बोईंग-737 हे व्हीआयपी विमान तसेच लष्करी सेवा दरम्यान दाखल झालेले अमेरिकन हवाई दलाचे मार्टीन्स सी-17 हे विमान ही काही उदाहरणे आहेत.",
    "इतकी की तुला नजरेआड होऊ देण्याची हिंमत नव्हती मला.",
    "मात्र फेब्रुवारी महिन्यात टोलवसुलीविरोधात कोल्हापूरमध्ये तीव्र आंदोलन करण्यात आले होते.",
    "सिंधी विरुद्ध राजपूत संघात झालेल्या सामन्यात राजपूत संघाने १० गडी राखून विजय मिळवला.",
    "सेंट्रल बँक ऑफ मालकी हस्तांतरण म्हणून;",
    "त्यापैकी धार्मिक छळामुळे भारतामध्ये कोणालाही भारतात स्थलांतर करावे लागले नसल्याचे बांगलादेशने म्हटले आहे.",
    "मराठी रीडर अॅप अडचणीत",
    "पण जर बोलायचीच मर्यादा आहे, तर चित्रपटापर्यंत जाणार तरी कसं?",
    "टिंग्या नंतर मंगेश हडवळे आता टपाल नावाचा सिनेमा लवकरच घेऊन येतोय.",
    "आठवडा 35 - 34,74 मिमी;",
    "एक फिक्कट आवश्यक आहे:",
    "स्वप्न, उंची आणि त्या तरतूदीचे भीती दोन्ही असल्यास आधुनिक स्वप्न पुस्तक त्यानुसार, तो कायदा किंवा उच्च अधिकारी शक्य संघर्ष portends.",
    "देशभरातील विविध राज्यांच्या अव्वल स्केटींगपटूच्या साहाय्याने सलग 96 तास स्केटींग करत ‘एक भारत श्रेष्ठ भारत’ या ब्रिद व्याक्यांची जनजागृती करीत नव्या विक्रमाला गवसनी घालणाऱया स्केटींगपटूंनी शनिवारी सायंकाळी 27 तास 25 मिनिटांचा अवधी घेत 200 मीटर ट्रकच्या 4000 मीटर फेऱया पूर्ण केल्या आहेत.",
    "पण मजबूत आकर्षण सूर्य वर निर्धारण झाले आहे.",
    "तसेच खरवली येथील चंद्रकांत जयवंत पवार यांनी दिलेल्या तक्रारीनुसार सीबीझेड मोटारसायकल क्रमांक एम एच ०६ बी के ९१४७  ही तसेच मोटरसायकल क्रमांक एम एच ०२ ए आर ७६५३.",
    "यावेळी आरोपीला महाड येथील  न्यायालयासमोर हजर केले असता न्यायालयाने या आरोपींना दहा दिवसांची पोलिस कोठडी सुनावली आहे .",
    "या मालिक पराभवानंतर भारताची फक्त ३ गुणांनी घसरण होऊन १२१ गुणांवर भारतीय संघ आला आहे.",
    "पुढील दीड महिना ‘भारत’चे शूटींग चालणार आहे.",
    "स्नायू आणि संयुक्त वेदना.",
    "त्यांनी भारताच्या अंतर्गत कामात हस्तक्षेप करण्याऐवजी अल्पसंख्याकांच्या (हिंदू, शीख, ख्रिश्चन, बौद्ध, झोरास्टेरियन) परिस्थितीवर लक्ष केंद्रित केले पाहिजे.",
    "जन्म बिहारमध्ये झाला.",
    "अंकुश भगवान जाधव (वय 29) आणि जमीर सय्यद (दोघे रा.",
    "एखाद्या रुग्णालयात किडनी हवी असल्याचा बोर्ड लागला तर दुस-या दिवशी रक्तदानाला व्हावी तशी लोकांची रांग लागते आणि रीतसर सौदा होऊन किडनी काढून घेतली जाते.",
    "दरम्यान, नाशिकच्या इंदिरानगर येथील केंद्रावर परीक्षा सुरळीत पार पडली.",
    "या दोन्ही देशांबरोबरचे संरक्षण सहकार्यासह सर्व संबंध तोडून टाकत असल्याचे त्यांनी जाहीर केले.",
    "हे अंतर भरा.",
    "एव्हरेस्टवीरांगना अपर्णा प्रभुदेसाई यांची विस्मयकारक कहाणी!",
    "विहिंपने दिलेल्या निवेदनात पुढे नमूद  केले आहे की,",
    "त्यामुळे ही कामे निविदा मंजुरीनुसार प्रक्रियेतून होण्यास विलंब लागेल.",
    "इतरांचं काय घेऊन बसलात?",
    "संयुक्त राष्ट्रांच्या सुरक्षा परिषदेने अतिरेकी व अतिरेेकी संघटनांची नवी यादी जारी केली.",
    "त्यात मुंबई हल्ल्याचा मास्टर मा",
    "संग्रहालय करण्यासाठी प्रवेशावर निवडण्यासाठी आवश्यक आहे किरणांच्या शस्त्र.",
    "नानासाहेब पाटलांनी अहिंसा क्रान्तीवर जहाल टीका केली."
  ],
  "mentions": [
    {
      "id": 0,
      "text": "करार",
      "sentence": 0,
      "start": 8,
      "end": 11,
      "confidence": 1.0
    },
    {
      "id": 1,
      "text": "कंपन्यांचा",
      "sentence": 0,
      "start": 20,
      "end": 29,
      "confidence": 1.0
    },
    {
      "id": 2,
      "text": "नकार",
      "sentence": 0,
      "start": 31,
      "end": 34,
      "confidence": 1.0
    },
    {
      "id": 3,
      "text": "पवार",
      "sentence": 1,
      "start": 57,
      "end": 60,
      "confidence": 1.0
    },
    {
      "id": 4,
      "text": "निर्णयाचे",
      "sentence": 1,
      "start": 68,
      "end": 74,
      "confidence": 1.0
    },
    {
      "id": 5,
      "text": "स्वागत",
      "sentence": 1,
      "start": 76,
      "end": 80,
      "confidence": 1.0
    },
    {
      "id": 6,
      "text": "निमंत्रक",
      "sentence": 1,
      "start": 105,
      "end": 111,
      "confidence": 1.0
    },
    {
      "id": 7,
      "text": "संघाचे",
      "sentence": 1,
      "start": 128,
      "end": 133,
      "confidence": 1.0
    },
    {
      "id": 8,
      "text": "आंबेडकर",
      "sentence": 1,
      "start": 148,
      "end": 154,
      "confidence": 1.0
    },
    {
      "id": 9,
      "text": "तो",
      "sentence": 2,
      "start": 178,
      "end": 179,
      "confidence": 1.0
    },
    {
      "id": 10,
      "text": "वेस्ट",
      "sentence": 2,
      "start": 185,
      "end": 188,
      "confidence": 1.0
    },
    {
      "id": 11,
      "text": "रशिया",
      "sentence": 2,
      "start": 199,
      "end": 202,
      "confidence": 1.0
    },
    {
      "id": 12,
      "text": "स्त्रिया",
      "sentence": 2,
      "start": 210,
      "end": 214,
      "confidence": 1.0
    },
    {
      "id": 13,
      "text": "पडदा",
      "sentence": 2,
      "start": 230,
      "end": 233,
      "confidence": 1.0
    },
    {
      "id": 14,
      "text": "सिक्वेलमध्ये",
      "sentence": 3,
      "start": 247,
      "end": 255,
      "confidence": 1.0
    },
    {
      "id": 15,
      "text": "देशातील",
      "sentence": 3,
      "start": 257,
      "end": 262,
      "confidence": 1.0
    },
    {
      "id": 16,
      "text": "तुम्हीच",
      "sentence": 4,
      "start": 298,
      "end": 302,
      "confidence": 1.0
    },
    {
      "id": 17,
      "text": "त्यांच्या",
      "sentence": 5,
      "start": 323,
      "end": 328,
      "confidence": 1.0
    },
    {
      "id": 18,
      "text": "कार्य",
      "sentence": 5,
      "start": 336,
      "end": 339,
      "confidence": 1.0
    },
    {
      "id": 19,
      "text": "चिकन",
      "sentence": 6,
      "start": 366,
      "end": 369,
      "confidence": 1.0
    },
    {
      "id": 20,
      "text": "सफरचंद",
      "sentence": 6,
      "start": 373,
      "end": 377,
      "confidence": 1.0
    },
    {
      "id": 21,
      "text": "संयोजन",
      "sentence": 6,
      "start": 396,
      "end": 400,
      "confidence": 1.0
    },
    {
      "id": 22,
      "text": "बेगम",
      "sentence": 7,
      "start": 420,
      "end": 423,
      "confidence": 1.0
    },
    {
      "id": 23,
      "text": "शंका",
      "sentence": 7,
      "start": 441,
      "end": 444,
      "confidence": 1.0
    },
    {
      "id": 24,
      "text": "तिच्या",
      "sentence": 7,
      "start": 446,
      "end": 449,
      "confidence": 1.0
    },
    {
      "id": 25,
      "text": "सासूला",
      "sentence": 7,
      "start": 451,
      "end": 455,
      "confidence": 1.0
    },
    {
      "id": 26,
      "text": "कोयना",
      "sentence": 8,
      "start": 466,
      "end": 470,
      "confidence": 1.0
    },
    {
      "id": 27,
      "text": "क्षेत्रात",
      "sentence": 8,
      "start": 478,
      "end": 482,
      "confidence": 1.0
    },
    {
      "id": 28,
      "text": "पावसामुळे",
      "sentence": 8,
      "start": 496,
      "end": 503,
      "confidence": 1.0
    },
    {
      "id": 29,
      "text": "राज्याची",
      "sentence": 8,
      "start": 505,
      "end": 510,
      "confidence": 1.0
    },
    {
      "id": 30,
      "text": "भाग्यलक्ष्मी",
      "sentence": 8,
      "start": 512,
      "end": 519,
      "confidence": 1.0
    },
    {
      "id": 31,
      "text": "कोयना",
      "sentence": 8,
      "start": 527,
      "end": 531,
      "confidence": 1.0
    },
    {
      "id": 32,
      "text": "क्षमतेने",
      "sentence": 8,
      "start": 548,
      "end": 553,
      "confidence": 1.0
    },
    {
      "id": 33,
      "text": "धरणातील",
      "sentence": 8,
      "start": 564,
      "end": 569,
      "confidence": 1.0
    },
    {
      "id": 34,
      "text": "पाणीपातळी",
      "sentence": 8,
      "start": 571,
      "end": 578,
      "confidence": 1.0
    },
    {
      "id": 35,
      "text": "धरणाचे",
      "sentence": 8,
      "start": 605,
      "end": 609,
      "confidence": 1.0
    },
    {
      "id": 36,
      "text": "दरवाजे",
      "sentence": 8,
      "start": 619,
      "end": 622,
      "confidence": 1.0
    },
    {
      "id": 37,
      "text": "फुटाने",
      "sentence": 8,
      "start": 628,
      "end": 632,
      "confidence": 1.0
    },
    {
      "id": 38,
      "text": "कोयना",
      "sentence": 8,
      "start": 638,
      "end": 642,
      "confidence": 1.0
    },
    {
      "id": 39,
      "text": "क्युसेक",
      "sentence": 8,
      "start": 662,
      "end": 667,
      "confidence": 1.0
    },
    {
      "id": 40,
      "text": "पायथा",
      "sentence": 8,
      "start": 678,
      "end": 681,
      "confidence": 1.0
    },
    {
      "id": 41,
      "text": "वीजगृहातून",
      "sentence": 8,
      "start": 683,
      "end": 690,
      "confidence": 1.0
    },
    {
      "id": 42,
      "text": "क्युसेक",
      "sentence": 8,
      "start": 709,
      "end": 714,
      "confidence": 1.0
    },
    {
      "id": 43,
      "text": "पाण्याचा",
      "sentence": 8,
      "start": 716,
      "end": 721,
      "confidence": 1.0
    },
    {
      "id": 44,
      "text": "विसर्ग",
      "sentence": 8,
      "start": 723,
      "end": 726,
      "confidence": 1.0
    },
    {
      "id": 45,
      "text": "दिवसांपासून",
      "sentence": 9,
      "start": 743,
      "end": 751,
      "confidence": 1.0
    },
    {
      "id": 46,
      "text": "पावसामुळे",
      "sentence": 9,
      "start": 763,
      "end": 770,
      "confidence": 1.0
    },
    {
      "id": 47,
      "text": "कोयना",
      "sentence": 9,
      "start": 788,
      "end": 792,
      "confidence": 1.0
    },
    {
      "id": 48,
      "text": "पाणीपातळीत",
      "sentence": 9,
      "start": 800,
      "end": 807,
      "confidence": 1.0
    },
    {
      "id": 49,
      "text": "कोयना",
      "sentence": 9,
      "start": 816,
      "end": 820,
      "confidence": 1.0
    },
    {
      "id": 50,
      "text": "गावांना",
      "sentence": 9,
      "start": 831,
      "end": 835,
      "confidence": 1.0
    },
    {
      "id": 51,
      "text": "प्रशासनाच्या",
      "sentence": 9,
      "start": 837,
      "end": 845,
      "confidence": 1.0
    },
    {
      "id": 52,
      "text": "वतीने",
      "sentence": 9,
      "start": 847,
      "end": 850,
      "confidence": 1.0
    },
    {
      "id": 53,
      "text": "इशारा",
      "sentence": 9,
      "start": 859,
      "end": 862,
      "confidence": 1.0
    },
    {
      "id": 54,
      "text": "ती",
      "sentence": 10,
      "start": 875,
      "end": 876,
      "confidence": 1.0
    },
    {
      "id": 55,
      "text": "उत्पादने",
      "sentence": 10,
      "start": 881,
      "end": 886,
      "confidence": 1.0
    },
    {
      "id": 56,
      "text": "उत्पादने",
      "sentence": 10,
      "start": 892,
      "end": 897,
      "confidence": 1.0
    },
    {
      "id": 57,
      "text": "स्पर्धा",
      "sentence": 10,
      "start": 899,
      "end": 903,
      "confidence": 1.0
    },
    {
      "id": 58,
      "text": "गुणवत्ता",
      "sentence": 10,
      "start": 923,
      "end": 927,
      "confidence": 1.0
    },
    {
      "id": 59,
      "text": "आकाराचे",
      "sentence": 11,
      "start": 940,
      "end": 944,
      "confidence": 1.0
    },
    {
      "id": 60,
      "text": "बेळगाव",
      "sentence": 11,
      "start": 951,
      "end": 955,
      "confidence": 1.0
    },
    {
      "id": 61,
      "text": "विमानतळावर",
      "sentence": 11,
      "start": 957,
      "end": 964,
      "confidence": 1.0
    },
    {
      "id": 62,
      "text": "बंधने",
      "sentence": 11,
      "start": 970,
      "end": 973,
      "confidence": 1.0
    },
    {
      "id": 63,
      "text": "आकाराची",
      "sentence": 12,
      "start": 988,
      "end": 993,
      "confidence": 1.0
    },
    {
      "id": 64,
      "text": "विमाने",
      "sentence": 12,
      "start": 995,
      "end": 999,
      "confidence": 1.0
    },
    {
      "id": 65,
      "text": "विमातळावर",
      "sentence": 12,
      "start": 1003,
      "end": 1010,
      "confidence": 1.0
    },
    {
      "id": 66,
      "text": "आकाराची",
      "sentence": 13,
      "start": 1029,
      "end": 1034,
      "confidence": 1.0
    },
    {
      "id": 67,
      "text": "डॉर्नियर्स",
      "sentence": 13,
      "start": 1042,
      "end": 1049,
      "confidence": 1.0
    },
    {
      "id": 68,
      "text": "एटीआर",
      "sentence": 13,
      "start": 1052,
      "end": 1055,
      "confidence": 1.0
    },
    {
      "id": 69,
      "text": "विमाने",
      "sentence": 13,
      "start": 1061,
      "end": 1065,
      "confidence": 1.0
    },
    {
      "id": 70,
      "text": "धावपट्टीचे",
      "sentence": 14,
      "start": 1079,
      "end": 1085,
      "confidence": 1.0
    },
    {
      "id": 71,
      "text": "विस्तारीकरण",
      "sentence": 14,
      "start": 1087,
      "end": 1095,
      "confidence": 1.0
    },
    {
      "id": 72,
      "text": "प्रकारची",
      "sentence": 14,
      "start": 1102,
      "end": 1107,
      "confidence": 1.0
    },
    {
      "id": 73,
      "text": "विमाने",
      "sentence": 14,
      "start": 1109,
      "end": 1113,
      "confidence": 1.0
    },
    {
      "id": 74,
      "text": "आकाराची",
      "sentence": 15,
      "start": 1130,
      "end": 1135,
      "confidence": 1.0
    },
    {
      "id": 75,
      "text": "विमानेही",
      "sentence": 15,
      "start": 1137,
      "end": 1142,
      "confidence": 1.0
    },
    {
      "id": 76,
      "text": "सांबरा",
      "sentence": 15,
      "start": 1144,
      "end": 1148,
      "confidence": 1.0
    },
    {
      "id": 77,
      "text": "विमानतळवर",
      "sentence": 15,
      "start": 1150,
      "end": 1157,
      "confidence": 1.0
    },
    {
      "id": 78,
      "text": "पंतप्रधान",
      "sentence": 16,
      "start": 1173,
      "end": 1179,
      "confidence": 1.0
    },
    {
      "id": 79,
      "text": "मोदींचे",
      "sentence": 16,
      "start": 1184,
      "end": 1189,
      "confidence": 1.0
    },
    {
      "id": 80,
      "text": "बोईंग-737",
      "sentence": 16,
      "start": 1191,
      "end": 1199,
      "confidence": 1.0
    },
    {
      "id": 81,
      "text": "व्हीआयपी",
      "sentence": 16,
      "start": 1203,
      "end": 1208,
      "confidence": 1.0
    },
    {
      "id": 82,
      "text": "विमान",
      "sentence": 16,
      "start": 1210,
      "end": 1213,
      "confidence": 1.0
    },
    {
      "id": 83,
      "text": "सेवा",
      "sentence": 16,
      "start": 1222,
      "end": 1224,
      "confidence": 1.0
    },
    {
      "id": 84,
      "text": "दलाचे",
      "sentence": 16,
      "start": 1251,
      "end": 1255,
      "confidence": 1.0
    },
    {
      "id": 85,
      "text": "मार्टीन्स",
      "sentence": 16,
      "start": 1257,
      "end": 1262,
      "confidence": 1.0
    },
    {
      "id": 86,
      "text": "विमान",
      "sentence": 16,
      "start": 1273,
      "end": 1276,
      "confidence": 1.0
    },
    {
      "id": 87,
      "text": "उदाहरणे",
      "sentence": 16,
      "start": 1284,
      "end": 1288,
      "confidence": 1.0
    },
    {
      "id": 88,
      "text": "तुला",
      "sentence": 17,
      "start": 1297,
      "end": 1300,
      "confidence": 1.0
    },
    {
      "id": 89,
      "text": "हिंमत",
      "sentence": 17,
      "start": 1313,
      "end": 1316,
      "confidence": 1.0
    },
    {
      "id": 90,
      "text": "मला",
      "sentence": 17,
      "start": 1324,
      "end": 1326,
      "confidence": 1.0
    },
    {
      "id": 91,
      "text": "फेब्रुवारी",
      "sentence": 18,
      "start": 1335,
      "end": 1341,
      "confidence": 1.0
    },
    {
      "id": 92,
      "text": "टोलवसुलीविरोधात",
      "sentence": 18,
      "start": 1350,
      "end": 1362,
      "confidence": 1.0
    },
    {
      "id": 93,
      "text": "कोल्हापूरमध्ये",
      "sentence": 18,
      "start": 1364,
      "end": 1374,
      "confidence": 1.0
    },
    {
      "id": 94,
      "text": "आंदोलन",
      "sentence": 18,
      "start": 1380,
      "end": 1384,
      "confidence": 1.0
    },
    {
      "id": 95,
      "text": "राजपूत",
      "sentence": 19,
      "start": 1406,
      "end": 1410,
      "confidence": 1.0
    },
    {
      "id": 96,
      "text": "संघात",
      "sentence": 19,
      "start": 1412,
      "end": 1415,
      "confidence": 1.0
    },
    {
      "id": 97,
      "text": "सामन्यात",
      "sentence": 19,
      "start": 1423,
      "end": 1428,
      "confidence": 1.0
    },
    {
      "id": 98,
      "text": "राजपूत",
      "sentence": 19,
      "start": 1430,
      "end": 1434,
      "confidence": 1.0
    },
    {
      "id": 99,
      "text": "संघाने",
      "sentence": 19,
      "start": 1436,
      "end": 1440,
      "confidence": 1.0
    },
    {
      "id": 100,
      "text": "मालकी",
      "sentence": 20,
      "start": 1472,
      "end": 1475,
      "confidence": 1.0
    },
    {
      "id": 101,
      "text": "हस्तांतरण",
      "sentence": 20,
      "start": 1477,
      "end": 1483,
      "confidence": 1.0
    },
    {
      "id": 102,
      "text": "त्यापैकी",
      "sentence": 21,
      "start": 1493,
      "end": 1498,
      "confidence": 1.0
    },
    {
      "id": 103,
      "text": "छळामुळे",
      "sentence": 21,
      "start": 1506,
      "end": 1511,
      "confidence": 1.0
    },
    {
      "id": 104,
      "text": "भारतामध्ये",
      "sentence": 21,
      "start": 1513,
      "end": 1519,
      "confidence": 1.0
    },
    {
      "id": 105,
      "text": "कोणालाही",
      "sentence": 21,
      "start": 1521,
      "end": 1526,
      "confidence": 1.0
    },
    {
      "id": 106,
      "text": "भारतात",
      "sentence": 21,
      "start": 1528,
      "end": 1532,
      "confidence": 1.0
    },
    {
      "id": 107,
      "text": "स्थलांतर",
      "sentence": 21,
      "start": 1533,
      "end": 1538,
      "confidence": 1.0
    },
    {
      "id": 108,
      "text": "बांगलादेशने",
      "sentence": 21,
      "start": 1555,
      "end": 1562,
      "confidence": 1.0
    },
    {
      "id": 109,
      "text": "रीडर",
      "sentence": 22,
      "start": 1569,
      "end": 1572,
      "confidence": 1.0
    },
    {
      "id": 110,
      "text": "अडचणीत",
      "sentence": 22,
      "start": 1578,
      "end": 1582,
      "confidence": 1.0
    },
    {
      "id": 111,
      "text": "मर्यादा",
      "sentence": 23,
      "start": 1597,
      "end": 1601,
      "confidence": 1.0
    },
    {
      "id": 112,
      "text": "टिंग्या",
      "sentence": 24,
      "start": 1626,
      "end": 1630,
      "confidence": 1.0
    },
    {
      "id": 113,
      "text": "टपाल",
      "sentence": 24,
      "start": 1648,
      "end": 1651,
      "confidence": 1.0
    },
    {
      "id": 114,
      "text": "सिनेमा",
      "sentence": 24,
      "start": 1657,
      "end": 1660,
      "confidence": 1.0
    },
    {
      "id": 115,
      "text": "आठवडा",
      "sentence": 25,
      "start": 1678,
      "end": 1681,
      "confidence": 1.0
    },
    {
      "id": 116,
      "text": "मिमी",
      "sentence": 25,
      "start": 1691,
      "end": 1693,
      "confidence": 1.0
    },
    {
      "id": 117,
      "text": "स्वप्न",
      "sentence": 27,
      "start": 1721,
      "end": 1724,
      "confidence": 1.0
    },
    {
      "id": 118,
      "text": "उंची",
      "sentence": 27,
      "start": 1727,
      "end": 1729,
      "confidence": 1.0
    },
    {
      "id": 119,
      "text": "तरतूदीचे",
      "sentence": 27,
      "start": 1737,
      "end": 1742,
      "confidence": 1.0
    },
    {
      "id": 120,
      "text": "भीती",
      "sentence": 27,
      "start": 1744,
      "end": 1747,
      "confidence": 1.0
    },
    {
      "id": 121,
      "text": "स्वप्न",
      "sentence": 27,
      "start": 1758,
      "end": 1761,
      "confidence": 1.0
    },
    {
      "id": 122,
      "text": "पुस्तक",
      "sentence": 27,
      "start": 1763,
      "end": 1766,
      "confidence": 1.0
    },
    {
      "id": 123,
      "text": "तो",
      "sentence": 27,
      "start": 1777,
      "end": 1778,
      "confidence": 1.0
    },
    {
      "id": 124,
      "text": "कायदा",
      "sentence": 27,
      "start": 1780,
      "end": 1783,
      "confidence": 1.0
    },
    {
      "id": 125,
      "text": "अधिकारी",
      "sentence": 27,
      "start": 1791,
      "end": 1795,
      "confidence": 1.0
    },
    {
      "id": 126,
      "text": "संघर्ष",
      "sentence": 27,
      "start": 1801,
      "end": 1804,
      "confidence": 1.0
    },
    {
      "id": 127,
      "text": "साहाय्याने",
      "sentence": 28,
      "start": 1844,
      "end": 1850,
      "confidence": 1.0
    },
    {
      "id": 128,
      "text": "स्केटींग",
      "sentence": 28,
      "start": 1862,
      "end": 1867,
      "confidence": 1.0
    },
    {
      "id": 129,
      "text": "भारत",
      "sentence": 28,
      "start": 1876,
      "end": 1879,
      "confidence": 1.0
    },
    {
      "id": 130,
      "text": "भारत",
      "sentence": 28,
      "start": 1886,
      "end": 1889,
      "confidence": 1.0
    },
    {
      "id": 131,
      "text": "ब्रिद",
      "sentence": 28,
      "start": 1894,
      "end": 1897,
      "confidence": 1.0
    },
    {
      "id": 132,
      "text": "व्याक्यांची",
      "sentence": 28,
      "start": 1899,
      "end": 1906,
      "confidence": 1.0
    },
    {
      "id": 133,
      "text": "जनजागृती",
      "sentence": 28,
      "start": 1908,
      "end": 1914,
      "confidence": 1.0
    },
    {
      "id": 134,
      "text": "विक्रमाला",
      "sentence": 28,
      "start": 1921,
      "end": 1927,
      "confidence": 1.0
    },
    {
      "id": 135,
      "text": "स्केटींगपटूंनी",
      "sentence": 28,
      "start": 1947,
      "end": 1957,
      "confidence": 1.0
    },
    {
      "id": 136,
      "text": "अवधी",
      "sentence": 28,
      "start": 1991,
      "end": 1994,
      "confidence": 1.0
    },
    {
      "id": 137,
      "text": "मीटर",
      "sentence": 28,
      "start": 2011,
      "end": 2014,
      "confidence": 1.0
    },
    {
      "id": 138,
      "text": "मीटर",
      "sentence": 28,
      "start": 2023,
      "end": 2026,
      "confidence": 1.0
    },
    {
      "id": 139,
      "text": "फेऱया",
      "sentence": 28,
      "start": 2028,
      "end": 2031,
      "confidence": 1.0
    },
    {
      "id": 140,
      "text": "आकर्षण",
      "sentence": 29,
      "start": 2043,
      "end": 2047,
      "confidence": 1.0
    },
    {
      "id": 141,
      "text": "सूर्य",
      "sentence": 29,
      "start": 2051,
      "end": 2054,
      "confidence": 1.0
    },
    {
      "id": 142,
      "text": "पवार",
      "sentence": 30,
      "start": 2083,
      "end": 2086,
      "confidence": 1.0
    },
    {
      "id": 143,
      "text": "तक्रारीनुसार",
      "sentence": 30,
      "start": 2095,
      "end": 2103,
      "confidence": 1.0
    },
    {
      "id": 144,
      "text": "मोटारसायकल",
      "sentence": 30,
      "start": 2109,
      "end": 2117,
      "confidence": 1.0
    },
    {
      "id": 145,
      "text": "क्रमांक",
      "sentence": 30,
      "start": 2119,
      "end": 2123,
      "confidence": 1.0
    },
    {
      "id": 146,
      "text": "मोटरसायकल",
      "sentence": 30,
      "start": 2147,
      "end": 2154,
      "confidence": 1.0
    },
    {
      "id": 147,
      "text": "क्रमांक",
      "sentence": 30,
      "start": 2156,
      "end": 2160,
      "confidence": 1.0
    },
    {
      "id": 148,
      "text": "आरोपीला",
      "sentence": 31,
      "start": 2181,
      "end": 2186,
      "confidence": 1.0
    },
    {
      "id": 149,
      "text": "महाड",
      "sentence": 31,
      "start": 2188,
      "end": 2191,
      "confidence": 1.0
    },
    {
      "id": 150,
      "text": "न्यायालयासमोर",
      "sentence": 31,
      "start": 2198,
      "end": 2206,
      "confidence": 1.0
    },
    {
      "id": 151,
      "text": "न्यायालयाने",
      "sentence": 31,
      "start": 2216,
      "end": 2222,
      "confidence": 1.0
    },
    {
      "id": 152,
      "text": "आरोपींना",
      "sentence": 31,
      "start": 2226,
      "end": 2231,
      "confidence": 1.0
    },
    {
      "id": 153,
      "text": "दिवसांची",
      "sentence": 31,
      "start": 2236,
      "end": 2242,
      "confidence": 1.0
    },
    {
      "id": 154,
      "text": "पोलिस",
      "sentence": 31,
      "start": 2243,
      "end": 2247,
      "confidence": 1.0
    },
    {
      "id": 155,
      "text": "कोठडी",
      "sentence": 31,
      "start": 2249,
      "end": 2252,
      "confidence": 1.0
    },
    {
      "id": 156,
      "text": "पराभवानंतर",
      "sentence": 32,
      "start": 2263,
      "end": 2270,
      "confidence": 1.0
    },
    {
      "id": 157,
      "text": "भारताची",
      "sentence": 32,
      "start": 2272,
      "end": 2277,
      "confidence": 1.0
    },
    {
      "id": 158,
      "text": "गुणांनी",
      "sentence": 32,
      "start": 2282,
      "end": 2286,
      "confidence": 1.0
    },
    {
      "id": 159,
      "text": "घसरण",
      "sentence": 32,
      "start": 2288,
      "end": 2291,
      "confidence": 1.0
    },
    {
      "id": 160,
      "text": "गुणांवर",
      "sentence": 32,
      "start": 2300,
      "end": 2304,
      "confidence": 1.0
    },
    {
      "id": 161,
      "text": "महिना",
      "sentence": 33,
      "start": 2329,
      "end": 2332,
      "confidence": 1.0
    },
    {
      "id": 162,
      "text": "भारत’चे",
      "sentence": 33,
      "start": 2334,
      "end": 2339,
      "confidence": 1.0
    },
    {
      "id": 163,
      "text": "शूटींग",
      "sentence": 33,
      "start": 2341,
      "end": 2345,
      "confidence": 1.0
    },
    {
      "id": 164,
      "text": "स्नायू",
      "sentence": 34,
      "start": 2357,
      "end": 2360,
      "confidence": 1.0
    },
    {
      "id": 165,
      "text": "वेदना",
      "sentence": 34,
      "start": 2369,
      "end": 2371,
      "confidence": 1.0
    },
    {
      "id": 166,
      "text": "त्यांनी",
      "sentence": 35,
      "start": 2373,
      "end": 2377,
      "confidence": 1.0
    },
    {
      "id": 167,
      "text": "भारताच्या",
      "sentence": 35,
      "start": 2379,
      "end": 2384,
      "confidence": 1.0
    },
    {
      "id": 168,
      "text": "कामात",
      "sentence": 35,
      "start": 2393,
      "end": 2396,
      "confidence": 1.0
    },
    {
      "id": 169,
      "text": "हस्तक्षेप",
      "sentence": 35,
      "start": 2398,
      "end": 2404,
      "confidence": 1.0
    },
    {
      "id": 170,
      "text": "हिंदू",
      "sentence": 35,
      "start": 2429,
      "end": 2432,
      "confidence": 1.0
    },
    {
      "id": 171,
      "text": "ख्रिश्चन",
      "sentence": 35,
      "start": 2440,
      "end": 2445,
      "confidence": 1.0
    },
    {
      "id": 172,
      "text": "बौद्ध",
      "sentence": 35,
      "start": 2448,
      "end": 2451,
      "confidence": 1.0
    },
    {
      "id": 173,
      "text": "झोरास्टेरियन",
      "sentence": 35,
      "start": 2454,
      "end": 2463,
      "confidence": 1.0
    },
    {
      "id": 174,
      "text": "लक्ष",
      "sentence": 35,
      "start": 2476,
      "end": 2478,
      "confidence": 1.0
    },
    {
      "id": 175,
      "text": "जन्म",
      "sentence": 36,
      "start": 2489,
      "end": 2492,
      "confidence": 1.0
    },
    {
      "id": 176,
      "text": "जाधव",
      "sentence": 37,
      "start": 2514,
      "end": 2517,
      "confidence": 1.0
    },
    {
      "id": 177,
      "text": "सय्यद",
      "sentence": 37,
      "start": 2532,
      "end": 2535,
      "confidence": 1.0
    },
    {
      "id": 178,
      "text": "दोघे",
      "sentence": 37,
      "start": 2538,
      "end": 2541,
      "confidence": 1.0
    },
    {
      "id": 179,
      "text": "रुग्णालयात",
      "sentence": 38,
      "start": 2552,
      "end": 2559,
      "confidence": 1.0
    },
    {
      "id": 180,
      "text": "किडनी",
      "sentence": 38,
      "start": 2561,
      "end": 2565,
      "confidence": 1.0
    },
    {
      "id": 181,
      "text": "रक्तदानाला",
      "sentence": 38,
      "start": 2595,
      "end": 2602,
      "confidence": 1.0
    },
    {
      "id": 182,
      "text": "लोकांची",
      "sentence": 38,
      "start": 2613,
      "end": 2617,
      "confidence": 1.0
    },
    {
      "id": 183,
      "text": "सौदा",
      "sentence": 38,
      "start": 2632,
      "end": 2635,
      "confidence": 1.0
    },
    {
      "id": 184,
      "text": "किडनी",
      "sentence": 38,
      "start": 2641,
      "end": 2645,
      "confidence": 1.0
    },
    {
      "id": 185,
      "text": "इंदिरानगर",
      "sentence": 39,
      "start": 2666,
      "end": 2672,
      "confidence": 1.0
    },
    {
      "id": 186,
      "text": "परीक्षा",
      "sentence": 39,
      "start": 2686,
      "end": 2690,
      "confidence": 1.0
    },
    {
      "id": 187,
      "text": "देशांबरोबरचे",
      "sentence": 40,
      "start": 2703,
      "end": 2711,
      "confidence": 1.0
    },
    {
      "id": 188,
      "text": "संरक्षण",
      "sentence": 40,
      "start": 2712,
      "end": 2717,
      "confidence": 1.0
    },
    {
      "id": 189,
      "text": "सहकार्यासह",
      "sentence": 40,
      "start": 2719,
      "end": 2726,
      "confidence": 1.0
    },
    {
      "id": 190,
      "text": "संबंध",
      "sentence": 40,
      "start": 2731,
      "end": 2734,
      "confidence": 1.0
    },
    {
      "id": 191,
      "text": "त्यांनी",
      "sentence": 40,
      "start": 2749,
      "end": 2753,
      "confidence": 1.0
    },
    {
      "id": 192,
      "text": "अंतर",
      "sentence": 41,
      "start": 2765,
      "end": 2767,
      "confidence": 1.0
    },
    {
      "id": 193,
      "text": "प्रभुदेसाई",
      "sentence": 42,
      "start": 2793,
      "end": 2799,
      "confidence": 1.0
    },
    {
      "id": 194,
      "text": "कहाणी",
      "sentence": 42,
      "start": 2811,
      "end": 2814,
      "confidence": 1.0
    },
    {
      "id": 195,
      "text": "विहिंपने",
      "sentence": 43,
      "start": 2821,
      "end": 2826,
      "confidence": 1.0
    },
    {
      "id": 196,
      "text": "निवेदनात",
      "sentence": 43,
      "start": 2835,
      "end": 2840,
      "confidence": 1.0
    },
    {
      "id": 197,
      "text": "कामे",
      "sentence": 44,
      "start": 2854,
      "end": 2856,
      "confidence": 1.0
    },
    {
      "id": 198,
      "text": "निविदा",
      "sentence": 44,
      "start": 2858,
      "end": 2862,
      "confidence": 1.0
    },
    {
      "id": 199,
      "text": "मंजुरीनुसार",
      "sentence": 44,
      "start": 2864,
      "end": 2871,
      "confidence": 1.0
    },
    {
      "id": 200,
      "text": "विलंब",
      "sentence": 44,
      "start": 2886,
      "end": 2889,
      "confidence": 1.0
    },
    {
      "id": 201,
      "text": "राष्ट्रांच्या",
      "sentence": 46,
      "start": 2916,
      "end": 2923,
      "confidence": 1.0
    },
    {
      "id": 202,
      "text": "सुरक्षा",
      "sentence": 46,
      "start": 2925,
      "end": 2929,
      "confidence": 1.0
    },
    {
      "id": 203,
      "text": "परिषदेने",
      "sentence": 46,
      "start": 2931,
      "end": 2936,
      "confidence": 1.0
    },
    {
      "id": 204,
      "text": "अतिरेकी",
      "sentence": 46,
      "start": 2938,
      "end": 2943,
      "confidence": 1.0
    },
    {
      "id": 205,
      "text": "संघटनांची",
      "sentence": 46,
      "start": 2953,
      "end": 2959,
      "confidence": 1.0
    },
    {
      "id": 206,
      "text": "यादी",
      "sentence": 46,
      "start": 2965,
      "end": 2968,
      "confidence": 1.0
    },
    {
      "id": 207,
      "text": "मुंबई",
      "sentence": 47,
      "start": 2977,
      "end": 2980,
      "confidence": 1.0
    },
    {
      "id": 208,
      "text": "हल्ल्याचा",
      "sentence": 47,
      "start": 2982,
      "end": 2987,
      "confidence": 1.0
    },
    {
      "id": 209,
      "text": "मास्टर",
      "sentence": 47,
      "start": 2989,
      "end": 2993,
      "confidence": 1.0
    },
    {
      "id": 210,
      "text": "संग्रहालय",
      "sentence": 48,
      "start": 2998,
      "end": 3003,
      "confidence": 1.0
    },
    {
      "id": 211,
      "text": "प्रवेशावर",
      "sentence": 48,
      "start": 3010,
      "end": 3015,
      "confidence": 1.0
    },
    {
      "id": 212,
      "text": "शस्त्र",
      "sentence": 48,
      "start": 3035,
      "end": 3038,
      "confidence": 1.0
    },
    {
      "id": 213,
      "text": "पाटलांनी",
      "sentence": 49,
      "start": 3048,
      "end": 3053,
      "confidence": 1.0
    },
    {
      "id": 214,
      "text": "अहिंसा",
      "sentence": 49,
      "start": 3055,
      "end": 3059,
      "confidence": 1.0
    },
    {
      "id": 215,
      "text": "क्रान्तीवर",
      "sentence": 49,
      "start": 3061,
      "end": 3067,
      "confidence": 1.0
    },
    {
      "id": 216,
      "text": "टीका",
      "sentence": 49,
      "start": 3074,
      "end": 3076,
      "confidence": 1.0
    }
  ],
  "clusters": [
    [
      2,
      2
    ],
    [
      4,
      4
    ],
    [
      5,
      5
    ],
    [
      6,
      6
    ],
    [
      7,
      7
    ],
    [
      8,
      8
    ],
    [
      9,
      9
    ],
    [
      10,
      10
    ],
    [
      11,
      11
    ],
    [
      12,
      12
    ],
    [
      13,
      17
    ],
    [
      14,
      14
    ],
    [
      15,
      15
    ],
    [
      16,
      16
    ],
    [
      18,
      18
    ],
    [
      19,
      19
    ],
    [
      20,
      20
    ],
    [
      21,
      21
    ],
    [
      22,
      22
    ],
    [
      24,
      25
    ],
    [
      26,
      26
    ],
    [
      27,
      27
    ],
    [
      28,
      28
    ],
    [
      29,
      30
    ],
    [
      31,
      31
    ],
    [
      32,
      32
    ],
    [
      33,
      35
    ],
    [
      34,
      34
    ],
    [
      36,
      36
    ],
    [
      37,
      43,
      53,
      63,
      66
    ],
    [
      38,
      39
    ],
    [
      40,
      62
    ],
    [
      41,
      41
    ],
    [
      42,
      42
    ],
    [
      44,
      46,
      50
    ],
    [
      45,
      45
    ],
    [
      47,
      65
    ],
    [
      48,
      48
    ],
    [
      49,
      49
    ],
    [
      51,
      51
    ],
    [
      52,
      52
    ],
    [
      54,
      54
    ],
    [
      55,
      58
    ],
    [
      56,
      56
    ],
    [
      57,
      57
    ],
    [
      59,
      59
    ],
    [
      60,
      60
    ],
    [
      61,
      199
    ],
    [
      64,
      67
    ],
    [
      68,
      68
    ],
    [
      69,
      69
    ],
    [
      70,
      70
    ],
    [
      71,
      71
    ],
    [
      72,
      76
    ],
    [
      73,
      74
    ],
    [
      75,
      75
    ],
    [
      77,
      81,
      84,
      93
    ],
    [
      78,
      78
    ],
    [
      79,
      83
    ],
    [
      80,
      80
    ],
    [
      82,
      88,
      92,
      94,
      101,
      106
    ],
    [
      85,
      85
    ],
    [
      86,
      86
    ],
    [
      87,
      87
    ],
    [
      89,
      89
    ],
    [
      90,
      90
    ],
    [
      91,
      91
    ],
    [
      95,
      95
    ],
    [
      96,
      96
    ],
    [
      97,
      97
    ],
    [
      98,
      98
    ],
    [
      99,
      99
    ],
    [
      100,
      100
    ],
    [
      102,
      102
    ],
    [
      103,
      103
    ],
    [
      104,
      104
    ],
    [
      105,
      105
    ],
    [
      107,
      107
    ],
    [
      108,
      108
    ],
    [
      109,
      109
    ],
    [
      110,
      110
    ],
    [
      111,
      111
    ],
    [
      112,
      143,
      208
    ],
    [
      113,
      113
    ],
    [
      114,
      114
    ],
    [
      115,
      115
    ],
    [
      116,
      116
    ],
    [
      117,
      120
    ],
    [
      118,
      121
    ],
    [
      119,
      119
    ],
    [
      122,
      122
    ],
    [
      123,
      123
    ],
    [
      124,
      124
    ],
    [
      125,
      125
    ],
    [
      126,
      126
    ],
    [
      128,
      128
    ],
    [
      129,
      131,
      203,
      214
    ],
    [
      130,
      130
    ],
    [
      132,
      132
    ],
    [
      133,
      133
    ],
    [
      134,
      134
    ],
    [
      135,
      135
    ],
    [
      136,
      136
    ],
    [
      137,
      137
    ],
    [
      138,
      138
    ],
    [
      139,
      139
    ],
    [
      140,
      140
    ],
    [
      141,
      141
    ],
    [
      142,
      142
    ],
    [
      144,
      144
    ],
    [
      145,
      145
    ],
    [
      146,
      150,
      152
    ],
    [
      147,
      147
    ],
    [
      148,
      148
    ],
    [
      149,
      149
    ],
    [
      151,
      151
    ],
    [
      153,
      153
    ],
    [
      154,
      154
    ],
    [
      155,
      155
    ],
    [
      157,
      167
    ],
    [
      158,
      158
    ],
    [
      159,
      170
    ],
    [
      160,
      160
    ],
    [
      161,
      162
    ],
    [
      163,
      163
    ],
    [
      164,
      164
    ],
    [
      165,
      165
    ],
    [
      166,
      166
    ],
    [
      168,
      168
    ],
    [
      169,
      169
    ],
    [
      171,
      171
    ],
    [
      172,
      172
    ],
    [
      173,
      173
    ],
    [
      174,
      175
    ],
    [
      176,
      176
    ],
    [
      177,
      177
    ],
    [
      178,
      178
    ],
    [
      179,
      179
    ],
    [
      180,
      180
    ],
    [
      181,
      181
    ],
    [
      182,
      188
    ],
    [
      183,
      189
    ],
    [
      184,
      190
    ],
    [
      185,
      191
    ],
    [
      186,
      186
    ],
    [
      187,
      187
    ],
    [
      192,
      192
    ],
    [
      193,
      193
    ],
    [
      194,
      198
    ],
    [
      195,
      195
    ],
    [
      196,
      197
    ],
    [
      200,
      200
    ],
    [
      201,
      201
    ],
    [
      202,
      202
    ],
    [
      204,
      206
    ],
    [
      205,
      205
    ],
    [
      207,
      207
    ],
    [
      209,
      209
    ],
    [
      210,
      210
    ],
    [
      211,
      211
    ],
    [
      212,
      212
    ],
    [
      216,
      216
    ]
  ]
}