{
  "document_id": "document_413",
  "sentences": [
    "आज मीच मेल टाकते त्याला.",
    "२००६ - फिलिपाईन्समध्ये लश्कर उठाव करणार असल्याची कुणकुण लागल्याने राष्ट्राध्यक्ष ग्लोरिया मॅकापगाल-अरोयोने देशात आणीबाणी लागू केली.",
    "त्याच्या त्यानंतरच्या हस्तांतरण किंवा विक्री तयारी अपरिहार्यपणे याआधी चर्चा होते क्रिया आवश्यक आहे.",
    "या विशेषतः प्रिंटर लोड आराम करण्यासाठी निर्माता केले जाते.",
    "या निकालामुळे पाकिस्तानातील ‘जैश-ए-मोहम्मद’ या दहशतवादी संघटनेने हिंदुस्थानात हल्ला करण्याची तयारी चालवल्याचे वृत्त आहे.",
    "रक्षण, स्वच्छ, दुरुस्ती",
    "केले जाते बाजरी, तो पक्षी उपचार करणे शक्य आहे.",
    "जुहू - 40 मिमी",
    "मतदारसंघातील 342 मतदान केंद्राची जय्यत तयारी करण्यात आली.",
    "पुढील जेवण पोट पुन्हा पुन्हा तीच संख्या विचारेल.",
    "आरोपी हा संबंधित वसाहतीत गाड्या धुण्याचे काम करत आणि रात्री उशिरापर्यंत थांबून घरफोड्या करायचा.",
    "अखेर व्यापाऱ्यात झालेल्या चर्चेनंतर लोहाडे यांनी प्रभारी सचिव विष्णू पवार यांच्याकडे तडकाफडकी राजीनामा दिला.",
    "शिक्षण विभागाच्या या आदेशावर बोलताना धनंजय मुंडे यांनी सांगितले की, राज्यातील शिक्षकांना वंदे गुजरात या वाहिनीवरून प्रशिक्षण देण्याचा शिक्षण विभागाचा निर्णय हा महाराष्ट्राचे गुजरातीकरण आणि लांगुलचालन करण्याचा प्रकार आहे.",
    "जर ते नाहीत, तर अशा वस्तू खरेदी करण्यास सक्तीने मनाई आहे.",
    "महापालिकेच्या स्थापनेपासून अपवाद वगळता सलग काँग्रेसची सत्ता होती; परंतु जानेवारी 2017 मध्ये झालेल्या महापालिका निवडणुकीत मोदी लाटेमुळे भाजपने विजयाचा गुलाल उधळला.",
    "अनेक वर्षे विरोधकांमध्ये बसण्याची सवय असलेल्या भाजपला सत्ता चालविता येत नसल्याचा आरोप अनेक वेळा विरोधी पक्षांनी केला असून, भाजपचा कारभार पाहता तो आता नागरिकांनाही खरा वाटू लागलेला आहे.",
    "महापालिकेच्या सत्तेत आल्यापासून सत्ताधारी भाजप नगरसेवकांमध्ये गट पडून सातत्याने वाद सुरू आहेत.",
    "या वादाचे मूळ दोन मंत्री देशमुखांमधील वादच असल्याचेही सर्वश्रुत आहे.",
    "एक परिणाम म्हणून, तो व्यवसाय विकास विचार आणि या दिशेने पावले उचलण्यास वेळ जाहीर केला.",
    "रहिवाशांच्या मालकीचा रस्ता बिल्डरसाठी बळकावण्याचा प्रयत्न ?",
    "यामुळे अनुदानातून जमा झालेली रक्‍कम घेण्यासाठी बँकेच्या दारात जाऊन रांगेत तासन्तास थांबावे लागत होते.",
    "प्रेरणा फक्त ज्ञान आणि कौशल्ये उपस्थिती साध्य होऊ शकत नाही, जे व्यावहारिक अंमलबजावणी यश, ठरवते.",
    "विजय मर्चंट पवेलियनमध्ये हे विद्यार्थी बसले होते.",
    "वाचा –  दोन हजार रुपयांची बनावट नोट विक्रीसाठी आणणाऱ्याला अटक",
    "आदित्य ठाकरेंनी वरळीतून लढावं",
    "या फोटो मजकूर केले जात.",
    "या दोन्ही नद्यांचे पाणी पन्नास- साठ वर्षापूर्वी फार शुद्ध होते.",
    "मंत्रालयाकडून सांगण्यात आले की लोकांनी अभिवादन करताना हाथ मिळवण्यापेक्षा दूरच हात हावून अभिवादन केले पाहिजे.",
    "मग गुठळ्या, विभक्त केस एकत्र ग 'ची बाधा काढून टाका.",
    "त्यातच सोमवारी सत्ताधारी मंडळींनी स्वखर्चातुन या रस्त्यावरील खड्डे बुजवण्याचे काम हाती घेतले.",
    "तर शेकापचे आमदार जयंत पाटील यांनी पत्रकार परिषद घेऊन या रस्त्याच्या कामाचे सादरीकरण केले होते.",
    "मागच्या वर्षी नोव्हेंबरमध्ये वेस्ट इंडिजविरुद्ध खेळताना मलिंगाच्या गुडघ्याला दुखापत झाली.",
    "अर्थसारथी संगणकीय आज्ञावलीमध्ये सबंधीत ठेकेदार/पुरवठादार तसेच जिल्हा परिषदेचे कर्मचारी यांना त्यांचे देयकाबाबतची सद्य:स्थितीची माहिती ऑनलाईन घरबसल्या किंवा आपल्या कार्यालयातच पहावयास मिळणार आहे.",
    "यासाठी सबंधीत ठेकेदार/पुरवठादर व जि.प.",
    "कर्मचारी यांनी याबाबत अर्थसारथी प्रणालीवर आपली माहिती रजिष्टर करणे आवश्यक आहे.",
    "रजिष्टर केले नंतर सबंधीतांचा A/C नंबर हा त्यांचा USER ID असेल तसेच Password सबंधीतांनी खालील प्रमाणे स्वत: तयार करावयाचा आहे.",
    "याबाबत सबंधीत ठेकेदार/पुरवठादार किंवा जि.प.कर्मचारी यांनी USER ID व PASSWORD वापरून त्यांना आपल्या देयकाची सद्यस्थिती माहिती मोबाईलवर पहावयास मिळेल.",
    "या निवडणुकीत सर्वच उमेदवार कोटय़धीष नसून, काही लखपतीसुद्धा आहेत.",
    "विखुरलेले गाळे २८",
    "\"चांगला दिवस चांगला सकाळपासून सुरू होतो.",
    "तलोरकरांनी थेट चांदोरी गाठत गार्गीसह तिच्या पालकांची भेट घेतली.",
    "शिवडी रुग्णालयातील क्षय अर्थात टी."
  ],
  "mentions": [
    {
      "id": 0,
      "text": "मीच",
      "sentence": 0,
      "start": 4,
      "end": 7,
      "confidence": 1.0
    },
    {
      "id": 1,
      "text": "त्याला",
      "sentence": 0,
      "start": 16,
      "end": 21,
      "confidence": 1.0
    },
    {
      "id": 2,
      "text": "फिलिपाईन्समध्ये",
      "sentence": 1,
      "start": 9,
      "end": 22,
      "confidence": 1.0
    },
    {
      "id": 3,
      "text": "लश्कर",
      "sentence": 1,
      "start": 23,
      "end": 28,
      "confidence": 1.0
    },
    {
      "id": 4,
      "text": "उठाव",
      "sentence": 1,
      "start": 29,
      "end": 33,
      "confidence": 1.0
    },
    {
      "id": 5,
      "text": "कुणकुण",
      "sentence": 1,
      "start": 47,
      "end": 52,
      "confidence": 1.0
    },
    {
      "id": 6,
      "text": "राष्ट्राध्यक्ष",
      "sentence": 1,
      "start": 62,
      "end": 74,
      "confidence": 1.0
    },
    {
      "id": 7,
      "text": "ग्लोरिया",
      "sentence": 1,
      "start": 76,
      "end": 82,
      "confidence": 1.0
    },
    {
      "id": 8,
      "text": "मॅकापगाल-अरोयोने",
      "sentence": 1,
      "start": 84,
      "end": 100,
      "confidence": 1.0
    },
    {
      "id": 9,
      "text": "देशात",
      "sentence": 1,
      "start": 102,
      "end": 106,
      "confidence": 1.0
    },
    {
      "id": 10,
      "text": "आणीबाणी",
      "sentence": 1,
      "start": 108,
      "end": 115,
      "confidence": 1.0
    },
    {
      "id": 11,
      "text": "त्याच्या",
      "sentence": 2,
      "start": 126,
      "end": 131,
      "confidence": 1.0
    },
    {
      "id": 12,
      "text": "हस्तांतरण",
      "sentence": 2,
      "start": 142,
      "end": 150,
      "confidence": 1.0
    },
    {
      "id": 13,
      "text": "विक्री",
      "sentence": 2,
      "start": 153,
      "end": 158,
      "confidence": 1.0
    },
    {
      "id": 14,
      "text": "तयारी",
      "sentence": 2,
      "start": 159,
      "end": 163,
      "confidence": 1.0
    },
    {
      "id": 15,
      "text": "चर्चा",
      "sentence": 2,
      "start": 179,
      "end": 183,
      "confidence": 1.0
    },
    {
      "id": 16,
      "text": "क्रिया",
      "sentence": 2,
      "start": 185,
      "end": 189,
      "confidence": 1.0
    },
    {
      "id": 17,
      "text": "प्रिंटर",
      "sentence": 3,
      "start": 207,
      "end": 213,
      "confidence": 1.0
    },
    {
      "id": 18,
      "text": "निर्माता",
      "sentence": 3,
      "start": 231,
      "end": 236,
      "confidence": 1.0
    },
    {
      "id": 19,
      "text": "निकालामुळे",
      "sentence": 4,
      "start": 249,
      "end": 257,
      "confidence": 1.0
    },
    {
      "id": 20,
      "text": "जैश-ए-मोहम्मद",
      "sentence": 4,
      "start": 274,
      "end": 288,
      "confidence": 1.0
    },
    {
      "id": 21,
      "text": "संघटनेने",
      "sentence": 4,
      "start": 295,
      "end": 301,
      "confidence": 1.0
    },
    {
      "id": 22,
      "text": "हिंदुस्थानात",
      "sentence": 4,
      "start": 305,
      "end": 314,
      "confidence": 1.0
    },
    {
      "id": 23,
      "text": "हल्ला",
      "sentence": 4,
      "start": 317,
      "end": 321,
      "confidence": 1.0
    },
    {
      "id": 24,
      "text": "तयारी",
      "sentence": 4,
      "start": 327,
      "end": 331,
      "confidence": 1.0
    },
    {
      "id": 25,
      "text": "वृत्त",
      "sentence": 4,
      "start": 339,
      "end": 342,
      "confidence": 1.0
    },
    {
      "id": 26,
      "text": "रक्षण",
      "sentence": 5,
      "start": 349,
      "end": 353,
      "confidence": 1.0
    },
    {
      "id": 27,
      "text": "दुरुस्ती",
      "sentence": 5,
      "start": 362,
      "end": 368,
      "confidence": 1.0
    },
    {
      "id": 28,
      "text": "बाजरी",
      "sentence": 6,
      "start": 376,
      "end": 380,
      "confidence": 1.0
    },
    {
      "id": 29,
      "text": "तो",
      "sentence": 6,
      "start": 384,
      "end": 385,
      "confidence": 1.0
    },
    {
      "id": 30,
      "text": "पक्षी",
      "sentence": 6,
      "start": 387,
      "end": 390,
      "confidence": 1.0
    },
    {
      "id": 31,
      "text": "उपचार",
      "sentence": 6,
      "start": 393,
      "end": 397,
      "confidence": 1.0
    },
    {
      "id": 32,
      "text": "जुहू",
      "sentence": 7,
      "start": 408,
      "end": 411,
      "confidence": 1.0
    },
    {
      "id": 33,
      "text": "मिमी",
      "sentence": 7,
      "start": 416,
      "end": 419,
      "confidence": 1.0
    },
    {
      "id": 34,
      "text": "मतदारसंघातील",
      "sentence": 8,
      "start": 422,
      "end": 433,
      "confidence": 1.0
    },
    {
      "id": 35,
      "text": "केंद्राची",
      "sentence": 8,
      "start": 442,
      "end": 448,
      "confidence": 1.0
    },
    {
      "id": 36,
      "text": "तयारी",
      "sentence": 8,
      "start": 452,
      "end": 456,
      "confidence": 1.0
    },
    {
      "id": 37,
      "text": "जेवण",
      "sentence": 9,
      "start": 467,
      "end": 470,
      "confidence": 1.0
    },
    {
      "id": 38,
      "text": "संख्या",
      "sentence": 9,
      "start": 489,
      "end": 493,
      "confidence": 1.0
    },
    {
      "id": 39,
      "text": "आरोपी",
      "sentence": 10,
      "start": 497,
      "end": 501,
      "confidence": 1.0
    },
    {
      "id": 40,
      "text": "वसाहतीत",
      "sentence": 10,
      "start": 513,
      "end": 519,
      "confidence": 1.0
    },
    {
      "id": 41,
      "text": "गाड्या",
      "sentence": 10,
      "start": 522,
      "end": 526,
      "confidence": 1.0
    },
    {
      "id": 42,
      "text": "घरफोड्या",
      "sentence": 10,
      "start": 566,
      "end": 571,
      "confidence": 1.0
    },
    {
      "id": 43,
      "text": "व्यापाऱ्यात",
      "sentence": 11,
      "start": 579,
      "end": 586,
      "confidence": 1.0
    },
    {
      "id": 44,
      "text": "चर्चेनंतर",
      "sentence": 11,
      "start": 592,
      "end": 598,
      "confidence": 1.0
    },
    {
      "id": 45,
      "text": "लोहाडे",
      "sentence": 11,
      "start": 601,
      "end": 605,
      "confidence": 1.0
    },
    {
      "id": 46,
      "text": "सचिव",
      "sentence": 11,
      "start": 612,
      "end": 615,
      "confidence": 1.0
    },
    {
      "id": 47,
      "text": "विष्णू",
      "sentence": 11,
      "start": 618,
      "end": 621,
      "confidence": 1.0
    },
    {
      "id": 48,
      "text": "पवार",
      "sentence": 11,
      "start": 624,
      "end": 627,
      "confidence": 1.0
    },
    {
      "id": 49,
      "text": "राजीनामा",
      "sentence": 11,
      "start": 641,
      "end": 646,
      "confidence": 1.0
    },
    {
      "id": 50,
      "text": "शिक्षण",
      "sentence": 12,
      "start": 649,
      "end": 653,
      "confidence": 1.0
    },
    {
      "id": 51,
      "text": "विभागाच्या",
      "sentence": 12,
      "start": 656,
      "end": 663,
      "confidence": 1.0
    },
    {
      "id": 52,
      "text": "आदेशावर",
      "sentence": 12,
      "start": 669,
      "end": 675,
      "confidence": 1.0
    },
    {
      "id": 53,
      "text": "धनंजय",
      "sentence": 12,
      "start": 680,
      "end": 684,
      "confidence": 1.0
    },
    {
      "id": 54,
      "text": "मुंडे",
      "sentence": 12,
      "start": 687,
      "end": 690,
      "confidence": 1.0
    },
    {
      "id": 55,
      "text": "शिक्षकांना",
      "sentence": 12,
      "start": 710,
      "end": 717,
      "confidence": 1.0
    },
    {
      "id": 56,
      "text": "वंदे",
      "sentence": 12,
      "start": 718,
      "end": 721,
      "confidence": 1.0
    },
    {
      "id": 57,
      "text": "वाहिनीवरून",
      "sentence": 12,
      "start": 729,
      "end": 736,
      "confidence": 1.0
    },
    {
      "id": 58,
      "text": "प्रशिक्षण",
      "sentence": 12,
      "start": 741,
      "end": 747,
      "confidence": 1.0
    },
    {
      "id": 59,
      "text": "शिक्षण",
      "sentence": 12,
      "start": 750,
      "end": 754,
      "confidence": 1.0
    },
    {
      "id": 60,
      "text": "विभागाचा",
      "sentence": 12,
      "start": 757,
      "end": 762,
      "confidence": 1.0
    },
    {
      "id": 61,
      "text": "निर्णय",
      "sentence": 12,
      "start": 766,
      "end": 770,
      "confidence": 1.0
    },
    {
      "id": 62,
      "text": "महाराष्ट्राचे",
      "sentence": 12,
      "start": 778,
      "end": 786,
      "confidence": 1.0
    },
    {
      "id": 63,
      "text": "गुजरातीकरण",
      "sentence": 12,
      "start": 789,
      "end": 798,
      "confidence": 1.0
    },
    {
      "id": 64,
      "text": "लांगुलचालन",
      "sentence": 12,
      "start": 802,
      "end": 810,
      "confidence": 1.0
    },
    {
      "id": 65,
      "text": "प्रकार",
      "sentence": 12,
      "start": 823,
      "end": 827,
      "confidence": 1.0
    },
    {
      "id": 66,
      "text": "ते",
      "sentence": 13,
      "start": 836,
      "end": 837,
      "confidence": 1.0
    },
    {
      "id": 67,
      "text": "वस्तू",
      "sentence": 13,
      "start": 849,
      "end": 852,
      "confidence": 1.0
    },
    {
      "id": 68,
      "text": "मनाई",
      "sentence": 13,
      "start": 864,
      "end": 867,
      "confidence": 1.0
    },
    {
      "id": 69,
      "text": "स्थापनेपासून",
      "sentence": 14,
      "start": 883,
      "end": 892,
      "confidence": 1.0
    },
    {
      "id": 70,
      "text": "अपवाद",
      "sentence": 14,
      "start": 898,
      "end": 902,
      "confidence": 1.0
    },
    {
      "id": 71,
      "text": "काँग्रेसची",
      "sentence": 14,
      "start": 910,
      "end": 917,
      "confidence": 1.0
    },
    {
      "id": 72,
      "text": "सत्ता",
      "sentence": 14,
      "start": 921,
      "end": 924,
      "confidence": 1.0
    },
    {
      "id": 73,
      "text": "जानेवारी",
      "sentence": 14,
      "start": 932,
      "end": 938,
      "confidence": 1.0
    },
    {
      "id": 74,
      "text": "महापालिका",
      "sentence": 14,
      "start": 951,
      "end": 958,
      "confidence": 1.0
    },
    {
      "id": 75,
      "text": "मोदी",
      "sentence": 14,
      "start": 971,
      "end": 974,
      "confidence": 1.0
    },
    {
      "id": 76,
      "text": "लाटेमुळे",
      "sentence": 14,
      "start": 976,
      "end": 982,
      "confidence": 1.0
    },
    {
      "id": 77,
      "text": "विजयाचा",
      "sentence": 14,
      "start": 993,
      "end": 998,
      "confidence": 1.0
    },
    {
      "id": 78,
      "text": "गुलाल",
      "sentence": 14,
      "start": 1000,
      "end": 1004,
      "confidence": 1.0
    },
    {
      "id": 79,
      "text": "वर्षे",
      "sentence": 15,
      "start": 1014,
      "end": 1017,
      "confidence": 1.0
    },
    {
      "id": 80,
      "text": "विरोधकांमध्ये",
      "sentence": 15,
      "start": 1020,
      "end": 1030,
      "confidence": 1.0
    },
    {
      "id": 81,
      "text": "भाजपला",
      "sentence": 15,
      "start": 1050,
      "end": 1055,
      "confidence": 1.0
    },
    {
      "id": 82,
      "text": "सत्ता",
      "sentence": 15,
      "start": 1060,
      "end": 1063,
      "confidence": 1.0
    },
    {
      "id": 83,
      "text": "आरोप",
      "sentence": 15,
      "start": 1080,
      "end": 1083,
      "confidence": 1.0
    },
    {
      "id": 84,
      "text": "वेळा",
      "sentence": 15,
      "start": 1090,
      "end": 1093,
      "confidence": 1.0
    },
    {
      "id": 85,
      "text": "पक्षांनी",
      "sentence": 15,
      "start": 1099,
      "end": 1104,
      "confidence": 1.0
    },
    {
      "id": 86,
      "text": "कारभार",
      "sentence": 15,
      "start": 1118,
      "end": 1122,
      "confidence": 1.0
    },
    {
      "id": 87,
      "text": "तो",
      "sentence": 15,
      "start": 1128,
      "end": 1129,
      "confidence": 1.0
    },
    {
      "id": 88,
      "text": "नागरिकांनाही",
      "sentence": 15,
      "start": 1137,
      "end": 1146,
      "confidence": 1.0
    },
    {
      "id": 89,
      "text": "सत्तेत",
      "sentence": 16,
      "start": 1172,
      "end": 1176,
      "confidence": 1.0
    },
    {
      "id": 90,
      "text": "भाजप",
      "sentence": 16,
      "start": 1186,
      "end": 1189,
      "confidence": 1.0
    },
    {
      "id": 91,
      "text": "नगरसेवकांमध्ये",
      "sentence": 16,
      "start": 1192,
      "end": 1204,
      "confidence": 1.0
    },
    {
      "id": 92,
      "text": "वादाचे",
      "sentence": 17,
      "start": 1239,
      "end": 1243,
      "confidence": 1.0
    },
    {
      "id": 93,
      "text": "मंत्री",
      "sentence": 17,
      "start": 1258,
      "end": 1261,
      "confidence": 1.0
    },
    {
      "id": 94,
      "text": "देशमुखांमधील",
      "sentence": 17,
      "start": 1263,
      "end": 1272,
      "confidence": 1.0
    },
    {
      "id": 95,
      "text": "वादच",
      "sentence": 17,
      "start": 1274,
      "end": 1277,
      "confidence": 1.0
    },
    {
      "id": 96,
      "text": "परिणाम",
      "sentence": 18,
      "start": 1289,
      "end": 1293,
      "confidence": 1.0
    },
    {
      "id": 97,
      "text": "तो",
      "sentence": 18,
      "start": 1301,
      "end": 1302,
      "confidence": 1.0
    },
    {
      "id": 98,
      "text": "व्यवसाय",
      "sentence": 18,
      "start": 1305,
      "end": 1309,
      "confidence": 1.0
    },
    {
      "id": 99,
      "text": "विकास",
      "sentence": 18,
      "start": 1313,
      "end": 1317,
      "confidence": 1.0
    },
    {
      "id": 100,
      "text": "विचार",
      "sentence": 18,
      "start": 1320,
      "end": 1323,
      "confidence": 1.0
    },
    {
      "id": 101,
      "text": "दिशेने",
      "sentence": 18,
      "start": 1331,
      "end": 1334,
      "confidence": 1.0
    },
    {
      "id": 102,
      "text": "मालकीचा",
      "sentence": 19,
      "start": 1381,
      "end": 1386,
      "confidence": 1.0
    },
    {
      "id": 103,
      "text": "रस्ता",
      "sentence": 19,
      "start": 1388,
      "end": 1391,
      "confidence": 1.0
    },
    {
      "id": 104,
      "text": "बिल्डरसाठी",
      "sentence": 19,
      "start": 1395,
      "end": 1403,
      "confidence": 1.0
    },
    {
      "id": 105,
      "text": "प्रयत्न",
      "sentence": 19,
      "start": 1414,
      "end": 1417,
      "confidence": 1.0
    },
    {
      "id": 106,
      "text": "अनुदानातून",
      "sentence": 20,
      "start": 1431,
      "end": 1438,
      "confidence": 1.0
    },
    {
      "id": 107,
      "text": "रक्‍कम",
      "sentence": 20,
      "start": 1450,
      "end": 1454,
      "confidence": 1.0
    },
    {
      "id": 108,
      "text": "दारात",
      "sentence": 20,
      "start": 1472,
      "end": 1475,
      "confidence": 1.0
    },
    {
      "id": 109,
      "text": "रांगेत",
      "sentence": 20,
      "start": 1481,
      "end": 1485,
      "confidence": 1.0
    },
    {
      "id": 110,
      "text": "प्रेरणा",
      "sentence": 21,
      "start": 1508,
      "end": 1512,
      "confidence": 1.0
    },
    {
      "id": 111,
      "text": "ज्ञान",
      "sentence": 21,
      "start": 1520,
      "end": 1523,
      "confidence": 1.0
    },
    {
      "id": 112,
      "text": "कौशल्ये",
      "sentence": 21,
      "start": 1527,
      "end": 1531,
      "confidence": 1.0
    },
    {
      "id": 113,
      "text": "उपस्थिती",
      "sentence": 21,
      "start": 1535,
      "end": 1540,
      "confidence": 1.0
    },
    {
      "id": 114,
      "text": "अंमलबजावणी",
      "sentence": 21,
      "start": 1568,
      "end": 1576,
      "confidence": 1.0
    },
    {
      "id": 115,
      "text": "मर्चंट",
      "sentence": 22,
      "start": 1599,
      "end": 1603,
      "confidence": 1.0
    },
    {
      "id": 116,
      "text": "पवेलियनमध्ये",
      "sentence": 22,
      "start": 1605,
      "end": 1614,
      "confidence": 1.0
    },
    {
      "id": 117,
      "text": "विद्यार्थी",
      "sentence": 22,
      "start": 1621,
      "end": 1627,
      "confidence": 1.0
    },
    {
      "id": 118,
      "text": "रुपयांची",
      "sentence": 23,
      "start": 1648,
      "end": 1654,
      "confidence": 1.0
    },
    {
      "id": 119,
      "text": "विक्रीसाठी",
      "sentence": 23,
      "start": 1663,
      "end": 1670,
      "confidence": 1.0
    },
    {
      "id": 120,
      "text": "आदित्य",
      "sentence": 24,
      "start": 1698,
      "end": 1702,
      "confidence": 1.0
    },
    {
      "id": 121,
      "text": "ठाकरेंनी",
      "sentence": 24,
      "start": 1705,
      "end": 1711,
      "confidence": 1.0
    },
    {
      "id": 122,
      "text": "वरळीतून",
      "sentence": 24,
      "start": 1718,
      "end": 1723,
      "confidence": 1.0
    },
    {
      "id": 123,
      "text": "फोटो",
      "sentence": 25,
      "start": 1732,
      "end": 1735,
      "confidence": 1.0
    },
    {
      "id": 124,
      "text": "मजकूर",
      "sentence": 25,
      "start": 1737,
      "end": 1741,
      "confidence": 1.0
    },
    {
      "id": 125,
      "text": "नद्यांचे",
      "sentence": 26,
      "start": 1758,
      "end": 1763,
      "confidence": 1.0
    },
    {
      "id": 126,
      "text": "पाणी",
      "sentence": 26,
      "start": 1765,
      "end": 1768,
      "confidence": 1.0
    },
    {
      "id": 127,
      "text": "वर्षापूर्वी",
      "sentence": 26,
      "start": 1784,
      "end": 1791,
      "confidence": 1.0
    },
    {
      "id": 128,
      "text": "मंत्रालयाकडून",
      "sentence": 27,
      "start": 1801,
      "end": 1812,
      "confidence": 1.0
    },
    {
      "id": 129,
      "text": "लोकांनी",
      "sentence": 27,
      "start": 1827,
      "end": 1832,
      "confidence": 1.0
    },
    {
      "id": 130,
      "text": "अभिवादन",
      "sentence": 27,
      "start": 1835,
      "end": 1840,
      "confidence": 1.0
    },
    {
      "id": 131,
      "text": "अभिवादन",
      "sentence": 27,
      "start": 1870,
      "end": 1875,
      "confidence": 1.0
    },
    {
      "id": 132,
      "text": "गुठळ्या",
      "sentence": 28,
      "start": 1883,
      "end": 1888,
      "confidence": 1.0
    },
    {
      "id": 133,
      "text": "बाधा",
      "sentence": 28,
      "start": 1914,
      "end": 1916,
      "confidence": 1.0
    },
    {
      "id": 134,
      "text": "मंडळींनी",
      "sentence": 29,
      "start": 1941,
      "end": 1947,
      "confidence": 1.0
    },
    {
      "id": 135,
      "text": "खड्डे",
      "sentence": 29,
      "start": 1979,
      "end": 1982,
      "confidence": 1.0
    },
    {
      "id": 136,
      "text": "शेकापचे",
      "sentence": 30,
      "start": 2008,
      "end": 2013,
      "confidence": 1.0
    },
    {
      "id": 137,
      "text": "आमदार",
      "sentence": 30,
      "start": 2018,
      "end": 2022,
      "confidence": 1.0
    },
    {
      "id": 138,
      "text": "जयंत",
      "sentence": 30,
      "start": 2029,
      "end": 2032,
      "confidence": 1.0
    },
    {
      "id": 139,
      "text": "पाटील",
      "sentence": 30,
      "start": 2035,
      "end": 2038,
      "confidence": 1.0
    },
    {
      "id": 140,
      "text": "पत्रकार",
      "sentence": 30,
      "start": 2045,
      "end": 2049,
      "confidence": 1.0
    },
    {
      "id": 141,
      "text": "परिषद",
      "sentence": 30,
      "start": 2053,
      "end": 2056,
      "confidence": 1.0
    },
    {
      "id": 142,
      "text": "कामाचे",
      "sentence": 30,
      "start": 2084,
      "end": 2088,
      "confidence": 1.0
    },
    {
      "id": 143,
      "text": "सादरीकरण",
      "sentence": 30,
      "start": 2091,
      "end": 2097,
      "confidence": 1.0
    },
    {
      "id": 144,
      "text": "वर्षी",
      "sentence": 31,
      "start": 2111,
      "end": 2114,
      "confidence": 1.0
    },
    {
      "id": 145,
      "text": "वेस्ट",
      "sentence": 31,
      "start": 2137,
      "end": 2140,
      "confidence": 1.0
    },
    {
      "id": 146,
      "text": "गुडघ्याला",
      "sentence": 31,
      "start": 2177,
      "end": 2183,
      "confidence": 1.0
    },
    {
      "id": 147,
      "text": "दुखापत",
      "sentence": 31,
      "start": 2188,
      "end": 2192,
      "confidence": 1.0
    },
    {
      "id": 148,
      "text": "अर्थसारथी",
      "sentence": 32,
      "start": 2201,
      "end": 2208,
      "confidence": 1.0
    },
    {
      "id": 149,
      "text": "ठेकेदार",
      "sentence": 32,
      "start": 2245,
      "end": 2250,
      "confidence": 1.0
    },
    {
      "id": 150,
      "text": "पुरवठादार",
      "sentence": 32,
      "start": 2251,
      "end": 2258,
      "confidence": 1.0
    },
    {
      "id": 151,
      "text": "जिल्हा",
      "sentence": 32,
      "start": 2273,
      "end": 2277,
      "confidence": 1.0
    },
    {
      "id": 152,
      "text": "परिषदेचे",
      "sentence": 32,
      "start": 2279,
      "end": 2284,
      "confidence": 1.0
    },
    {
      "id": 153,
      "text": "कर्मचारी",
      "sentence": 32,
      "start": 2287,
      "end": 2292,
      "confidence": 1.0
    },
    {
      "id": 154,
      "text": "यांना",
      "sentence": 32,
      "start": 2298,
      "end": 2301,
      "confidence": 1.0
    },
    {
      "id": 155,
      "text": "त्यांचे",
      "sentence": 32,
      "start": 2303,
      "end": 2307,
      "confidence": 1.0
    },
    {
      "id": 156,
      "text": "देयकाबाबतची",
      "sentence": 32,
      "start": 2311,
      "end": 2319,
      "confidence": 1.0
    },
    {
      "id": 157,
      "text": "माहिती",
      "sentence": 32,
      "start": 2329,
      "end": 2332,
      "confidence": 1.0
    },
    {
      "id": 158,
      "text": "कार्यालयातच",
      "sentence": 32,
      "start": 2369,
      "end": 2377,
      "confidence": 1.0
    },
    {
      "id": 159,
      "text": "यासाठी",
      "sentence": 33,
      "start": 2389,
      "end": 2393,
      "confidence": 1.0
    },
    {
      "id": 160,
      "text": "ठेकेदार",
      "sentence": 33,
      "start": 2400,
      "end": 2405,
      "confidence": 1.0
    },
    {
      "id": 161,
      "text": "पुरवठादर",
      "sentence": 33,
      "start": 2406,
      "end": 2412,
      "confidence": 1.0
    },
    {
      "id": 162,
      "text": "कर्मचारी",
      "sentence": 34,
      "start": 2422,
      "end": 2427,
      "confidence": 1.0
    },
    {
      "id": 163,
      "text": "यांनी",
      "sentence": 34,
      "start": 2431,
      "end": 2434,
      "confidence": 1.0
    },
    {
      "id": 164,
      "text": "अर्थसारथी",
      "sentence": 34,
      "start": 2444,
      "end": 2451,
      "confidence": 1.0
    },
    {
      "id": 165,
      "text": "प्रणालीवर",
      "sentence": 34,
      "start": 2453,
      "end": 2460,
      "confidence": 1.0
    },
    {
      "id": 166,
      "text": "माहिती",
      "sentence": 34,
      "start": 2469,
      "end": 2472,
      "confidence": 1.0
    },
    {
      "id": 167,
      "text": "सबंधीतांचा",
      "sentence": 35,
      "start": 2490,
      "end": 2497,
      "confidence": 1.0
    },
    {
      "id": 168,
      "text": "नंबर",
      "sentence": 35,
      "start": 2506,
      "end": 2509,
      "confidence": 1.0
    },
    {
      "id": 169,
      "text": "त्यांचा",
      "sentence": 35,
      "start": 2515,
      "end": 2519,
      "confidence": 1.0
    },
    {
      "id": 170,
      "text": "USER",
      "sentence": 35,
      "start": 2521,
      "end": 2524,
      "confidence": 1.0
    },
    {
      "id": 171,
      "text": "Password",
      "sentence": 35,
      "start": 2533,
      "end": 2540,
      "confidence": 1.0
    },
    {
      "id": 172,
      "text": "सबंधीतांनी",
      "sentence": 35,
      "start": 2542,
      "end": 2549,
      "confidence": 1.0
    },
    {
      "id": 173,
      "text": "स्वतः",
      "sentence": 35,
      "start": 2561,
      "end": 2564,
      "confidence": 1.0
    },
    {
      "id": 174,
      "text": "ठेकेदार",
      "sentence": 36,
      "start": 2591,
      "end": 2596,
      "confidence": 1.0
    },
    {
      "id": 175,
      "text": "पुरवठादार",
      "sentence": 36,
      "start": 2597,
      "end": 2604,
      "confidence": 1.0
    },
    {
      "id": 176,
      "text": "जि.प.कर्मचारी",
      "sentence": 36,
      "start": 2609,
      "end": 2619,
      "confidence": 1.0
    },
    {
      "id": 177,
      "text": "यांनी",
      "sentence": 36,
      "start": 2622,
      "end": 2625,
      "confidence": 1.0
    },
    {
      "id": 178,
      "text": "USER",
      "sentence": 36,
      "start": 2627,
      "end": 2630,
      "confidence": 1.0
    },
    {
      "id": 179,
      "text": "त्यांना",
      "sentence": 36,
      "start": 2650,
      "end": 2654,
      "confidence": 1.0
    },
    {
      "id": 180,
      "text": "देयकाची",
      "sentence": 36,
      "start": 2657,
      "end": 2662,
      "confidence": 1.0
    },
    {
      "id": 181,
      "text": "माहिती",
      "sentence": 36,
      "start": 2672,
      "end": 2675,
      "confidence": 1.0
    },
    {
      "id": 182,
      "text": "लखपतीसुद्धा",
      "sentence": 37,
      "start": 2739,
      "end": 2747,
      "confidence": 1.0
    },
    {
      "id": 183,
      "text": "गाळे",
      "sentence": 38,
      "start": 2761,
      "end": 2764,
      "confidence": 1.0
    },
    {
      "id": 184,
      "text": "दिवस",
      "sentence": 39,
      "start": 2779,
      "end": 2782,
      "confidence": 1.0
    },
    {
      "id": 185,
      "text": "तलोरकरांनी",
      "sentence": 40,
      "start": 2806,
      "end": 2814,
      "confidence": 1.0
    },
    {
      "id": 186,
      "text": "तिच्या",
      "sentence": 40,
      "start": 2844,
      "end": 2847,
      "confidence": 1.0
    },
    {
      "id": 187,
      "text": "पालकांची",
      "sentence": 40,
      "start": 2851,
      "end": 2856,
      "confidence": 1.0
    },
    {
      "id": 188,
      "text": "रुग्णालयातील",
      "sentence": 41,
      "start": 2875,
      "end": 2884,
      "confidence": 1.0
    },
    {
      "id": 189,
      "text": "क्षय",
      "sentence": 41,
      "start": 2889,
      "end": 2891,
      "confidence": 1.0
    }
  ],
  "clusters": [
    [
      7,
      8,
      9
    ],
    [
      22,
      23
    ],
    [
      34,
      35
    ],
    [
      45,
      46
    ],
    [
      56,
      57
    ],
    [
      59,
      60
    ],
    [
      61,
      62
    ],
    [
      63,
      64
    ],
    [
      71,
      72
    ],
    [
      73,
      74
    ],
    [
      82,
      88
    ],
    [
      98,
      103,
      105
    ],
    [
      113,
      114,
      118
    ],
    [
      124,
      125
    ],
    [
      147,
      148,
      149
    ],
    [
      150,
      151
    ],
    [
      152,
      153
    ],
    [
      158,
      159
    ],
    [
      161,
      162
    ],
    [
      170,
      173
    ],
    [
      171,
      172
    ],
    [
      179,
      180
    ],
    [
      184,
      185,
      186
    ],
    [
      187,
      188
    ]
  ]
}