{
  "document_id": "document_155",
  "sentences": [
    "बस मिळायला नको का?",
    "पण त्यांना सांगितले, की हनुमानगढीजवळ हॉटेलमध्ये माझे बाकीचे सहकारी थांबलेले आहेत, परंतु पोलीस सोडायला तयार नव्हते.",
    "या रोगाची प्रक्षोभकता ही तशी आहे की ती स्वत: ला बर्याच काळापासून स्वत: ला दाखवत नाही.",
    "जाण्यापुर्वी पुन्हा एकदा पॅरीस मनभरुन पाहिले.",
    "मग, त्याच पद्धतीचा मासे उर्वरित हिस्सा अनुसरण करावे.",
    "त्यामुळे, आता आपण दुवे कसा मिळवू शकतो?",
    "ह्या गोऱ्यापान चेहऱ्याच्या , सडपातळ बांध्याच्या , पांढराशुभ्र खादीचा पायजमा ,",
    "राणी चेनम्मा",
    "संजय मेंढे म्हणाले, जर हा प्रस्ताव महासभेने रद्द  केला तर प्रशासन, शासन तो मान्य करणार का?",
    "– साओ पावलो २६ भरपगारी रजा",
    "सूचना मॅश बटाटे मदतीने शिजविणे सल्ला नाही की असूनही, ग्राहक अजूनही या डिश तयार करण्यासाठी वापर.",
    "एकीकडे प्रजासत्ताक दिन साजरा होत असताना दुसरीकडे देशविरोधी वातावरण निर्माण करणार्‍या दोन घटना प्रामुख्याने घडून आल्या.",
    "हे सर्व वाचून अंतर्मुख झालो होतो.",
    "या स्पर्धेतील सामन्यांना प्रथम सुरुवात करण्यात आली.",
    "सरकारी धोरणाचा निषेध करीत विनाअनुदानित शाळांना अनुदान मिळालेच पाहिजे, अशा घोषणा देत विद्यार्थ्यांसह शिक्षक जिल्हाधिकारी कार्यालयावर धडकली.",
    "भारत पाकिस्तान यांच्यातील तणावाच्या पार्श्वभूमीवर रविशंकर यांनी नागरिकांनी दोन्ही देशातील लोकांनी एकत्र येण्याचा आवाहन केले.",
    "सोफीया नदी नदी खोऱ्यात वाहते.",
    "हशीश सापडल्यावर सीआयएसएफ अधिकाऱ्याने तारिक इरफान मन्सुरी आणि जहिरा मन्सुरीला ताब्यात घेतले.",
    "शिवाय, ते रिक्त पोट वर पाणी एक लहान कप वापर शिफारसीय आहे.",
    "या विधेयकामुळे मॉडर्न मेडिसिनशी संलघ्न असलेल्यांना औषधं देण्याचा परवाना मिळेल.",
    "पिवळ्या रंगाची फूले येणारे रानटी फुलझाड फुलांचे औषधी गुणधर्म पूर्णपणे या कमी दारू पेय जतन, चव पांढरे चमकदार मद्य ची आठवण करून देणारा आहे.",
    ">> चित्राच्या भूमिकेत झळकली सायली पाटील वाडा/कुडूस, दि.",
    "7 : मराठी मालिकांमध्ये विविध भूमिका साकारुन सर्वांचे लक्ष वेधून घेणार्‍या वाडा तालुक्यातील चिंचघरपाडा (कुडूस) गावाची कन्या सायली पाटील हिने बॉईस 2 या चित्रपटातून मराठी सिनेविश्वात दमदार प्रवेश केला असून चित्रपटात चित्राच्या मुख्य भूमिकेत ती झळकली आहे.",
    "महाराष्ट्र टाइम्सच्या श्रावण क्विनपासून मॉडलिंगच्या जगतात प्रवेश केल्यानंतर तिने छोट्या पडद्यावरील गणपती बाप्पा मोरया या ...",
    "शिकवण्याच्या दृष्टीने लेखन",
    "सहाव्या हंगामातील नवा संघ असलेला हैदराबाद सनरायझर्स सलामीची लढत घरच्या मैदानावर (हैदराबाद) पुणे वॉरियर्सविरुद्ध पाच एप्रिलला खेळेल.",
    "दरम्यान, ठाण्यातील सर्वच रिक्षा-टॅक्सी संघटनांनी या ओला कंपनीच्या सेवेला विरोध केलाय.",
    "त्यातले लेख वाचताना काही सारांशात्मक नोंदी करत गेलो.",
    "हे घटक मध्ये तो खेळ कामगिरीवर ठरवते कारण, जतन करण्यासाठी चांगला नाही.",
    "त्याहून कहर करत या कार्यालयाने वाहनाचा ठेका ऐकाला आणि त्याची बिले दुसर्‍याच्या नावे अदा करण्याचा  गलथान कारभार केला आहे.",
    "थंड बोलण्यासाठी न घेण्याचा प्रयत्न करा, तुमची गळती एका स्कार्फने लपवा.",
    "बँका रिझर्व बँकेकडून कर्जरूपी पैसा घेतात, तसाच रिझर्व बँकही या वेगवेगळ्या बँकाकडून कर्जरूपाने पैसे घेत असते.",
    "त्यामुळे राज्यातील सत्ता."
  ],
  "mentions": [
    {
      "id": 0,
      "text": "त्यांना",
      "sentence": 1,
      "start": 22,
      "end": 28,
      "confidence": 1.0
    },
    {
      "id": 1,
      "text": "हॉटेलमध्ये",
      "sentence": 1,
      "start": 54,
      "end": 63,
      "confidence": 1.0
    },
    {
      "id": 2,
      "text": "माझे",
      "sentence": 1,
      "start": 64,
      "end": 68,
      "confidence": 1.0
    },
    {
      "id": 3,
      "text": "सहकारी",
      "sentence": 1,
      "start": 75,
      "end": 81,
      "confidence": 1.0
    },
    {
      "id": 4,
      "text": "पोलीस",
      "sentence": 1,
      "start": 92,
      "end": 97,
      "confidence": 1.0
    },
    {
      "id": 5,
      "text": "रोगाची",
      "sentence": 2,
      "start": 104,
      "end": 110,
      "confidence": 1.0
    },
    {
      "id": 6,
      "text": "प्रक्षोभकता",
      "sentence": 2,
      "start": 111,
      "end": 121,
      "confidence": 1.0
    },
    {
      "id": 7,
      "text": "ती",
      "sentence": 2,
      "start": 130,
      "end": 132,
      "confidence": 1.0
    },
    {
      "id": 8,
      "text": "स्वत",
      "sentence": 2,
      "start": 133,
      "end": 137,
      "confidence": 1.0
    },
    {
      "id": 9,
      "text": "काळापासून",
      "sentence": 2,
      "start": 147,
      "end": 155,
      "confidence": 1.0
    },
    {
      "id": 10,
      "text": "स्वत",
      "sentence": 2,
      "start": 156,
      "end": 160,
      "confidence": 1.0
    },
    {
      "id": 11,
      "text": "पॅरीस",
      "sentence": 3,
      "start": 181,
      "end": 186,
      "confidence": 1.0
    },
    {
      "id": 12,
      "text": "पद्धतीचा",
      "sentence": 4,
      "start": 203,
      "end": 211,
      "confidence": 1.0
    },
    {
      "id": 13,
      "text": "मासे",
      "sentence": 4,
      "start": 212,
      "end": 216,
      "confidence": 1.0
    },
    {
      "id": 14,
      "text": "हिस्सा",
      "sentence": 4,
      "start": 225,
      "end": 230,
      "confidence": 1.0
    },
    {
      "id": 15,
      "text": "आपण",
      "sentence": 5,
      "start": 247,
      "end": 251,
      "confidence": 1.0
    },
    {
      "id": 16,
      "text": "दुवे",
      "sentence": 5,
      "start": 252,
      "end": 255,
      "confidence": 1.0
    },
    {
      "id": 17,
      "text": "चेहऱ्याच्या",
      "sentence": 6,
      "start": 269,
      "end": 279,
      "confidence": 1.0
    },
    {
      "id": 18,
      "text": "बांध्याच्या",
      "sentence": 6,
      "start": 290,
      "end": 299,
      "confidence": 1.0
    },
    {
      "id": 19,
      "text": "खादीचा",
      "sentence": 6,
      "start": 311,
      "end": 317,
      "confidence": 1.0
    },
    {
      "id": 20,
      "text": "पायजमा",
      "sentence": 6,
      "start": 318,
      "end": 324,
      "confidence": 1.0
    },
    {
      "id": 21,
      "text": "राणी",
      "sentence": 7,
      "start": 326,
      "end": 330,
      "confidence": 1.0
    },
    {
      "id": 22,
      "text": "चेनम्मा",
      "sentence": 7,
      "start": 331,
      "end": 338,
      "confidence": 1.0
    },
    {
      "id": 23,
      "text": "मेंढे",
      "sentence": 8,
      "start": 346,
      "end": 351,
      "confidence": 1.0
    },
    {
      "id": 24,
      "text": "प्रस्ताव",
      "sentence": 8,
      "start": 368,
      "end": 375,
      "confidence": 1.0
    },
    {
      "id": 25,
      "text": "महासभेने",
      "sentence": 8,
      "start": 376,
      "end": 384,
      "confidence": 1.0
    },
    {
      "id": 26,
      "text": "प्रशासन",
      "sentence": 8,
      "start": 401,
      "end": 408,
      "confidence": 1.0
    },
    {
      "id": 27,
      "text": "शासन",
      "sentence": 8,
      "start": 410,
      "end": 414,
      "confidence": 1.0
    },
    {
      "id": 28,
      "text": "तो",
      "sentence": 8,
      "start": 415,
      "end": 417,
      "confidence": 1.0
    },
    {
      "id": 29,
      "text": "सूचना",
      "sentence": 10,
      "start": 442,
      "end": 447,
      "confidence": 1.0
    },
    {
      "id": 30,
      "text": "बटाटे",
      "sentence": 10,
      "start": 452,
      "end": 456,
      "confidence": 1.0
    },
    {
      "id": 31,
      "text": "सल्ला",
      "sentence": 10,
      "start": 470,
      "end": 474,
      "confidence": 1.0
    },
    {
      "id": 32,
      "text": "ग्राहक",
      "sentence": 10,
      "start": 490,
      "end": 495,
      "confidence": 1.0
    },
    {
      "id": 33,
      "text": "प्रजासत्ताक",
      "sentence": 11,
      "start": 519,
      "end": 529,
      "confidence": 1.0
    },
    {
      "id": 34,
      "text": "वातावरण",
      "sentence": 11,
      "start": 556,
      "end": 563,
      "confidence": 1.0
    },
    {
      "id": 35,
      "text": "घटना",
      "sentence": 11,
      "start": 578,
      "end": 582,
      "confidence": 1.0
    },
    {
      "id": 36,
      "text": "सामन्यांना",
      "sentence": 13,
      "start": 619,
      "end": 627,
      "confidence": 1.0
    },
    {
      "id": 37,
      "text": "धोरणाचा",
      "sentence": 14,
      "start": 651,
      "end": 658,
      "confidence": 1.0
    },
    {
      "id": 38,
      "text": "निषेध",
      "sentence": 14,
      "start": 659,
      "end": 664,
      "confidence": 1.0
    },
    {
      "id": 39,
      "text": "शाळांना",
      "sentence": 14,
      "start": 677,
      "end": 683,
      "confidence": 1.0
    },
    {
      "id": 40,
      "text": "अनुदान",
      "sentence": 14,
      "start": 684,
      "end": 689,
      "confidence": 1.0
    },
    {
      "id": 41,
      "text": "घोषणा",
      "sentence": 14,
      "start": 705,
      "end": 710,
      "confidence": 1.0
    },
    {
      "id": 42,
      "text": "विद्यार्थ्यांसह",
      "sentence": 14,
      "start": 716,
      "end": 728,
      "confidence": 1.0
    },
    {
      "id": 43,
      "text": "शिक्षक",
      "sentence": 14,
      "start": 729,
      "end": 734,
      "confidence": 1.0
    },
    {
      "id": 44,
      "text": "जिल्हाधिकारी",
      "sentence": 14,
      "start": 735,
      "end": 746,
      "confidence": 1.0
    },
    {
      "id": 45,
      "text": "कार्यालयावर",
      "sentence": 14,
      "start": 747,
      "end": 757,
      "confidence": 1.0
    },
    {
      "id": 46,
      "text": "भारत",
      "sentence": 15,
      "start": 759,
      "end": 763,
      "confidence": 1.0
    },
    {
      "id": 47,
      "text": "पाकिस्तान",
      "sentence": 15,
      "start": 764,
      "end": 772,
      "confidence": 1.0
    },
    {
      "id": 48,
      "text": "तणावाच्या",
      "sentence": 15,
      "start": 782,
      "end": 790,
      "confidence": 1.0
    },
    {
      "id": 49,
      "text": "पार्श्वभूमीवर",
      "sentence": 15,
      "start": 791,
      "end": 802,
      "confidence": 1.0
    },
    {
      "id": 50,
      "text": "रविशंकर",
      "sentence": 15,
      "start": 803,
      "end": 810,
      "confidence": 1.0
    },
    {
      "id": 51,
      "text": "नागरिकांनी",
      "sentence": 15,
      "start": 815,
      "end": 824,
      "confidence": 1.0
    },
    {
      "id": 52,
      "text": "देशातील",
      "sentence": 15,
      "start": 832,
      "end": 839,
      "confidence": 1.0
    },
    {
      "id": 53,
      "text": "लोकांनी",
      "sentence": 15,
      "start": 840,
      "end": 845,
      "confidence": 1.0
    },
    {
      "id": 54,
      "text": "आवाहन",
      "sentence": 15,
      "start": 859,
      "end": 864,
      "confidence": 1.0
    },
    {
      "id": 55,
      "text": "सोफीया",
      "sentence": 16,
      "start": 866,
      "end": 872,
      "confidence": 1.0
    },
    {
      "id": 56,
      "text": "खोऱ्यात",
      "sentence": 16,
      "start": 881,
      "end": 887,
      "confidence": 1.0
    },
    {
      "id": 57,
      "text": "हशीश",
      "sentence": 17,
      "start": 889,
      "end": 893,
      "confidence": 1.0
    },
    {
      "id": 58,
      "text": "सीआयएसएफ",
      "sentence": 17,
      "start": 903,
      "end": 910,
      "confidence": 1.0
    },
    {
      "id": 59,
      "text": "अधिकाऱ्याने",
      "sentence": 17,
      "start": 911,
      "end": 920,
      "confidence": 1.0
    },
    {
      "id": 60,
      "text": "तारिक",
      "sentence": 17,
      "start": 921,
      "end": 926,
      "confidence": 1.0
    },
    {
      "id": 61,
      "text": "इरफान",
      "sentence": 17,
      "start": 927,
      "end": 932,
      "confidence": 1.0
    },
    {
      "id": 62,
      "text": "मन्सुरी",
      "sentence": 17,
      "start": 933,
      "end": 939,
      "confidence": 1.0
    },
    {
      "id": 63,
      "text": "जहिरा",
      "sentence": 17,
      "start": 944,
      "end": 949,
      "confidence": 1.0
    },
    {
      "id": 64,
      "text": "मन्सुरीला",
      "sentence": 17,
      "start": 950,
      "end": 958,
      "confidence": 1.0
    },
    {
      "id": 65,
      "text": "ते",
      "sentence": 18,
      "start": 967,
      "end": 969,
      "confidence": 1.0
    },
    {
      "id": 66,
      "text": "पाणी",
      "sentence": 18,
      "start": 983,
      "end": 987,
      "confidence": 1.0
    },
    {
      "id": 67,
      "text": "वापर",
      "sentence": 18,
      "start": 997,
      "end": 1001,
      "confidence": 1.0
    },
    {
      "id": 68,
      "text": "विधेयकामुळे",
      "sentence": 19,
      "start": 1010,
      "end": 1020,
      "confidence": 1.0
    },
    {
      "id": 69,
      "text": "मेडिसिनशी",
      "sentence": 19,
      "start": 1029,
      "end": 1037,
      "confidence": 1.0
    },
    {
      "id": 70,
      "text": "असलेल्यांना",
      "sentence": 19,
      "start": 1045,
      "end": 1054,
      "confidence": 1.0
    },
    {
      "id": 71,
      "text": "औषधं",
      "sentence": 19,
      "start": 1055,
      "end": 1060,
      "confidence": 1.0
    },
    {
      "id": 72,
      "text": "रंगाची",
      "sentence": 20,
      "start": 1085,
      "end": 1091,
      "confidence": 1.0
    },
    {
      "id": 73,
      "text": "फूले",
      "sentence": 20,
      "start": 1092,
      "end": 1096,
      "confidence": 1.0
    },
    {
      "id": 74,
      "text": "फुलझाड",
      "sentence": 20,
      "start": 1107,
      "end": 1113,
      "confidence": 1.0
    },
    {
      "id": 75,
      "text": "फुलांचे",
      "sentence": 20,
      "start": 1114,
      "end": 1120,
      "confidence": 1.0
    },
    {
      "id": 76,
      "text": "गुणधर्म",
      "sentence": 20,
      "start": 1128,
      "end": 1134,
      "confidence": 1.0
    },
    {
      "id": 77,
      "text": "दारू",
      "sentence": 20,
      "start": 1149,
      "end": 1152,
      "confidence": 1.0
    },
    {
      "id": 78,
      "text": "मद्य",
      "sentence": 20,
      "start": 1178,
      "end": 1181,
      "confidence": 1.0
    },
    {
      "id": 79,
      "text": "आठवण",
      "sentence": 20,
      "start": 1187,
      "end": 1192,
      "confidence": 1.0
    },
    {
      "id": 80,
      "text": "चित्राच्या",
      "sentence": 21,
      "start": 1199,
      "end": 1208,
      "confidence": 1.0
    },
    {
      "id": 81,
      "text": "भूमिकेत",
      "sentence": 21,
      "start": 1209,
      "end": 1215,
      "confidence": 1.0
    },
    {
      "id": 82,
      "text": "पाटील",
      "sentence": 21,
      "start": 1227,
      "end": 1232,
      "confidence": 1.0
    },
    {
      "id": 83,
      "text": "वाडा/कुडूस",
      "sentence": 21,
      "start": 1233,
      "end": 1242,
      "confidence": 1.0
    },
    {
      "id": 84,
      "text": "मराठी",
      "sentence": 22,
      "start": 1248,
      "end": 1253,
      "confidence": 1.0
    },
    {
      "id": 85,
      "text": "भूमिका",
      "sentence": 22,
      "start": 1271,
      "end": 1276,
      "confidence": 1.0
    },
    {
      "id": 86,
      "text": "सर्वांचे",
      "sentence": 22,
      "start": 1284,
      "end": 1290,
      "confidence": 1.0
    },
    {
      "id": 87,
      "text": "लक्ष",
      "sentence": 22,
      "start": 1291,
      "end": 1294,
      "confidence": 1.0
    },
    {
      "id": 88,
      "text": "वाडा",
      "sentence": 22,
      "start": 1308,
      "end": 1312,
      "confidence": 1.0
    },
    {
      "id": 89,
      "text": "चिंचघरपाडा",
      "sentence": 22,
      "start": 1323,
      "end": 1332,
      "confidence": 1.0
    },
    {
      "id": 90,
      "text": "कुडूस",
      "sentence": 22,
      "start": 1335,
      "end": 1340,
      "confidence": 1.0
    },
    {
      "id": 91,
      "text": "गावाची",
      "sentence": 22,
      "start": 1342,
      "end": 1348,
      "confidence": 1.0
    },
    {
      "id": 92,
      "text": "कन्या",
      "sentence": 22,
      "start": 1349,
      "end": 1353,
      "confidence": 1.0
    },
    {
      "id": 93,
      "text": "पाटील",
      "sentence": 22,
      "start": 1360,
      "end": 1365,
      "confidence": 1.0
    },
    {
      "id": 94,
      "text": "हिने",
      "sentence": 22,
      "start": 1366,
      "end": 1369,
      "confidence": 1.0
    },
    {
      "id": 95,
      "text": "बॉईस",
      "sentence": 22,
      "start": 1370,
      "end": 1374,
      "confidence": 1.0
    },
    {
      "id": 96,
      "text": "चित्रपटातून",
      "sentence": 22,
      "start": 1379,
      "end": 1388,
      "confidence": 1.0
    },
    {
      "id": 97,
      "text": "मराठी",
      "sentence": 22,
      "start": 1389,
      "end": 1394,
      "confidence": 1.0
    },
    {
      "id": 98,
      "text": "सिनेविश्वात",
      "sentence": 22,
      "start": 1395,
      "end": 1404,
      "confidence": 1.0
    },
    {
      "id": 99,
      "text": "प्रवेश",
      "sentence": 22,
      "start": 1411,
      "end": 1416,
      "confidence": 1.0
    },
    {
      "id": 100,
      "text": "चित्रपटात",
      "sentence": 22,
      "start": 1430,
      "end": 1438,
      "confidence": 1.0
    },
    {
      "id": 101,
      "text": "चित्राच्या",
      "sentence": 22,
      "start": 1439,
      "end": 1448,
      "confidence": 1.0
    },
    {
      "id": 102,
      "text": "भूमिकेत",
      "sentence": 22,
      "start": 1455,
      "end": 1461,
      "confidence": 1.0
    },
    {
      "id": 103,
      "text": "ती",
      "sentence": 22,
      "start": 1462,
      "end": 1464,
      "confidence": 1.0
    },
    {
      "id": 104,
      "text": "महाराष्ट्र",
      "sentence": 23,
      "start": 1469,
      "end": 1477,
      "confidence": 1.0
    },
    {
      "id": 105,
      "text": "श्रावण",
      "sentence": 23,
      "start": 1487,
      "end": 1492,
      "confidence": 1.0
    },
    {
      "id": 106,
      "text": "क्विनपासून",
      "sentence": 23,
      "start": 1493,
      "end": 1502,
      "confidence": 1.0
    },
    {
      "id": 107,
      "text": "प्रवेश",
      "sentence": 23,
      "start": 1519,
      "end": 1524,
      "confidence": 1.0
    },
    {
      "id": 108,
      "text": "तिने",
      "sentence": 23,
      "start": 1533,
      "end": 1536,
      "confidence": 1.0
    },
    {
      "id": 109,
      "text": "गणपती",
      "sentence": 23,
      "start": 1557,
      "end": 1562,
      "confidence": 1.0
    },
    {
      "id": 110,
      "text": "बाप्पा",
      "sentence": 23,
      "start": 1563,
      "end": 1568,
      "confidence": 1.0
    },
    {
      "id": 111,
      "text": "मोरया",
      "sentence": 23,
      "start": 1569,
      "end": 1574,
      "confidence": 1.0
    },
    {
      "id": 112,
      "text": "दृष्टीने",
      "sentence": 24,
      "start": 1590,
      "end": 1596,
      "confidence": 1.0
    },
    {
      "id": 113,
      "text": "हंगामातील",
      "sentence": 25,
      "start": 1610,
      "end": 1618,
      "confidence": 1.0
    },
    {
      "id": 114,
      "text": "हैदराबाद",
      "sentence": 25,
      "start": 1634,
      "end": 1641,
      "confidence": 1.0
    },
    {
      "id": 115,
      "text": "सनरायझर्स",
      "sentence": 25,
      "start": 1642,
      "end": 1650,
      "confidence": 1.0
    },
    {
      "id": 116,
      "text": "मैदानावर",
      "sentence": 25,
      "start": 1669,
      "end": 1676,
      "confidence": 1.0
    },
    {
      "id": 117,
      "text": "हैदराबाद",
      "sentence": 25,
      "start": 1679,
      "end": 1686,
      "confidence": 1.0
    },
    {
      "id": 118,
      "text": "वॉरियर्सविरुद्ध",
      "sentence": 25,
      "start": 1693,
      "end": 1705,
      "confidence": 1.0
    },
    {
      "id": 119,
      "text": "रिक्षा-टॅक्सी",
      "sentence": 26,
      "start": 1740,
      "end": 1751,
      "confidence": 1.0
    },
    {
      "id": 120,
      "text": "संघटनांनी",
      "sentence": 26,
      "start": 1752,
      "end": 1760,
      "confidence": 1.0
    },
    {
      "id": 121,
      "text": "सेवेला",
      "sentence": 26,
      "start": 1777,
      "end": 1782,
      "confidence": 1.0
    },
    {
      "id": 122,
      "text": "विरोध",
      "sentence": 26,
      "start": 1783,
      "end": 1788,
      "confidence": 1.0
    },
    {
      "id": 123,
      "text": "नोंदी",
      "sentence": 27,
      "start": 1817,
      "end": 1821,
      "confidence": 1.0
    },
    {
      "id": 124,
      "text": "तो",
      "sentence": 28,
      "start": 1843,
      "end": 1845,
      "confidence": 1.0
    },
    {
      "id": 125,
      "text": "कार्यालयाने",
      "sentence": 29,
      "start": 1881,
      "end": 1890,
      "confidence": 1.0
    },
    {
      "id": 126,
      "text": "वाहनाचा",
      "sentence": 29,
      "start": 1891,
      "end": 1898,
      "confidence": 1.0
    },
    {
      "id": 127,
      "text": "ठेका",
      "sentence": 29,
      "start": 1899,
      "end": 1903,
      "confidence": 1.0
    },
    {
      "id": 128,
      "text": "नावे",
      "sentence": 29,
      "start": 1930,
      "end": 1933,
      "confidence": 1.0
    },
    {
      "id": 129,
      "text": "कारभार",
      "sentence": 29,
      "start": 1949,
      "end": 1954,
      "confidence": 1.0
    },
    {
      "id": 130,
      "text": "प्रयत्न",
      "sentence": 30,
      "start": 1974,
      "end": 1979,
      "confidence": 1.0
    },
    {
      "id": 131,
      "text": "गळती",
      "sentence": 30,
      "start": 1988,
      "end": 1992,
      "confidence": 1.0
    },
    {
      "id": 132,
      "text": "स्कार्फने",
      "sentence": 30,
      "start": 1999,
      "end": 2006,
      "confidence": 1.0
    },
    {
      "id": 133,
      "text": "बँका",
      "sentence": 31,
      "start": 2008,
      "end": 2012,
      "confidence": 1.0
    },
    {
      "id": 134,
      "text": "बँकेकडून",
      "sentence": 31,
      "start": 2020,
      "end": 2027,
      "confidence": 1.0
    },
    {
      "id": 135,
      "text": "पैसा",
      "sentence": 31,
      "start": 2035,
      "end": 2039,
      "confidence": 1.0
    },
    {
      "id": 136,
      "text": "बँकही",
      "sentence": 31,
      "start": 2056,
      "end": 2061,
      "confidence": 1.0
    },
    {
      "id": 137,
      "text": "बँकाकडून",
      "sentence": 31,
      "start": 2073,
      "end": 2080,
      "confidence": 1.0
    },
    {
      "id": 138,
      "text": "पैसे",
      "sentence": 31,
      "start": 2088,
      "end": 2092,
      "confidence": 1.0
    },
    {
      "id": 139,
      "text": "सत्ता",
      "sentence": 32,
      "start": 2110,
      "end": 2114,
      "confidence": 1.0
    }
  ],
  "clusters": [
    [
      8,
      9,
      10,
      12
    ],
    [
      27,
      28,
      32
    ],
    [
      105,
      106,
      119,
      120,
      121,
      130,
      138
    ],
    [
      103,
      128
    ],
    [
      122,
      123,
      127
    ],
    [
      25,
      26
    ],
    [
      77,
      78,
      79
    ],
    [
      80,
      81
    ],
    [
      71,
      72
    ]
  ]
}