{
  "document_id": "document_434",
  "sentences": [
    "हे किल्ले भाडय़ाने देणार",
    "या स्पर्धेतील विजेत्यास सहा कोटी रुपयांचा बेल्ट मिळाला.",
    "हा साहित्य त्वचेखालील थरातल्या चरबीमध्ये असलेला पदार्थ संश्लेषण तीव्रता कमी सूक्ष्मजीव पेशी पडदा गुणात्मक रचना बदलविणारे आणि दुर्भावनायुक्त एजंट व्यत्यय.",
    "राम कदमाना ‘दाद’ देणा-यांच काय?",
    "समाजातील स्थिती आणि स्थिती याकडे दुर्लक्ष करून, मित्रांच्या निवडीविषयी प्रत्येकाशी मैत्री आहे आणि म्हणूनच अजीज नेहमी निष्ठावंत आणि निष्ठावंत मित्रांजवळ वेढलेले असतात.",
    "(व्हिडीओ : अभिजीत खुरासणे)",
    "चालींच्या सुरावटींवर चाल करून गेली",
    "नवीन वर्षाचे दोन दिवस उलटले असले तरी ही चुटपूट कायम आहे.",
    "कमी किंवा पहिल्या टायर तीन शाखा समावेश आहे.",
    "त्यात आपल्याला केवळ तगून राहायचे नाही तर प्रगतीपथावर मार्गस्थ व्हायचे आहे, त्यासाठी उपयुक्त ठरणार तो ज्ञानदिवाच!",
    "फेसबुक युजरची माहिती वेळोवेळी चोरीला गेलेली असतानाच आता युजरचे पासवर्ड उघड होण्याची भीती व्यक्त होत आहे.",
    "अर्थात सचिनने या संघाबद्दल आपल्या हृदयात नेहमीच आपुलकी राहील असेही स्पष्ट केले आहे.",
    "अॅडम ही एका सामान्य माणसाची कथा आहे."
  ],
  "mentions": [
    {
      "id": 0,
      "text": "किल्ले",
      "sentence": 0,
      "start": 3,
      "end": 8,
      "confidence": 1.0
    },
    {
      "id": 1,
      "text": "विजेत्यास",
      "sentence": 1,
      "start": 43,
      "end": 51,
      "confidence": 1.0
    },
    {
      "id": 2,
      "text": "साहित्य",
      "sentence": 2,
      "start": 81,
      "end": 87,
      "confidence": 1.0
    },
    {
      "id": 3,
      "text": "चरबीमध्ये",
      "sentence": 2,
      "start": 99,
      "end": 108,
      "confidence": 1.0
    },
    {
      "id": 4,
      "text": "पदार्थ",
      "sentence": 2,
      "start": 117,
      "end": 123,
      "confidence": 1.0
    },
    {
      "id": 5,
      "text": "तीव्रता",
      "sentence": 2,
      "start": 128,
      "end": 135,
      "confidence": 1.0
    },
    {
      "id": 6,
      "text": "पेशी",
      "sentence": 2,
      "start": 158,
      "end": 162,
      "confidence": 1.0
    },
    {
      "id": 7,
      "text": "पडदा",
      "sentence": 2,
      "start": 164,
      "end": 168,
      "confidence": 1.0
    },
    {
      "id": 8,
      "text": "रचना",
      "sentence": 2,
      "start": 177,
      "end": 181,
      "confidence": 1.0
    },
    {
      "id": 9,
      "text": "एजंट",
      "sentence": 2,
      "start": 207,
      "end": 211,
      "confidence": 1.0
    },
    {
      "id": 10,
      "text": "कदमाना",
      "sentence": 3,
      "start": 218,
      "end": 224,
      "confidence": 1.0
    },
    {
      "id": 11,
      "text": "काय",
      "sentence": 3,
      "start": 237,
      "end": 240,
      "confidence": 1.0
    },
    {
      "id": 12,
      "text": "स्थिती",
      "sentence": 4,
      "start": 251,
      "end": 256,
      "confidence": 1.0
    },
    {
      "id": 13,
      "text": "स्थिती",
      "sentence": 4,
      "start": 260,
      "end": 265,
      "confidence": 1.0
    },
    {
      "id": 14,
      "text": "निवडीविषयी",
      "sentence": 4,
      "start": 279,
      "end": 288,
      "confidence": 1.0
    },
    {
      "id": 15,
      "text": "मैत्री",
      "sentence": 4,
      "start": 299,
      "end": 304,
      "confidence": 1.0
    },
    {
      "id": 16,
      "text": "मित्रांजवळ",
      "sentence": 4,
      "start": 349,
      "end": 358,
      "confidence": 1.0
    },
    {
      "id": 17,
      "text": "व्हिडीओ",
      "sentence": 5,
      "start": 362,
      "end": 368,
      "confidence": 1.0
    },
    {
      "id": 18,
      "text": "खुरासणे",
      "sentence": 5,
      "start": 376,
      "end": 383,
      "confidence": 1.0
    },
    {
      "id": 19,
      "text": "सुरावटींवर",
      "sentence": 6,
      "start": 393,
      "end": 402,
      "confidence": 1.0
    },
    {
      "id": 20,
      "text": "वर्षाचे",
      "sentence": 7,
      "start": 418,
      "end": 424,
      "confidence": 1.0
    },
    {
      "id": 21,
      "text": "दिवस",
      "sentence": 7,
      "start": 431,
      "end": 435,
      "confidence": 1.0
    },
    {
      "id": 22,
      "text": "टायर",
      "sentence": 8,
      "start": 473,
      "end": 477,
      "confidence": 1.0
    },
    {
      "id": 23,
      "text": "आपल्याला",
      "sentence": 9,
      "start": 505,
      "end": 512,
      "confidence": 1.0
    },
    {
      "id": 24,
      "text": "ज्ञानदिवाच",
      "sentence": 9,
      "start": 560,
      "end": 568,
      "confidence": 1.0
    },
    {
      "id": 25,
      "text": "माहिती",
      "sentence": 10,
      "start": 582,
      "end": 588,
      "confidence": 1.0
    },
    {
      "id": 26,
      "text": "पासवर्ड",
      "sentence": 10,
      "start": 619,
      "end": 626,
      "confidence": 1.0
    },
    {
      "id": 27,
      "text": "भीती",
      "sentence": 10,
      "start": 635,
      "end": 639,
      "confidence": 1.0
    },
    {
      "id": 28,
      "text": "सचिनने",
      "sentence": 11,
      "start": 650,
      "end": 656,
      "confidence": 1.0
    },
    {
      "id": 29,
      "text": "संघाबद्दल",
      "sentence": 11,
      "start": 660,
      "end": 668,
      "confidence": 1.0
    },
    {
      "id": 30,
      "text": "आपल्या",
      "sentence": 11,
      "start": 669,
      "end": 675,
      "confidence": 1.0
    },
    {
      "id": 31,
      "text": "हृदयात",
      "sentence": 11,
      "start": 676,
      "end": 682,
      "confidence": 1.0
    },
    {
      "id": 32,
      "text": "माणसाची",
      "sentence": 12,
      "start": 726,
      "end": 732,
      "confidence": 1.0
    }
  ],
  "clusters": [
    [
      13,
      14
    ],
    [
      25,
      26
    ]
  ]
}